detection_id,star_id,catalog_ra_deg,catalog_dec_deg,magnitude,x_px,y_px,predicted_x_px,predicted_y_px,residual_px,usage,source_class,saturated
2,TYC 1800-01908-1,56.61361111,24.25510056,7.338,793.5275430392761,253.55419733605004,793.5841852885519,254.50313458406913,0.9506262383718797,fitted,broad_blob,True
3,HIP 024608,79.17206517,45.99902927,0.080,1067.4426227679335,316.95709233927994,1067.3368895583483,316.7971660323981,0.1917183748159185,fitted,broad_blob,True
4,HIP 113368,344.41177323,-29.62183701,1.170,169.68809006398922,798.0358307038296,169.38853831164613,798.7328916555365,0.7586996920563425,fitted,broad_blob,True
5,HIP 091262,279.23410832,38.78299311,0.030,956.1065942395198,1151.431837560305,955.9290841338,1151.3156307896024,0.2121646794115262,fitted,compact,True
6,TYC 3694-01789-1,34.80809722,57.16923444,6.735,957.5542093375919,533.8163277885732,956.9535515905304,534.4913965267767,0.9036080623836594,fitted,broad_blob,True
7,HIP 097649,297.69450860,8.86738491,0.760,617.4868734882809,1198.2611248746562,617.6331269347357,1198.4732531870545,0.2576596427865385,fitted,broad_blob,True
8,TYC 3850-01384-1,201.30592361,54.98799833,4.007,1417.9422144509156,900.2219166518216,1416.546009906824,901.1797736216595,1.6931854900183232,fitted,compact,True
9,HIP 054061,165.93265365,61.75111888,1.810,1408.6664770199368,679.6296792244708,1408.6795337221713,679.6751400535067,0.047298672812955946,fitted,compact,True
10,TYC 3432-01451-1,143.21784694,51.67856694,3.214,1426.9062762843798,505.7516301885723,1426.4582762671748,503.913852638803,1.8915946547428255,fitted,broad_blob,True
11,HIP 025428,81.57290804,28.60787346,1.650,988.4784012973572,170.65510923329614,988.5144725113847,170.48905251279007,0.16992929972977666,fitted,compact,True
12,HIP 062956,193.50680410,55.95984301,1.760,1432.4485525219882,850.1548844702525,1432.1279230887678,850.0235802466187,0.3464737112556374,fitted,compact,True
13,TYC 5847-02333-1,10.89682139,-17.98667833,2.139,274.33550501039696,542.6749805842533,274.1588622297105,542.6316518241329,0.1818792275720695,fitted,compact,True
14,TYC 4414-02314-1,230.18228278,71.83397722,3.011,1254.6491020795268,873.9199101755593,1253.9077642773682,874.3710319203751,0.8678090605398139,fitted,compact,True
15,TYC 0058-01618-1,45.56991167,4.08992139,2.716,567.8991419649414,253.55748623935744,567.3660351183318,253.4210055962979,0.5502998054079032,fitted,compact,True
16,HIP 028360,89.88237261,44.94743492,1.900,1127.246882700529,293.2720430310049,1127.3483700445483,293.5198434208687,0.2677773594102673,fitted,broad_blob,True
17,TYC 4397-01799-1,188.68358944,70.02177278,5.095,1340.2759978829538,776.032784759655,1339.2659492055586,776.2025524933317,1.0242164879093922,fitted,broad_blob,True
18,TYC 1608-01200-1,291.55518444,20.09781556,5.590,745.2903884052349,1199.6247499973917,745.7732141830678,1198.6344165679893,1.1017626936558989,fitted,broad_blob,True
19,TYC 4190-02568-1,245.99794306,61.51408333,2.801,1216.3220352523356,990.605785708753,1216.2587374587793,991.0778439393505,0.47628309201974195,fitted,compact,True
20,TYC 4628-00237-1,37.94661861,89.26413528,2.038,1179.8494046058859,717.0518888235188,1180.077363271413,717.052805512237,0.22796050865701728,fitted,compact,True
21,TYC 4017-01864-1,14.19559250,60.36284694,5.555,946.5827861440955,632.3901390451592,945.1923548125861,631.7612111131607,1.5260568899260887,fitted,broad_blob,True
22,TYC 7527-01031-1,6.57031000,-42.30516389,2.496,75.76803407130495,588.1936262094418,76.31459936850467,588.2546094440254,0.5499568883133388,fitted,compact,True
23,TYC 1623-00800-1,297.18184194,18.86705389,7.226,706.143566236615,1168.2223942690262,705.8642377972969,1166.8586117718596,1.3920944926942553,fitted,broad_blob,True
24,HIP 015863,51.08061889,49.86124281,1.790,955.2805076404368,428.4315793022527,955.1887752526916,428.81771246166846,0.39687989085090136,fitted,compact,True
25,TYC 6387-01382-1,343.66265806,-15.82076333,3.258,279.4308619687177,809.8946964219402,280.43040187898794,809.9706281663651,1.0024199030518377,fitted,broad_blob,True
26,TYC 5749-02530-1,304.51342083,-12.54485833,3.665,395.126180065778,1181.9666817882862,394.74172157187473,1181.800246456474,0.41893800640403633,fitted,compact,True
27,TYC 3316-02307-1,53.03575778,48.02353056,5.444,949.473772420504,410.039133450865,950.3599318046527,409.5652414082063,1.0049139874685418,fitted,broad_blob,True
29,HIP 067301,206.88560880,49.31330288,1.850,1425.8162383149124,971.2557187517817,1425.0516566189197,970.9541115229033,0.8219197590756103,fitted,compact,True
30,TYC 2162-01674-1,302.94988861,26.80901528,5.648,744.1980988568977,1097.503191599353,744.8276743961376,1096.5247588877198,1.163484392161292,fitted,broad_blob,True
31,HIP 102098,310.35797270,45.28033423,1.250,866.290233292771,973.3368749027062,866.5036142531329,973.5515996734166,0.3027179568536263,fitted,compact,True
32,TYC 5311-01285-1,59.50722028,-13.50825778,3.129,479.2232096557886,100.48224497081091,479.39433514724095,100.46776288100375,0.17173719675711974,fitted,compact,True
33,TYC 5858-02053-1,30.00096583,-21.07777444,4.167,289.56784223734115,359.4218780335842,288.6560341276995,358.97066612985844,1.0173427204595815,fitted,compact,True
34,TYC 4416-01799-1,222.67663000,74.15547611,2.215,1261.5140168765586,842.647823531843,1261.5157882264898,842.6365593592126,0.011402599073272573,fitted,compact,True
35,TYC 3640-01810-1,349.87411833,48.62520306,5.552,830.8312245377257,743.1761080017088,829.9568318472448,742.4740169872506,1.1213805641928491,fitted,broad_blob,True
36,TYC 5753-02281-1,305.25270028,-14.78140417,3.151,371.7019684293933,1176.2212352984081,371.54337160870364,1176.3946835111583,0.23502602842893988,fitted,compact,True
37,TYC 2418-01573-1,89.93016694,37.21274722,2.602,1096.3211236842642,224.39150330173277,1096.4869469791063,224.33704198427222,0.17453767562284006,fitted,compact,True
38,TYC 2065-01930-1,258.75801583,24.83956222,3.115,1011.3995739428494,1319.0560638285544,1011.312003760165,1318.8929358280889,0.1851466484473366,fitted,compact,True
39,TYC 3654-02132-1,9.24278389,53.89693000,3.628,884.9858098317463,640.5644213611766,884.6552616262924,639.7902439883434,0.8417913760165593,fitted,compact,True
40,TYC 7494-01748-1,328.48191111,-37.36482528,2.971,120.52944047848183,943.8987108377531,120.87410670422616,943.7030758707792,0.3963178616612204,fitted,compact,True
41,TYC 6363-01044-1,326.75955694,-16.12659472,2.885,299.501810682486,974.233071050743,299.3713689328761,974.4177102539368,0.22606787785380905,fitted,compact,True
42,TYC 2398-01022-1,79.84885333,33.98543194,6.520,1007.4250628897126,216.41467844214472,1008.4118860937193,217.07540611103673,1.187594665029047,fitted,broad_blob,True
43,TYC 3581-02031-1,307.51471583,48.95155139,4.920,904.7088311255818,969.2180807512777,904.1834077299138,969.9716466883517,0.9186573715120618,fitted,broad_blob,True
44,TYC 2651-02548-1,283.62620194,36.89860639,4.464,918.9789108472906,1147.4439228759286,918.5728807778979,1147.0773795713317,0.54700494640898,fitted,compact,True
45,TYC 4732-01970-1,62.96638889,-6.83777250,4.067,563.4930341707812,87.31343608774915,564.1433541713126,86.65160790101618,0.9278645654648835,fitted,broad_blob,True
46,TYC 2682-00949-1,301.49462889,35.79720444,7.295,823.774340530519,1064.8632935934768,823.6104255014817,1065.4880731574056,0.6459238656740598,fitted,compact,True
47,TYC 3833-01034-1,178.45727278,53.69473361,2.399,1472.498400936422,755.4554655655405,1471.690162373222,755.3878456920464,0.8110622801826951,fitted,compact,True
49,TYC 2391-01446-1,74.24839889,33.16613250,2.830,965.5186307497979,228.09765477352997,965.6407674230318,227.97848182811765,0.17064453658667217,fitted,compact,True
50,TYC 4005-01055-1,359.28538722,55.70573222,5.616,893.3541432833031,691.7462604486643,893.1993065526875,692.5925593679943,0.8603466010898642,fitted,compact,True
51,TYC 5274-01984-1,21.00603417,-8.18275694,3.722,375.0039038010895,450.24980020281555,374.69317527345,450.2026605487722,0.3142838921617751,fitted,compact,True
52,TYC 5303-01320-1,55.81230528,-9.76511639,3.622,495.1248374447625,137.79098637508508,494.8869399993144,137.51468809878372,0.3646038014582779,fitted,compact,True
53,TYC 1711-02475-1,346.19008028,15.20536333,2.452,538.260145029306,781.6923787505222,538.541722946957,782.0917683211683,0.4886697789402515,fitted,compact,True
54,TYC 3523-01684-1,269.15157222,51.48894944,2.381,1081.446885336625,1077.4147421713435,1081.439487106354,1077.412560463199,0.007713213440020394,fitted,compact,True
55,TYC 3282-02271-1,24.49793778,48.62847361,3.719,864.0217121208212,546.5554577308292,864.7199782344736,545.7595460855318,1.0587969175413734,fitted,compact,True
56,TYC 2582-03158-1,250.32277056,31.60193694,2.952,1119.1496218970274,1274.01350543569,1118.9296610148572,1273.8385444309222,0.28105896689916937,fitted,compact,True
57,TYC 2604-01774-1,258.76188833,36.80915611,3.292,1077.5110524931713,1219.6720172447235,1077.5525742487555,1219.7685045197004,0.1050421363989616,fitted,compact,True
59,TYC 4141-01496-1,137.59803333,67.13422750,4.869,1325.5076859833575,579.4730583617743,1325.4665449701215,580.9737351674029,1.5012406395783806,fitted,broad_blob,True
60,TYC 5161-02682-1,302.82610861,-0.82147528,3.208,507.6199051668763,1181.1021482618821,507.64238026347954,1181.200916190784,0.10129281192116275,fitted,compact,True
61,TYC 5855-02292-1,26.02116000,-15.93950444,3.572,321.9999324145744,398.0422402792897,321.7585281920665,397.9818738645425,0.24883750254751705,fitted,compact,True
62,TYC 2899-02237-1,76.62862806,41.23464083,3.123,1028.1961145092096,282.94812605116726,1028.1648972300814,283.01725302766727,0.07584891163491124,fitted,compact,True
63,TYC 1125-02186-1,326.04642194,9.87500917,2.533,522.1393118213626,962.9779139615069,522.3444149275343,962.9710241910393,0.20521879323875963,fitted,compact,True
64,TYC 1758-02416-1,31.79289556,23.46276111,2.125,675.2450796795187,416.00199389274974,675.4886196290859,416.1388851104453,0.2793759340340036,fitted,compact,True
65,TYC 3557-02486-2,296.24276972,45.13025361,6.265,916.0471301497453,1041.8744747166152,916.3222879820174,1041.648536522513,0.356033566135053,fitted,compact,True
66,TYC 3420-02149-1,134.80338944,48.04231361,3.128,1405.5484834149636,428.3613171446204,1405.000369277012,428.61433435347925,0.6036943069146858,fitted,compact,True
67,TYC 4252-01870-1,319.64412556,62.58546111,2.458,980.8612073517667,855.2609112356589,981.1187613950266,855.5531371507469,0.38952544287704205,fitted,compact,True
68,TYC 2837-02311-1,30.97467083,42.32984306,2.308,829.2713085512268,486.9210971517037,829.4469566386579,486.82343769916554,0.2009716877778059,fitted,compact,True
69,TYC 3875-01620-1,231.23243000,58.96602417,3.421,1281.6958857467766,991.132659302955,1281.7427093469535,991.2362201659032,0.11365430862095148,fitted,compact,True
70,TYC 2604-01777-1,260.92071556,37.14592472,4.504,1063.1129204576812,1213.7029711947434,1063.7571044748477,1213.5336369445756,0.666068417095904,fitted,compact,True
71,TYC 1061-02577-1,296.56487972,10.61326917,2.861,638.2859463364906,1201.197721697708,638.5737820302028,1201.3717552400415,0.3363585295959023,fitted,compact,True
72,TYC 5296-01533-1,53.23494694,-9.45830472,3.814,484.2658540061102,159.80674618209446,484.1458769714005,159.56835564989444,0.26687925116114464,fitted,compact,True
74,TYC 6362-01078-1,325.02228167,-16.66225694,3.704,298.46165804554516,991.072294688854,298.3010373147572,991.119451157193,0.16739997510475302,fitted,compact,True
75,TYC 2085-03062-1,266.61547028,27.72242083,3.490,967.1649234733156,1274.6005054600744,967.2712210071533,1274.7475564922815,0.18144743528954843,fitted,compact,True
76,TYC 3070-01595-1,250.72391361,38.92245444,3.577,1145.3559657151286,1207.2291202935216,1145.3921397628333,1207.288312010506,0.06937017433225284,fitted,compact,True
77,TYC 0064-01569-1,54.21879528,0.40278389,4.353,579.74026413324,175.07813434081848,579.3006476289713,174.62450530427498,0.6316976916380024,fitted,compact,True
78,TYC 3990-02431-1,333.75709500,57.04347028,4.208,914.7222634945567,814.9025708817097,914.7078616990292,815.9364528325277,1.0339822532044005,fitted,compact,True
79,TYC 6407-01131-1,355.44082500,-17.81653417,4.906,261.79843499642965,694.086030736786,262.3233118507287,693.9392717705867,0.5450081708917456,fitted,compact,True
80,TYC 3837-01070-1,183.85605417,57.03259861,3.298,1441.944197559186,786.4499084549605,1441.5544421569023,786.3745103952282,0.3969812854792542,fitted,compact,True
81,TYC 3122-03439-1,281.09490083,39.61260528,5.246,951.0786996426126,1138.9843878595275,950.904161986268,1138.7106047068403,0.32468539877487296,fitted,compact,True
82,TYC 2193-02017-1,326.16127611,25.64500472,4.185,657.2190266698609,934.1557484449789,657.8280494068091,935.2394383846497,1.2430979766146695,fitted,broad_blob,True
83,TYC 3680-01840-1,13.75079722,58.97279139,4.957,933.6637954277821,629.3601901257427,932.985282789864,629.9823179877732,0.9205555260435012,fitted,compact,True
84,TYC 2444-01113-1,103.19724861,33.96136417,3.605,1186.4292705371454,190.73181182277548,1186.3230025606172,190.79089368469477,0.12158761961339003,fitted,compact,True
85,TYC 2868-01623-1,59.46342333,40.01027056,2.854,924.9580476170053,331.60753973609843,924.9494091582839,331.91181696947933,0.30439983200228093,fitted,compact,True
86,TYC 3188-01949-1,325.59559194,41.07702361,5.733,790.9833920636706,902.0232265584378,791.6556811161406,902.1932498197882,0.6934554632211036,fitted,broad_blob,True
87,TYC 2286-01329-1,17.43250583,35.62083028,2.244,739.6771988872281,551.2909666300809,739.620507897145,550.9221788377761,0.3731196913989821,fitted,compact,True
88,TYC 4174-01262-1,211.09759694,64.37581194,3.628,1335.2542534762974,885.729865182934,1335.2812973463779,885.7824014360895,0.05908831360383869,fitted,compact,True
89,TYC 1816-01893-1,66.57666278,22.81369000,4.303,843.7474525027345,192.26532310458677,842.7202039970541,192.08326161912078,1.043257339735843,fitted,broad_blob,True
90,TYC 5224-01806-1,331.44594000,-0.31982778,3.033,423.8225180430754,924.2372777561013,423.9993058608197,924.2541844685455,0.17759439582504394,fitted,compact,True
91,TYC 2411-02462-1,81.91202806,34.47598556,5.222,1025.5208657964358,216.29031991031306,1025.5688998539786,215.6991251711636,0.5931428919594597,fitted,broad_blob,True
92,TYC 2102-02772-1,269.44097250,29.24792361,3.794,956.6912296552955,1253.936313434756,956.580879951721,1254.205839523761,0.29124108524263576,fitted,compact,True
93,TYC 2208-02471-1,331.75201083,25.34505028,3.809,643.6160090152734,892.0939050008775,643.6198800832185,892.7368257557399,0.6429324087335265,fitted,broad_blob,True
94,TYC 2361-02820-1,58.53299361,31.88365861,2.858,862.1576248683403,285.8425333814817,862.2498199341103,286.0127224975042,0.19355687888797263,fitted,compact,True
95,TYC 4127-02431-1,127.56678194,60.71841500,3.436,1325.6970189050423,500.02310305549486,1325.7546352707416,500.04854069523606,0.06298189511272799,fitted,compact,True
96,TYC 3521-01800-1,262.60823167,52.30135972,2.874,1118.5458777769768,1078.6033366869178,1118.5401720583798,1078.6152479130722,0.013207290911006229,fitted,compact,True
97,TYC 3750-01042-1,89.88148111,54.28496500,3.832,1156.4090584103276,380.14332372050467,1156.2375632594235,379.6718275374686,0.5017162917438742,fitted,compact,True
98,TYC 1212-01935-1,28.65979889,20.80828250,2.651,642.555037895901,432.01596020479366,642.7184887032836,432.1836397059134,0.23416357857226514,fitted,compact,True
99,TYC 6401-01355-1,347.36151750,-21.17248222,3.807,235.80581177971192,772.6491429375775,235.5004179750788,772.6800773563074,0.3069565346599617,fitted,compact,True
100,TYC 5295-01259-1,48.95844306,-8.81983639,4.821,468.59947778732527,196.89402495076288,468.7495494606956,196.9125718183775,0.15121340366016064,fitted,compact,True
101,TYC 5216-01725-1,322.88967194,-5.57115750,2.958,397.4581824469509,1007.602334441512,397.57252623166886,1007.6405786271723,0.12056997487123476,fitted,compact,True
102,TYC 4210-01048-1,257.19677278,65.71463972,3.132,1176.9910646994447,955.8426318238136,1176.8762227030284,955.7434924314322,0.15171454532324546,fitted,compact,True
103,TYC 3559-02797-1,303.40793111,46.74132306,3.929,901.2342468077339,1000.5216694290328,900.9508584803314,1000.3772657265285,0.3180587577869503,fitted,compact,True
104,TYC 4471-01685-1,332.45154083,72.34120028,4.888,1043.3674605106435,779.7018495157898,1043.7801209798693,779.3023385408071,0.5743672013557932,fitted,compact,True
105,TYC 2126-02370-1,284.93929194,26.23043194,5.399,832.2024605275531,1204.7964653574268,832.8582478461522,1205.8831200883976,1.2692027070475074,fitted,compact,True
106,TYC 5760-01997-1,311.91889028,-9.49568750,3.758,395.34070027827806,1111.9116162422574,395.3353090515415,1112.0833118666778,0.17178024557800245,fitted,compact,True
107,TYC 0050-01721-1,40.82550083,3.23616611,3.551,538.4345903886688,290.06887523374667,538.5288906112013,290.0889571701968,0.09641481287266543,fitted,compact,True
108,TYC 0079-01585-1,60.78907361,5.98930972,3.888,667.6406383916232,145.08393614215188,667.4511380416676,144.748711502554,0.3850791368365938,fitted,compact,True
109,TYC 3492-01909-1,244.93519889,46.31327583,3.854,1205.8998273170541,1135.3667340888626,1205.9078992102131,1135.4362833919254,0.07001614824945562,fitted,compact,True
110,TYC 2643-03346-1,284.73593528,32.68955306,3.217,882.5070579578611,1169.1965816844877,882.4216361726424,1168.8778808126524,0.3299501888142032,fitted,compact,True
111,TYC 1262-01645-1,61.17359444,22.08206278,4.463,803.1642445674662,216.72962321482552,803.0960977707866,217.00558672936677,0.284253139394525,fitted,compact,True
112,TYC 5878-01292-1,49.87904556,-21.75793861,3.910,352.27805508758144,176.45687798668465,352.3959527656268,176.45054394353554,0.1180677034209909,fitted,compact,True
113,TYC 2683-00272-1,303.52030278,36.60489361,6.461,821.8790237709849,1049.9271884255998,821.7548881431387,1050.3073998330963,0.39996295889899947,fitted,broad_blob,True
114,TYC 3981-01585-1,332.87743333,59.41451250,5.099,934.8835105407516,813.556170247592,935.8428184901418,813.9460948671946,1.0355254466865882,fitted,broad_blob,True
115,TYC 5287-01076-1,44.10669528,-8.89764389,4.013,445.9771018785053,239.15689349871178,445.90701967962855,238.79453625736295,0.36907219477676656,fitted,compact,True
116,TYC 2133-02964-1,292.68036222,27.95968139,3.186,803.12719858852,1154.1514365695605,803.1138837258752,1154.1015090317424,0.05167247429558629,fitted,compact,True
117,TYC 3156-02223-1,305.55708500,40.25668111,2.273,842.8302076501782,1021.964780676926,842.9193403624569,1021.9958497425691,0.09439241091364951,fitted,compact,True
118,TYC 4041-01955-1,30.71872278,64.90149111,5.989,1005.5591803485426,587.8913953705442,1006.7175885825668,587.4695381131006,1.2328313681574519,fitted,broad_blob,True
119,TYC 6372-01278-1,321.66678306,-22.41137667,3.841,256.89730922395813,1021.9853095142971,256.56914072384166,1022.1534749545225,0.3687467691450236,fitted,compact,True
120,TYC 4465-02643-1,322.16490028,70.56069500,3.173,1039.7039598378938,813.1832846346523,1039.7749047519656,813.1081416173702,0.10334241084335066,fitted,compact,True
121,TYC 0040-01338-1,30.51167361,2.76375639,4.100,495.0362336829319,377.0202643899908,495.08412515848323,377.1467767065646,0.13527364737948883,fitted,compact,True
122,TYC 3701-01394-1,43.56443000,52.76249000,4.013,949.1884275286094,476.7702079161522,949.113770037251,475.8786477123187,0.8946805787964327,fitted,broad_blob,True
123,TYC 4669-00997-1,0.48997278,-6.01397583,4.576,361.1451851907226,648.6323039787602,361.0430790969038,647.5011410058959,1.1357620021704398,fitted,broad_blob,True
124,TYC 0650-01471-1,51.20348028,9.02905611,3.705,638.4529661472731,225.0946190165953,638.3933736577324,224.99054770734034,0.11992540272893856,fitted,compact,True
125,TYC 3664-01985-1,2.29214722,59.15019444,2.299,923.9903976291002,681.558825223411,924.5447714340169,681.5828322867709,0.554893372341841,fitted,compact,True
126,TYC 2103-03078-1,271.88562833,28.76246972,3.823,935.9722653622817,1248.9074856088907,936.0231504914427,1248.9435000655797,0.06234049615079246,fitted,compact,True
127,TYC 2278-01260-1,17.91495083,30.08972778,4.633,693.392446711985,534.5394106887773,693.1386500600761,535.1634555590463,0.6736799986857733,fitted,compact,False
128,TYC 3317-03034-1,55.73117889,47.78764667,2.963,960.055723327541,397.3261293127133,960.045539351846,397.72197602265817,0.39597769019874157,fitted,compact,True
129,TYC 3302-01892-1,36.40584361,50.27866444,4.895,907.0702971004479,493.588808898174,908.5164012247587,493.6204064595213,1.4464492885103108,fitted,compact,True
130,TYC 5261-01084-1,4.85700944,-8.82383472,3.674,341.5219843957534,604.189475506237,341.7002444883175,604.2664457998726,0.1941676767726687,fitted,compact,True
131,TYC 2243-01831-1,345.94307722,28.08247361,2.654,650.6381528781218,778.3777624586686,650.2216300753437,778.8420735575908,0.6237596025845514,fitted,compact,True
132,TYC 3820-01522-1,147.74863500,59.03909250,3.797,1398.2204654850786,573.4401105785396,1398.2756262679818,573.4809558828938,0.06863709535139965,fitted,compact,True
133,TYC 2724-02354-1,332.49688361,33.17826278,4.325,710.3933872899096,874.0986823377095,710.2526018541414,873.9862059960632,0.18019840830202755,fitted,compact,True
134,TYC 4139-01304-1,142.88156556,63.06179833,3.679,1361.5091787933775,574.2379986815059,1361.498462733922,574.2801366238702,0.0434791917697692,fitted,compact,True
135,TYC 3320-02812-1,50.80490278,49.21332722,5.295,949.892418890033,424.8429799839374,949.6540966318514,425.8262121304628,1.01170299629174,fitted,broad_blob,True
136,TYC 5273-02657-1,17.14695583,-10.18193806,3.573,349.4202503630284,485.37441607690096,349.4119622037713,485.4102480028844,0.036777989389747655,fitted,compact,True
137,TYC 3701-01393-1,46.19912750,53.50645167,2.992,962.9729006252848,469.80415090839386,963.0317825216799,469.98869701773003,0.19371201355158454,fitted,compact,True
138,TYC 1877-01716-1,93.71956139,22.50682139,3.519,1051.335202214713,92.8025711382067,1051.1501937146288,93.00803503217173,0.27648427952903154,fitted,compact,True
139,TYC 1580-02158-1,275.92403528,21.77031972,3.975,856.9622530680053,1277.2689123691646,857.0472334961796,1277.5207088696338,0.2657501661735068,fitted,compact,True
140,TYC 1878-01429-1,95.73997333,22.51383000,3.064,1069.6341182803003,89.50790730708552,1069.4581880861306,89.92033892531776,0.44838741389368497,fitted,compact,True
141,TYC 5226-01605-2,337.20733083,-0.02054389,4.492,417.43105050323084,869.8920696214813,417.60227607349935,870.1857176121571,0.3399225475630105,fitted,compact,True
142,TYC 1897-01639-1,100.98303861,25.13115139,3.138,1131.8758219770832,107.91508615340781,1131.4893589002982,108.57138606070214,0.7616319833309961,fitted,compact,True
143,TYC 0480-03027-1,298.11818417,1.00567750,4.058,545.9039063108584,1216.4808358046303,545.8583203399279,1216.5164654208088,0.05785801841320549,fitted,compact,True
144,TYC 3663-02668-1,10.12662278,56.53740694,2.349,907.8180454478987,640.9141895041207,908.2382857900005,640.8093005353794,0.4331323595547415,fitted,compact,True
145,TYC 0650-01469-1,51.79217583,9.73276861,3.715,647.5735148683041,223.26944045393563,647.5609621801146,223.12916321794899,0.1408377538759897,fitted,compact,True
146,TYC 6402-01221-1,350.74290389,-20.10035361,4.072,243.64832345402618,739.6007546546872,243.47647580083162,739.6870680873491,0.1923060700195275,fitted,compact,True
147,TYC 6925-01576-1,311.52401750,-25.27052722,4.172,256.56236471304834,1116.8597420632482,256.4938164525971,1116.7693380043866,0.1134537697458504,fitted,compact,True
148,TYC 0604-01301-1,12.17040722,7.58519750,4.594,488.2348236854168,547.0258592137468,489.2332721004558,546.9362479537888,1.0024616777738253,fitted,compact,True
149,TYC 5278-02437-1,27.86504722,-10.33494611,3.851,374.67194566461643,384.3447229367862,374.6026643073929,384.2153473982187,0.14675808815314237,fitted,compact,True
150,TYC 2620-02298-1,269.06324556,37.25052278,3.985,1008.8208535903378,1194.6964465320807,1008.8284034067642,1194.8270823546707,0.13085380342897562,fitted,compact,True
151,TYC 3171-02186-1,314.29338417,41.16718972,3.932,821.3129187371682,968.8984044831728,821.2098011180753,969.3905411169593,0.502823736195933,fitted,compact,True
152,TYC 2907-01275-1,75.49223306,43.82331361,3.069,1035.1289619797778,306.5388635620534,1035.3156841747068,306.6428352370572,0.21371777483913668,fitted,compact,True
153,TYC 2736-01823-1,340.75053778,30.22130833,3.016,673.3087169928934,816.7462738500703,673.1442011076739,817.2649066770637,0.5441006209559578,fitted,compact,True
154,TYC 4267-02756-1,331.25200389,62.78553361,5.432,967.2060663451186,811.2839754888901,966.0144571113708,811.3750536844157,1.195084852072569,fitted,broad_blob,True
155,TYC 1277-01626-1,66.34209889,22.29397944,4.215,837.0154440653815,190.1787908231939,837.2409263502532,190.24537540447113,0.23510799062303592,fitted,compact,True
156,TYC 3638-02515-1,354.39048917,46.45910778,3.964,809.58341676893,715.363256355622,810.5883772186188,715.6310534802079,1.0400292329426628,fitted,compact,True
157,TYC 2590-01412-1,255.07252139,30.92634389,3.895,1076.6829805153313,1275.3700441753683,1076.5920204999775,1275.3951584689758,0.09436340464700409,fitted,compact,True
158,TYC 2695-04139-1,311.55184722,33.96950833,2.570,770.4118654586446,1013.2939267252045,770.6150883775358,1013.3980498805079,0.22834444646848812,fitted,compact,True
159,TYC 6350-01499-1,316.48658889,-17.23270972,4.070,314.01695022490117,1072.347361658717,313.6700074417359,1072.490247419447,0.37521411941697613,fitted,compact,True
160,TYC 3424-01626-1,135.90648556,47.15664944,3.547,1414.8139451405355,427.49663184675165,1414.0623820171245,427.74891749415224,0.7927768767790659,fitted,compact,True
161,TYC 1179-01775-1,3.30895917,15.18361667,2.769,541.9155498365981,632.2710066724773,541.8135525965578,632.2728614372098,0.10201410259396862,fitted,compact,True
162,TYC 3597-01743-1,320.50161167,49.38870556,5.793,873.4579087306706,905.4300635646382,872.7388535104866,904.4911908956756,1.182591348775612,fitted,broad_blob,True
163,TYC 3155-00660-1,304.30219444,40.59139222,7.108,849.4959023572059,1027.1387392135052,850.2203785843169,1027.1057399713093,0.7252273806431712,fitted,compact,True
164,TYC 7492-01468-1,332.10803250,-34.04372278,5.149,143.56701175673612,912.0023242456504,143.61012464529665,913.586644133409,1.5849063782783932,fitted,broad_blob,False
165,TYC 5813-01406-1,343.15360611,-7.57967444,3.934,348.2629712892369,815.1711806182019,348.4248332722207,815.1897699701527,0.16292595109869992,fitted,compact,True
166,TYC 3510-01876-1,264.86621611,46.00632194,3.763,1080.3916400016105,1131.409874757756,1080.3400536279494,1131.4134187136397,0.051707964288060994,fitted,compact,True
167,TYC 3478-01332-1,216.30004639,51.85167972,4.100,1370.4209803551587,1002.0286286303844,1370.087493533999,1001.902855982486,0.3564157948894064,fitted,compact,True
168,TYC 3201-00094-1,339.81532861,39.05028167,4.839,751.1840079458943,813.7114326074269,751.5417107170019,814.1139860013404,0.538516951831008,fitted,broad_blob,True
169,TYC 1566-03674-1,270.37667889,21.59568556,4.852,896.1481274290584,1303.5538132293805,896.0704521731259,1303.7324650221983,0.19480736244097213,fitted,compact,True
170,TYC 6988-01337-1,357.23117889,-28.13002944,4.572,181.37453426910164,674.6208375410414,180.82657964415841,674.6853114057761,0.5517346737613192,fitted,compact,True
171,TYC 0046-01633-1,39.87062306,0.32851556,4.029,509.1927851071976,291.7547058401059,509.2360400295832,291.75476172730856,0.04325495848989427,fitted,compact,True
172,TYC 0656-01725-1,52.71819694,12.93668139,4.246,679.615679877981,228.50532525518835,679.7624358488199,228.4483226085162,0.15743765974024104,fitted,compact,True
173,TYC 5292-00970-1,41.03064250,-13.85867694,4.216,389.0159483519069,260.6695657790916,388.7764796294725,260.3522284451439,0.39755282987473817,fitted,compact,True
174,TYC 2129-02772-1,292.17670639,24.66515056,4.610,779.9404660921923,1173.1723792062699,779.5386694646725,1173.3685974541916,0.44714889097903826,fitted,compact,True
175,TYC 2359-01258-1,56.07969472,32.28827250,3.906,852.1635986517397,300.485355481099,852.1835527731882,300.76597977314145,0.2813328282428136,fitted,compact,True
176,TYC 4392-01805-1,172.85118639,69.33111833,3.987,1351.7893213694028,718.4543927006056,1351.8669965296108,718.5837823533899,0.15091425632117986,fitted,compact,True
177,TYC 3336-02435-1,64.56074194,50.29563917,4.600,1014.6505423352148,385.0857428177318,1014.8209501497271,386.3291908674971,1.255070466432884,fitted,compact,True
178,TYC 6966-01509-1,340.16386167,-27.04361556,4.160,192.5889071325899,841.0819685591831,192.30743654847151,841.1310931081617,0.2857252369607835,fitted,compact,True
179,TYC 3594-00740-1,323.07114972,48.44387222,6.569,859.2999405522754,894.3149283507082,859.3048462215377,894.340990831106,0.026520152250567378,fitted,compact,True
180,TYC 4267-02753-1,333.09351889,63.29106833,5.974,967.6058854190402,802.4779645731317,968.2451645339147,802.8686015186232,0.7491828948245676,fitted,compact,True
181,TYC 7508-01312-1,343.98705333,-32.53969944,4.315,146.833143035857,801.3825587080344,146.61706152334125,801.3971818795336,0.21657575394257164,fitted,compact,True
182,TYC 4606-03584-1,354.83739417,77.63197861,3.322,1080.8614329369202,719.4064022179957,1080.8905771317964,719.4704048321809,0.07032580406587152,fitted,compact,True
183,TYC 5808-01683-1,331.60919361,-13.86954167,4.261,309.7073890568493,927.4405593726806,309.7499564923648,927.5420232067488,0.11003134185398804,fitted,compact,True
184,TYC 6424-02270-1,14.65144417,-29.35746194,4.274,187.66418971087376,506.65285707943497,187.36113979623383,506.4720003079953,0.3529141857999571,fitted,compact,True
185,TYC 1778-01522-1,37.04162528,29.66952750,5.323,747.0646861351296,400.5320083178607,746.0167589753963,400.67446794806955,1.0575661106265974,fitted,compact,True
186,TYC 2642-02929-1,282.51997417,33.36267833,3.631,900.0028023403471,1174.8133801513213,900.009361778228,1174.6798514610077,0.13368970552057508,fitted,compact,True
187,TYC 2608-02411-1,269.62562500,30.18927639,4.454,961.3113704608885,1246.5262107653323,961.4473726727272,1246.712185650419,0.23039804579913925,fitted,compact,True
188,TYC 3319-02074-1,49.78174500,50.09502583,5.021,952.081264590712,435.88411807012994,951.8649073836739,435.32562770009764,0.59893399841396,fitted,compact,True
189,TYC 3555-02112-1,292.42641806,51.72948278,3.775,977.6323489887558,1015.305644007192,977.5284063878814,1015.0271338870812,0.2972742021781595,fitted,compact,True
190,TYC 6930-00987-1,312.95540000,-26.91912556,4.289,237.95988267951293,1102.051375326271,238.03419573168037,1102.0404852533748,0.07510674676835782,fitted,compact,True
191,TYC 3131-02155-1,283.83369083,43.94590167,4.355,964.8633908083257,1098.286424055997,964.7562992045526,1098.5608590122554,0.2945898111191219,fitted,compact,True
192,TYC 1633-02442-1,309.90940361,15.91205361,3.753,624.2613826120656,1084.3665055552367,624.3723028876545,1083.9072308604211,0.4724791559790342,fitted,compact,True
193,TYC 4444-02239-1,288.13817889,67.66132639,3.165,1086.8435743302,909.5267520785904,1086.6961399102884,909.4976911892119,0.15027123299605033,fitted,compact,True
194,TYC 2394-02027-1,79.54395417,33.37199667,4.689,1002.2523434137868,213.31962144461022,1002.7089495912838,213.1120006281614,0.5015930668892377,fitted,compact,True
195,TYC 1245-01185-1,50.68862528,20.74210500,5.217,734.6987717316413,273.7499554339356,733.6816023756153,274.4717948839176,1.2472712978292326,fitted,compact,True
196,TYC 2317-01647-1,32.38552917,34.98738639,3.017,773.3948868323344,450.4808337017273,773.5347964643377,450.5511557549884,0.15658830193265927,fitted,compact,True
197,TYC 7497-01511-1,337.87621250,-32.34603028,4.280,152.012293266765,860.1135238015806,151.7987460589933,860.1016850690667,0.21387511667941153,fitted,compact,True
198,TYC 1789-01490-1,42.49580194,27.26078056,3.579,748.0953329856636,355.26627224423197,748.1822894550525,355.52246682228383,0.2705496061570653,fitted,compact,True
199,TYC 1273-01104-1,67.15390278,19.18051806,3.635,818.5220096162178,168.35027493965316,818.588526417994,168.13432876072443,0.22595848537386423,fitted,compact,True
200,TYC 1611-02043-1,289.05433361,21.39044306,4.739,770.5131362651858,1208.8164473068855,770.4385874278477,1208.0176420439227,0.8022763721346409,fitted,compact,True
201,TYC 3591-03421-1,323.49530000,45.59205667,4.082,835.1409335159653,900.7020209573683,834.457803811641,901.2745272691022,0.8913078423897174,fitted,broad_blob,True
202,TYC 4031-03289-1,21.45259417,60.23539778,2.663,953.9108745180638,601.3223130075643,954.1757412207203,601.3781575411967,0.2706898263931425,fitted,compact,True
203,TYC 2369-02273-1,59.74124694,35.79102722,4.026,897.1373539570745,303.700420424424,896.9936973265169,303.8691371162073,0.2215909510550292,fitted,compact,True
204,TYC 1100-01720-1,309.38697167,14.59519833,3.677,615.0563351864548,1091.8857179691431,615.0911081127497,1091.5563975598616,0.3311511563809891,fitted,compact,True
205,TYC 7510-01089-1,349.70594833,-32.53184556,4.531,145.57282446173033,746.4416065830059,145.27536547266084,746.4782819698568,0.29971141816572583,fitted,compact,True
206,TYC 3920-01971-1,289.27546694,53.36817083,3.884,1000.5033378722218,1014.079661939667,1000.4827553302214,1014.111494153839,0.037906871333465986,fitted,compact,True
207,TYC 2674-05840-1,301.15073444,32.21862500,5.701,796.3608278078223,1085.919442144239,796.6020808855077,1084.2693196358946,1.6676652362021893,fitted,broad_blob,True
208,TYC 1634-03056-1,311.66465694,16.12476000,4.356,619.3618296127702,1069.6889337063296,619.591675767501,1069.7079269923224,0.23062957259931455,fitted,compact,True
209,TYC 3975-01822-1,324.74008889,57.48904694,5.730,931.2066931579967,855.2968768992762,931.250525199065,855.2329984789895,0.07747064219773778,fitted,broad_blob,True
210,TYC 1276-01621-1,64.90286861,21.77359111,5.328,822.3715048726253,195.1373761828074,823.9456240763602,194.82380277280026,1.6050481460163244,fitted,broad_blob,True
211,TYC 4601-03531-2,346.97388500,75.38785306,6.798,1062.8299911539007,737.4662319157956,1062.4075651464418,737.2277861157423,0.48507744880652887,fitted,compact,True
212,TYC 6360-01220-1,320.56157750,-16.83455444,4.377,307.0347478154241,1033.6473155253686,306.73046952290116,1033.8026252271222,0.34162315899170753,fitted,compact,True
213,TYC 7490-01839-1,326.23662056,-33.02555889,4.323,159.34211981255856,970.3270012004538,159.34719416751443,970.2693663415853,0.05785780876431456,fitted,compact,True
214,TYC 0662-01546-1,60.17008417,12.49037583,3.388,719.0236646286894,176.30212833530223,719.231965882386,176.05596777972767,0.322466170958071,fitted,compact,True
215,TYC 3883-01543-1,240.47369444,58.56448083,4.055,1240.516501819221,1012.6584011732768,1240.464997562323,1012.7444790857531,0.100309996983783,fitted,compact,True
216,TYC 1198-01597-1,22.87081639,15.34583139,3.712,579.1161849785179,465.7331810469938,579.1929140213492,465.8803636142268,0.1659820897298579,fitted,compact,True
217,TYC 6438-01110-1,45.59829194,-23.62434250,4.092,317.5269665277243,214.73313950545267,317.47779743960547,214.78612169757787,0.07228216867824494,fitted,compact,True
218,TYC 3093-01948-1,268.01970611,39.98197083,6.156,1030.2688640407089,1175.0675202439957,1030.92998040604,1175.6910075537953,0.9087415881259959,fitted,broad_blob,True
219,TYC 2399-01843-1,73.15832667,36.70319722,4.939,980.8264598196497,257.74831290991335,980.6600850087004,257.77445136529474,0.16841554728744065,fitted,compact,True
220,TYC 6972-01268-1,346.67004194,-23.74311722,4.584,215.42401453922488,778.6879162265348,215.1631591655938,778.8140469605736,0.28974900866333153,fitted,compact,True
221,TYC 4437-01492-1,275.18927500,71.33773139,4.210,1136.8686271753406,894.9010368954539,1136.3795568273663,894.99343871524,0.4977227155430382,fitted,compact,True
222,TYC 7492-01466-1,332.09564917,-32.98839944,4.502,152.07904089865073,914.6569360929701,152.13084594606778,914.7364504307675,0.09490149025825677,fitted,compact,True
223,TYC 4448-02481-1,293.08598722,69.66516861,4.757,1085.292564955042,884.9029122787251,1085.3198112904183,885.1131569631219,0.2120028068411968,fitted,compact,True
224,TYC 1624-03414-1,299.68912639,19.49209583,3.668,698.7353925229979,1147.391590634171,698.8442728935629,1147.2154778474776,0.20705228501831244,fitted,compact,True
225,TYC 3576-02157-1,303.86799222,47.71420417,4.157,906.509026640114,993.3409130666168,906.7184534284065,993.1035497077647,0.31654532658067835,fitted,compact,True
226,TYC 6370-01176-1,324.27009528,-19.46601361,4.486,276.44117024508057,997.7916364457217,276.13254643669706,998.048582391604,0.4015842056238002,fitted,compact,True
227,TYC 0565-01999-1,332.54928889,6.19779167,3.519,477.20086983358806,909.2807817582699,477.46616455111774,909.2307742022385,0.2699667438952126,fitted,compact,True
228,TYC 6928-00335-1,316.78201778,-25.00575111,4.692,245.48649011106286,1067.3380619559587,245.3164495563234,1067.3539060956841,0.1707771267463748,fitted,compact,True
229,TYC 4437-01491-1,275.25994278,72.73365667,3.614,1140.9966483249316,882.3583265643992,1140.894119223408,882.3329634678746,0.105619616191936,fitted,compact,True
230,TYC 0536-02354-1,318.95582806,5.24806333,3.993,501.2320894124595,1031.5645373578416,501.4430363328839,1031.517007426255,0.2162352830440473,fitted,compact,True
231,TYC 4446-01736-1,300.70436639,67.87345389,4.653,1057.475424827807,881.9114095727416,1057.3750416608214,882.273409442226,0.3756603329083408,fitted,compact,True
232,TYC 7508-01313-1,343.13148250,-32.87545083,4.502,144.63194954599555,809.49242462906,144.35860273108847,809.4150975820183,0.28407385205968905,fitted,compact,True
233,TYC 0493-03355-1,298.82819250,6.40792833,3.807,590.3757125935877,1196.902542565268,590.4361912240598,1196.9383173170545,0.07026732960040495,fitted,compact,True
234,TYC 2820-02261-1,28.32229639,40.72979889,5.544,809.0308339877938,495.2482804034183,808.8340713382146,496.2616529844096,1.032298177938143,fitted,compact,True
235,TYC 3910-01710-1,268.38180861,56.87246222,3.853,1107.6951845212136,1031.523354985698,1107.61127977659,1031.4895447837812,0.09046068717410763,fitted,compact,True
236,TYC 3224-03434-1,345.48019750,42.32597806,3.611,775.7146544053097,772.6465449318728,775.8855549982512,773.2503161728108,0.6274924095569803,fitted,compact,True
237,TYC 3892-01620-1,263.04343111,55.18411472,4.899,1126.378771866764,1052.2569707710816,1126.4176721181454,1052.1260670499996,0.1365613918742643,fitted,compact,True
238,TYC 3047-01258-1,225.48663139,40.39063306,3.577,1338.588013160844,1145.2221086274728,1337.7329170904945,1144.588958290098,1.0639871424246476,fitted,compact,True
239,TYC 2642-02932-1,282.47051917,32.55108694,5.239,895.3238537253994,1179.5748598114544,894.5056715188325,1180.063428241318,0.9529539515643216,fitted,compact,True
240,TYC 6402-01223-1,351.51173056,-20.64186833,4.538,239.32936139034055,731.9890432353724,239.11113357596435,732.0219455716557,0.22069422896921476,fitted,compact,True
241,TYC 1155-02187-1,340.36532222,10.83138889,3.378,505.9049648163356,835.432393112421,505.899956605121,835.5758280039971,0.1435222989678872,fitted,compact,True
242,TYC 1276-01625-1,65.59471000,20.82141889,6.205,822.4097172654131,186.34960813679152,821.0536754649611,185.74665105161853,1.4840507441234425,fitted,broad_blob,False
243,TYC 3067-01842-1,242.19249472,44.93482528,4.216,1221.6233797903465,1145.4791420484971,1221.6684295649072,1145.4890413846283,0.046124603454274105,fitted,compact,True
244,TYC 2871-02573-1,56.29851139,42.57854333,3.813,927.2345020290666,361.3937169623444,927.2505801238503,361.6448020353808,0.2515993224028373,fitted,compact,True
245,TYC 3663-02669-1,12.27143833,57.81649972,3.518,921.0728017651617,633.8291581154244,921.4816802891162,633.7035360525919,0.42774121852065317,fitted,compact,True
246,TYC 3335-02097-1,61.64605806,50.35135028,4.263,1002.3362992125238,394.6879271492123,1002.060490846375,395.4047010935211,0.768007253922539,fitted,compact,True
247,TYC 1864-02011-1,91.03006917,23.26360972,4.261,1032.064555779965,104.40899131440125,1031.9930547096355,104.3572046645429,0.08828510724816108,fitted,compact,True
248,TYC 5226-01606-1,335.41376861,-1.38735194,3.827,408.4059982383889,887.673160731066,408.54220513368784,887.6697768707436,0.13624892233575336,fitted,compact,True
249,TYC 2407-02149-1,83.18197944,32.19203222,4.763,1021.7906611992231,194.46658588127946,1021.7710861967173,194.26259138619605,0.20493153673223735,fitted,compact,True
250,TYC 5249-01400-1,348.58055806,-6.04853833,4.406,358.1266754645957,762.414955126707,358.3080015756252,762.6500422184525,0.2968924034839301,fitted,compact,True
251,TYC 5866-01050-1,41.27493694,-18.57265000,4.521,347.59032084849053,255.271643446944,347.36535614482875,255.00482184500237,0.34900270078659656,fitted,compact,True
252,TYC 4061-01593-1,49.99690389,65.65232500,4.712,1053.9404500856501,538.0012167079246,1054.2715487305913,537.744481574179,0.4189740344953662,fitted,compact,True
253,TYC 4553-01680-1,183.04965444,77.61619556,5.178,1284.694227573147,742.334127204799,1283.9829972696123,742.5253479228606,0.7364875475403607,fitted,compact,True
254,TYC 0632-01491-1,37.03966556,8.46008750,4.261,567.7611251944489,333.6648472177868,567.8412667073818,333.8705219019471,0.22073680662634562,fitted,compact,True
255,TYC 5307-01357-1,56.53543639,-12.10173250,4.613,476.84683931036386,127.52323060684246,476.667467214587,127.42673311360295,0.2036814054961469,fitted,compact,True
256,TYC 3549-02883-1,285.05696222,50.53345917,5.348,1001.4836302084185,1047.311416179287,1000.4893691816478,1047.4711279698602,1.0070068745560539,fitted,compact,True
257,TYC 3564-03157-1,294.11059361,50.22049000,4.534,960.8617838345847,1019.0140103222573,960.7759753762366,1018.8615708945083,0.17493104543363608,fitted,compact,True
258,TYC 1096-01684-1,308.30318722,11.30333056,4.002,590.6978086486693,1108.9102393104945,590.9977352325691,1108.753019563603,0.3386355039603258,fitted,compact,True
259,TYC 4580-01154-1,251.49236111,82.03724778,4.312,1195.0030400855933,797.7505339366994,1194.8401791392046,797.7619880777111,0.16326323898827924,fitted,compact,True
260,TYC 3631-02231-1,348.13719111,49.40598694,4.558,836.5354706055004,751.936652676669,837.306992246953,752.1959066332088,0.8139153870096716,fitted,compact,True
261,TYC 5860-02587-1,38.02198417,-15.24433667,4.792,365.37984661614206,287.12183192353166,365.13823345695266,286.60019656203536,0.5748742202054734,fitted,compact,True
262,TYC 3055-02341-1,232.73229556,40.83306806,5.219,1283.7407290679696,1165.85047071482,1284.1449824596245,1165.5232370470244,0.5200987194787726,fitted,compact,True
263,TYC 6373-01203-1,322.18049944,-21.80716833,4.602,260.8365414596865,1017.2508287078552,260.6186890538804,1017.4628845990533,0.3040187028905937,fitted,compact,True
264,TYC 3118-02081-1,281.20080306,37.59456667,5.621,936.9060503121119,1152.3045896311678,936.8836114239327,1152.2000663405236,0.1069047332432836,fitted,compact,True
265,TYC 4036-02834-1,28.59868472,63.67014306,3.313,993.4546885625666,588.6321607951288,993.5042535662053,588.681448579469,0.06989975157946057,fitted,compact,True
266,TYC 5725-03092-1,298.65858556,-8.23696167,6.345,458.33564182571814,1229.5750750610034,459.06569778445794,1229.232023476014,0.8066387623063824,fitted,compact,False
267,TYC 4589-03106-1,302.22215889,77.71136528,4.391,1115.8094841088198,811.6768465843359,1115.602302022844,811.747965683891,0.21904872305222844,fitted,compact,True
268,TYC 3981-01590-1,332.71359194,58.20125000,3.510,925.152322444006,817.6029483766421,925.7677935151823,817.8009425160433,0.6465340816168643,fitted,compact,True
269,TYC 0580-01884-1,349.28965667,3.28224444,3.798,435.73832965250875,755.8078845157187,435.92339791636016,755.9249463097574,0.2189833918554868,fitted,compact,True
270,TYC 4449-02651-1,297.04336889,70.26867833,6.872,1080.3013800023357,873.2908860593609,1080.0775555284881,873.2721422368312,0.22460793836409051,fitted,compact,True
271,TYC 1230-01424-1,44.80305750,21.34044167,5.169,710.2166910920599,316.5231871830954,709.9406609686973,316.33492613891167,0.33411801771337857,fitted,compact,True
272,TYC 5278-02438-1,27.39661833,-10.68618667,4.694,370.3003944450464,388.45424450991015,370.2512290718231,388.2950709519608,0.16659368377716574,fitted,compact,True
273,TYC 4470-01875-1,325.47953056,71.31119778,4.659,1041.8891610986418,801.46559748414,1041.8620972980102,801.2180185984253,0.2490537170097112,fitted,compact,True
274,TYC 2380-02428-1,66.12142389,34.13083917,5.708,920.9314930833655,265.06998931040266,921.2658487144366,265.4538866161481,0.5090882334012545,fitted,compact,True
275,TYC 4246-01967-1,311.32197722,61.83687111,3.511,991.7045319402314,888.2441000188592,991.7477448056421,888.2958060096009,0.06738591259005176,fitted,compact,True
276,TYC 1744-02936-1,9.63954750,29.31232667,4.440,671.5036680674573,595.5142708984177,671.4556149558427,595.3690681699306,0.15294748738027503,fitted,compact,True
277,TYC 1867-03204-1,89.49857306,25.95391583,4.806,1035.0543242473266,129.35668158699866,1035.041613032021,129.45580651631553,0.0999366129435155,fitted,compact,True
278,TYC 8013-01357-1,353.24245333,-37.81835444,4.352,104.67824557932155,711.1628426809535,104.53268216777712,711.2197474994864,0.15629096311915164,fitted,compact,False
279,TYC 2275-01753-1,9.83166556,30.86121889,3.405,685.3684796274163,596.4863990217787,685.176827055318,596.1850342654036,0.3571434232586186,fitted,compact,True
280,TYC 3201-01589-1,339.89302056,37.59281361,6.118,737.7670359201096,815.1853830232128,738.6556411959326,815.3960138717962,0.9132276225538969,fitted,compact,True
281,TYC 5842-01163-1,3.66013111,-18.93269528,4.629,258.2605426817043,613.1269309034818,258.1205442604537,613.074762848508,0.14940235577930555,fitted,compact,True
282,TYC 4240-00471-1,300.36888194,64.82100389,5.408,1037.9688286148419,903.7265054970293,1038.415183690742,903.474837106415,0.5124156834213707,fitted,compact,True
283,TYC 3114-01637-1,271.86974500,43.46202500,5.099,1026.4503531425894,1138.382341491847,1026.5653406100846,1138.4559198988109,0.1365133680351559,fitted,compact,True
284,TYC 2635-01483-1,274.96550500,36.06444861,4.446,963.7869520789542,1185.772253978554,963.8695904814881,1185.7794988981157,0.08295537615375682,fitted,compact,True
285,TYC 3243-01412-1,354.53408167,43.26807611,4.266,781.8598290116231,714.1637536553051,782.296193804594,714.1771903532367,0.4365716177168243,fitted,compact,True
286,TYC 1100-01721-1,309.68326861,13.31512667,5.853,602.4803440424934,1092.2402461023776,602.9266683032154,1092.6168007504702,0.583950981426736,fitted,compact,True
287,TYC 2899-02236-1,75.61950500,41.07589278,3.888,1021.1995799965662,284.2543255213685,1021.2040858910113,284.3181622612918,0.06399556585249537,fitted,compact,True
288,TYC 2105-02583-1,275.23737333,29.85879889,5.635,920.9124603974905,1229.1520687494897,920.734783788648,1228.4058315194495,0.7670977648434159,fitted,compact,True
289,TYC 1866-02598-1,87.25399528,24.56755472,4.987,1007.7188757862746,123.88176862669258,1008.069115549099,123.52167163588626,0.5023322946527465,fitted,compact,True
290,TYC 0578-01415-1,351.73295194,1.25582944,4.923,418.08732055160164,732.5575298818809,418.5460479034349,732.8802549101928,0.5608763029571311,fitted,compact,True
291,TYC 3704-01332-1,42.67413972,55.89552694,3.942,968.7277196623093,497.2862163271798,968.8978295706147,497.3687815498787,0.1890883309541074,fitted,compact,True
292,TYC 5820-00107-1,346.32710972,-7.75468194,7.213,345.0195868013044,784.4263449837438,345.07329020760864,784.4375900988327,0.05486810058715449,fitted,compact,True
293,TYC 1209-01835-1,28.38236806,19.29407750,4.517,628.8939034714782,430.3114622027095,628.9971733988285,430.42928007751254,0.15667076791171403,fitted,compact,True
294,TYC 5233-02298-1,338.83888472,-0.11737000,4.012,414.3955236324212,854.7136367648304,414.7823629445031,854.878686465275,0.4205782412213613,fitted,compact,True
295,TYC 3361-01787-1,89.98375250,45.93675222,4.516,1130.9386411870598,301.9913287337666,1131.4828249085404,302.45425441180373,0.7144481129589098,fitted,broad_blob,True
296,TYC 6409-01232-1,353.31927194,-20.91452833,4.759,237.2607472054457,714.2386400925599,237.03694118842066,714.2061886471174,0.22614647812407826,fitted,compact,True
297,TYC 3151-03442-1,304.44668222,38.03294528,4.837,829.6898378702327,1037.6978409204912,829.4732002247457,1038.4735157095329,0.805359080036343,fitted,broad_blob,True
298,TYC 5838-01288-1,0.93489083,-17.33597056,4.527,269.0293808009314,640.1775912457357,268.8614168225575,640.0896185040965,0.18960775644130576,fitted,compact,True
299,TYC 5803-01996-1,334.20821222,-7.78323889,4.268,356.55764804435546,901.4636537815757,356.5897459163564,901.4725645766789,0.03331179455327154,fitted,compact,True
300,TYC 4721-01217-1,58.57247194,-2.95286056,5.887,573.9003476215381,131.56996386808729,573.8006380727916,131.21731822505592,0.36647093153515636,fitted,compact,True
301,TYC 2237-01660-1,351.34444167,23.40401778,4.490,607.668819491988,736.7065590842644,607.5529710221168,736.7411249689777,0.12089527847478801,fitted,compact,True
302,TYC 2859-02274-1,47.37348361,44.85788000,3.889,905.2018292657382,414.25038685419156,905.1675968796782,414.506846309518,0.2587340497145408,fitted,compact,True
303,TYC 2140-03051-1,298.36534111,24.07952750,4.631,743.5548485885245,1136.5594339803038,743.3201035684502,1137.560192502032,1.02792161338359,fitted,broad_blob,True
304,TYC 5186-02125-1,311.93432444,-5.02760056,4.638,434.68732239571574,1107.6280187573368,434.6547694192267,1107.7137654469202,0.0917179974313083,fitted,compact,True
305,TYC 5285-00952-1,38.67747111,-7.85929944,5.892,433.8487686594496,286.9054338949207,432.77251326242356,288.2263671017712,1.7038750589723506,fitted,broad_blob,False
306,TYC 4608-02417-1,337.47069972,78.82433500,5.466,1094.071590829835,751.2362481250847,1094.016979944444,750.6582606948763,0.5805616403811821,fitted,compact,True
307,TYC 0564-02591-1,331.41956167,5.05829472,5.018,469.58599008605387,920.3180137139113,469.7856574951395,920.4443708421388,0.23629049516403863,fitted,compact,True
308,TYC 2888-02054-1,69.17264083,41.26485444,4.374,984.755161332669,304.4326674010019,984.8369529021812,304.6002445691759,0.18647243264489033,fitted,compact,True
309,TYC 4563-02708-1,236.01443639,77.79449889,4.279,1224.6757043949192,828.8700782966455,1224.5477223820797,828.9229858936131,0.13848685651480375,fitted,compact,True
310,TYC 3502-02258-1,249.68702667,48.92827917,5.070,1181.4282264995702,1113.7303834111256,1181.5087021168356,1113.7609196864437,0.0860743230269654,fitted,compact,True
311,TYC 2685-01920-1,307.34887917,30.36855750,4.044,756.1040580408927,1053.9374851030477,756.1444063767303,1053.9291259532054,0.041205140346229865,fitted,compact,True
312,TYC 3979-01616-1,325.87689750,58.78005194,4.267,939.698941945807,845.6528536123335,940.0436170589397,845.8667723735998,0.40566263080891346,fitted,compact,True
313,TYC 2079-02057-1,262.68457583,26.11060778,4.552,987.2213871987756,1298.615654253035,987.2263301354245,1298.7526411458596,0.13707604250357125,fitted,compact,True
314,TYC 4559-03017-1,216.88134639,75.69594222,4.401,1264.3512843673986,820.856709027989,1264.3155686673995,820.8818209008417,0.043660249479359425,fitted,compact,True
315,TYC 3628-03193-1,337.82242333,50.28245083,3.758,851.7682934848948,808.7693465072086,851.9933850575693,809.378038931746,0.6489781843623541,fitted,compact,True
316,TYC 1108-02583-1,317.58530139,10.13192361,4.703,547.3627624554773,1035.2455123893071,547.790854890591,1035.0788516906932,0.45938972720782906,fitted,compact,True
317,TYC 4547-02323-1,144.27228306,81.32641944,4.430,1245.8999877344493,679.4317629576065,1245.8489270704079,679.4819994241573,0.07163025885658468,fitted,compact,False
318,TYC 4467-02426-1,332.66207139,70.13251611,5.563,1025.0525931065758,784.9812855162395,1025.4946212083323,785.245712577458,0.5150830160732213,fitted,broad_blob,False
319,TYC 3137-03764-1,297.64161444,38.72217361,5.376,863.1181343363412,1071.8440392318403,862.7441055248933,1071.1601950759036,0.7794487676568977,fitted,compact,True
320,TYC 4345-02051-1,94.71158361,69.32002000,4.758,1198.2136745378891,524.0867433329222,1198.050151101891,523.5642931824877,0.5474432151461851,fitted,compact,True
321,TYC 4079-02478-1,75.85456889,60.44228000,4.123,1112.5873883287315,447.10527862952875,1112.5179500501547,447.24085529323395,0.15232434563505637,fitted,compact,True
322,TYC 3430-01673-1,137.21824111,51.60472361,4.479,1402.312894081598,469.3636647563648,1401.9891262284664,469.40725504593,0.32668905103448725,fitted,compact,True
323,TYC 4019-03949-1,8.24994722,62.93178694,4.183,960.7094380634815,661.671504885487,961.0002073322664,662.1533390859772,0.5627707920919267,fitted,compact,True
324,TYC 6401-01356-1,347.47865306,-22.45759361,4.802,225.49140732248037,771.1461448742805,225.17849611686313,771.224282943591,0.3225197365688017,fitted,compact,True
325,TYC 3539-02620-1,278.48624639,52.35350972,5.501,1040.8853400838448,1052.4073484683493,1040.545598454144,1051.473891243881,0.9933613465720769,fitted,compact,True
326,HIP 036850,113.65001898,31.88863645,1.580,1270.6503338752293,187.06319493210103,1269.8895551562016,187.5554222601595,0.9061302344657932,fitted,compact,True
327,TYC 3140-02645-1,295.41582472,40.02231333,6.930,882.5225000358862,1074.003411080626,882.3318613043072,1074.97034570721,0.9855484250230757,fitted,broad_blob,True
328,TYC 5312-02325-1,63.82323167,-7.64486750,4.506,561.6265994080495,77.99678965528022,561.7849539081728,77.93742245190981,0.16911715627141935,fitted,compact,True
329,TYC 3332-02426-1,63.72440694,48.40937111,4.238,999.8367962622262,374.41796363050855,999.8354469737426,374.7284225888265,0.31046189038154076,fitted,compact,True
330,TYC 1889-00861-1,93.84472361,29.49867972,4.434,1090.3948975129883,152.4667830197789,1090.4127257805765,152.35869961774176,0.10954391320887052,fitted,compact,True
331,TYC 4091-02094-1,73.51254528,66.34266222,4.292,1125.9006104137884,502.3831975050544,1125.7578785543947,502.49467617181745,0.18110736271410813,fitted,compact,True
332,TYC 3210-02003-1,330.73615333,44.64993889,5.707,811.7321456322355,860.9885974286045,812.6444482835745,861.7944419666469,1.217243421478604,fitted,compact,True
333,TYC 0521-02814-2,314.76865694,4.29390639,6.313,506.2848250383249,1070.0785649705338,506.414182694916,1069.5095201892163,0.5835626499899751,fitted,compact,True
334,TYC 4666-00935-1,0.45599083,-3.02748028,5.082,385.9715531338309,648.7268208407446,385.7552478260219,648.8689802448486,0.25883833248100296,fitted,compact,True
335,TYC 4262-02279-1,326.36220500,61.12081167,4.349,958.2566754544475,835.8148147048533,958.5700711265458,835.8282841292666,0.3136849895738841,fitted,compact,True
336,TYC 4436-01425-1,265.48461611,72.14946139,4.600,1163.438538182478,893.1427957896168,1163.221711686503,893.1631603482306,0.21778072597054207,fitted,compact,True
337,TYC 4376-02052-1,143.62068167,69.83016278,4.633,1321.609805760863,616.7336395712778,1321.4531273885545,616.5536149123543,0.23865663655083783,fitted,compact,True
338,TYC 2913-02360-1,80.06118444,41.08634194,5.472,1048.1488584979159,274.00288392137924,1048.5453570874215,273.89286968731784,0.4114781442265056,fitted,compact,True
339,TYC 2801-01433-1,12.31732556,41.08181222,7.182,777.724045516381,596.3019099029827,777.6968747414281,596.5728350547324,0.2722842060460483,fitted,compact,True
340,TYC 2188-02203-1,322.48700417,23.63883111,4.700,649.8001304039784,967.4788671372095,649.7142305835021,967.5638678248081,0.12084658063059327,fitted,compact,True
341,TYC 5273-02656-1,16.52137694,-9.83936722,5.565,350.64591796990146,491.83621851024066,351.01228390979907,491.5829801631238,0.4453691304609348,fitted,compact,True
342,TYC 0593-01697-1,359.82753972,6.86357944,4.060,467.8964057971998,658.5782181828797,468.19773140966635,658.7411841215888,0.3425711924661589,fitted,compact,True
343,TYC 6333-02128-1,307.21509528,-17.81366861,4.967,337.00806550654863,1159.070607116936,336.9390384435462,1159.2238674173868,0.16808764119069072,fitted,compact,True
344,TYC 4319-01847-1,30.85911139,72.42124250,3.940,1062.6673217607733,624.7519196139502,1062.6905283898523,624.9463161459555,0.19577680988534543,fitted,compact,True
345,TYC 4009-02605-1,358.59598861,57.49939056,4.628,907.7708780772848,696.9157921248262,908.5827949308513,697.2672001105606,0.8847013900424958,fitted,compact,True
346,TYC 4197-02429-1,254.00573194,65.13467889,4.937,1187.4451232009642,960.9964907415589,1187.522864589488,960.8546447985993,0.16175288258238357,fitted,compact,True
347,TYC 0643-00937-1,41.23493472,10.11421611,4.305,599.3338708738426,304.6235879317678,599.4967951603877,304.62963485027757,0.163036463313301,fitted,compact,True
348,TYC 2677-01816-1,299.07664861,35.08348667,4.008,828.2229833122751,1082.567879733658,828.3559414511357,1082.3839101929673,0.22698603170943238,fitted,compact,True
349,TYC 0612-01446-1,15.73605306,7.89007694,4.364,498.5367280047511,515.5082299088776,498.6434254395346,515.3911082178113,0.15843558030827387,fitted,compact,True
350,TYC 2702-02764-1,318.23408833,30.22707500,3.300,717.7397738250847,981.4526561919868,717.9452762630051,981.5986097458022,0.2520589055410509,fitted,compact,True
351,TYC 2846-01429-1,42.64551250,38.31889972,4.253,836.8945049166693,403.87641767933195,837.005448319791,404.0500297846822,0.20603301148200356,fitted,compact,True
352,TYC 5821-01481-1,349.47585333,-9.18249056,4.373,332.0775665348934,753.6980565509436,332.26278246294345,753.7479690811596,0.19182335800419054,fitted,compact,True
353,TYC 3930-01790-1,282.80004778,59.38829139,4.765,1060.53337504467,985.4218930217056,1060.1978463213707,985.7189289868677,0.4481181638348063,fitted,compact,True
354,TYC 1830-02131-1,70.55080611,22.94239722,7.019,870.3345037160337,173.61133507513833,870.3163785025425,173.3843416539704,0.2277159120870075,fitted,compact,True
355,TYC 4174-01261-1,207.85807583,64.72328306,4.783,1341.897164692424,871.7508212047269,1341.9851193623535,871.8111944976467,0.10668157507462794,fitted,compact,False
356,TYC 5836-00979-1,355.68036972,-14.54474667,4.478,288.9408388266443,692.19902703476,288.8322873124215,692.2154454416719,0.10978613448698589,fitted,compact,True
357,TYC 5779-01803-1,317.39831583,-11.37165611,4.601,362.2632049016814,1062.2892664202777,362.1031944628102,1062.423041302366,0.20856428175862313,fitted,compact,True
358,TYC 3879-02960-2,249.05721639,52.92436028,5.376,1192.8857645643043,1075.5215322607867,1192.9884138042503,1075.535165457459,0.10355061811983124,fitted,compact,True
359,TYC 5288-01093-1,39.89057139,-11.87161417,4.874,402.39265043726886,272.88403589325657,402.04288301931604,272.5511201943923,0.48287690896507657,fitted,compact,True
360,TYC 2418-01571-1,87.76004611,37.30568333,4.917,1081.3342485532758,228.20372503679462,1081.4037795020495,228.00618703559724,0.20941779951673678,fitted,compact,True
361,TYC 2936-02025-1,99.83261444,42.48900694,4.931,1185.4338972890096,269.45256070521305,1185.5466754972247,269.3354279472489,0.16260076025806033,fitted,compact,True
362,TYC 2225-01821-1,342.50044333,24.60168083,3.604,622.4351297027215,807.8784328443917,622.4532123541615,808.3293451582457,0.45127474676552,fitted,compact,True
363,TYC 2850-02115-1,44.69021833,39.66282611,4.690,855.4867080457825,399.56581439624847,855.4988761928844,399.7529475335083,0.1875283308318925,fitted,compact,True
364,TYC 4623-01236-1,17.18417639,86.25711667,4.364,1156.1039235487876,707.6703314327485,1155.9130550186808,707.7409242491779,0.2035046474078065,fitted,compact,True
365,TYC 1630-00481-1,302.48588750,20.91479667,6.561,698.2147604452114,1121.471341636651,697.8487341551288,1122.4763849502401,1.0696201696031142,fitted,broad_blob,True
366,TYC 3298-00896-1,34.82018667,47.37998611,5.310,881.2652553859828,486.8339210535182,881.2332326078995,487.6214607099828,0.7881904394373783,fitted,compact,True
367,TYC 4277-01102-1,342.42044889,66.20069667,3.611,985.5498907164713,761.8478311900114,985.8050258676195,762.0692697861864,0.33782983472062705,fitted,compact,True
368,TYC 5819-01247-1,342.39795333,-13.59254194,4.211,299.5618326557689,822.3051829924092,299.48259911859896,822.5616470396354,0.2684245907738866,fitted,compact,True
369,TYC 3873-01891-1,236.90797694,55.37661472,5.909,1259.5213059263044,1036.3631915472165,1258.8401972355164,1036.9511388811084,0.8997728136021673,fitted,compact,False
370,TYC 4307-02166-1,11.94175056,74.84758722,5.401,1063.428451691858,679.2249631241091,1063.055501920467,678.453811995694,0.856601187739448,fitted,compact,True
371,TYC 4229-01852-1,290.16696833,65.71443500,4.580,1070.6271758568678,920.8199758596908,1070.6965040513644,920.8212993045433,0.06934082533716342,fitted,compact,True
372,TYC 2953-01956-1,100.77085583,44.52451972,5.207,1196.9585333157374,289.3885500467325,1196.7761735340318,289.2004372577131,0.26199525067525004,fitted,compact,True
373,TYC 1763-03028-1,28.27041917,29.57936528,3.457,715.5069765847899,459.82059857848,715.5779825549214,459.83798747718697,0.07310418313996102,fitted,compact,True
374,TYC 1193-02067-1,9.98148389,21.43855750,5.555,603.0999579385568,582.4690962727383,603.9367358023155,582.0088441388224,0.955002209448078,fitted,compact,True
375,TYC 2163-01794-1,303.94231694,27.81423056,4.656,748.3699150505558,1086.0353813308548,748.8612448696224,1086.0260620983988,0.4914181917649535,fitted,compact,True
376,TYC 1671-00986-1,320.52140917,19.80436583,4.200,621.9825183019768,991.4576424067244,622.2087795679182,991.347646942469,0.25158132407265366,fitted,compact,True
377,TYC 2847-01572-1,46.29376056,38.84052500,3.539,855.584826363284,386.89822961763304,855.7491097926961,387.1529920176717,0.3031384595409349,fitted,compact,True
378,TYC 5757-01943-1,313.16336472,-8.98323722,4.756,395.81518934918364,1100.1448953162878,395.7615375012447,1100.2644611783999,0.13105157828069558,fitted,compact,True
379,TYC 3778-01983-1,101.55525694,59.44320944,7.051,1219.6536757964884,432.79935962690996,1219.9916800630945,432.83696535921047,0.34008980482477025,fitted,compact,True
380,TYC 0622-00574-1,26.34829917,9.15764194,4.368,536.3387696979775,424.52958185194086,536.4216219970668,424.76194976397545,0.24669687879604665,fitted,compact,True
381,TYC 3156-02220-1,305.68872972,41.02612778,6.119,848.1637560499685,1018.0693247356493,848.5193330775137,1017.6661822483368,0.537548962973979,fitted,compact,True
382,TYC 5177-01878-1,309.58447611,-1.10507833,4.409,477.6033194520839,1123.3524489909107,477.64033238348344,1123.394512636751,0.056029522505201684,fitted,compact,True
383,TYC 1201-01724-1,21.67354111,19.24055639,5.620,608.8186019196899,483.7830703928942,609.2399662738727,483.4228985657189,0.5543209035087207,fitted,compact,True
384,TYC 4269-00809-1,339.66272500,63.58452000,5.197,965.2179521783688,776.7277249421181,965.0970212474424,776.7406269784888,0.12161723807602148,fitted,compact,True
385,TYC 3320-02810-1,52.34180167,49.50901472,4.715,957.5351451084464,421.91210507964877,957.6977705555904,421.7446693897738,0.23341325220027256,fitted,compact,True
386,TYC 2893-01482-1,70.69845972,38.42664556,6.691,975.5774608315561,277.832188565966,976.2849644788854,278.6120474242638,1.052967829446726,fitted,broad_blob,False
387,TYC 1579-01852-1,272.18955139,20.81457222,4.319,876.7255249159576,1300.6029368154911,876.6679572921677,1300.8738831430046,0.27699448316140196,fitted,compact,True
388,TYC 4138-01687-1,137.72889833,63.51377472,4.684,1345.5409624526485,557.1129142722407,1345.5057076063604,557.0032333708712,0.11520765734981242,fitted,compact,True
389,TYC 3332-02427-1,62.16530694,47.71259111,3.982,988.4146929064428,374.31884857734735,988.3099847656777,374.6066043633006,0.30621428296551273,fitted,compact,True
390,TYC 3681-01736-1,19.96557194,58.20814778,7.036,935.3317353656939,600.7856754522219,935.2333227499574,600.5812849993348,0.22684906913515268,fitted,compact,True
391,TYC 4419-02886-1,246.99604611,68.76805889,4.942,1212.666160058643,922.506349254343,1212.579434515832,922.4876036731605,0.08872833025450703,fitted,compact,True
392,TYC 2652-01709-1,286.82554028,36.10016833,5.235,895.6769046325948,1138.528249654906,895.5877469289171,1138.2731555405362,0.27022602263873907,fitted,compact,True
393,TYC 1168-01611-1,352.28859389,12.76049556,4.638,515.6691799348487,728.558804716822,515.8319469782259,728.5539962131035,0.16283805488208472,fitted,compact,True
394,TYC 4655-01053-1,263.05374500,86.58633667,4.340,1184.153052022936,755.0111845741277,1183.9341053184835,755.0313211504448,0.2198707372443663,fitted,compact,True
395,TYC 3995-01480-1,337.28842722,58.40409556,6.114,922.410691070746,796.4640334445763,922.6768104438058,796.7175441783412,0.3675421239147471,fitted,compact,True
396,TYC 1618-02331-1,303.56911139,15.19747000,4.954,644.3664601309024,1133.7429367484838,644.5154747105953,1134.2503556566533,0.5288471360695486,fitted,broad_blob,True
397,TYC 3169-03876-1,318.69729222,38.04438222,3.776,782.5383668817495,953.9621325645694,782.6677409020732,954.219419602116,0.2879830842674643,fitted,compact,True
398,TYC 3589-06516-1,317.81482194,45.67423806,6.714,847.7356649530446,932.1918670845536,848.5437592735332,932.4695546501579,0.8544745841141523,fitted,broad_blob,False
399,TYC 4501-01413-1,18.06885083,79.67397417,5.590,1106.3627960355452,681.885388285274,1105.3545542415345,682.2012507411871,1.0565607442288365,fitted,compact,False
400,TYC 4325-01562-1,47.98433361,74.39385833,4.840,1101.9967165231358,603.5206153168714,1101.9234600637183,604.1179147906497,0.6017750162828697,fitted,compact,True
401,TYC 5880-01266-1,53.44686972,-21.63281861,4.233,369.2626322961259,144.76779500431905,369.3780107789985,144.9315620961621,0.20032936549770114,fitted,compact,False
402,TYC 1109-02583-1,318.61996389,10.00769306,4.544,543.2613410626366,1026.5715764113024,543.5275224542584,1026.5635817443929,0.26630142309928595,fitted,compact,True
403,TYC 3715-01248-1,52.26723139,59.94033389,4.233,1025.6904648034933,491.57685868695125,1025.4964444414607,491.8328890331551,0.3212404692135598,fitted,compact,True
404,TYC 2769-00507-1,351.21175583,32.38487611,5.536,686.8289398722475,737.5615573235365,686.0192389115276,737.1125310309843,0.9258727003178084,fitted,compact,True
405,TYC 2912-01835-1,87.87247278,39.14848083,4.087,1090.5742763195572,244.12245747523085,1090.6447583972717,243.8591887978747,0.2725401250381585,fitted,compact,True
406,TYC 6354-01492-1,316.10134083,-19.85492917,4.868,292.13300552883624,1075.715419812396,291.85272086411123,1075.9321765315688,0.3543204320760166,fitted,compact,True
407,TYC 2710-02647-1,319.47945056,34.89688250,4.361,753.8790348957918,958.8071097463985,753.9828304201818,959.2035194032037,0.4097732627829646,fitted,compact,True
408,TYC 3401-01648-1,111.67858611,49.21163500,4.607,1271.034586721328,350.29439802642446,1271.1450913785366,350.23022110954065,0.127788715955284,fitted,compact,True
409,TYC 2221-01666-1,341.63268722,23.56567722,4.068,614.3956306133799,815.8047465825258,614.2671824818592,816.1196420303422,0.34008537978963566,fitted,compact,True
410,TYC 6389-01377-1,340.89688056,-18.83031250,4.830,258.08441999351845,836.477152276601,257.9271224342426,836.6111604338605,0.20664149720279715,fitted,compact,True
411,TYC 3318-01840-1,47.26230500,49.61349111,4.107,939.2263332357974,442.3715459196431,939.1606936396952,442.5216745906165,0.16385107391988066,fitted,compact,True
412,TYC 4130-02355-1,130.05373389,64.32787556,4.722,1319.3867260706759,536.9317966628802,1319.3677943997095,536.8305280521622,0.10302300559741863,fitted,compact,True
413,TYC 3471-01250-1,213.37063417,51.78999000,4.535,1384.7673082218469,988.490335235432,1384.3537340756757,988.3377306662608,0.44083072591773614,fitted,compact,True
414,TYC 2798-01667-1,14.18794139,38.49926139,3.868,758.3657071397221,579.5017096451784,758.3605216629327,579.0881424448283,0.41359970789991557,fitted,compact,True
415,TYC 4674-01183-1,13.25204417,-1.14422056,4.941,417.49464890784316,528.6971965689111,417.52662594978233,528.788200771279,0.09645877907064507,fitted,compact,True
416,TYC 3173-03151-1,319.35396917,39.39469000,4.248,791.7464142724531,945.5623414313488,792.2488358123061,945.7166312116603,0.5255784813106736,fitted,compact,True
417,TYC 0579-01834-1,345.96919667,3.82007083,4.461,441.51972403491357,786.8393194747796,441.80997360358896,786.9085686104191,0.29839613754718136,fitted,compact,True
418,TYC 1606-02341-1,295.02409611,18.01393639,4.458,709.5716398045794,1184.9402012510193,709.767625453347,1184.9152505512468,0.1975674870569853,fitted,compact,True
419,TYC 5228-01678-1,332.64044167,-4.26686361,6.088,390.1806208935497,915.3770700812646,388.5682710648288,915.1791121728584,1.6244566179731685,fitted,broad_blob,False
420,TYC 3605-01645-1,331.46015972,45.11251194,6.488,815.1596342589181,855.6190960866079,815.4646987275033,856.4053438134365,0.8433562817317063,fitted,compact,True
421,TYC 5186-02126-1,313.03622167,-5.50704417,5.539,426.44681546899653,1098.9620737585867,426.7055544807594,1098.2723865374167,0.7366236075862046,fitted,compact,False
422,TYC 1293-02747-1,75.77377750,21.59006028,4.633,897.7261685624983,141.55328566165315,897.7395483115766,141.2531334087762,0.3004503163461666,fitted,broad_blob,True
423,TYC 4428-01960-1,264.23788111,68.75723278,4.821,1159.7610898837147,925.6205444299778,1159.4885552373316,925.6117969151833,0.2726749942591417,fitted,compact,True
424,TYC 3057-02021-1,238.16754222,42.45006333,4.664,1246.1554836406062,1162.8169201021449,1246.0378126207163,1162.8233263504271,0.11784527542075007,fitted,compact,True
425,TYC 4482-01943-1,351.81845444,70.35979361,5.612,1019.6757816289586,727.3607957130296,1018.928412517414,727.1783617786334,0.7693131542552645,fitted,compact,True
426,TYC 2230-02066-1,335.33052806,28.33051694,4.792,663.5755339024118,860.5656368431405,663.5421748151228,860.7167128877373,0.15471522212044886,fitted,compact,True
427,TYC 2604-01775-1,259.41785417,37.29135194,4.623,1075.1375154623797,1214.516762806915,1075.1645542000988,1214.6726453784836,0.1582102065489644,fitted,compact,True
428,TYC 3777-02070-1,96.70366250,58.41741306,5.381,1196.9669048500489,419.78867348327566,1197.2097011372211,419.5639843669658,0.3308099696997237,fitted,compact,True
429,TYC 4669-00996-1,1.33393722,-5.70782306,4.727,364.0433278593253,639.4845101753831,364.1949338911235,639.469037867963,0.15239350765208046,fitted,compact,True
430,TYC 0631-01493-1,33.25004250,8.84675139,4.453,556.5562558093147,365.8762117809202,556.7213679882327,365.99860457904447,0.20552865654145147,fitted,compact,True
431,TYC 3199-03591-1,333.99237667,37.74873417,4.277,747.5756790145025,854.7994377790413,747.6090753940498,855.4055229100372,0.607004533904959,fitted,compact,True
432,TYC 3882-02597-1,251.32411861,56.78169750,4.881,1187.5829177615067,1039.6890541659254,1187.6316233650023,1039.8393257590499,0.15796767869418143,fitted,compact,True
433,TYC 1634-03055-1,310.86477111,15.07468028,4.453,613.592476729969,1078.724386728937,613.5535229155466,1078.723704096833,0.038959795233571126,fitted,compact,True
434,TYC 1704-00029-1,339.94588306,19.68114694,6.327,581.8665498329856,834.098846338856,582.4034372433215,833.0970059715125,1.136631960229894,fitted,compact,False
435,TYC 2622-01995-1,272.97569417,31.40529083,5.164,946.2905912628989,1226.096930853327,946.353035714438,1226.265811222343,0.1800552375439463,fitted,compact,True
436,TYC 2334-01042-1,42.87846194,35.05988778,4.735,812.2743548254092,387.3123534716213,812.3331966492015,387.3351124832469,0.063089879040726,fitted,compact,True
437,TYC 2596-01318-1,259.33154278,33.10011389,4.823,1054.354343392362,1250.3696946190005,1054.5106258967735,1250.3540048065774,0.1570681107005156,fitted,compact,True
438,TYC 1777-01481-1,34.73745611,28.64267333,5.293,729.2137147128659,413.2860079296549,729.0963550224508,412.2850431102998,1.0078213465296828,fitted,compact,True
439,TYC 4186-01373-1,224.39631250,65.93238694,4.865,1289.1584474341034,913.2813828057147,1289.1868563199137,913.3157080418384,0.044556555386736516,fitted,compact,True
440,TYC 5224-01808-1,330.82845694,-2.15533806,4.765,409.4693907864842,931.2368031534199,409.5641856517834,931.1614101056399,0.12112051081735942,fitted,compact,False
441,TYC 3779-01730-1,104.31916722,58.42304778,4.448,1232.3522062460397,426.0547223939712,1232.2886350970844,426.00501495584206,0.08069770991091571,fitted,compact,True
442,TYC 1058-03400-1,298.56176750,8.46164778,4.824,609.6212425503678,1193.0801424430294,609.7716046906055,1193.0671549678277,0.15092199219787023,fitted,compact,True
443,TYC 3945-01798-1,303.34918194,56.56753111,4.287,973.5242559765384,945.6737825833649,973.6583656906291,945.730796981989,0.14572596564776646,fitted,compact,True
444,TYC 0584-01515-1,351.99235056,6.37909278,4.394,461.4358858284289,730.739974960939,461.6292816645808,730.8386664381733,0.21712198672535846,fitted,compact,True
445,TYC 5787-01291-1,324.43769222,-7.85414556,4.700,374.35633562882293,994.6463279300528,374.3737308126525,994.4939959017395,0.15332201169606985,fitted,compact,True
446,TYC 3575-06505-1,313.52473861,45.11014806,7.344,856.2536089960453,957.9059990076162,855.632421549676,957.7448795903224,0.6417424017126099,fitted,compact,True
447,TYC 1202-02126-1,17.86331528,21.03467333,4.771,615.427436963619,517.489041181291,615.3883298430771,517.4872290759566,0.03914908176214645,fitted,compact,False
448,TYC 1739-02317-1,11.83494361,24.26736278,4.199,631.4804405290715,571.0294951144544,631.3070605894309,570.9679944766548,0.1839644854844617,fitted,compact,False
449,TYC 5821-01480-1,348.97203917,-9.08769694,4.363,333.07285471676585,758.5301150468938,333.154559581919,758.6632104696465,0.15617322609019024,fitted,compact,True
450,TYC 2783-02251-1,5.28011472,37.96869639,5.208,742.2095338832092,638.9505185229444,741.5593573129986,638.4647987943667,0.8115745358132344,fitted,compact,True
451,TYC 5749-02531-1,305.16586417,-12.75904417,4.741,390.3615643233768,1175.806365524117,390.2802382015291,1176.0411240940057,0.24844621999741492,fitted,compact,True
452,TYC 1228-02019-1,47.90698333,19.72669917,4.452,711.344907970747,288.58023629372065,711.3879665782384,288.7364559240753,0.16204510664393035,fitted,compact,True
453,TYC 4058-01504-1,37.26661028,67.40238944,4.627,1037.41629749682,581.3728358906212,1037.2711189847455,581.4206382734908,0.15284589682489594,fitted,compact,True
454,TYC 2676-01688-1,305.96498611,32.19018528,4.574,776.5643002306942,1055.4020508013132,776.4892562065036,1055.310003063622,0.11876191132179936,fitted,compact,True
455,TYC 2822-02210-1,24.19986944,41.40634250,4.152,803.5919324197982,523.53096472267,803.8504886055312,523.2417329371638,0.3879514491890289,fitted,compact,True
456,TYC 0033-01213-1,28.38891056,3.18748056,4.709,491.66401990463646,396.46152193023255,491.7936683662979,396.47207380883276,0.13007715307910822,fitted,compact,True
457,TYC 2279-01665-1,9.22016389,33.71935111,4.319,709.2332358629286,605.3500473455523,709.1514627072281,604.9253088505734,0.4325385972490254,fitted,compact,False
458,TYC 3959-01685-1,311.33831000,57.58027833,4.571,959.5353514840089,910.1425874086489,959.6400528234278,910.2132004313409,0.12628764567377365,fitted,compact,True
459,TYC 5870-01028-1,42.75977417,-21.00398056,4.871,330.9714346235934,240.95290321567808,330.8712839911619,240.708998786998,0.26366554478389514,fitted,compact,False
460,TYC 3561-02128-1,298.02988028,47.93181778,5.868,928.8808144468654,1017.4608856663127,929.5176866088744,1017.4563263113273,0.6368884819651845,fitted,compact,False
461,TYC 3184-02738-1,325.85678333,38.28359917,5.694,766.4057528772325,908.2837724199799,767.2037602372324,908.0254240134253,0.838784624193331,fitted,compact,True
462,TYC 5284-02546-1,36.48755000,-12.29045306,4.862,385.89862190592766,303.24129835354626,385.65855236826826,302.9939170760069,0.34471855097892373,fitted,compact,True
463,TYC 3323-01510-1,49.05085139,50.93770778,5.170,955.1032463970395,443.49555367346863,955.0152914555431,443.3832470507893,0.14264939267754043,fitted,compact,True
464,TYC 0035-00435-1,25.35794583,5.48760472,4.587,502.06995145816217,426.6800672923323,502.2043616719466,426.88112213118444,0.24184530964116596,fitted,compact,True
465,TYC 4253-02243-1,324.48010778,62.08194639,4.807,969.1574475650774,839.5170567593193,969.2110422000045,839.6905639395488,0.1815960530522977,fitted,compact,True
466,TYC 2583-02106-1,245.62175944,33.70336556,5.576,1167.1778590613599,1254.5563838969933,1166.609447902002,1254.8934325050272,0.6608275192968553,fitted,compact,True
467,TYC 3673-01923-1,17.77475750,55.14994389,4.343,905.9874211261572,600.9711589085781,906.4081500366115,600.8469831572934,0.43867121321003605,fitted,compact,True
468,TYC 2766-01925-1,353.48821278,31.32532194,5.167,676.6912584020134,719.9114733640946,676.6389197819441,719.9284366149915,0.05501893339346164,fitted,compact,True
469,TYC 1062-02701-1,297.75628194,10.41604583,5.185,630.0369429715631,1192.3932757682744,630.8141204091955,1193.1208160090723,1.064574831350604,fitted,compact,True
470,TYC 4456-02107-1,288.88867306,73.35522639,4.593,1113.832109359456,862.5039455120511,1113.7159361676797,862.6572641351063,0.19236114644852764,fitted,compact,True
471,TYC 3478-01333-1,214.04193194,51.36702528,4.763,1382.9883353265768,995.3746704323582,1382.7883976899607,995.0060923517258,0.4193147505852334,fitted,compact,True
472,TYC 2980-02184-1,125.70887250,43.18836694,4.415,1365.4288376359518,340.08698375389554,1364.7809353395232,340.45268550968234,0.7439859944266298,fitted,compact,True
473,TYC 3226-02285-1,340.12827583,44.27628139,4.640,797.0032651385147,804.953282887136,797.1648332829205,805.2197372852231,0.31161227759303683,fitted,compact,True
474,TYC 4722-01534-1,52.65437611,-5.07516222,4.710,521.5905747615536,173.51900308914276,521.4329630774062,173.18376269509145,0.370442390640542,fitted,compact,True
475,TYC 2687-02651-1,311.41566278,30.71966028,4.334,743.9170498321496,1026.2283899963318,744.0737571387681,1026.1527436405324,0.17401020399201983,fitted,compact,True
476,TYC 3776-02465-1,94.90579556,59.01090778,4.437,1189.721020009106,424.596446786675,1189.8030827908183,424.54797585879896,0.09530860922034316,fitted,compact,True
477,TYC 3414-02496-1,122.11458111,51.50667667,4.800,1327.9626422084993,401.6666690646702,1328.0290634718053,401.64363100820276,0.07030317393233258,fitted,compact,True
478,TYC 3121-02287-1,289.09206278,38.13372667,4.476,898.5852040321168,1115.6401412798289,898.474793402355,1115.5282009222608,0.1572296117685263,fitted,compact,True
479,TYC 2201-02078-1,326.03507722,28.74316972,4.745,684.7284435523844,929.4677023558673,684.8098382053995,929.6417844456475,0.19217092267480787,fitted,compact,True
480,TYC 2105-02586-1,275.25424028,28.86984222,5.142,913.986635774826,1234.8540212973264,913.719807896576,1235.0197896162595,0.3141277640918062,fitted,compact,True
481,TYC 1871-02618-1,88.33184972,27.61228417,4.550,1035.0923368769713,145.69265927948382,1035.1188314915469,145.4438968707707,0.25016934382587047,fitted,compact,True
482,TYC 0641-00985-1,44.92873833,8.90739861,4.681,605.9213544135349,272.2541329723387,605.9340397666658,272.206096905097,0.04968281332719138,fitted,compact,True
483,TYC 3814-01752-1,148.02650528,54.06428639,4.563,1429.983704461181,547.4045811831605,1429.6117748303802,547.4438317618304,0.3739949975515715,fitted,compact,True
484,TYC 3993-02269-1,345.02126583,56.94538167,5.210,904.7764389658823,761.6724725607879,904.6516193748178,762.7242594912151,1.0591674453696813,fitted,compact,True
486,TYC 0586-01458-1,355.51199028,1.78040139,4.514,423.12566803199496,697.3122376438491,423.39235922634066,697.2895947913784,0.2676506900972741,fitted,compact,True
487,TYC 2319-01795-1,28.97697167,37.27779972,6.069,781.3534418189835,480.2968216487333,782.0574406814209,480.1405862524066,0.7211268247531275,fitted,compact,True
488,TYC 1272-01126-1,64.31535194,20.57874139,4.947,810.8373834625797,191.47787282649435,810.913135117994,191.3468442504102,0.15134992913325915,fitted,compact,True
489,TYC 2145-01662-1,300.43627944,24.80042639,5.848,739.8911909120496,1120.8664740343456,739.5092867799372,1121.1069644732613,0.4513163162732394,fitted,compact,True
490,TYC 3870-01962-1,239.44827944,54.74951250,4.987,1245.8001457153819,1047.4637432819002,1245.9316540805758,1047.450339864908,0.13218964294919275,fitted,compact,True
491,TYC 5199-01459-1,321.32068472,-3.55658778,5.642,419.34089767018804,1020.8749077441872,418.87547558536374,1020.6250792207027,0.5282348040300514,fitted,compact,True
492,TYC 3181-00836-1,319.61325750,43.94596667,5.023,829.5202168756426,928.667680304254,829.672964909898,928.7452467396993,0.17131407962156134,fitted,compact,True
493,TYC 6429-00656-1,29.16734167,-22.52671694,5.057,274.2359962458336,367.17476377380217,273.9544387877479,366.7710380936123,0.49220831672012305,fitted,compact,False
494,TYC 5814-01593-1,337.66173028,-10.67788722,4.815,327.97223797753026,868.624261329012,327.9599597490088,868.6597208872942,0.037525127170847335,fitted,compact,True
495,TYC 2179-02496-1,313.03218111,27.09712056,4.660,707.7716865371834,1027.4710620077435,708.0558705920976,1027.4392065974325,0.2859638862400657,fitted,compact,True
496,TYC 3913-02269-1,278.14384361,57.04561500,4.832,1066.5135511074207,1014.3907687427272,1066.34432133351,1014.2982310581101,0.19287804294987904,fitted,compact,True
497,TYC 3491-01859-1,240.69938667,46.03684528,4.694,1233.1531226556929,1132.752004132844,1233.1810020194696,1132.793773515356,0.050218923126953786,fitted,compact,True
498,TYC 4359-02044-1,102.73786583,67.57192500,5.096,1223.4157949512557,511.72302787029463,1223.330963534574,511.8349940279825,0.14047344846484427,fitted,compact,True
499,TYC 2682-03762-1,299.97997944,37.04288667,5.120,839.4107133852458,1067.069281672738,839.7576977667491,1067.6705862195456,0.6942372209977342,fitted,compact,True
500,TYC 5273-02653-1,18.59988278,-7.92347222,5.188,371.43660556383225,473.1429971655067,371.37642023668496,473.1061082251816,0.07059084588058136,fitted,compact,True
501,TYC 4237-02168-1,307.39512528,62.99413583,4.228,1008.9578438108747,894.4853146846672,1009.0503021575443,894.6861544521671,0.2210998825831752,fitted,compact,True
502,TYC 3916-01982-1,275.97769528,58.80058500,5.058,1083.6926065020562,1003.6923307655202,1083.5381934255556,1003.6549880573672,0.15886433220380117,fitted,compact,True
503,TYC 2399-01844-1,72.47777194,37.48818500,5.036,981.2799538951941,265.7971882707073,981.2502333351248,265.82825460887227,0.042993360624818074,fitted,compact,True
504,TYC 5854-02047-1,22.40042667,-21.62934500,5.107,265.42641574322255,431.38611708569,265.08028770066596,431.0894604455859,0.4558615842137656,fitted,compact,False
505,TYC 2782-02251-1,4.27305611,38.68167694,4.607,746.8715448239867,646.4537328269413,746.8402749756705,646.2051218290819,0.2505698139647991,fitted,compact,True
506,TYC 2379-02589-1,65.10273083,34.56674306,5.033,918.4135540147547,272.46522650445166,918.2800300637305,272.5929632270846,0.18478451181344896,fitted,compact,False
507,TYC 1155-02186-1,341.67271694,12.17402028,4.251,515.9689940425073,823.0334897927063,516.0379127789702,823.1895018050752,0.17055656023453244,fitted,compact,True
508,TYC 5269-02450-1,11.04752083,-10.60928833,4.878,334.9323770601081,543.605682528878,334.98144861723443,543.6895246953259,0.09714693301118166,fitted,compact,True
509,TYC 3304-02737-1,41.04876528,49.22865472,4.155,914.5683049366103,466.97070423303,914.8785118837204,467.13370734963564,0.35042597800184233,fitted,compact,True
510,TYC 2415-01779-1,81.16308889,37.38537500,5.164,1036.4217660333202,241.2117042504288,1036.343401074362,241.04412308738642,0.18499868377682296,fitted,compact,True
511,TYC 0591-01744-1,354.98681778,5.62730250,4.176,455.38022775884826,702.8770373008956,455.5888475203288,703.0281431889941,0.25759501994066925,fitted,compact,True
512,TYC 3552-02018-1,283.30642556,50.70828444,5.011,1009.4386993949723,1051.6018080086253,1009.3317479487671,1051.400296139217,0.22813514713388836,fitted,compact,True
513,TYC 3378-01788-1,90.24399806,47.90197056,5.704,1140.7221517679914,320.0712489329757,1139.6523569844462,320.29892151432233,1.0937530266003566,fitted,compact,False
514,TYC 3965-00880-1,317.95100111,59.98661611,6.092,963.9054114463564,872.9574807862889,963.7659021847912,873.2220733839092,0.2991188338736552,fitted,compact,True
515,TYC 3715-01250-1,52.47810944,58.87875194,4.642,1019.5832429506364,483.6603104155733,1019.5251309492182,483.84695638282335,0.19548330312212456,fitted,compact,True
516,TYC 3734-02320-1,74.32174250,53.75207944,4.430,1078.0721787348648,391.2530118549846,1078.0265867137748,391.4252248158512,0.17814582868400758,fitted,compact,True
517,TYC 3265-02400-1,20.58498028,45.52875833,4.988,830.1319200637124,557.215768798198,830.5212804092384,557.2525525437069,0.3910940073713838,fitted,compact,False
518,TYC 3590-03349-1,322.36214472,46.54034528,5.324,844.7949287933612,904.9189290960952,844.8971419139259,904.5203040250985,0.41152092199871204,fitted,compact,True
519,TYC 3611-02304-1,337.38259528,47.70689472,4.546,829.6689894878581,815.8086853484483,830.0298844022645,816.3832017019904,0.678464575148732,fitted,compact,True
520,TYC 2670-03724-1,299.29437972,30.85631944,7.500,793.7260960286274,1100.317095235068,793.9253564194116,1101.5350558482755,1.2341526480383642,fitted,compact,True
521,TYC 4071-01894-1,57.38035722,65.52600583,4.625,1073.5244753492093,520.4958482795913,1073.4047204739957,520.5662361006769,0.13890887478704508,fitted,compact,True
522,TYC 3391-02640-1,104.40468306,45.09410333,4.896,1221.8833871869442,298.2168314669981,1221.996765832139,298.0878505031122,0.17172887419173977,fitted,compact,False
523,TYC 0059-01947-1,49.83978667,3.36998000,4.919,582.2087446590873,217.61087816887928,582.1797562859832,217.4689879273352,0.14482115322237182,fitted,compact,True
524,TYC 4567-01764-1,244.37704194,75.75473028,4.991,1213.5221983523295,854.2671716103939,1213.3841992597506,854.2772457808765,0.13836631983073672,fitted,compact,True
525,TYC 2116-02764-1,281.51861944,26.66207361,4.958,857.0272815718138,1220.6253156919695,857.0495418643628,1220.7845930726633,0.16082538551185266,fitted,compact,True
526,TYC 4530-02010-1,105.01606389,76.97743917,4.699,1217.1021115734711,602.576674127646,1216.9563336875137,602.5459975072329,0.14897062487006296,fitted,compact,False
527,TYC 3291-02118-1,25.91506417,50.68876472,4.011,884.5137471056486,545.9778870533537,884.7982667261087,545.9598780647118,0.28508900031166595,fitted,compact,True
528,TYC 1793-01611-1,41.97686250,29.24741333,4.639,761.981923780671,366.79787589279306,762.1145728931326,367.11186079304935,0.340855254654837,fitted,compact,True
529,TYC 3227-03865-1,343.00812833,43.31236694,5.126,785.9722778543037,787.6668807587089,786.2271702997818,788.2637412870869,0.6490089745893266,fitted,compact,True
530,TYC 2187-02177-1,320.99477167,24.27409417,5.728,659.785135129475,976.8761910098046,659.2252356568238,977.4257827996221,0.784562651997793,fitted,broad_blob,True
531,TYC 4150-01302-1,156.03274667,65.56647111,4.923,1369.687108336795,642.3932725156069,1369.8356898278141,642.2983056675611,0.1763382026141982,fitted,compact,True
532,TYC 1100-01719-1,308.82712389,14.67418528,4.660,617.7197133701183,1095.799059727824,617.9663496519568,1095.7010931786979,0.2653806704844978,fitted,compact,True
533,TYC 3890-01396-1,256.33460611,54.47038444,5.693,1157.745434806261,1062.1620950984236,1157.7731261461454,1062.169516078381,0.028668471325098595,fitted,compact,True
534,TYC 1158-00457-1,340.21890889,14.54889750,5.830,537.6658273395792,833.7418606731313,537.8948673184855,834.5485532696766,0.8385775201246354,fitted,compact,False
535,TYC 4632-02151-1,157.77084361,82.55854139,5.297,1242.9788973288867,701.3875723966131,1243.1548143469772,701.6831648272715,0.3439791887838924,fitted,compact,False
536,TYC 3922-02095-1,280.65814972,55.53940306,5.013,1048.5373781963017,1021.2999168068924,1048.154599036353,1021.0825550657896,0.44018860933276033,fitted,compact,True
537,TYC 3317-03033-1,54.12233972,48.19269694,4.295,956.0709779975136,406.2443993247463,955.9861916724403,406.46063409325114,0.23226320420972757,fitted,compact,True
538,TYC 4193-02534-1,250.22966361,64.58908389,4.977,1200.9699385318504,964.5545271619917,1200.9288290193497,964.6107995337401,0.06968910847639599,fitted,compact,True
539,TYC 2900-02157-1,79.78375417,40.10064444,4.761,1041.6877670664917,266.3582582488421,1041.70746988473,266.3717630558526,0.023886834426604667,fitted,compact,True
540,TYC 3400-02010-1,109.63324333,49.46474583,5.024,1258.8686767728016,348.4983936008589,1258.9695343147096,348.4102950675511,0.1339163743935346,fitted,compact,True
541,TYC 3244-01530-1,355.10184889,44.33397667,4.126,791.5327319903481,710.601752688644,791.8502172967969,710.7611765068336,0.3552645121836331,fitted,compact,True
542,TYC 6414-01077-1,7.59445861,-23.78771167,5.180,223.3867634284351,574.1403422231161,222.98908390036684,574.0644199784231,0.4048619447216943,fitted,compact,True
543,TYC 4026-00680-1,0.65033833,66.09896139,5.961,983.9736748561662,696.1906982424022,983.665344513071,695.8830045404736,0.43559501223007174,fitted,compact,False
544,TYC 4375-02458-1,135.63635639,67.62957750,4.942,1318.1347136255247,578.4079649877289,1318.2165644191673,578.2387890409366,0.1879363014241533,fitted,compact,True
545,TYC 3869-01583-1,233.98781972,54.63056694,5.769,1273.4165698980705,1038.7142644775643,1274.2465003476161,1037.8359002862387,1.2084321262222137,fitted,compact,False
546,TYC 3851-01506-1,205.18454833,54.68165917,4.828,1405.2510690698082,924.7253508086399,1404.9886742421513,924.7064180880217,0.2630769725595168,fitted,compact,False
547,TYC 0034-01287-1,22.54563972,6.14393167,4.995,499.68443945611205,452.5208517545336,499.94533296220646,452.641884045244,0.28760082913100704,fitted,compact,True
548,TYC 1288-01706-1,72.84339694,18.83994222,5.115,855.6051737779161,137.3634118607717,855.69888893676,137.08212357279513,0.2964888395031518,fitted,compact,True
549,TYC 2852-02474-1,47.82250139,39.61157278,4.732,867.9611236062234,383.1833080561983,868.009387019478,383.38843709922446,0.21073035223197042,fitted,compact,True
550,TYC 4222-02311-1,276.49582667,65.56354250,4.955,1111.2640941693187,944.8225531977712,1110.9890752055899,944.8028510546073,0.2757237836236216,fitted,compact,True
551,TYC 1796-01306-1,50.08485778,29.04849806,4.639,797.0579755518945,316.5057442472407,797.1217124053801,316.67500456301985,0.18086304484303023,fitted,compact,True
552,TYC 5263-01049-1,1.12551083,-10.50949444,5.123,324.5222306363784,639.8494939200245,324.5250169306764,639.924714989755,0.07527265617279254,fitted,compact,True
553,TYC 2318-01875-1,34.32848944,33.84731556,3.999,770.5047325423882,433.86277245485934,770.6073783877728,434.0167438644244,0.1850496272305795,fitted,compact,True
554,TYC 3691-00669-1,37.71073222,55.54862417,7.004,951.7198221540964,514.4716959701162,952.2577354564269,514.6318694246877,0.5612541816088673,fitted,compact,False
555,TYC 2853-00616-1,40.64886722,42.59127444,7.428,863.5155102544473,436.55091833879345,862.7902843776166,435.38634187220373,1.3719296333848874,fitted,compact,False
556,TYC 3076-01566-1,257.38866833,40.77701500,5.209,1105.1135578812061,1186.607197567908,1105.1732598229182,1186.7203880236025,0.12797031337188525,fitted,compact,False
557,TYC 3209-02260-1,337.62192472,43.12338722,4.493,789.5205606516773,821.9684979734333,789.6986175988155,822.5944136424667,0.6507493381985102,fitted,compact,False
558,TYC 4703-01166-1,44.15601444,-3.71221528,5.172,492.46204141636855,247.39550015398956,492.32361211744507,247.16804084610328,0.26627130439563285,fitted,compact,False
559,TYC 4315-02126-1,30.48977139,70.90704306,4.647,1051.0569702374846,617.9432076821122,1051.1005864880997,618.0479856589556,0.11349361986078577,fitted,compact,True
560,TYC 2896-02101-1,78.35721306,38.48467000,4.847,1023.7784351711407,256.6850897180154,1023.925737133527,256.65344281217574,0.15066318320043726,fitted,compact,True
561,TYC 3659-02174-1,11.32167667,55.22140861,5.411,898.1413978394842,632.0731352021357,898.3010296045712,632.1831029919584,0.19384327489829606,fitted,compact,True
562,TYC 4682-00108-1,19.15143333,-2.50021556,5.526,418.5788048862104,472.529846025537,418.23867012968503,472.5962926216267,0.3465642836884117,fitted,compact,False
563,TYC 3121-02285-1,288.43953639,39.14597139,4.373,908.9134494218101,1112.5859569949525,908.9873010611027,1112.1564142886682,0.4358451573073543,fitted,compact,True
564,TYC 3180-02696-1,316.23273389,43.92785167,3.880,838.3274741375202,947.504058119308,838.3585336581061,947.786015896101,0.2836633245823839,fitted,compact,True
565,TYC 3137-03765-1,298.96567222,38.48670361,4.930,854.6239626169328,1065.2554411488595,855.2449822033751,1065.6273251249643,0.7238528983353605,fitted,compact,True
566,TYC 1687-02026-1,328.40570278,19.66838333,5.678,601.1023061511759,927.8176146629556,601.2659512164224,928.4836458020328,0.6858404957422615,fitted,compact,False
567,TYC 6370-01175-1,325.66425306,-18.86630111,4.823,278.4911343615801,984.7058727722698,278.4266624567478,984.741164188302,0.0734990514106662,fitted,compact,True
568,TYC 3257-02189-1,10.51618667,50.51254083,4.775,856.5262516289532,626.5847228289099,856.9114817872015,626.3121889616324,0.47188662159171824,fitted,compact,True
569,TYC 3792-02513-1,108.97922833,59.63806806,5.322,1252.5335525591906,444.4530691155919,1252.7631791513395,444.2428500226532,0.3113204761300957,fitted,compact,False
570,TYC 2109-02837-1,283.68700444,22.64507333,4.667,812.5382578222627,1232.4333939155006,812.5700950900614,1232.454510913873,0.038203916568154174,fitted,compact,True
571,TYC 6432-02329-1,31.12262722,-29.29683944,4.659,220.9826845198812,350.55996475616297,220.83081082528236,350.45729091480854,0.18332358497906,fitted,compact,False
572,TYC 3500-02419-1,252.30916722,45.98344333,4.838,1157.5514083106182,1141.7725781165707,1157.5689163803536,1141.8588498233687,0.08803033511070418,fitted,compact,True
573,TYC 3928-01728-1,288.47984500,57.70524750,5.131,1030.400006442721,985.545024366027,1030.021437497736,985.0393977339095,0.6316428874082306,fitted,compact,False
574,TYC 3472-01264-1,214.09653667,46.08793778,4.181,1401.9420810793704,1038.3271767859171,1401.1316554521186,1037.9478806134955,0.8947934307537942,fitted,compact,True
575,TYC 3511-02143-1,269.98418083,45.50145722,5.858,1048.6448452636337,1126.4875134563697,1048.2238489589902,1126.2574015461953,0.4797805537197083,fitted,compact,False
576,TYC 5167-02593-1,307.41233194,-2.88547639,5.030,470.36785533510675,1144.9815273762465,470.2191174673269,1145.1331855196854,0.21242209344377244,fitted,compact,True
577,TYC 3141-03693-1,299.30776194,40.36782444,5.439,868.6897476800455,1054.967754070441,868.2147926733776,1053.98811034531,1.0887075303072542,fitted,compact,False
578,TYC 2882-02046-1,63.72212472,40.48372333,4.797,950.2502488579304,317.89421377121977,950.1684902770355,318.12495508749834,0.2447979178586068,fitted,compact,True
579,TYC 3623-02738-1,346.91365583,46.38729833,5.457,809.882373414839,761.0514208900421,811.1094822667134,761.3131319412832,1.2547066624076855,fitted,compact,True
580,TYC 3592-07443-1,316.65037111,47.64840694,4.703,867.6393186641345,930.5635250186941,867.722794430489,931.0030492122035,0.44738095651076953,fitted,compact,True
581,TYC 1217-01559-1,34.53143722,19.90116278,5.573,654.9267706819755,384.222791386748,655.2787014757058,385.1007109598614,0.9458319409024076,fitted,compact,False
582,TYC 3219-03490-1,343.52881361,40.37683750,5.933,759.2488183356517,788.208110425935,759.9278644972178,787.7459026967341,0.821425391907744,fitted,compact,False
583,TYC 2643-03345-1,284.25612556,32.90160306,5.342,886.5194338015074,1169.5744053932774,886.69258416608,1169.786087595256,0.2734783417131238,fitted,compact,True
584,TYC 7476-00923-1,319.48437000,-32.17248972,4.717,177.6463247688559,1035.0100634987637,177.81877150799403,1034.9636554114416,0.17858216150633108,fitted,compact,False
585,TYC 1160-01745-1,346.75106972,9.40952278,4.715,488.4932417817413,778.4956841312095,488.7197517111005,778.6282826039043,0.26246733712846887,fitted,compact,True
586,TYC 4542-02796-1,158.77326833,75.71298139,4.959,1296.580985034024,684.1844805307143,1296.6151274321267,684.2106056096212,0.042990965284494004,fitted,compact,True
587,TYC 6408-01356-1,357.83884556,-18.90915583,5.159,254.41133976091822,670.185877788255,254.4150266145075,670.1733496756023,0.01305934516076124,fitted,compact,True
588,TYC 0661-01403-1,57.06772056,11.14336417,5.055,689.2651746651752,191.26929484828284,689.2054686313381,191.09128638994696,0.18775468493667752,fitted,compact,True
589,TYC 4663-00363-1,2.05038556,-2.44769861,6.349,391.54576275255204,634.0891926673403,391.80919544592854,633.8657921873177,0.34540491949875357,fitted,compact,False
590,TYC 5276-02116-1,21.40504556,-14.59875528,5.045,321.8934263637073,442.51292587885973,321.70329295187804,442.43352227641026,0.2060476798602478,fitted,compact,True
591,TYC 1757-01964-1,29.48238333,23.59609472,4.802,668.8096738713506,433.5019822190851,668.9365599935576,433.5763611671008,0.14707928445790744,fitted,compact,True
592,TYC 5836-00978-1,354.94599611,-14.22204778,5.008,291.2702469711836,699.4407654429006,291.2514082999271,699.4828457066959,0.0461047083907634,fitted,compact,False
593,TYC 1645-02169-1,309.63038889,21.20118056,4.798,670.5175673518668,1070.6311837488558,670.5628625987616,1070.4630637561274,0.17411487973824996,fitted,compact,True
594,TYC 6369-01185-1,323.71278417,-20.08438056,5.744,271.7394764219482,1003.0243846738658,272.03893842782117,1003.2703794946053,0.38754476488801964,fitted,compact,False
595,TYC 2894-03065-1,74.81407528,37.89047361,5.000,998.1316714870404,261.7147001491674,998.1060128329898,261.66807596342346,0.053218241458887115,fitted,compact,True
596,TYC 6418-01221-1,0.58297917,-29.72044667,4.999,170.34236229221148,642.1539103711013,169.9610316570189,642.0439444833592,0.3968696886930222,fitted,compact,False
597,TYC 3268-01358-1,17.37553806,47.24180694,4.284,838.5742228732794,580.6137923470667,838.9751754629257,580.4005391290505,0.4541364488106515,fitted,compact,True
598,TYC 3484-01580-1,225.94862694,47.65401944,5.203,1327.558328637778,1079.039074761173,1327.2628803868793,1078.896651830861,0.32798469482247256,fitted,compact,True
599,TYC 2149-01880-1,300.27504833,27.75356444,4.675,764.5153204381543,1109.745386857665,764.4341600921299,1109.5854646245657,0.1793380116044526,fitted,compact,True
600,TYC 3615-03021-1,336.12914806,49.47640083,4.591,846.5250922210256,819.7978264045109,846.845418320716,820.2524025467721,0.5561009613873671,fitted,compact,True
601,TYC 1244-01190-1,48.72547694,21.04462250,4.867,726.1323353391687,288.636041934093,726.2450942191867,288.6897093383388,0.12487896260544978,fitted,compact,True
602,TYC 0052-01681-1,38.96869944,5.59329806,4.968,551.1012717505745,310.93653367061347,551.0623102733364,311.04003476196544,0.11059146720983802,fitted,compact,True
603,TYC 3384-01194-1,96.22459194,49.28789972,5.147,1178.835415254608,332.4686961821891,1178.8873146870233,332.3498096084106,0.12972111821058388,fitted,compact,True
604,TYC 6384-01570-2,333.57506861,-21.07469028,5.628,247.66696117720056,907.4565236989791,247.30056678153335,907.5975855650858,0.3926108801928731,fitted,compact,False
605,TYC 2647-02661-1,285.22999167,33.80215083,6.148,886.938693728591,1160.1126613690224,887.7161954683802,1159.7455616730856,0.859808782306874,fitted,compact,True
606,TYC 2663-01148-1,292.94300389,34.45297639,4.709,851.8295837464618,1118.466044999752,852.0610362893883,1118.3561384469385,0.2562220325781753,fitted,compact,True
607,TYC 2206-01964-1,328.26567944,25.92513944,5.055,655.4197080528478,918.5338105170681,655.5580680752647,918.641070289521,0.17506614347117078,fitted,compact,True
608,TYC 4573-01916-1,267.36225944,76.96231333,5.075,1168.6865607811296,846.9592103772653,1168.4593164268672,847.007978891957,0.23241851167535274,fitted,compact,True
609,TYC 0547-01047-1,324.88868500,2.24375667,5.215,459.32530315404296,982.4764419554043,459.63852473425845,982.4129983522641,0.3195823040972402,fitted,compact,True
610,TYC 1223-01987-1,42.32315306,17.46433806,5.321,666.4032440485852,319.39816919041004,666.505157147732,319.59018524662315,0.21738547702490546,fitted,compact,False
611,TYC 6384-01571-1,335.39822778,-21.59803139,5.242,241.08628814541572,889.5570751052772,240.78063145313865,889.6846768413692,0.33122230689891247,fitted,compact,True
612,TYC 5180-00338-1,309.18177972,-2.54991833,5.074,466.42936784299667,1128.9406983039673,466.4075773682418,1129.084969899373,0.14590790941864581,fitted,compact,True
613,TYC 5839-01081-1,2.81627194,-15.46735389,4.950,285.5581716864873,621.9612706299945,285.4374554528745,622.0726298838165,0.1642354787171735,fitted,compact,True
614,TYC 3253-01988-1,11.18126583,48.28438111,4.463,838.1214482258711,618.4577341266797,838.4951358236606,618.0430031510689,0.5582510213808956,fitted,compact,True
615,TYC 2237-01659-1,350.15926472,23.74035833,4.602,611.0208134226768,746.7879274741189,610.672224607573,746.4340766280385,0.496713784072202,fitted,compact,True
616,TYC 4297-01685-1,21.48295333,68.12995139,4.844,1017.5250027826861,630.5298016091708,1017.6572028116339,630.6166534498057,0.1581774000148089,fitted,compact,True
617,TYC 4185-01959-1,236.66648500,62.59968861,5.200,1253.6362750392846,968.7146935552229,1253.6824592900891,968.6631577960725,0.06920201943287023,fitted,compact,True
618,TYC 0613-01249-1,18.43253056,7.57548361,5.221,501.62130399261594,490.90586545838084,501.8785057111881,491.0494536500355,0.294567976567597,fitted,compact,True
619,TYC 3545-03041-1,285.35983556,46.93501472,5.030,976.6028570117394,1072.6096132542425,976.5885906161143,1072.2799338887364,0.32998789990638144,fitted,compact,True
620,TYC 4439-01995-1,283.59905556,71.29709472,4.942,1115.8076961873467,886.5441259632519,1115.6687830659548,886.5083912724426,0.14343578152629838,fitted,compact,True
621,TYC 3997-02306-1,346.65337500,59.41976417,4.829,925.5928597957595,752.4262240846109,925.4914079044452,752.7857484421661,0.3735642514035973,fitted,compact,True
622,TYC 4256-03042-1,319.84255556,64.87184278,5.169,998.4808672460207,844.7452770297693,998.7392918465507,844.8957417480513,0.2990366292057797,fitted,compact,True
623,TYC 4335-02106-1,57.58949056,71.33236083,4.611,1104.5361223508153,565.6652979977846,1104.1519939995094,565.8595938732058,0.43047122724133624,fitted,compact,True
624,TYC 1643-02603-1,304.08243000,21.59876167,6.228,695.7733615250479,1108.8969642375864,696.5549514494062,1108.8416296231467,0.7835462522490849,fitted,compact,True
625,TYC 0589-01671-1,356.59806583,3.48686972,5.306,437.86152408717993,687.4690824955017,438.06655365467464,687.5113762766471,0.20934633378839554,fitted,compact,False
626,TYC 2801-02091-1,10.27997972,39.45867167,5.402,760.8121217673751,607.5426904582775,760.620868638146,606.859258550157,0.7096879120269154,fitted,compact,False
627,TYC 1609-02082-1,293.64536833,19.77339861,4.974,731.6648233689406,1186.743882928849,731.7320846384368,1186.6589192997144,0.10836464667946637,fitted,compact,True
628,TYC 7487-01984-1,326.93404750,-30.89830611,5.022,176.03860843350756,965.7927755780025,175.8794194429504,965.8765599097875,0.17989149220366657,fitted,compact,False
629,TYC 6297-01419-1,290.43176028,-15.95500333,4.579,424.9280871298739,1309.4491158543997,425.0974196834402,1308.924257130007,0.551498136232983,fitted,compact,False
630,TYC 5801-01017-1,328.32331000,-13.55180083,5.120,318.2289296839112,959.1283670205898,318.0678903381768,959.2155124516078,0.1831065182396604,fitted,compact,True
631,TYC 0576-01918-1,347.17019306,2.12762833,5.526,426.6851234344371,775.6676048699264,426.96894434732985,775.8912518081229,0.36134784288814276,fitted,compact,False
632,TYC 5270-01139-1,12.53215528,-10.64379000,5.224,337.07942339831556,529.4918691123205,337.0636958894223,529.3741262780067,0.11878859191119416,fitted,compact,True
633,TYC 3688-02149-1,27.99711278,55.14740361,5.497,924.8707754823408,553.756446090249,925.4121043878912,553.7797527091761,0.5418304000978186,fitted,compact,True
634,TYC 1321-01515-1,90.97993222,20.13845667,4.662,1012.1273992875682,79.20875843368893,1011.9141469907843,79.41496557253583,0.29664444406570445,fitted,compact,True
635,TYC 0505-02355-1,305.79462111,5.34307722,5.409,549.3548628100428,1143.4818694406727,549.4177272422862,1143.476648918367,0.06308082667837026,fitted,compact,False
636,TYC 6396-01219-1,350.66293639,-15.03937944,5.220,284.29134056103504,741.3397411994116,284.2930547346312,741.3827041456425,0.04299712943855461,fitted,compact,False
637,TYC 5788-01167-1,326.25102806,-9.08242472,5.203,360.08896223453786,977.860949013624,359.9296399228697,977.8903761944903,0.162017153317257,fitted,compact,True
638,TYC 3513-00423-1,264.15678083,48.58548889,5.481,1095.5709358232205,1110.0608379027947,1095.6450888273903,1109.9732428383609,0.1147674315325223,fitted,compact,False
639,TYC 0563-01818-1,336.96449722,4.69637028,4.906,457.4671886317741,870.0163618878663,457.8211282514889,870.0264714149314,0.3540839687720309,fitted,compact,True
640,TYC 4314-02021-1,25.73222889,70.62255806,5.169,1042.5950650713144,628.8258262052756,1042.479368266378,628.8793318389457,0.12747001022560575,fitted,compact,True
641,TYC 6994-01104-1,6.98213250,-33.00705222,5.062,149.25733766725955,580.9799736214053,149.05033169447574,580.8357120129041,0.2523150499980642,fitted,compact,False
642,TYC 4534-01837-1,101.56022917,79.56619083,5.493,1206.2089048248588,624.5765605240744,1206.6658390459645,624.7866302190995,0.5029096928728249,fitted,compact,True
643,TYC 4626-00748-1,115.12946556,87.02015361,5.227,1197.4463299150307,697.237982900946,1197.124122387926,697.2731272200099,0.3241185179611763,fitted,compact,False
644,TYC 1566-03676-1,270.59604028,20.83364722,5.232,888.7818408955134,1307.7070029577362,888.7381378615299,1307.782809475666,0.08750190477923786,fitted,compact,True
645,TYC 2819-02290-1,25.14501944,40.57710333,4.942,799.2738402487474,515.335371272514,799.2250240693332,514.8496207808031,0.4881972547750965,fitted,compact,True
646,TYC 3401-01647-1,112.48276278,49.67264972,5.409,1275.8824256166426,356.94106461258366,1275.8525772292737,356.45407911010807,0.4878993808665156,fitted,broad_blob,False
647,TYC 5315-02290-1,63.59872194,-10.25590389,5.028,535.0167457384947,73.38625799596275,535.1149775559292,73.46644447069616,0.12680441903438283,fitted,compact,False
648,TYC 3918-01929-1,282.89583250,52.97453556,5.612,1024.543288991026,1035.5815847581814,1024.4183850415388,1035.4732245768946,0.1653569638267234,fitted,compact,False
649,TYC 0653-01366-1,52.60198167,11.33648083,5.118,665.6225296540676,223.20142015572387,665.5982915567752,223.14288490459552,0.06335503914463733,fitted,compact,False
650,TYC 4633-01785-1,192.30747500,83.41285778,5.288,1235.598648023132,742.8229904872715,1235.4115626575801,742.9306989761089,0.2158750855734182,fitted,compact,True
651,TYC 6404-00993-1,355.61588917,-15.44797694,5.412,281.5314096977315,692.6513994483097,281.4953035931394,692.6720844016834,0.041611513849965046,fitted,compact,False
652,TYC 2137-03101-1,291.03154972,29.62131306,4.957,824.629330743583,1154.8200542325562,824.7682449147454,1154.6706091438484,0.20403671603081663,fitted,compact,True
653,TYC 2944-01954-1,107.91372472,39.32054333,5.059,1237.2573196661704,247.66150580899676,1237.0691398507279,247.5678438631325,0.21020038782800823,fitted,compact,False
654,TYC 2596-01317-1,260.16448472,32.47013278,5.453,1044.7727186532488,1253.7603617419754,1044.779356006623,1254.0489925923746,0.2887071565825038,fitted,compact,False
655,TYC 3709-01135-1,46.38510583,56.70555778,4.880,985.7877118936447,488.7497644451046,985.8562839264362,488.91353011956073,0.17754244509761605,fitted,compact,True
656,TYC 1740-02109-1,14.30177500,23.41775861,4.499,628.5400864935611,550.1319771372595,628.44000074521,550.0607316274587,0.12285389570452233,fitted,compact,True
657,TYC 6333-02129-2,306.83001528,-18.21169444,5.130,334.70600652337663,1162.7161180836586,334.64938607915593,1162.8167221490764,0.11544285461800968,fitted,compact,True
658,TYC 3274-02090-1,12.20830889,50.96819028,4.875,862.5969963603541,618.7200676176762,862.9528630113824,618.1221593754847,0.6957983467893248,fitted,compact,True
659,TYC 1092-01776-1,309.78167750,10.08615417,5.149,574.4689893413348,1099.8631773392956,574.655652017246,1099.8250925906682,0.19050827450883634,fitted,compact,True
660,TYC 3179-01248-1,312.52015389,44.05899528,5.074,849.9328408472994,967.5463310049718,850.0898313021358,967.5196248369969,0.15924579215054252,fitted,compact,True
661,TYC 1751-02178-1,19.86657389,27.26408417,4.753,673.466695613554,514.7452599007049,673.3228016240253,514.5598818418758,0.23467105683855424,fitted,compact,True
662,TYC 3329-02516-1,65.38812028,46.49896194,4.803,996.424401407253,355.26704819606664,996.403772227166,355.43698673737896,0.17118607097080124,fitted,compact,True
663,TYC 3357-02332-1,76.66940611,51.59813694,5.014,1079.8504518051125,368.8676193902292,1079.6654730392415,368.9400204479116,0.19864303908434103,fitted,compact,True
664,TYC 3794-01738-1,115.75190139,58.71048361,4.958,1283.5241193370728,449.0245838957672,1283.6121604789826,449.0060341100009,0.08997409194183206,fitted,compact,True
665,TYC 3847-01128-1,187.48914944,58.40553472,5.374,1426.1040215465773,804.7140830453437,1426.5235450755386,804.950881459877,0.4817400548818401,fitted,compact,False
666,TYC 0541-01932-1,320.72326278,6.81111444,5.156,509.64924907122577,1013.8043323873957,509.80024010427763,1013.7298053734753,0.1683822076882158,fitted,compact,True
667,TYC 4470-01874-1,325.76716833,72.32017833,5.291,1049.3607789673085,796.4325327457911,1049.5367131303026,796.5279960923865,0.2001651324571853,fitted,compact,False
668,TYC 2394-02029-1,78.84840056,32.68481861,7.333,993.6835082579427,210.07531220319106,993.7826361902895,209.77912624494337,0.31233390599559235,fitted,compact,True
669,TYC 4522-01564-1,62.51203583,80.69862861,5.264,1153.7497641299847,639.3870998169982,1153.5669778299457,639.3249518895606,0.1930626747114306,fitted,compact,True
670,TYC 2300-01642-1,21.53595028,34.57989639,6.397,739.2834280983633,519.3641486911121,739.7336864911231,520.4336462711098,1.1604127256590826,fitted,compact,False
671,TYC 4650-03036-1,343.60173611,84.34612111,4.850,1138.1750382731136,731.3788916438493,1137.9803624685555,731.2869329904316,0.2153022592048871,fitted,compact,False
672,TYC 3111-02338-1,273.91158278,42.15934139,5.537,1007.4295506592206,1143.450021652674,1007.3823977429079,1143.3161291779443,0.1419527819594764,fitted,compact,False
673,TYC 6359-01519-1,318.90787861,-20.65169111,5.282,278.10636908835204,1048.9594112526588,277.88173246637285,1049.0947988795376,0.2622811877472264,fitted,compact,False
674,TYC 6392-01443-1,338.67294389,-20.70787278,5.254,244.83021538931152,857.7862090929426,244.60551970997108,857.9607590427945,0.28452738586568693,fitted,compact,True
675,TYC 1146-01242-1,335.37946611,12.20517333,4.789,524.0135801411599,878.5010639384598,524.1666948265281,878.7249452755425,0.2712322989051285,fitted,compact,True
676,TYC 2849-02054-1,40.56219972,40.19436556,4.961,843.8345012082339,424.47716154784734,843.7807136527089,424.3459122140652,0.14184318364873474,fitted,compact,True
677,TYC 4261-01792-1,321.94232222,66.80914250,5.392,1010.5540283109245,829.7740021690881,1010.744317261551,829.7664379723111,0.19043923388686065,fitted,compact,True
678,TYC 2761-00640-1,343.93539194,36.35139222,5.715,723.0037626434978,788.4676542863641,724.1239035834411,788.4312910142933,1.1207310171904836,fitted,broad_blob,False
679,TYC 3612-03062-1,326.69835861,49.30957528,4.208,859.2802768449311,871.8040965933603,859.4828819693811,872.2344988843381,0.47570470728416414,fitted,compact,True
680,TYC 4011-01296-1,352.50800139,58.54891222,4.866,916.2027775263986,726.2095333992803,916.779147121236,726.3156006238703,0.5860479212361721,fitted,compact,False
681,TYC 4480-01543-1,336.50327083,70.77088556,5.606,1028.3921200041823,772.3087205774187,1027.910269103085,772.3771197320316,0.4866813487693635,fitted,compact,False
682,TYC 4013-01825-1,356.76412722,58.65186000,4.998,917.5472446652125,706.5053729873118,918.1038121239595,706.551818340335,0.5585020205456731,fitted,compact,True
683,TYC 3322-01408-1,45.22293139,52.35209278,6.171,951.5894809660297,466.8152012965194,951.6005995371647,466.898693570279,0.0842293440651235,fitted,compact,True
684,TYC 2813-02103-1,20.91899722,37.71498611,5.622,764.5867179189588,532.8591462618483,764.9863188385496,532.9433610458366,0.4083785312427133,fitted,compact,False
685,TYC 3631-02230-1,346.04516139,50.05170639,4.759,843.4985887764673,763.5048582308688,843.8206488660704,763.6899699277476,0.3714687626659261,fitted,compact,True
686,TYC 0609-01732-1,8.97865083,13.20747667,6.363,532.2510061059877,582.0868663238506,531.8721690339642,581.0800092421133,1.0757688925526168,fitted,compact,False
687,TYC 6347-01584-1,318.93678500,-15.17151111,5.508,325.3226148256119,1048.9386903628624,325.0718798967453,1049.1044320340889,0.3005633146853667,fitted,compact,False
688,TYC 1153-01559-1,343.80678083,8.81609861,4.902,485.4437020807261,805.5591949670645,485.5443108109016,805.5142116315476,0.1102071552203209,fitted,compact,True
689,TYC 3707-00802-1,52.50095139,55.45183444,5.103,997.6783030744195,460.0682825372012,997.7503608531708,460.3108019918096,0.25299804217057725,fitted,compact,True
690,TYC 2363-02185-1,55.59434722,33.96503917,4.962,862.3092649664106,312.58069817780625,862.1413268389531,312.7828080172638,0.26277671483504295,fitted,compact,True
691,TYC 6433-02550-1,35.63511306,-23.81631667,5.267,281.6410590921242,306.4484293813985,281.3343165350765,306.25862464665414,0.36071711026168624,fitted,compact,False
692,TYC 0555-01663-1,325.56435361,5.68015028,5.503,487.5493881821877,972.5076010272729,487.4816268806544,972.5227018474422,0.06942354611568208,fitted,compact,False
693,TYC 2334-01041-1,44.76545056,35.18311472,5.073,821.2422327284855,376.8961108187586,821.0885056332739,377.1468077035658,0.29407643199385214,fitted,compact,False
694,TYC 2159-02069-1,304.19615500,24.67114083,5.407,721.5994210685161,1096.9091849710233,721.763047146255,1096.6833802832612,0.2788570428221919,fitted,compact,True
695,TYC 4708-01423-1,48.19303889,-1.19594278,5.135,533.6755866736365,219.10928054800166,533.6108128474148,218.74802729779145,0.36701438575463113,fitted,compact,False
696,TYC 3410-02933-1,118.67806778,47.56459500,5.619,1314.4636085957677,353.090548377071,1314.3225974067805,353.6576308913973,0.5843515495608835,fitted,compact,False
697,TYC 0511-01136-1,309.85347528,0.48649250,5.270,490.6042157635536,1118.3614427916543,490.6306644495695,1118.5116785977575,0.15254615835031907,fitted,compact,True
698,TYC 3746-02216-1,76.53524889,58.97239000,5.197,1109.786153271701,433.4335543423819,1109.684076471262,433.3619200903482,0.12470420703538186,fitted,compact,True
699,TYC 2621-02683-1,271.75669194,30.56188139,5.125,949.0022909902858,1236.5446912863715,949.0312529322822,1236.657487589299,0.11645514174276997,fitted,compact,True
700,TYC 4394-01871-1,187.52815083,69.20125333,5.203,1346.4744747966017,774.2375400416493,1346.496425155558,774.3510213404581,0.11558470243791436,fitted,compact,False
701,TYC 3806-01813-1,139.04700917,54.02171167,4.830,1398.4484095921227,496.7978066527014,1398.3558872818767,496.7315582753909,0.11379466327356526,fitted,compact,True
702,TYC 6313-02321-1,299.48758806,-15.49126944,5.006,387.8610952698915,1228.8977976938238,387.8437091377979,1228.884550162184,0.021858057638404482,fitted,compact,True
703,TYC 3537-01830-1,275.37286167,51.30114250,6.801,1050.5336069603584,1066.6040271428967,1049.6489436488773,1067.0743850050985,1.0019309822616005,fitted,broad_blob,False
704,TYC 2422-01408-1,97.14203361,30.49306917,5.767,1122.5716827565611,158.3994003075419,1122.588206088933,158.3768000640249,0.0279962768899579,fitted,compact,True
705,TYC 2942-01708-1,103.48780694,38.50508250,6.437,1200.8684703470753,235.15674382831767,1201.7968496438111,234.08033957843173,1.4214549686079194,fitted,broad_blob,False
706,TYC 2174-02867-1,311.21884000,25.27103556,5.046,698.8556744175132,1046.1851582850938,699.0639298144862,1046.0693717662268,0.23827888769194128,fitted,compact,True
707,TYC 2950-01863-1,102.69150611,41.78154806,5.118,1203.7744437931385,264.71696806442645,1203.8677635832587,264.57824596423416,0.16718972549123767,fitted,compact,True
708,TYC 3226-02284-1,341.54212861,44.54598028,5.871,798.804062020608,795.9707603018294,798.2662366956198,796.0887821329038,0.550622586540698,fitted,compact,True
709,TYC 4560-03065-1,232.85436306,77.34933944,5.169,1231.3942943903528,829.8369552445389,1231.1322235802445,829.8254428275968,0.26232355070536095,fitted,compact,True
710,TYC 2823-02455-1,25.44396722,42.61379472,5.027,816.7299823880644,519.9613508932316,816.9851678659329,519.7895977919326,0.3076016188527208,fitted,compact,True
711,TYC 4561-02317-1,212.21252139,77.54743833,4.963,1260.6897034308279,800.1850849509933,1260.7171423040677,800.1565041203925,0.03962014187890936,fitted,compact,True
712,TYC 1580-02157-1,275.07459833,21.96143444,5.112,864.4648049454191,1280.2330776209058,864.4788360076643,1280.3951202082953,0.16264891895010328,fitted,compact,True
713,TYC 2624-02539-1,278.20812139,30.55418250,5.454,905.995085520616,1211.3838946298745,906.3289067586858,1211.5138335958602,0.3582188630821232,fitted,compact,False
714,TYC 2232-01590-1,340.43920639,29.30768694,4.789,665.6696133971549,820.2255644025757,665.4886902700044,820.5282005913285,0.3525930241520731,fitted,compact,True
715,TYC 1747-02263-1,18.43723417,24.58376028,4.786,647.030040985964,519.8690061591304,647.0768977060054,519.7746166676582,0.10537992367351111,fitted,compact,True
716,TYC 0023-01341-1,19.44992750,3.61451750,5.147,470.39385841444624,476.5484201205268,470.651834706883,476.7405068038645,0.3216349815786152,fitted,compact,True
717,TYC 3689-00131-1,30.57531639,54.48754917,4.980,925.7637954838156,539.6063174440287,926.0066210458632,539.53337482036,0.2535446310443789,fitted,compact,True
718,TYC 6416-01019-1,3.42592389,-26.02216111,6.122,200.40208537753213,614.6457867972705,201.15349048353755,614.5694376494824,0.755274007032534,fitted,compact,False
719,TYC 2656-05248-1,294.84418528,30.15323806,4.780,809.7739239176133,1130.5579155562934,809.424475558428,1130.7183966038292,0.38453650328088185,fitted,compact,True
720,TYC 2110-00987-1,276.58182917,26.22772861,6.862,886.4728852115444,1245.8552927451105,885.8684483560021,1246.6564145587517,1.003563686384495,fitted,broad_blob,False
721,TYC 1865-02865-1,84.93413833,25.89714722,5.142,997.5542781264794,140.32972445865494,997.5630229271269,140.03524040808054,0.2946138618277631,fitted,compact,True
722,TYC 4271-02620-1,330.94652667,64.62776694,4.446,981.482947107713,806.8303699681703,981.6759093396571,807.1088112341563,0.33876830070228453,fitted,compact,True
723,TYC 0584-01516-1,350.08558500,5.38144694,5.202,453.2753882747747,748.5068684952267,453.4238876818639,748.4620989148442,0.1551012225402422,fitted,compact,True
724,TYC 5827-01270-1,349.77655639,-13.45500167,6.972,297.3253684961597,750.2383039951476,297.2750390785142,750.3158984397368,0.0924875565232121,fitted,compact,True
725,TYC 6335-01121-1,310.01232556,-18.13860583,5.337,324.98180608068355,1133.1077279995638,324.74906067419283,1133.2887492479422,0.29485439899547006,fitted,compact,False
726,TYC 3179-01354-1,313.31144250,44.38726639,4.749,850.3917514938917,961.7587269431707,850.3973107639306,961.8956085768706,0.1369944784570369,fitted,compact,True
727,TYC 2349-01954-1,49.68260056,34.22267333,4.993,835.3738581218228,344.846043270791,835.3385720060256,345.102238759091,0.2586140719166995,fitted,compact,True
728,TYC 2747-01310-1,339.20285806,35.65242278,6.437,722.1952735236081,822.9066978998926,722.3777500976946,822.5973475456119,0.35915921508984144,fitted,compact,False
729,TYC 4685-02579-1,25.68131972,-3.69012194,5.142,425.0184852011441,411.1285068775135,424.9652028485445,411.08439007848057,0.06917587047125545,fitted,compact,False
730,TYC 4578-01434-1,270.01405389,80.00054139,5.998,1170.0246801284866,817.6642281740801,1169.8587120605403,817.504638001846,0.2302486105311666,fitted,compact,True
731,TYC 3570-02426-1,298.90759083,52.43901917,5.032,958.5081586285147,986.9874523408871,958.5185623827612,986.9122649582291,0.07590375888833921,fitted,compact,True
732,TYC 1153-01558-1,343.09911694,9.83556389,5.213,494.55408683281,811.5132072511001,494.7889759382665,811.5280647553757,0.2353585292600395,fitted,compact,True
733,TYC 3953-01413-1,317.56480278,53.56310806,5.728,913.7450989192728,901.5482196712122,913.42794819979,902.4315801911914,0.9385682644999099,fitted,compact,False
734,TYC 2097-00634-1,274.79447861,24.44604750,5.462,885.0995164877775,1265.9322457605401,885.0372962894604,1266.0353134125178,0.12039225042667696,fitted,compact,False
735,TYC 4442-01877-1,281.44482417,74.08536389,5.351,1132.4959992494498,864.9485740929127,1132.1646179485851,864.9378003348703,0.3315563910183648,fitted,compact,True
736,TYC 2786-02020-1,3.37887194,41.03573917,5.738,766.6074545295743,654.5666750629168,766.770629031217,654.8150795077058,0.29720478828122926,fitted,compact,True
737,TYC 1174-01713-1,358.15465583,10.94732889,5.335,501.7034338843562,675.6181955131423,501.8385493358479,675.6214516754745,0.1351546811063216,fitted,compact,True
738,TYC 4478-01361-1,349.65587472,68.11141861,4.971,999.60340444675,734.7698899525892,999.8484257213024,734.955511173969,0.30739333566262217,fitted,compact,True
739,TYC 2081-03674-1,267.20478889,25.62295833,5.227,948.6747622995523,1288.1063047096022,948.7835939968492,1288.1357880563983,0.11275462773124624,fitted,compact,False
740,TYC 6940-01032-1,325.50267778,-23.26263250,5.349,242.16138775839846,984.6937397219764,241.79412859455192,984.9627056755365,0.45521640744132186,fitted,compact,False
741,TYC 1065-03144-1,295.64174028,11.82661750,5.366,653.8574283672144,1203.8331753176526,653.8604754985395,1204.0185568357354,0.1854065593661047,fitted,compact,True
742,TYC 3683-02185-1,23.48301361,59.23209389,4.791,949.1501486248493,589.6722127441577,949.4110903012526,589.384486395883,0.3884288995114465,fitted,compact,True
743,TYC 4135-01915-1,138.58562639,61.42338917,5.255,1358.6092072658844,546.1145180236389,1359.0734443526883,546.1011043359076,0.4644308342290898,fitted,compact,True
744,TYC 1728-02113-1,358.09758361,21.67111306,6.308,594.2241321435246,680.4886392429695,593.8107516001558,680.4882945442416,0.41338068708287656,fitted,compact,True
745,TYC 4523-01181-1,75.08632306,81.19402389,5.236,1170.664312243419,638.2486747240055,1170.4792042069816,638.3190661332933,0.19804023746514426,fitted,compact,True
746,TYC 4482-01941-1,348.90712278,70.88808500,5.576,1023.5761632025362,735.7537894042091,1023.7653415944955,735.7237785199667,0.19154403451239832,fitted,compact,False
747,TYC 2095-03224-1,271.95650806,26.10122222,5.839,917.0336476010044,1266.907246088783,917.04547910397,1267.0663607375532,0.15955392792302656,fitted,compact,True
748,TYC 2796-02404-1,9.19362333,44.48851389,5.324,802.803128620902,622.9660964439212,803.0397678555869,622.587021101868,0.4468738550698135,fitted,compact,True
749,TYC 1625-01053-1,301.28948611,19.99088417,5.209,695.6114535623168,1134.310423230548,695.5292269051737,1134.2276721152232,0.11665749111146417,fitted,compact,True
750,TYC 2660-04227-1,296.60659889,33.72863750,5.056,828.8749109077145,1102.965744331268,828.953225111462,1102.7698067630351,0.21100863762801902,fitted,compact,True
751,TYC 3224-03432-1,345.65140694,42.75781528,5.109,779.489678893311,771.4153346578006,779.6113103226693,771.8151533728799,0.41791052814615115,fitted,compact,False
752,TYC 1670-00918-1,326.12787861,17.35004000,4.454,586.4803968023723,950.7826652321645,586.4438035411791,950.9443215505976,0.16574628820606047,fitted,compact,True
753,TYC 2695-00455-1,310.59301944,35.45621222,6.643,786.6979313284934,1012.7098124911574,786.1750574939123,1013.6554115858029,1.080534448633561,fitted,compact,False
754,TYC 5767-02439-1,309.81801944,-14.95472750,5.231,354.0497117640087,1134.2527949163568,353.86555220195186,1134.5010835538083,0.30913102688738553,fitted,compact,True
755,TYC 3183-03283-1,323.69367167,38.53383806,4.990,774.0592164412689,920.9228841048955,774.1883929938822,921.2296182044149,0.332824863183405,fitted,compact,True
756,TYC 3203-02402-1,333.46959917,39.71489611,4.657,765.522696574209,854.4846946887143,765.5270500238297,855.2324150851814,0.7477330698962974,fitted,compact,False
757,TYC 4151-01450-1,160.48654389,65.71645111,5.244,1373.7274050983858,662.10079508986,1373.900674540611,662.1385305440202,0.17733094515531173,fitted,compact,True
758,TYC 5799-01135-1,325.38720833,-14.04689222,5.233,319.85816825956636,987.409226155767,319.6732638514059,987.4682517059847,0.19409702660181125,fitted,compact,True
759,TYC 1824-01167-1,65.08847278,27.35093528,5.079,867.1908608998568,226.65375828205632,867.0609071898518,226.68226698662028,0.13304402647236066,fitted,compact,True
760,TYC 3147-01921-1,294.15854500,44.69517833,5.273,921.901899126332,1053.440635448384,921.9197169318267,1053.2342755280326,0.20712771644583644,fitted,compact,True
761,TYC 2633-01572-1,272.00960611,36.40169861,5.614,984.8090205679644,1192.911011706782,984.6651899730834,1192.8815772784037,0.14681153087461077,fitted,compact,False
762,TYC 0071-01224-1,56.41846417,6.05002694,5.319,641.6188181782576,176.6840304549225,641.6328455143267,176.1975083993177,0.4867242306964979,fitted,compact,False
763,TYC 2716-02883-1,321.83901750,37.11679250,5.269,766.322963423346,937.026391231174,766.6115336989197,937.199778170977,0.33665387988104195,fitted,compact,True
764,TYC 3572-02103-1,304.00252861,45.57965194,5.914,890.3767323873127,1003.9489323372152,889.9969746925549,1003.6584845755574,0.4780960248525268,fitted,compact,True
765,TYC 4083-02693-1,73.02155333,63.50563861,5.645,1113.4175777446503,477.9736250816462,1113.6298084793589,477.8536572815118,0.24379121769256756,fitted,compact,False
766,TYC 6351-01446-1,319.48865472,-17.98513611,5.364,299.57101980256897,1043.84718546717,299.4381152009866,1043.995488284003,0.19914155418282742,fitted,compact,False
767,TYC 5849-02437-1,11.18514556,-22.00632389,5.260,242.12219407563265,539.4204650745994,241.85590994121515,539.2383591032119,0.3225985509227593,fitted,compact,False
768,TYC 3845-01189-1,195.18162639,56.36633222,5.023,1425.7350307455808,858.3706681281964,1425.404829787929,858.2615115868937,0.3477755352858768,fitted,compact,False
769,TYC 3947-02622-1,298.98078389,58.84601667,5.150,1002.5131789035465,946.5158038227673,1002.5357706909707,946.5048419638858,0.025110778744537075,fitted,compact,True
770,TYC 0560-01818-1,336.31922139,1.37739222,4.760,430.3735149911317,877.7875697477509,430.5963269833002,877.8347798600422,0.22775859710809107,fitted,compact,True
771,TYC 5804-01742-1,335.04961917,-7.82110528,5.330,354.96224183259613,893.4906868673169,355.0637816120742,893.4047923343796,0.13299698344307737,fitted,compact,True
772,TYC 3338-00759-1,58.90495139,52.22656333,6.871,1002.7015982836073,418.8662138095548,1001.8063281815394,417.47749263628015,1.6522878238242755,fitted,broad_blob,False
773,TYC 3819-01373-1,157.65731389,55.98061528,4.880,1441.2488139831019,615.7170976853279,1440.8531514433776,615.8935743258304,0.43323532864269154,fitted,compact,True
774,TYC 4187-01365-1,228.65840861,67.34762778,5.210,1271.5921455501616,910.4636180408625,1271.576640056939,910.6646173320378,0.20159646666809564,fitted,compact,True
775,TYC 2694-02168-1,308.47578278,35.25086444,4.815,791.8393245444597,1027.3937899282246,791.9858903956734,1027.3398775878986,0.1561668632630629,fitted,compact,True
776,TYC 3619-04081-1,335.89014722,52.22948028,4.542,870.425303010417,815.4685045271151,870.9593163270557,816.0866584192491,0.8168748109153301,fitted,compact,True
777,TYC 0643-00936-1,41.23962806,12.44595583,5.205,619.2770246440047,311.361187010905,619.3815046947306,311.45765404669066,0.14220397319681846,fitted,compact,False
778,TYC 2360-01949-1,57.38625750,33.09138333,5.141,865.0196334492349,298.54690615235677,864.9973027421647,298.7762116695275,0.2303902790553521,fitted,compact,True
779,TYC 4459-00947-1,307.87665917,74.95466000,5.197,1090.8303075969059,821.5128756990937,1090.630802140282,821.4229820134561,0.21882253526594886,fitted,compact,True
780,TYC 4067-01935-1,56.50971861,63.34506778,4.894,1058.8788589274304,505.5595107275813,1058.8045426446017,505.78710820960026,0.23942331489402274,fitted,compact,True
781,TYC 6419-01055-1,5.37990528,-28.98130167,5.278,179.7368397260741,595.6842004454495,179.35091036251742,595.6414369821848,0.38829136926494645,fitted,compact,False
782,TYC 4683-02266-1,15.76083556,-4.83636417,5.532,391.2498608461507,502.30010575405464,391.3269858218047,502.2561641358434,0.08876445054558793,fitted,compact,False
783,TYC 2078-01803-1,260.22590861,24.49943861,5.122,996.9141351792541,1317.9232554177095,996.8785623855047,1317.881621498405,0.05476136312948726,fitted,compact,True
784,TYC 1776-01396-1,40.17098000,27.06100667,5.307,736.699712224223,369.68171697807674,736.8524716686362,369.97020649895614,0.3264378218200972,fitted,compact,True
785,TYC 4654-00874-1,333.29465000,86.22135028,6.715,1154.4063393956528,734.7642956121271,1154.826832466668,734.5160353199485,0.48831096183109224,fitted,compact,True
786,TYC 3556-03772-1,295.20881944,45.52466389,5.105,923.524682223511,1043.8640624196655,923.4318901466547,1043.7429246979082,0.15259330640584784,fitted,compact,True
787,TYC 3573-01361-1,308.47848306,46.69386222,5.746,883.5700619162365,976.4202989004232,883.5840824418791,976.4281840381228,0.016085724597871515,fitted,compact,True
788,TYC 3108-02592-1,276.05750500,39.50724944,5.111,979.0431218082632,1156.9440224601383,978.9439168629948,1156.9265804671272,0.10072658182379875,fitted,compact,False
789,TYC 2641-02396-1,279.15562361,33.46903778,5.393,920.7672514852256,1188.3059083106332,920.7853204385108,1188.2192598344593,0.08851240306350007,fitted,compact,False
790,TYC 1130-01972-1,329.23494556,12.07652361,5.539,533.6411020965967,932.3159237372582,534.1649890338336,932.4277504289093,0.5356890254365524,fitted,compact,True
791,TYC 6390-01254-1,341.88826556,-19.61290028,5.345,251.01562365314265,826.541714973613,250.8330540998685,826.7368137290634,0.2671987390708171,fitted,compact,True
792,TYC 2718-02224-1,327.46117556,30.17427444,5.069,693.8257509164744,915.8295552255609,693.9662120957244,916.1443180982942,0.34468102490223224,fitted,compact,True
793,TYC 7515-01148-1,355.15920306,-32.07300222,5.410,149.7646916602569,693.91707386069,149.3126048793664,694.156772998374,0.5117012156154651,fitted,compact,False
794,TYC 3630-02520-1,344.10832611,49.73355083,5.178,841.5071475060653,774.5552830104572,842.056417859851,774.9619592160288,0.6834350427992594,fitted,compact,True
795,TYC 2155-02337-1,303.87598750,23.50892361,5.289,713.6554985130489,1103.4478310360296,713.4482786067761,1103.2474370822724,0.28826693576985946,fitted,compact,False
796,TYC 1165-01549-1,350.76898944,12.31394944,5.232,512.0164125734435,741.9689014477854,512.1459454018251,742.1021701110145,0.1858474918512936,fitted,compact,True
797,TYC 6407-01133-1,356.05026417,-18.27692917,5.225,258.97015109625846,687.7061968366717,258.8016189824157,687.8632647852546,0.23037667822150276,fitted,compact,True
798,TYC 1790-01709-1,45.47562556,26.46234083,5.929,755.239891406982,332.7999468722842,754.8363804484668,332.98224696134895,0.44278032489585234,fitted,compact,True
799,TYC 0624-01324-1,24.27482500,12.14150944,5.577,555.475348488012,447.51916732585335,555.7785227313585,447.9843902454688,0.555290002398991,fitted,compact,False
800,TYC 5261-00219-1,3.61497778,-7.78053694,5.333,348.91209057178185,616.61764057166,349.053648813738,616.6825651396299,0.15573675029290523,fitted,compact,True
801,TYC 1776-01395-1,40.86296361,27.70717111,4.624,744.9103156265238,367.8472339703543,744.9736491899811,367.96932767765907,0.13754277016120553,fitted,compact,False
802,TYC 3565-01525-1,295.46704333,50.51789889,6.231,957.5339198820359,1012.0270181406123,957.59267738452,1011.8765541581769,0.16152973134536122,fitted,compact,True
803,TYC 2640-02019-1,287.94171222,31.28346361,5.921,854.266774325252,1162.1277478851814,854.1142865050795,1161.6807781713678,0.4722652436582216,fitted,compact,False
804,TYC 1606-02342-1,295.26222472,17.47611944,4.488,703.8659195217485,1185.5040378991453,704.0051109473548,1185.4743327032127,0.14232586422602125,fitted,compact,True
805,TYC 2134-02185-1,286.65702111,28.62839806,5.553,841.1668656728879,1183.4706996958178,841.1954520488181,1183.3848720004328,0.09046310951940748,fitted,compact,False
806,TYC 5278-01494-1,30.11156167,-8.52382750,5.656,397.15475943438884,365.12013586266886,396.91465979090776,365.0878680575596,0.24225823008993444,fitted,compact,False
807,TYC 3231-00323-1,352.82169556,39.23639417,5.341,746.5747554854421,725.0052862809738,746.3789985537113,725.2187801621247,0.28965568112769363,fitted,compact,False
808,TYC 3730-01595-1,61.11317861,59.15550806,5.086,1050.7793337679961,462.82958008209397,1050.6607581753474,463.1211531479672,0.31476185269936025,fitted,compact,True
809,TYC 1210-01641-1,29.33764194,17.81758306,5.206,619.5081821347278,419.0261166459121,619.542895632575,419.22512181577747,0.20201011005869576,fitted,compact,True
810,TYC 4064-01702-1,64.22311917,61.85003861,5.662,1076.0509370715715,477.5885882024473,1075.688590224186,477.820478715612,0.43019582506802323,fitted,compact,True
811,TYC 2699-03425-2,311.85225778,36.49097778,6.263,790.4462322740679,1001.9227760685898,790.4296430155825,1001.9480307461555,0.030215926860583088,fitted,compact,True
812,TYC 4713-01122-1,46.63953583,-6.08854222,5.443,482.6599414517258,221.81061128995935,482.49614196743823,221.50325673485946,0.3482773228240967,fitted,compact,False
813,TYC 4379-00782-1,143.72248861,72.20585528,5.827,1306.5112438935678,629.868717171519,1306.3781264189424,630.109592289551,0.2752109818621286,fitted,compact,False
814,TYC 3168-02798-1,316.71804806,38.73485306,6.097,793.947603152446,963.645193649373,793.9853931113886,964.0572288889068,0.41376457027462993,fitted,compact,True
815,TYC 0037-01318-1,30.79837250,0.12845722,5.444,473.41046598458195,370.123786190412,473.45309060785837,370.2122150665018,0.09816580176399829,fitted,compact,False
816,TYC 1161-01796-1,347.38106250,8.67716972,5.294,482.0729496231943,772.7948328113847,482.1959059696305,773.0416306269037,0.2757307107920576,fitted,compact,True
817,TYC 3632-03260-1,339.34359889,51.54536083,4.662,860.9209095668483,798.5706920595197,861.5121254578768,798.9456345666081,0.7000843616495679,fitted,compact,True
818,TYC 2179-02495-1,313.64015528,28.05763139,5.176,714.0314703196763,1020.2564585623726,714.0863478453541,1020.125853027494,0.14166632826976489,fitted,compact,True
819,TYC 1066-03553-1,297.17558972,11.81579972,6.754,645.4919759658269,1192.8514782511972,645.8684828057932,1192.8210061191385,0.377737940076984,fitted,compact,True
820,TYC 2873-03762-1,50.36085306,43.32965222,4.954,906.2340229372597,392.00182392354486,906.197245043512,392.11964834569756,0.12343098445745394,fitted,compact,True
821,TYC 3246-00880-1,2.58017694,46.07227028,5.071,810.1596158730001,665.6134514823954,810.5383696980017,665.3202911918529,0.4789545029585461,fitted,compact,True
822,TYC 4597-01692-1,306.70167111,81.43409917,6.661,1133.4833935265262,780.6774915078418,1133.4929607449849,780.9887078277183,0.3113633398884846,fitted,compact,True
823,TYC 4067-01937-1,59.35598361,63.07225056,4.943,1066.0321021049106,497.5067278687244,1066.0402623855368,497.4469427992115,0.06033941263021935,fitted,compact,False
824,TYC 4248-01096-1,320.10593389,60.68726361,6.778,965.1473294350468,861.5218943168236,965.2628559745444,861.9195836701621,0.4141294520884454,fitted,compact,False
825,TYC 3984-01300-1,340.58671250,53.90876750,6.309,880.5912323633128,789.685896908367,881.0232678765484,788.6897941653937,1.0857602678564813,fitted,compact,True
826,TYC 4096-02358-1,94.47846556,61.51529111,5.236,1191.2028219187728,448.5840622331643,1191.1958734870777,448.4109746937751,0.17322695227599158,fitted,compact,True
827,TYC 3533-02577-1,275.38618083,49.12147389,5.219,1038.2910877989482,1084.6948109385626,1038.1366245987153,1084.6472540082402,0.16161850713286102,fitted,compact,True
828,TYC 6372-01276-1,321.03998972,-20.85157222,5.496,271.4935291472763,1028.5233095600652,271.2369363726478,1028.6888863736413,0.30537768940375404,fitted,compact,False
829,TYC 6960-01866-1,330.20923250,-28.45373750,5.696,191.59136096871532,936.677938418647,191.31499701520022,936.5730483582479,0.2955993226870386,fitted,compact,False
830,TYC 5727-02383-1,293.78022222,-10.56043778,5.242,460.64922755380087,1274.371586783451,460.6104914450898,1274.4225116425384,0.06398302424200143,fitted,compact,False
831,TYC 2795-02706-1,7.05662667,44.39448750,5.177,799.4478395609849,635.9685424452123,799.7753903067545,635.6221917190178,0.47670569179491573,fitted,compact,True
832,TYC 5236-01610-1,339.43924222,-4.22777694,5.157,379.49631500145426,850.4961983888057,379.6448222123533,850.4399525404142,0.15880172275605878,fitted,compact,False
833,TYC 5256-01131-1,359.66836333,-3.55581250,4.989,380.6164299071349,656.388956853363,380.84031856956483,656.2277698645871,0.275875657707047,fitted,compact,True
834,TYC 2825-02668-1,21.57752139,43.45788028,6.035,815.5239556769407,545.6201474841082,815.120221967859,545.2695410378736,0.5347202894879095,fitted,compact,False
835,TYC 2256-01968-1,352.87549250,28.66620000,6.628,652.2655684839262,724.1136786801393,653.3241367025666,724.4575485285773,1.113019831889923,fitted,compact,False
836,TYC 1566-03673-1,271.50795222,22.21889083,5.187,892.2114964163271,1294.5840533867004,892.227170113286,1294.8258465974961,0.24230068419897002,fitted,compact,True
837,TYC 4267-02757-1,331.28663028,62.27982056,5.109,961.51631888136,812.5245584196966,961.7541895797895,812.6970217489195,0.2938129832018098,fitted,compact,True
838,TYC 3724-00100-1,54.58210472,56.93279278,6.265,1013.8190700902024,463.5067328863619,1014.4522830637444,464.07610872028744,0.851555934815957,fitted,compact,False
839,TYC 4725-01278-1,60.38347722,-1.54962889,5.241,597.5613568020713,121.75873366019194,597.523821122137,121.45451130973686,0.30652922500887725,fitted,compact,False
840,TYC 1202-02125-1,16.42366861,21.46548278,5.447,616.0387103382258,529.7360092565673,615.9488179628303,529.8090122086949,0.11580185738400814,fitted,compact,True
841,TYC 1188-01686-1,12.24462528,16.94110250,5.120,569.0316508284739,557.4377627348612,569.078061241361,557.3513229116669,0.09811100579551407,fitted,compact,False
842,TYC 3607-02600-1,335.25637194,46.53656583,4.523,822.0357065103454,830.4493771591922,822.3715057340671,830.9497477443783,0.6026042160254107,fitted,compact,True
843,TYC 4583-02836-1,287.29065778,76.56077778,5.144,1131.7070693648177,837.9848868481224,1131.6495594029611,838.0327794744278,0.07484049283089302,fitted,compact,True
844,TYC 2752-02219-1,350.47886500,31.81247167,5.330,681.5261026141795,742.5616922184583,681.111061434014,742.7033685743905,0.4385560067578843,fitted,compact,False
845,TYC 3398-02490-1,101.91491861,48.78946167,5.341,1211.7317274464474,331.0698413409139,1211.9514504921112,330.8765296206983,0.2926561770551072,fitted,compact,False
846,TYC 3265-02401-1,21.91292472,45.40694028,4.874,832.0762892161918,549.5311838984063,832.2542126741519,549.2830292488669,0.30534814062067656,fitted,compact,True
847,TYC 2330-02043-1,44.32200139,31.93429139,5.091,793.6100502926265,364.36087099404966,793.5870129998707,364.45835028427575,0.10016450908630016,fitted,compact,False
848,TYC 3882-02598-1,249.50191250,56.01539556,5.397,1195.4324361995907,1046.1553142857015,1195.4650805891285,1046.3055427206443,0.15373431247992436,fitted,compact,False
849,TYC 3762-02640-1,88.74094028,59.88840778,5.210,1164.3661101126497,432.7072444236138,1164.2233097899905,432.6378420139442,0.15877224763646575,fitted,compact,True
850,TYC 3754-00939-1,88.71160889,55.70690833,4.966,1154.040320065386,393.35618657982104,1154.1117576981458,393.35748832550837,0.07144949206373752,fitted,compact,True
851,TYC 2335-00442-1,38.02557750,36.14723250,5.319,802.2160139272061,420.6206039511366,802.3465955225146,420.58008825830797,0.13672261846052278,fitted,compact,False
852,TYC 4266-03252-1,329.16309528,63.62556583,5.363,975.2656551359227,816.6712408021574,975.4484724065472,816.7506995621239,0.19933852857398715,fitted,compact,True
853,TYC 4429-02075-1,273.82104278,68.75595694,6.072,1130.9214355383597,919.644582282762,1131.182422037788,919.444908695811,0.32860842078335994,fitted,compact,False
854,TYC 6358-01841-1,317.14005750,-21.19352806,5.316,277.8183502379701,1065.5623396934204,277.53374405007105,1065.7529606975984,0.34254495971220805,fitted,compact,False
855,TYC 3638-02516-1,356.50850111,46.42028944,5.088,810.2995654756014,702.5672296836367,810.6495579553202,702.6625382845286,0.36273746051891126,fitted,compact,True
856,TYC 1161-01794-1,347.50612361,9.82209972,5.373,491.67176951375063,771.5842169666914,491.8731335235745,771.7057594018812,0.2352021003397008,fitted,compact,False
857,TYC 3756-01653-1,80.86594722,57.54452111,5.232,1123.1731397744236,415.508181606218,1123.1081761265402,415.66952087856765,0.17392710067333497,fitted,compact,False
858,TYC 1660-01962-1,314.56813861,22.32591806,5.453,662.1871585891655,1030.2697000013252,662.3492834791574,1030.6791878765564,0.4404143502614947,fitted,compact,True
859,TYC 1670-00919-1,327.53602722,17.28594833,5.382,582.4903050848895,939.5253877701713,582.6494514152677,939.4299854074935,0.18555097757037253,fitted,compact,False
860,TYC 3929-02038-1,290.06669000,57.64511861,6.100,1024.0673650186843,980.9011056311741,1023.9944888458036,981.182026731599,0.29021991874721975,fitted,compact,False
861,TYC 1621-02189-1,300.01378250,17.51653917,5.574,680.7272601990576,1152.4545096248553,680.6342916758795,1152.2807492369116,0.1970680560625575,fitted,compact,True
862,TYC 4474-01757-1,329.81290056,73.18026278,5.088,1052.6835110968275,783.168918261944,1052.6916253261059,783.3241741366428,0.15546776947417218,fitted,compact,False
863,TYC 2167-01352-1,303.56050500,28.69486028,5.213,757.5317209236586,1085.054152405167,757.7087893362653,1084.8724254557844,0.2537280175207629,fitted,compact,False
864,TYC 2877-01545-1,62.15209250,38.04022611,5.572,925.2281409252026,307.93331889688517,925.4966840565091,307.8475329634834,0.2819124682264254,fitted,compact,False
865,TYC 4468-01808-1,316.59744889,71.43206694,5.922,1053.7686205937166,823.3783833089632,1053.655730531824,823.1846227419092,0.22424835209920765,fitted,compact,False
866,TYC 2372-02099-1,66.52608583,31.43920528,5.393,905.2675639201415,245.8907451643744,905.1490383690625,245.94217871736862,0.12920416646602223,fitted,compact,False
867,TYC 2625-02540-1,270.15157333,33.21373639,6.183,976.7738513031111,1221.83390849844,977.1609952804129,1222.6073574427032,0.8649298980512542,fitted,compact,False
868,TYC 6407-01135-1,356.50353528,-18.67837194,5.649,255.98426663781302,683.4092089854004,255.72780958736575,683.3339919837802,0.26725982873759346,fitted,compact,True
869,TYC 1758-02417-1,31.64130556,22.64839778,5.038,668.0418077657747,414.49954447066733,668.1137512850014,414.83122147366447,0.33938990007937175,fitted,compact,True
870,TYC 2086-01979-1,259.70206833,28.82298250,5.788,1028.4967511653006,1284.88416297027,1027.7168665025847,1284.8490473717904,0.780674831409339,fitted,compact,False
871,TYC 4392-00141-1,174.01093778,69.32324639,5.296,1351.6558561473946,723.0081570491778,1351.925612152805,723.0146354462216,0.2698337860297778,fitted,compact,True
872,TYC 0497-01222-1,306.15622528,1.06839361,6.129,511.3391551298992,1148.9427337976797,510.28310123078376,1149.3064934537983,1.1169471452385336,fitted,compact,False
873,TYC 4359-02043-1,103.42600722,68.88829417,5.077,1224.624161299036,524.9248490566762,1224.4642412101498,525.0057372332637,0.17921309087508766,fitted,compact,True
874,TYC 2257-02521-1,355.99766444,29.36155028,5.067,660.3062860285753,700.3886094960427,659.8796443125127,700.2675000271615,0.44349820443549925,fitted,compact,False
875,TYC 5842-01161-1,3.04146389,-17.93821917,5.439,265.80988355543855,619.4238724634314,265.61520048173537,619.3228735959991,0.21932229802078776,fitted,compact,True
876,TYC 3564-03155-1,292.83065694,50.30660111,5.684,966.3563562231715,1023.2890970651347,966.4089035183351,1023.008933167318,0.28504916745863157,fitted,compact,True
877,TYC 3943-02323-1,298.32238333,57.52346639,5.111,995.6524807449262,957.1983885480446,995.624847624457,957.132713424013,0.07125174568690629,fitted,compact,True
878,TYC 4488-00872-1,338.94082083,73.64313111,5.109,1050.5229768788367,759.2589352701774,1050.4653751484898,759.3099385605022,0.07693695446873428,fitted,compact,False
879,TYC 7509-01264-1,345.87402111,-34.74960889,5.159,128.96992125132147,781.9987847506069,128.70714025968755,782.1783967175263,0.31829908611990904,fitted,compact,False
880,TYC 6436-02246-1,38.46130111,-28.23234306,4.950,250.671350289389,281.6770406869597,250.72133467187257,281.688363143629,0.05125072211482079,fitted,compact,False
881,TYC 3196-02204-1,325.04609417,43.27380111,5.280,811.4034985587655,898.8965502234471,811.5315056307277,899.3154799075687,0.43805010068550176,fitted,compact,True
882,TYC 3785-00913-1,110.71188417,55.28438528,6.707,1263.744661389291,406.22115262417725,1263.8895432501179,406.0708662693116,0.2087504300725517,fitted,compact,True
883,TYC 0563-00782-1,337.49146528,4.43201833,5.586,454.532048388904,865.1719249641366,454.8770517708984,865.3276445515836,0.3785180623196752,fitted,compact,False
884,TYC 4320-02109-1,39.50869417,72.81821528,5.266,1078.320612408341,608.6315396591463,1078.2220307829011,608.6379742204815,0.09879139868406442,fitted,compact,False
885,TYC 4385-01959-1,160.76682778,69.07624444,5.155,1348.5713130992106,672.3866244196626,1348.7578947388388,672.3135085177277,0.20039621593760754,fitted,compact,True
886,TYC 4617-02856-1,67.50243944,83.34014333,5.566,1167.7928665377353,660.5163571775405,1167.5191733148931,660.6315467012059,0.29694546063549554,fitted,compact,False
887,TYC 4698-01302-1,38.03931861,-1.03482250,5.470,489.73322354549697,304.88936464935966,489.92080098042413,304.80352463766445,0.20628572830345857,fitted,compact,False
888,TYC 3288-02587-1,29.63958139,49.20425861,5.813,881.8606401173552,521.4620257532298,881.589611668985,521.4555932791401,0.27110477042810277,fitted,broad_blob,False
889,TYC 3660-01861-1,2.62358417,57.16549806,6.706,907.5609075451773,676.7257138399062,907.5396661567644,677.6907344966462,0.9652544040389275,fitted,compact,False
890,TYC 1761-02536-1,32.35537167,25.93997139,5.019,698.1410491318289,419.5463206820233,698.2139450668943,419.7437796137136,0.21048479055111272,fitted,compact,True
891,TYC 3143-02179-1,293.67190444,42.41258000,5.344,907.6049072584062,1069.3938822087591,907.6358132856799,1069.1160350415205,0.2795607820570924,fitted,compact,True
892,TYC 1822-02314-1,61.65166278,27.60002528,5.151,848.18906780148,245.18714644898841,848.1387103403861,245.25879098755524,0.08757176368142686,fitted,compact,True
893,TYC 3349-02717-1,77.67863278,46.96242583,5.723,1063.5717090775677,327.84285948593725,1063.5090219525482,327.7719566748854,0.09464081708363813,fitted,compact,False
894,TYC 2842-02371-1,33.30558194,44.23168694,5.003,851.5120705193563,481.6048192734414,851.6815299119748,481.6692782139372,0.18130482827686276,fitted,compact,True
895,TYC 3774-02113-1,101.70622444,57.16926639,5.443,1219.5979296778848,411.1860351150707,1219.5977056677425,411.1308270959969,0.05520847353982186,fitted,compact,False
896,TYC 2603-01829-1,257.00866917,35.93521472,5.436,1086.1675604684353,1229.58395166771,1086.242542662728,1229.6625773459054,0.10864771848803952,fitted,compact,False
897,TYC 4690-01110-1,33.19724278,-2.39346972,5.721,460.2073078943399,345.06390014669347,459.99975323290187,344.9665569623403,0.2292479727820545,fitted,compact,False
898,TYC 4290-01302-1,345.88687056,67.20918611,5.371,992.704105228402,748.3298852812164,992.9999158930007,748.5530306519892,0.37053718543163755,fitted,compact,False
899,TYC 3566-01919-1,300.33979000,50.10468139,5.173,936.6860952686845,995.1664596090095,936.7732628201462,995.1253923990005,0.09635713655848124,fitted,compact,True
900,TYC 5282-02511-1,35.50602972,-10.77734778,5.465,395.5178834887143,313.7293592395582,395.4136506249968,313.3956608053273,0.3495985338741072,fitted,compact,False
901,TYC 4263-02407-1,333.00839333,60.75907278,5.491,946.5783948606171,809.5505979911763,947.0462934633567,809.8937518848572,0.5802445150055813,fitted,compact,True
902,TYC 3523-01685-1,267.26805028,50.78056556,5.022,1088.1403394030967,1086.4943122464815,1088.057276834916,1086.4565966402065,0.09122421383320076,fitted,compact,True
903,TYC 3255-01827-1,5.02153722,48.86548417,6.536,837.0898644627567,654.2450708826325,836.9570474026593,654.2950902570846,0.14192360365173384,fitted,compact,False
904,TYC 2153-02883-1,300.90399389,29.89801861,5.811,779.1954531419306,1096.305277778269,779.0064459169548,1096.2483385413361,0.19739758811986385,fitted,compact,True
905,TYC 2905-01947-1,70.72625250,43.36526028,5.300,1005.936737635875,315.54645035969,1005.9099977583519,315.6927722818851,0.14874517123190528,fitted,compact,True
906,TYC 3861-01445-1,226.56946250,54.55628917,5.355,1311.8619958665156,1018.32575585202,1311.8825378597157,1018.3612207618148,0.040984549666742594,fitted,compact,False
907,TYC 2273-02081-1,4.58209528,36.78532444,4.512,730.5949976872413,642.3311710568158,730.4790140447531,641.9264831898671,0.4209803736284558,fitted,compact,True
908,TYC 2255-02883-1,359.43978667,25.14147583,4.832,624.8725171051329,671.2388591033645,624.6269656873873,671.1978743730397,0.24894828152993215,fitted,compact,True
909,TYC 2932-02464-1,99.70494167,39.90258611,5.319,1177.5076422306888,245.0450288705235,1177.529354264247,244.89141803141365,0.15513768817818357,fitted,compact,False
910,TYC 3625-01055-1,340.76804917,47.16873083,6.502,822.084463482199,796.7882266005176,821.9818688492867,797.4002183699588,0.6205316950536197,fitted,compact,False
911,TYC 3763-02582-1,92.49581389,58.93565056,5.477,1178.9135058242118,423.4129959157044,1178.858986198361,423.3482658650603,0.08463078080289475,fitted,compact,True
912,TYC 3225-03347-1,349.96826389,42.07803722,5.968,771.2526684351126,743.8526852120012,771.9167111873942,744.0397705570549,0.6898939796748325,fitted,broad_blob,False
913,TYC 0039-01275-1,35.48597694,0.39569111,5.489,492.42885044366375,329.6746793972901,492.4271875639003,329.5714626040819,0.1032301872966231,fitted,compact,False
914,TYC 2332-02197-1,38.94499889,34.68767750,5.571,794.0793233259116,408.72805123475666,793.999456887146,408.8744518471404,0.16676866416511724,fitted,compact,True
915,TYC 2826-02183-1,24.83757639,44.38613111,5.106,830.1184600854687,529.5545387846461,830.2868469111033,529.2715151017559,0.3293273874491031,fitted,compact,True
916,TYC 2829-02251-1,32.12147500,37.85917722,4.804,796.3171289177436,462.7969654673392,796.3165553786024,462.89355630757365,0.09659254300588929,fitted,compact,True
917,TYC 4386-01897-1,145.73848083,72.25268167,5.257,1308.8483325157895,635.844866436102,1308.9514367478064,635.8773446032766,0.1080986309016552,fitted,compact,False
918,TYC 3881-02550-1,246.10553111,55.20504750,5.734,1211.6748223499378,1051.398948686879,1211.7070337248222,1051.585494500177,0.18930640013196853,fitted,compact,False
919,TYC 1596-02751-1,283.06846917,21.42516528,5.379,806.6005482303221,1242.4612540474557,806.7995098162952,1242.4725134963037,0.19927992342750792,fitted,compact,True
920,TYC 5809-01804-1,334.20018111,-12.83144722,5.459,314.5945762808693,902.3161354133963,314.5161657280841,902.3901641416651,0.1078353717347731,fitted,compact,False
921,TYC 4522-01563-1,66.76208000,80.82420611,5.535,1159.7081966802523,638.0518140099997,1159.2037502431904,638.0951784267861,0.5063069034762273,fitted,compact,False
922,TYC 2350-02031-1,53.16675806,35.46172028,5.885,861.4732722498599,333.41347623277204,861.1885543330388,333.52520854017314,0.3058568303570751,fitted,compact,False
923,TYC 1222-02067-1,39.70416528,21.96144389,5.472,692.6604104819296,353.96596156541096,692.8198011198809,354.16435894741863,0.2544934118086952,fitted,compact,True
924,TYC 3312-03022-1,53.10959083,46.05703806,5.343,937.2035678153075,396.5926912495143,937.1341995881651,396.819265252344,0.23695512169004956,fitted,compact,True
925,TYC 3938-01983-1,294.67145556,54.97341583,5.938,991.0598509809157,986.2572937325882,990.7143487622916,985.799845890249,0.5732628642559924,fitted,compact,True
926,TYC 1826-01575-1,61.75214278,29.00128833,5.245,859.2438607305425,252.9436542313809,859.134557255133,252.98483854794273,0.1168049556621909,fitted,compact,True
927,TYC 5837-00999-1,357.63860222,-14.40144028,5.868,290.4393933874371,673.2132264251038,290.72884226159607,673.0381204806737,0.3382938700695758,fitted,compact,False
928,TYC 4199-01513-1,263.74693361,61.87575722,5.281,1144.0837870064001,990.2882575322702,1143.9874327038021,990.1744970991157,0.14908248649876882,fitted,compact,False
929,TYC 1804-02519-1,57.57882528,25.57964694,5.262,809.3321401239707,255.89383664297603,809.3135127457244,255.89076540421541,0.018878869877566998,fitted,compact,True
930,TYC 0038-01343-1,34.50517083,1.75694778,5.665,500.44450016888544,340.9240919387542,500.5088572381429,340.6013802293524,0.32906637590073684,fitted,compact,False
931,TYC 3964-00159-1,314.85555944,59.43855778,5.690,965.6548338271307,887.3322325229778,965.8360610219053,887.585636025449,0.3115391326792431,fitted,compact,False
932,TYC 3508-01742-1,260.08810750,46.24068806,5.674,1109.7499304641105,1135.3480940008776,1109.9484345969718,1135.4256049456724,0.21310053337793666,fitted,compact,False
933,TYC 2187-02178-1,320.26770500,23.85624694,5.699,657.6009887021884,983.9142782281132,657.6928581265065,983.9205436198915,0.09208282282098847,fitted,compact,True
934,TYC 2741-02741-1,333.19921333,34.60470528,5.470,721.6207388296855,865.9696394861323,721.4853175016715,866.4763901446329,0.5245332839504221,fitted,compact,True
935,TYC 4675-01216-3,8.81108528,-3.59276500,5.265,389.77499762834344,568.7765550940271,389.9024866428358,568.9039177444613,0.18020736261833017,fitted,compact,True
936,TYC 3764-02617-1,95.44212111,53.45238250,5.385,1183.2019197263241,371.66882348623636,1183.2342148471812,371.66247263486775,0.03291364677876297,fitted,compact,False
937,TYC 3570-01049-1,299.81390722,52.05568611,6.097,952.7496549617025,985.5226672655017,952.6634982292853,985.7386940520804,0.23257376262237472,fitted,compact,False
938,TYC 2953-01958-1,101.68474333,43.57704222,5.310,1200.7249219003404,281.0807609551478,1200.856956230188,280.8504583771495,0.26546627222862734,fitted,compact,True
939,TYC 4540-03438-1,124.88423861,75.75687028,5.642,1256.1899867183838,614.3044807624029,1256.1763387588817,614.2611436684135,0.04543534432595761,fitted,compact,False
940,TYC 4209-02018-1,273.47243389,64.39720389,5.037,1116.5108754671624,958.6542240409874,1116.4065478440355,958.7209695848157,0.12385160704750087,fitted,compact,True
941,TYC 3977-02050-1,330.51906667,58.00037000,5.543,926.4438402668458,827.9059501711889,926.8304782051848,828.1374001469351,0.45061955864783343,fitted,compact,True
942,TYC 7475-01129-1,315.32275639,-32.25776556,4.752,185.20450269858154,1074.1038373801885,185.50779193031383,1073.83876387085,0.40280060009607527,fitted,compact,False
943,TYC 8003-01373-1,337.43935528,-43.74922667,4.330,63.160370212706916,853.7129382718845,62.63776154155437,852.6596406233996,1.1758213127289456,fitted,compact,False
944,TYC 1822-02315-1,62.70783139,26.48103778,5.427,846.0218884134069,233.45817451600485,846.0606536672205,233.33889022048385,0.1254252289660031,fitted,compact,False
945,TYC 3925-00895-1,292.55097500,55.42239056,6.996,1001.1869275186054,988.4111911747482,1001.2034350968072,989.5711089996369,1.1600352842187922,fitted,compact,False
946,TYC 4717-01350-1,56.12711694,-1.16308028,5.209,576.060982411582,155.68664644260943,575.9353936331263,155.27266393045977,0.43261306226204327,fitted,compact,False
947,TYC 4283-01498-1,351.20936556,62.28283694,5.157,948.8676251109475,731.3644656897771,949.3332233455128,731.3805338814357,0.46587541554956297,fitted,compact,True
948,TYC 6429-02283-1,26.41108806,-25.05243972,5.384,245.90531112720885,393.3220599438383,245.49979097221456,393.12581494537864,0.4505093734064126,fitted,compact,False
949,TYC 2159-02068-1,303.81621306,25.59196167,4.725,730.919575832341,1095.8036080458348,731.0374583811614,1095.6793034032044,0.1713124032166933,fitted,compact,True
950,TYC 1723-02166-1,354.48656111,18.40062583,5.481,564.5470691007606,709.9984293359439,564.3793660330524,710.0018346756757,0.16773763816577061,fitted,compact,True
951,TYC 3947-02621-1,298.39741889,59.70853139,6.061,1009.5523150508444,942.4829697761689,1010.0597969027447,942.7098083744188,0.5558719094036582,fitted,compact,False
952,TYC 4249-01802-1,322.74705889,60.45943972,5.534,958.6384145129153,852.7588016462684,958.836899150036,852.5548319784692,0.2846045968620032,fitted,compact,True
953,TYC 2899-00369-1,75.07644583,39.39470333,6.023,1008.9824865580524,273.28789557982003,1008.4518460838785,272.557929686103,0.9024574886506007,fitted,compact,False
954,TYC 4063-01714-1,59.28454722,61.10891639,5.248,1055.0821248230125,482.3221087224446,1055.096060341953,482.4348901907873,0.11363915825839253,fitted,compact,False
955,TYC 4419-02885-1,245.45308833,69.10941639,5.388,1217.2902155889237,918.1137573293444,1217.1493779735542,918.0403221179624,0.15883313311042574,fitted,compact,False
956,TYC 0046-01631-1,37.87534667,2.26720667,5.411,517.8597601945041,312.8225796551425,517.8979199248552,312.7353985893072,0.09516671298642805,fitted,compact,False
957,TYC 6299-02607-1,295.62956306,-16.12397417,5.084,398.5695752128499,1263.6286423855759,398.6703859870948,1263.5804183204227,0.11175138774865924,fitted,compact,True
958,TYC 2191-02227-1,321.14156556,26.17454444,5.696,674.2881901067116,971.6038342379695,675.10194577791,971.7034556280958,0.819830905600872,fitted,compact,True
959,TYC 3347-01766-1,70.35038444,48.30098500,5.650,1031.519378336405,355.00160256672876,1031.5014105237872,355.21775654190367,0.2168994773488,fitted,compact,False
960,TYC 2314-01819-1,33.98456222,33.35897306,5.247,765.4240798458934,434.35597249756535,765.4213537772004,434.3701807430071,0.014467400908672316,fitted,compact,False
961,TYC 3799-01141-1,123.34030750,56.52798889,6.878,1322.533037832793,450.47751126690764,1322.150691224075,450.54716831437435,0.38863997923527605,fitted,compact,False
962,TYC 4266-00826-1,326.22201167,62.46057333,5.975,969.3789766605464,831.5824538868426,969.7448549149394,831.7070047811193,0.38649685936990563,fitted,compact,False
963,TYC 4688-02415-1,26.49693778,-5.73322833,5.535,409.8877640374573,401.36130249171185,409.9002778408293,401.3003142840845,0.06225878849150916,fitted,compact,False
964,TYC 4168-00930-1,193.86897778,65.43854389,5.262,1366.1412390740616,812.4376421665046,1366.2656366273065,812.3216223860456,0.17010391151023244,fitted,compact,False
965,TYC 2214-02037-1,328.12481194,28.79368639,5.572,680.5998236601288,913.9475139743038,680.6293110094086,914.1253600740408,0.18027406624147124,fitted,compact,True
966,TYC 5774-01594-1,314.22512444,-9.69751528,5.659,386.1969372563994,1090.8470738360325,386.11509854293774,1090.9953605893506,0.1693710017408749,fitted,compact,False
967,TYC 2917-02528-1,80.45168972,41.80466250,5.185,1054.6813613051431,279.3043553728665,1054.607905873762,279.05365065160316,0.26124424905268084,fitted,compact,True
968,TYC 3977-02051-1,332.95219611,56.83905722,5.305,913.5113413100099,819.7932625464182,913.9214119658806,820.175462595439,0.5605665172641363,fitted,compact,False
969,TYC 3856-00621-1,202.11322722,59.94570611,5.458,1384.7940775165887,876.7471761001464,1384.8064965824778,876.7164491562737,0.03314179049647707,fitted,compact,False
970,TYC 2739-02138-1,337.50747333,32.57267167,5.619,697.9439065925276,838.2860440530799,697.4709165898029,838.7176616037859,0.6403227723226897,fitted,compact,False
971,TYC 4086-01897-1,69.10096139,64.26161861,5.898,1102.7142733417966,489.7535338255142,1103.3067946655156,489.7324224224683,0.5928973017313056,fitted,compact,False
972,TYC 4650-03037-1,341.87062722,83.15372167,4.916,1128.7575363478513,735.2184208608306,1128.4028422906756,735.0917081112386,0.37664837063890066,fitted,compact,False
973,TYC 2925-00806-1,91.64620500,38.48276111,5.376,1114.0929239734087,234.03864776301634,1114.2658175190563,233.85128094399124,0.2549480398006568,fitted,compact,False
974,TYC 3223-03619-1,342.59070389,41.95340556,5.917,774.4805798713701,791.9613107329853,774.558895649427,792.3673037138861,0.41347752252495873,fitted,compact,True
975,TYC 4566-00120-1,232.35126056,80.45002056,7.300,1220.6848846934224,802.1074569803294,1221.4888409028044,802.5250022294832,0.9059192136690964,fitted,broad_blob,False
976,TYC 5781-01173-1,321.04767333,-12.87813028,5.512,339.7814339228189,1028.4436865503505,339.48927801696505,1028.5906212981224,0.32702430097482293,fitted,compact,False
977,TYC 2438-01059-1,107.78495889,30.24527472,4.533,1214.3092032427228,159.80849229149985,1213.7452247366728,160.11529440033485,0.6420274832684598,fitted,compact,True
978,TYC 6419-01002-1,2.89340306,-27.79977611,5.559,186.96783550459355,619.6533733214249,186.6468868085517,619.6971698591201,0.32392314243514103,fitted,compact,False
979,TYC 3412-02662-1,116.01744611,50.43385472,5.329,1295.8794026881308,372.6989534357528,1295.9175097409927,372.63657137864766,0.07310040031691441,fitted,compact,False
980,TYC 4714-01219-1,49.00354167,-5.91869639,6.376,496.2830471316093,202.0086615713171,495.2936210395919,201.7804233324835,1.0154096145057043,fitted,compact,False
981,TYC 3582-02132-1,310.55261222,50.34002278,5.383,905.7166659477213,949.0341300561396,905.8516314185493,949.1333268606035,0.16749831142937643,fitted,compact,True
982,TYC 6439-01171-1,49.59206583,-22.51114917,4.976,343.84596380252583,178.9062850703554,344.00733052069074,178.8990806978669,0.16152746117693947,fitted,compact,False
983,TYC 3274-01232-1,12.73862583,51.50803333,6.398,868.3039903165268,616.5369158626297,868.2810794793686,616.5208862648765,0.027961660598379828,fitted,compact,True
984,TYC 4499-02252-1,31.27944778,77.28145278,5.308,1098.0935103867762,649.8196883675085,1098.0225188013267,649.9186495173286,0.12179127381855724,fitted,compact,True
985,TYC 2643-03347-1,285.00342250,32.14549167,5.103,876.8471176063259,1170.9197360345918,876.9275969222257,1170.9466014589839,0.08484498403242134,fitted,compact,True
986,TYC 3579-04462-1,313.95752306,47.41766694,5.757,873.1121458167846,945.6931720526535,873.0433532420577,945.7717613972422,0.10444473859627981,fitted,compact,True
987,TYC 5852-02149-1,23.99565972,-15.40021611,5.543,321.4816533510957,417.6692282923163,321.1495736311327,417.4190582748565,0.41576673513706797,fitted,compact,False
988,TYC 4436-01426-1,268.79640889,72.00513306,5.453,1154.6254214940511,893.1295014495613,1154.5042785557023,893.1602115321306,0.12497488020879303,fitted,compact,False
989,TYC 1107-02709-1,314.60817111,10.83937139,5.609,563.4790941698503,1058.6983119658375,563.6355808042852,1058.545009266039,0.21906570822991683,fitted,compact,False
990,TYC 3919-01316-1,286.22987139,53.39660722,5.393,1012.9122870706492,1023.2972454250025,1012.9000705020187,1023.0315645513035,0.2659615972251889,fitted,compact,False
991,TYC 0635-00692-1,36.20435611,10.61059667,5.461,582.2842620493949,345.75854331028273,582.9249762652162,346.07484417077336,0.7145354719694362,fitted,broad_blob,True
992,TYC 4539-01189-1,112.76866222,82.41156278,5.088,1213.3122035424835,656.7875804342975,1213.1156687267792,656.9056838588168,0.22929097816339825,fitted,compact,True
993,TYC 5249-01398-1,349.84944139,-5.12430583,5.615,365.5151602963997,750.36777683393,365.6500152491,750.439537737329,0.15275956770185814,fitted,compact,False
994,TYC 1069-03884-1,295.27303444,13.81570861,5.982,672.9454889765542,1199.439415002692,672.8902605273015,1199.5088497761562,0.08872073812191489,fitted,compact,False
995,TYC 4600-02634-1,338.06780000,76.22646806,5.694,1072.5077565388024,755.8051044608823,1072.3535445264588,755.6460046474473,0.2215718740862668,fitted,compact,False
996,TYC 3928-01045-1,287.91884528,56.85910056,5.236,1027.2337667669876,992.8930981123399,1027.042562033519,992.7931125037114,0.2157692564606664,fitted,compact,False
997,TYC 6418-01217-2,2.33715000,-27.98796583,6.241,185.12038504890734,625.2371995659734,184.7514477674914,625.0925399580457,0.39628414021300745,fitted,compact,False
998,TYC 1193-02069-1,8.14752250,20.29443333,5.489,591.693653461329,595.653334643005,591.3976969048684,595.7552639542943,0.3130173602403988,fitted,compact,False
999,TYC 3646-00911-1,354.78477722,50.47173694,5.330,845.5074662364609,713.9380497959429,846.0817873069353,714.0512713576647,0.5853749345757873,fitted,compact,True
1000,TYC 4583-02839-1,281.59275167,75.43380639,5.365,1137.5089061833323,853.0686316064802,1137.1468794673879,853.0212353374396,0.36511607657907463,fitted,compact,False
1001,TYC 3991-03192-1,339.65779000,56.79570806,5.348,906.4707674907777,788.3748907515038,906.78955729272,788.6656756540735,0.43148904665694016,fitted,compact,True
1002,TYC 4532-02096-1,80.64070528,79.23077833,5.140,1174.9515183882424,618.3948445281331,1174.8614183687564,618.3906118762837,0.09019938388405913,fitted,compact,False
1003,TYC 3810-01602-1,146.63193333,57.12799306,5.311,1407.132600033344,556.9971084334203,1406.9965710076272,556.9550812754026,0.14237337478802328,fitted,compact,False
1004,TYC 3339-01703-1,59.15183667,50.69567972,5.320,993.4957907512407,405.6001635029083,993.3720203310609,405.76328563798586,0.20476315064915798,fitted,compact,False
1005,TYC 3778-01982-1,103.27107944,59.44864833,5.445,1227.5646194969102,434.72503561532005,1227.633349761199,434.6316556289449,0.11594684594523089,fitted,compact,False
1006,TYC 4703-01165-1,44.67538639,-2.78272694,5.226,502.9557270119763,244.82474464091177,502.89762253035275,244.60039734612343,0.23174951879904937,fitted,compact,False
1007,TYC 3658-02414-1,7.94297694,54.52226306,4.756,888.4332964236147,647.6859067001515,888.7444670990992,647.5527771245767,0.33845335450281605,fitted,compact,True
1008,TYC 4696-01076-1,34.24580556,-6.42187056,5.606,428.9145109148469,329.9975491186439,428.85936952845805,329.8525221305784,0.1551560497055921,fitted,compact,False
1009,TYC 4723-01351-1,55.15971972,-5.21069861,5.494,533.8085211120862,152.7482608516102,533.6464105030567,152.46665158194867,0.32493634810407657,fitted,compact,False
1010,TYC 0506-02497-1,301.03461306,7.27793500,5.625,587.5191954765768,1177.0822561119132,587.5219352717219,1177.1548039598833,0.07259956420344231,fitted,compact,False
1011,TYC 1801-01864-1,51.07694250,24.72418472,5.638,767.6567958906188,289.90267512645437,767.8070750478067,289.99313521198195,0.17540482364738505,fitted,compact,False
1012,TYC 5748-02599-1,303.10733917,-12.61703250,5.888,400.7616680807193,1194.581209355471,399.62930138079435,1194.5331645728604,1.133385479100117,fitted,compact,False
1013,TYC 1185-02319-1,3.65046139,20.20669694,4.983,585.6010306469582,633.2180590575832,585.2878562414738,633.1761139665052,0.31597088301932974,fitted,compact,False
1014,TYC 5160-02305-1,301.09647306,-0.70902306,5.816,516.499372149076,1195.4095097179666,516.391446706331,1195.579685460762,0.20151348497726562,fitted,compact,False
1015,TYC 4268-01269-1,335.75207778,62.41932861,6.035,957.8334299613953,794.9422853101491,958.3110620660054,794.6103058468084,0.5816724090365247,fitted,compact,False
1016,TYC 5806-01866-1,332.65610611,-11.56495944,5.403,327.27178982739196,917.1575287407666,327.33239798238543,917.1924976022196,0.0699726355301681,fitted,compact,False
1017,TYC 2594-01823-1,255.40149750,33.56826917,5.269,1087.0736072297689,1252.1249749241908,1087.157586851465,1252.168153910277,0.09442987715584655,fitted,compact,False
1018,TYC 4065-01815-1,65.44827889,60.73589028,5.576,1074.6835490817757,466.25148569689844,1074.4723682851054,466.3680398432141,0.24120986278689943,fitted,compact,True
1019,TYC 5758-02542-1,308.09801444,-9.85364083,5.734,405.57981102281803,1147.4621312355541,405.50880909920795,1147.223518528861,0.24895239896770474,fitted,broad_blob,False
1020,TYC 1621-01499-1,301.02688611,17.07112556,5.857,672.1042554460058,1146.7262894569142,672.0786325742688,1146.6334279720527,0.09633165070075546,fitted,compact,True
1021,TYC 4594-02182-1,311.88980278,80.55234639,5.498,1123.5707278457257,780.9418708446019,1123.4260058208106,780.9812384722152,0.1499809141172299,fitted,compact,False
1022,TYC 4073-01392-1,65.16817417,65.14045167,5.344,1094.5404790926084,503.000571268677,1094.5739182490267,503.2320845152578,0.23391571243580114,fitted,compact,True
1023,TYC 3539-01196-1,279.97004306,52.19602500,5.981,1033.6823213461507,1049.0689440096617,1032.9316111954058,1049.0821797939566,0.750826821855309,fitted,compact,False
1024,TYC 1814-01647-1,61.09030583,24.10602361,5.602,818.2319763140301,228.66081588040245,818.2971273872204,228.44912582456635,0.22148892089161273,fitted,compact,False
1025,TYC 3222-01934-1,341.02285500,41.81922917,5.213,774.5899371836568,802.2121212651879,774.7162930442947,802.6973204115649,0.5013821049484212,fitted,compact,True
1026,TYC 6385-00683-1,336.64218667,-16.74154167,6.390,279.17043694507834,878.357071349461,279.11299226120906,878.5387481304601,0.19054223799216077,fitted,compact,False
1027,TYC 3618-04103-1,332.79075944,50.82329528,5.396,862.6279894950829,835.5858825586131,862.699950090532,835.5960518010722,0.07267558592518805,fitted,compact,False
1028,TYC 3555-02111-1,291.85820500,52.32049944,5.719,983.8095880312659,1013.1501581852921,983.6404959137112,1012.9969483894475,0.22817840774675682,fitted,compact,False
1029,TYC 4169-00515-1,194.98027694,66.59730583,5.514,1356.429478309629,812.0128179018782,1356.4236147657907,812.1065731570566,0.09393843207074563,fitted,compact,False
1030,TYC 0642-00047-1,39.15731611,12.44783972,5.700,610.3031301575766,327.3105967571484,610.5065739900175,327.625636709894,0.37501941920948634,fitted,compact,False
1031,TYC 1761-02538-1,30.91361306,25.93545139,5.823,693.3614511690101,429.8008590617186,693.3161891723306,430.02554307430404,0.2291976305612967,fitted,compact,False
1032,TYC 4403-02218-1,213.01688556,69.43266250,5.366,1304.2266028648282,856.573182026192,1304.2079558178189,856.632529184441,0.06220769690643772,fitted,compact,False
1033,TYC 1621-00086-1,300.81830167,18.50104111,6.131,684.7044882975309,1143.5600642816948,685.1630217413197,1143.008923897755,0.7169439600708468,fitted,compact,False
1034,TYC 3326-03347-1,56.49686139,45.68194250,5.641,949.3766250705567,380.7109477278609,949.3077838585946,380.909327279974,0.2099846641090471,fitted,compact,False
1035,TYC 5294-01195-1,46.06866306,-7.60089750,5.281,466.46953919916723,224.09592691442978,466.28114905751147,223.7627987094445,0.3827077820345383,fitted,compact,False
1036,TYC 1161-01795-1,347.93414528,8.72012694,5.170,482.2190175710911,768.032011413653,482.32725071101896,767.9955348805048,0.11421449141484141,fitted,compact,True
1037,TYC 3235-01512-1,353.65645778,40.23654444,5.576,755.5078018873812,719.3712923501686,755.2745451464086,719.5748982072635,0.3096192052384638,fitted,compact,False
1038,TYC 3732-01028-1,68.00768056,53.91084750,5.784,1050.1328819819885,405.42485761756257,1050.159033589808,405.644914975903,0.2216058382609099,fitted,compact,False
1039,TYC 0526-01953-2,315.76316361,1.53198417,7.330,478.96802932047524,1065.209351635246,479.16507433482826,1065.0705694096007,0.2410129536694527,fitted,compact,False
1040,TYC 2150-05010-1,293.71216194,29.46291306,5.471,809.49766088639,1140.7682118223152,809.6562427448555,1140.6169531465507,0.21915152937722704,fitted,compact,True
1041,TYC 2811-02324-1,17.00302750,43.94223278,5.046,809.9529239420007,574.3466822068458,810.1581949629553,573.9078002665759,0.48451372481987803,fitted,compact,True
1042,TYC 2644-02411-1,286.85624111,32.50166472,5.264,869.1932566663348,1160.1043138629298,869.1763396802279,1159.942942510978,0.16225565521642785,fitted,compact,True
1043,TYC 3966-01561-1,322.58462611,52.95796111,6.017,897.5558130793636,881.1613979410464,897.8240323661746,881.2075896025734,0.27216769722367434,fitted,compact,True
1044,TYC 3741-01602-1,72.00091056,56.75752583,5.306,1081.5047698914182,420.85912413303197,1081.323470723943,421.03989178692956,0.2560201804991346,fitted,compact,True
1045,TYC 1726-02507-1,353.36703556,22.49881722,5.579,599.7135702321942,720.0593648972718,599.6533250248924,720.0235456852279,0.0700892356520625,fitted,compact,True
1046,TYC 5821-01478-1,349.21229222,-7.72646861,5.169,344.335187647034,756.4758384282347,344.2960627161717,756.431903123879,0.05883086931032014,fitted,compact,True
1047,TYC 3631-00587-1,348.55977306,50.61790861,6.307,847.1673399515215,747.5896921053043,847.8568385058752,749.128966962165,1.6866461814558174,fitted,broad_blob,False
1048,TYC 3966-01562-1,321.68731333,52.89852500,5.969,898.8257918285274,885.8066527301733,899.1351504931993,885.7341190153652,0.3177482072198553,fitted,compact,True
1050,TYC 3972-02737-1,328.00182583,55.79193722,6.416,911.6002744435586,845.7560411053561,911.8887533069287,846.1166182843887,0.4617747899684318,fitted,compact,True
1051,TYC 2665-02092-1,289.75478750,37.44531444,6.248,889.3529807280141,1116.8063855718597,890.1653751593246,1116.681736892319,0.8219014571927598,fitted,compact,True
1052,TYC 2606-01359-1,265.17178000,31.28765083,6.429,1000.8438767448273,1252.3822177024174,1000.5012117206836,1251.897302551899,0.5937693339788542,fitted,compact,False
1053,TYC 2277-00843-1,15.70452972,31.80433083,5.486,703.482705430683,554.9927345512825,703.3562214241383,554.7878636924529,0.2407701657373562,fitted,compact,False
1054,TYC 4421-02880-1,262.99120417,68.13472194,5.192,1162.1566393808478,931.9701840604654,1161.9839321139457,931.9015560560141,0.18584295261255335,fitted,compact,False
1055,TYC 2857-02226-1,41.02149222,44.29705278,5.534,877.376286353186,441.89789639142253,877.2891654586296,441.91164650409115,0.08819929629371016,fitted,compact,False
1056,TYC 2626-01763-1,272.93796111,33.44702389,5.984,959.5978005512528,1211.948332347698,960.0048409425565,1211.7266443391245,0.4634948255351929,fitted,compact,False
1057,TYC 2278-01259-1,17.77822083,31.42476500,5.184,704.494568031339,539.4502127867617,704.3058916314146,539.0576290379969,0.4355694935169506,fitted,compact,False
1058,TYC 2580-02438-1,245.52453250,30.89174750,4.958,1157.0546204712273,1281.4778080566853,1156.7485160342694,1280.9075431456504,0.647226386269067,fitted,compact,False
1059,TYC 0566-01004-1,335.11485611,5.78949250,5.363,469.59757454372,886.2816043680841,469.7755780039026,886.2504702379451,0.1807057439499019,fitted,compact,False
1060,TYC 4258-02188-1,310.79577306,66.65736750,5.611,1028.3985985099846,863.8711206159923,1028.2182746595877,863.8387685451831,0.18320302264866536,fitted,compact,False
1061,TYC 0548-00896-1,326.80816028,2.68613194,5.624,458.77802957133304,964.5943795909019,458.96568365321565,964.5371458000218,0.19618807625774287,fitted,compact,False
1062,TYC 2589-01303-1,253.24215750,31.70171361,5.371,1095.4186427361906,1270.6857526574506,1095.3400946048505,1270.7738891736858,0.11805869062078246,fitted,compact,False
1063,TYC 3583-01164-1,314.62511028,50.46178306,5.939,895.4776204034329,929.3010457762605,895.6936855553657,929.3965020428419,0.23621187249890516,fitted,compact,True
1064,TYC 3293-02271-1,33.40014556,51.06621333,5.401,906.0230108001549,511.4692101168523,906.2200238410766,511.2923724633977,0.26473702795892273,fitted,compact,False
1065,TYC 3575-06709-1,312.23455722,46.11413972,4.890,867.4748843072799,960.2304058211517,867.4867538373143,960.2012223675061,0.03150491564694589,fitted,compact,True
1066,TYC 1245-01184-1,50.30671556,21.14713861,5.340,734.8466723873879,278.53528080478907,735.0278845247291,278.72753954801567,0.2641992866508636,fitted,compact,True
1067,TYC 3719-01538-1,64.17960222,53.61180278,5.193,1032.1719025660732,412.5241856863907,1031.9989345308768,412.683097691062,0.23488500681899238,fitted,compact,True
1068,TYC 2403-01096-1,81.16017917,31.22393500,6.433,1001.0723745085979,191.825247442626,1001.4189548125673,191.87683543796334,0.35039867060599705,fitted,compact,False
1069,TYC 1754-02321-1,20.28064444,28.73838722,5.386,686.8036585550864,514.8621083911728,686.9085540394804,514.8298587520667,0.10974106737553545,fitted,compact,True
1070,TYC 4676-01118-1,10.17658417,-4.35180778,6.008,385.54515278084347,555.3332419182567,385.5788591077679,555.4603613311474,0.13151221087189188,fitted,compact,False
1071,TYC 3738-01761-1,73.76308472,55.25912861,5.516,1082.4936061317437,405.02895019144165,1082.2670750482453,405.22808412271866,0.30161341876120096,fitted,compact,False
1072,TYC 3664-01986-2,1.56422083,58.43695806,7.319,917.6468362927203,684.7250663528085,917.9875894536812,684.1222151222964,0.6924899442120164,fitted,compact,False
1073,TYC 4649-00749-1,310.64628278,82.53110972,5.739,1137.740778755942,770.054463151925,1137.4141431681396,770.0963568959618,0.3293112403312024,fitted,compact,True
1074,TYC 4495-01881-1,31.38156778,76.11510833,5.322,1089.9652773690343,643.4203773156685,1089.8783167377358,643.4284547670298,0.08733496788994735,fitted,compact,False
1075,TYC 2311-02233-1,27.17363250,32.68952806,5.847,738.5758169781444,476.98526128265405,738.5025431833474,476.86196472911973,0.14342624975017762,fitted,compact,False
1076,TYC 4632-02149-1,157.42569806,84.25210250,5.550,1229.8363627307851,706.3536285137095,1229.8203611873187,706.1001809445604,0.25395219963784227,fitted,compact,False
1077,TYC 2666-02297-1,291.53801639,36.31786667,5.143,872.8674176758196,1115.176453212786,872.9963196745604,1114.8679559179623,0.33434459199003175,fitted,compact,True
1078,TYC 4028-00489-1,10.39384944,65.86835278,7.004,988.7313198188468,660.495721919454,987.5432076468028,660.4000112248641,1.1919610188332912,fitted,compact,False
1079,TYC 4040-02023-1,26.93370222,63.85307083,5.710,991.5943290482935,595.0557052247282,992.0227296125404,595.2267083392436,0.46126901979325124,fitted,compact,False
1080,TYC 1715-02283-1,347.67759361,17.59443528,5.816,558.4472057097466,768.5836434113021,558.332987915206,768.506213120484,0.13798968992614016,fitted,compact,False
1081,TYC 4550-02114-1,184.70859056,75.16055000,5.466,1302.4954405060785,751.0399532983762,1302.6179289705697,751.1671817587554,0.17660833803612005,fitted,compact,True
1082,TYC 2140-03054-1,297.76706111,22.61008333,4.860,734.0482060982945,1147.716395816993,734.1153092314788,1147.6655263173454,0.08420532333265869,fitted,compact,True
1083,TYC 1719-02320-1,350.66875667,20.82874417,6.261,584.8380270301495,742.2866569210723,585.3344416811434,742.5233365932445,0.5499497912908834,fitted,broad_blob,False
1084,TYC 6336-01995-1,304.84833167,-19.11850583,5.427,333.39402618492636,1181.020950226413,333.3108123903293,1181.1169534185533,0.12704781978587704,fitted,compact,False
1086,TYC 1320-02118-1,88.59615139,20.27639361,4.462,992.031445224748,86.67975272135546,991.8376293405844,86.57458356448808,0.2205111074534208,fitted,compact,True
1087,TYC 7995-01343-1,331.52876222,-39.54305222,4.618,99.56575645098476,912.6192459303614,100.10797043257628,912.409103769985,0.5815115900831265,fitted,compact,False
1088,TYC 0595-01027-1,4.14190111,8.24018750,6.223,483.1064835028753,620.0989916314287,483.5313525481415,620.0734186537037,0.4256379715382137,fitted,compact,False
1089,TYC 4684-02325-1,21.08535278,-6.91467194,5.966,385.64114330529077,450.37321478773003,385.56944752577414,450.4884860865482,0.1357488752503272,fitted,compact,False
1090,TYC 2668-00995-1,296.06897639,37.35427278,4.991,859.4120368088649,1086.524802253011,859.3202060054901,1086.5136244610176,0.09250859139720187,fitted,compact,True
1091,TYC 1785-00603-1,42.19113278,25.18807278,5.887,729.752140591455,348.9739553153846,729.9531842350741,349.1589330215443,0.27319461637400955,fitted,compact,False
1092,TYC 4017-00228-1,16.08143667,61.58024167,5.897,957.676321680834,627.9814724611091,957.6383627772502,627.458151091857,0.5246962300962411,fitted,compact,False
1093,TYC 2089-02094-1,267.59530361,29.32203389,5.636,970.227089063089,1259.60965104855,970.4201286111186,1259.7391221879043,0.23243718082347953,fitted,compact,False
1094,TYC 2779-01092-1,357.42066778,36.42539417,5.954,722.2429533223357,692.8472202014462,722.4124090561932,692.3133446626143,0.5601235012925764,fitted,compact,False
1095,TYC 0607-01499-1,11.75595083,11.97393444,5.613,525.6448523997962,555.5177344677182,525.8051676859368,555.4388889969492,0.17865497259002777,fitted,compact,False
1096,TYC 1259-00984-1,62.29126417,19.60929083,5.624,790.3752475710354,197.84494614358536,790.501353475017,197.53692226930332,0.33283840846083607,fitted,compact,False
1097,TYC 5202-01365-1,319.54611000,-4.51950694,5.791,415.2986336956093,1037.8341724003276,415.389467356813,1037.8177339806589,0.09230913090736763,fitted,compact,False
1098,TYC 4691-01115-1,35.55169139,-0.88474722,5.459,481.63179095321203,326.70715058700597,481.603742111211,326.70082344069453,0.028753613999747643,fitted,compact,True
1099,TYC 1761-02540-1,31.70509944,25.70458639,6.008,694.0759590341718,423.62879864926765,694.025539396284,423.6405104660079,0.051762018276851625,fitted,compact,False
1100,TYC 2239-01475-1,346.77807917,25.46833528,4.900,627.3779570436658,773.1975319380595,626.956094709489,773.4092706262921,0.47201811521551074,fitted,compact,False
1101,TYC 0600-01506-1,1.42473556,13.39628139,5.637,524.8110335053474,647.5017268142375,524.8632488919852,647.6402864341719,0.148071654539658,fitted,compact,False
1102,TYC 6428-02436-1,24.03512667,-29.90743444,5.966,199.55142704102892,418.21786605429367,199.41803322347062,417.4112726050514,0.8175493275168775,fitted,broad_blob,False
1103,TYC 4066-01732-1,55.53894389,63.21676250,5.284,1055.3207591379576,506.8630680599596,1055.1675668809642,507.053529829451,0.24442494398187453,fitted,compact,False
1104,TYC 4318-02488-1,24.62891667,73.04007000,5.389,1059.54184779214,642.3596086184817,1059.6294846154487,642.3730420019384,0.08866041163186672,fitted,compact,False
1105,TYC 2078-01802-1,260.04094556,25.53764194,5.364,1005.1553207675239,1310.2753489141191,1005.0109988623364,1310.2522481145902,0.14615902043952564,fitted,compact,False
1106,TYC 2680-01628-1,304.66279111,34.98278361,5.235,804.3678576393169,1051.3389160579802,804.2541617645772,1051.137823955762,0.23100819359345812,fitted,compact,True
1107,TYC 0481-03392-1,298.68655639,0.27366000,5.641,536.6567619286097,1213.3357719459107,536.5201209376355,1213.5348699787992,0.24147626615155207,fitted,compact,False
1108,TYC 3178-01205-1,310.01338944,43.45901139,6.098,852.9741087578398,983.4530033724102,853.0558232124756,983.5023504365047,0.09545881222381415,fitted,compact,False
1109,TYC 4296-01459-1,17.66361528,68.77868250,5.304,1018.4410777143854,644.5532193330876,1018.460827856935,644.6210683864878,0.07066514118031121,fitted,compact,False
1110,TYC 5272-00121-1,14.00627028,-11.26650611,5.508,334.40734297710446,514.96817651504,334.42461045088845,514.8933577417024,0.07678550966571401,fitted,compact,True
1111,TYC 2124-02557-1,289.43181500,23.02554944,5.434,781.4876978640625,1197.7490336874778,781.4881771509795,1197.7322461251501,0.016794402783458513,fitted,compact,True
1112,TYC 6320-02845-1,296.59088917,-19.76090611,4.990,359.31903189131634,1256.6406005290455,359.447252499089,1256.164034764175,0.4935133762160165,fitted,compact,False
1113,TYC 4730-01947-1,65.92032944,-3.74533889,5.175,612.4692993526005,73.58034447519934,612.4414298472736,73.33022384021956,0.2516685148560547,fitted,compact,False
1114,TYC 3573-01616-1,307.49949000,45.92821111,6.570,880.5450759282985,985.7467860622038,880.7559315711551,984.9253539443672,0.8480629848884902,fitted,compact,False
1115,TYC 6995-01262-1,2.93289972,-35.13337861,5.289,129.33421474379617,619.8777966655546,129.15254602833625,619.7796972703077,0.20646310451183125,fitted,compact,False
1116,TYC 3617-01855-1,331.66611750,51.80585611,7.051,871.7079700711712,838.9033068573065,872.6882820065689,839.1455094670299,1.009788886272794,fitted,compact,False
1117,TYC 4654-01710-1,342.76226278,85.37347556,6.045,1146.2358186461915,730.2773156225345,1146.5549906727404,730.272198312563,0.3192130470275625,fitted,compact,False
1118,TYC 5204-01584-1,316.01963611,-5.82305000,5.797,414.3658493869109,1071.2368090829937,414.3962184252547,1071.3843157907427,0.15060048911235496,fitted,compact,False
1119,TYC 4355-01445-1,78.09354083,73.94673972,5.404,1160.6843242570005,568.842134955539,1160.3499640925609,569.031669216467,0.3843435385558512,fitted,compact,True
1120,TYC 1102-02546-1,313.90283056,13.72156306,5.306,590.6906189836628,1058.0411211252294,590.9195792802732,1057.9294256682656,0.2547522179103897,fitted,compact,True
1121,TYC 0025-01379-1,17.09305778,5.65020833,5.541,482.3170192195312,500.47026529359715,482.5301098477309,500.4919094552955,0.21418703406643755,fitted,compact,False
1122,TYC 4097-01176-1,99.42346722,61.48187194,6.040,1211.9018196494776,450.6933139166512,1211.6705061769846,450.65783116403867,0.23401911949606483,fitted,compact,False
1123,TYC 4310-00902-1,29.00001528,68.68526472,4.953,1032.4709353472192,610.7803660673349,1032.3655929633494,610.9850867775402,0.2302337660430575,fitted,compact,True
1124,TYC 4159-01359-1,175.61843750,66.74481250,5.452,1371.9897229558467,730.0565708193126,1372.1083204374604,730.0790255892816,0.12070451250670992,fitted,compact,False
1125,TYC 4026-00678-1,1.17434528,67.16639000,5.794,992.6800237519128,695.2614813772183,993.004301685955,695.1384256416945,0.3468413074476464,fitted,compact,False
1126,TYC 1638-01025-1,310.49231306,17.52138667,6.342,636.2643184408677,1075.7792735985934,635.9303895301191,1074.9458469178435,0.8978354802632211,fitted,compact,False
1127,TYC 4272-01269-1,336.77212833,65.13227444,5.552,980.0045483088973,784.4953150109496,980.3893551161775,784.5458244198059,0.3881075615241585,fitted,compact,False
1128,TYC 5773-01119-1,320.73446306,-9.31927278,6.151,371.0364760976649,1030.653337022451,370.84745407328114,1030.1097252960942,0.5755371705935357,fitted,compact,False
1129,TYC 4658-00709-1,351.74987944,87.30746000,5.589,1162.2199511396786,722.8294430130146,1162.0801264298773,722.8524606912039,0.14170660880939515,fitted,compact,False
1130,TYC 3257-02190-1,9.79119722,49.35459361,5.624,845.8511570340642,628.2658183113989,846.0410549947678,628.028884334103,0.3036427919062771,fitted,compact,False
1131,TYC 3579-04461-1,314.95646139,47.52094500,4.735,871.0818621540093,940.1439487103136,871.1484202509171,940.2406382430049,0.11738332929363936,fitted,broad_blob,True
1132,TYC 1220-01929-1,33.19995556,21.21098306,5.278,661.5071024223452,398.7025835868381,661.4599828889986,398.98309933236357,0.2844456607341724,fitted,compact,True
1133,TYC 1211-01733-1,25.62476472,20.27011250,5.337,628.7858848113065,454.3232928630083,628.8870673226044,454.3559096796229,0.10630972353751471,fitted,compact,False
1134,TYC 0586-01293-1,357.36448333,1.07619333,5.783,417.92680251276437,679.6711442459739,418.1741295873199,679.6272370015412,0.2511942035992673,fitted,compact,False
1135,TYC 4586-02279-1,313.68449222,75.92547444,6.093,1089.4629379879952,805.4044674639371,1089.8591989937302,805.2989188274714,0.4100771870341017,fitted,compact,False
1136,TYC 4617-02855-1,67.05542361,83.80776417,5.488,1168.7229764165202,664.9221676832095,1168.4560208765247,665.0474803654988,0.2949042703604247,fitted,compact,True
1137,TYC 4032-01676-1,25.83224222,60.55136778,5.770,963.7227449809202,585.3916578205592,964.1295154495713,585.2211651937026,0.4410554953507205,fitted,compact,True
1138,TYC 2154-04100-1,301.72249583,23.61442278,5.029,723.5668723032263,1117.5321773428384,723.8338950428874,1117.4009974672904,0.29750513145981233,fitted,compact,True
1139,TYC 3603-03215-1,325.52358111,51.18962750,4.648,877.4400348580255,872.4444696402567,877.4794500334754,872.5967948553689,0.1573420707081649,fitted,broad_blob,True
1140,TYC 1143-00506-1,330.82926083,11.38655611,5.812,524.9102186454325,919.5349075617848,525.0383088245404,919.3943723959773,0.19015053723952352,fitted,compact,False
1141,TYC 5151-01940-1,298.32801611,-3.11449389,5.647,507.62607079776046,1223.522268677966,507.58647738792513,1223.578147226717,0.06848394200766604,fitted,compact,False
1142,TYC 1681-01751-1,332.96388861,16.04059500,6.037,560.9548857281569,895.5697735203247,561.0854865751963,895.6300322915466,0.14383219652286935,fitted,compact,False
1143,TYC 4692-01064-1,30.91868833,-4.10337194,5.800,437.5164785547619,362.9711323123254,437.5079408832174,362.9215562987443,0.05030579447731699,fitted,compact,False
1144,TYC 2715-03976-1,320.95163333,37.35149639,6.607,771.2060370262209,942.2752738011961,770.8513205180042,942.1890045046666,0.3650564240294264,fitted,compact,True
1145,TYC 2664-00996-1,294.93718528,33.97891000,6.098,839.0127574784017,1111.4287170990515,838.764078580079,1110.4770656355004,0.9836064774847667,fitted,compact,True
1146,TYC 3654-02133-1,7.92170222,52.83955722,5.726,873.8352959343275,644.7123565391296,874.1896917166525,644.6386895901431,0.3619712556305124,fitted,compact,True
1147,TYC 4479-01760-1,356.97811806,67.80681222,5.043,997.0768295385354,710.0862034736219,997.3325667808265,710.1141350907451,0.25725806562622033,fitted,compact,True
1148,TYC 2107-00474-1,278.87666000,23.60561222,5.803,850.9628178879682,1251.8498129538082,850.9364138995813,1252.052924490736,0.20482057278476626,fitted,compact,False
1149,TYC 4024-02330-1,12.68155833,64.24757861,5.421,975.7409123177576,648.1269214323462,976.0554855011999,648.063307590062,0.320940818019682,fitted,compact,True
1150,TYC 2632-00380-1,278.80626000,34.45800306,6.070,930.0765844138604,1183.1775176135213,929.6791674281736,1182.9371931967075,0.4644309268655752,fitted,compact,False
1151,TYC 4405-01859-1,204.29604556,71.24226722,5.632,1310.3486588294256,820.8137644547924,1310.4624848075748,820.8479074536617,0.11883643243303124,fitted,compact,False
1152,TYC 4516-02147-1,46.53311833,79.41851111,5.718,1128.6627547486053,642.3993014998779,1128.4881064186372,642.5602553285132,0.23750405072965472,fitted,compact,False
1153,TYC 2143-01958-1,295.92882278,25.77187472,5.601,768.968783958509,1145.5868964691026,769.0582226455595,1145.4007487499512,0.2065193746034428,fitted,compact,True
1154,TYC 3184-02452-1,327.12225833,38.64857750,6.079,768.0614404766663,898.4709226632003,767.6723632902545,898.9073952017995,0.5847130355460222,fitted,compact,False
1155,TYC 5233-00277-1,338.51204611,-1.57418389,5.984,402.7908370676813,858.1474298295103,402.91606850804897,858.4875293190743,0.36242320077254997,fitted,compact,False
1156,TYC 2640-00179-1,286.24093444,31.74424972,5.797,866.9211841059212,1167.532519351219,866.9842013879477,1167.422337750285,0.12692975623709293,fitted,compact,False
1157,TYC 1806-01888-1,52.83637778,27.57188333,6.575,799.521178044876,293.44110065860684,799.3070754272554,293.294344486208,0.2595713871156704,fitted,compact,False
1158,TYC 4543-03120-1,121.19658889,79.47973750,5.379,1234.258858448752,639.1012112800363,1234.1657874367588,639.1476403148145,0.10400898299611494,fitted,compact,False
1159,TYC 2364-00958-1,57.97381889,34.35913000,5.765,877.4800736463192,303.1359279552022,877.3642285518338,303.38826970104054,0.2776624616491696,fitted,compact,False
1160,TYC 3935-02415-1,297.65721917,52.98815861,5.161,966.630672548419,988.4018172528127,966.7280854807352,988.197962408994,0.22593378837788053,fitted,compact,True
1161,TYC 3090-01896-1,260.43172000,39.97480083,5.636,1080.85229907686,1189.9240815911023,1080.8370914077814,1190.0909861728653,0.16759598029870057,fitted,compact,False
1162,TYC 3351-01507-1,70.83999083,49.97382694,5.857,1042.5683834668375,367.1151611070169,1042.8357168089165,367.37747449588164,0.37453361633477017,fitted,compact,False
1163,TYC 5835-01133-1,354.41475278,-13.06030361,5.769,300.5813254672294,704.9100603793171,300.5732865398957,704.9105876721242,0.008056201982380598,fitted,compact,False
1164,TYC 1541-02807-1,260.07860944,18.05721194,5.200,954.3356069937387,1367.2993333078432,954.1736263071597,1366.8129584297417,0.5126385323723407,fitted,compact,False
1165,TYC 1820-01416-1,65.64554639,25.62935556,5.372,857.8617791565632,213.63289019750314,857.8502493894433,213.52045580353752,0.11302401725410927,fitted,compact,True
1166,TYC 1842-01584-1,70.33224111,28.61506417,5.730,909.5350864187974,211.03303278262658,909.5768180343694,211.02022860296228,0.043651744010081525,fitted,compact,False
1167,TYC 1098-01201-1,313.91064361,12.56850639,5.553,580.8229366602721,1060.5471581695037,580.9578294485816,1060.5069724506534,0.14075139906025697,fitted,compact,False
1168,TYC 2157-01647-1,309.63295083,24.11597583,5.028,694.9515946511762,1061.3682490766623,695.207383334783,1061.066160146086,0.3958352847309428,fitted,compact,True
1169,TYC 2715-03977-1,321.44592028,36.66740611,5.893,763.6618484889934,940.9539493862457,763.7887196058249,941.0631496521278,0.1673946783944759,fitted,compact,True
1170,TYC 3923-00873-1,285.18111222,55.65831778,5.608,1030.5015958519489,1009.3273602405384,1030.4753171231425,1009.0463888606233,0.28219760438219477,fitted,compact,True
1171,TYC 4017-02318-1,13.26781861,61.12358222,4.848,950.2423174084486,637.7519387523381,950.50977916368,637.6433134010292,0.28867846725808244,fitted,compact,True
1172,TYC 4168-00929-1,191.89308806,66.79031361,5.614,1359.3366800087897,798.9478530976291,1359.4855283028414,798.9483223915016,0.14884903385258993,fitted,compact,False
1173,TYC 5230-01812-1,330.81847417,-6.52242694,5.650,372.75538032289194,933.4154861198758,372.68053199037905,933.4365213797969,0.07774802273952852,fitted,compact,False
1174,TYC 1205-01654-1,24.91987694,16.40588722,6.107,594.4692585927752,451.5776431831097,593.9524705419828,451.26114242714056,0.6060054603473529,fitted,compact,False
1175,TYC 3188-00985-1,327.41706806,41.14879611,6.523,788.3978685289152,890.6153541145537,788.5437198232278,890.6957713403385,0.16655188457529352,fitted,compact,False
1176,TYC 4045-00788-1,33.62126444,66.52444139,6.135,1023.9121372218168,586.5590764021719,1024.0941474674498,586.8199013500488,0.3180524845845336,fitted,compact,True
1177,TYC 2195-02392-1,321.91679694,27.60854639,5.384,685.0893965897459,962.4010355754642,685.284184911438,962.4531119189253,0.20162945175723399,fitted,compact,False
1178,TYC 3732-01029-1,69.97785889,53.07957389,5.194,1054.689113705107,394.46166794089305,1054.7215626496013,394.49342080316586,0.045400201115279454,fitted,compact,True
1179,TYC 4133-01970-1,128.65076972,65.14526667,5.479,1311.4317100484745,539.0123740794165,1311.6319527447013,539.0373715586194,0.20179695577150059,fitted,compact,False
1180,TYC 4285-03744-1,357.20906028,62.21451972,5.661,948.6367829246216,706.1717547818153,949.1441585194689,706.3446589783815,0.5360278494974684,fitted,compact,True
1181,TYC 4202-01457-1,258.13566667,62.87422250,5.566,1168.5855643937846,982.6850885544612,1168.4883363512492,982.730777674429,0.10742805936383075,fitted,compact,True
1182,TYC 4068-01652-1,61.96414917,62.33012000,6.910,1070.543700684871,486.1049001310069,1070.5180770846086,486.1716638653324,0.07151199278087793,fitted,compact,True
1183,TYC 2816-00111-1,29.42802306,37.66989556,7.263,786.9699035052614,479.49611050020536,786.6219860160402,478.70400672542263,0.8651444788768275,fitted,compact,False
1184,TYC 4236-02502-1,302.89480806,62.07835389,5.759,1013.6311780869578,913.9904314122402,1013.620770362541,913.9604243128915,0.03176077358725567,fitted,compact,True
1185,TYC 2345-02322-1,51.12367111,33.53601583,5.802,836.9302002913787,333.43141986366857,836.8571245058132,333.7061042861087,0.2842386363028262,fitted,compact,False
1186,TYC 3251-01320-1,4.28766778,47.94741472,5.838,827.9355283889064,657.6359324538387,828.3104107061663,657.3280165459597,0.48512777504393784,fitted,compact,True
1187,TYC 1546-00208-1,263.34517444,19.25688722,5.704,934.9265995578521,1347.457189416331,934.8543640671228,1347.1302257259267,0.3348480565325981,fitted,compact,False
1188,TYC 1644-02320-1,306.41884917,21.40966139,5.775,685.24374614179,1093.3359076821955,685.0910294726867,1092.9908218859937,0.3773679739488285,fitted,compact,True
1189,TYC 4374-02926-1,123.20328583,68.47405417,5.443,1282.7660144735796,552.4231636975459,1282.8113196340482,552.1962477564459,0.2313944724714947,fitted,compact,True
1190,TYC 1230-01425-1,44.52117917,20.66880750,5.836,702.9462210692961,315.46595120217063,703.100320910179,315.66791241083274,0.2540375774651872,fitted,compact,False
1191,TYC 3404-00878-1,108.34747361,51.42871250,5.683,1251.879157619592,364.9853656367394,1251.9691423281417,364.8799227451104,0.1386198079924953,fitted,compact,False
1192,TYC 3867-01441-1,222.86070250,59.29367083,5.636,1316.2784165589,965.1108647609686,1316.3742300952827,965.1306507835309,0.09783516976513155,fitted,compact,False
1193,TYC 2464-02366-1,110.51118833,36.76063556,5.241,1253.0048919936944,227.55484385744487,1252.658477287416,227.65339647333383,0.3601607513660167,fitted,compact,False
1194,TYC 3397-01825-1,112.21452278,48.18402806,5.694,1274.223383314666,341.27972876297184,1274.417753402381,341.61169857020707,0.38468647482610463,fitted,broad_blob,False
1195,TYC 3152-02083-1,306.89281000,38.44051528,5.640,823.3877175740885,1022.8475788265097,823.5591813934369,1022.9290383582688,0.18983017847533282,fitted,compact,True
1196,TYC 5251-00961-1,353.53732556,-1.24753639,5.910,397.6187292718166,715.4054624525511,397.704683818152,715.4510036788533,0.09727377513405061,fitted,compact,False
1197,TYC 1787-01187-1,46.36119833,25.25519722,5.465,749.2657793851203,321.8696729771149,749.1446431614922,322.098612704783,0.25901232321961465,fitted,compact,True
1198,TYC 4708-01422-1,49.59287083,-0.93015083,5.597,543.1783617913803,208.24524466587508,542.9490501845556,207.94663700725886,0.3764974725131421,fitted,compact,False
1199,TYC 2094-04213-1,268.85494111,26.04997861,5.505,939.266296501696,1279.0617420329786,939.2999755919585,1279.2323755318887,0.17392547849929263,fitted,compact,False
1200,TYC 2365-01420-1,59.11953222,35.08090917,5.478,888.6806854904706,302.0754535904299,888.6299991774008,302.33705858923184,0.2664700315809968,fitted,compact,True
1201,TYC 4725-01276-1,60.65275583,-0.26833278,5.437,611.041307430885,123.78295005917094,610.8530575629917,123.46299473737326,0.371226912694255,fitted,compact,False
1202,TYC 3776-02466-1,93.91879417,59.99903139,5.506,1186.7895703832141,433.7523225168089,1186.8336571883615,433.7332236657204,0.0480459415663753,fitted,compact,False
1203,TYC 5246-01263-1,348.89276806,-3.49637500,5.561,379.07343678750846,759.7759571010868,379.37005956040355,759.7203534293515,0.3017893929720189,fitted,compact,True
1204,TYC 4274-02378-1,329.35079056,66.13907917,6.754,995.6643752321423,808.0933474162168,995.9098755476366,808.014240059242,0.2579309574970316,fitted,compact,True
1205,TYC 4237-02169-1,304.90291194,62.25741722,5.701,1009.8297829697539,906.8349513036524,1009.7898105249159,906.7427645546056,0.10047981412269315,fitted,compact,True
1206,TYC 4266-03253-1,329.72295111,62.69795472,6.177,966.0516866504842,817.018396083761,967.0912974321848,817.5381523421906,1.1622982171564056,fitted,compact,True
1207,TYC 1183-01805-1,7.01187056,17.89307722,5.243,569.4656609905713,602.7000451635788,569.2354669575109,602.7489299043901,0.23532745428621296,fitted,compact,False
1208,TYC 3205-02483-1,338.96707889,39.62815056,6.288,757.431655697962,818.7013367595266,757.5264714220023,819.0439529834102,0.3554938795444298,fitted,compact,False
1209,TYC 3683-02186-1,23.35711333,58.32734389,5.878,941.5284392639406,586.7160680038476,941.8734142599014,586.4921871602287,0.41125464128402217,fitted,compact,False
1210,TYC 2686-01752-1,309.38638444,31.52198472,6.538,758.2903328229792,1036.5143467326968,758.0132660602387,1036.404970108568,0.29787453217971405,fitted,compact,True
1211,TYC 4241-01638-1,305.29798667,63.98008889,5.873,1021.0460854737692,894.728825519001,1020.8762739388777,895.1788992507538,0.48104295171646094,fitted,compact,False
1212,TYC 1173-01740-1,355.84315250,10.33151028,5.276,495.8167511963025,696.4502911285623,495.65453680171896,696.2662872299528,0.24529766512055676,fitted,compact,False
1213,TYC 2403-01441-1,81.78446944,30.20861333,5.739,999.745205957231,182.4313954943496,999.8826724821399,182.238540051035,0.23683383940354746,fitted,compact,True
1214,TYC 2904-00199-1,79.56534667,42.79218389,5.806,1053.5022255262293,289.17568644589284,1054.0885776586902,289.0956515440192,0.5917891590417633,fitted,compact,False
1215,TYC 3819-01372-1,158.79010611,57.08254944,5.189,1435.3518376774648,626.7797119619446,1435.031163539128,626.7886183455759,0.32079779716726764,fitted,compact,False
1216,TYC 4575-01159-1,246.43130444,78.96361333,5.585,1205.5311422459604,825.2238285379572,1205.26580448089,825.196420810988,0.2667495324647638,fitted,compact,False
1217,TYC 5279-02153-1,25.43666806,-11.32371306,6.141,359.5018895262739,406.2351138302535,359.384253789724,406.1636788453884,0.13762675458029777,fitted,compact,False
1218,TYC 1692-02205-1,331.95971528,21.70308444,5.772,611.6614654744996,896.5443402542646,611.7337193520002,896.578127158137,0.07976326025910993,fitted,compact,True
1219,TYC 5850-02546-1,12.00438194,-21.72247528,5.547,245.7315134931794,531.4291156370174,245.32559584092553,531.3041483887621,0.42471867576996153,fitted,compact,False
1220,TYC 4272-01129-1,336.83561667,63.95627472,7.326,970.5289210435875,786.0790819581732,970.3901240169067,786.9138216354295,0.8462002974481394,fitted,compact,False
1221,TYC 2340-01799-1,48.83519861,30.55667472,5.603,802.8853689574844,331.19120984587585,802.9791879955054,331.3482717403153,0.1829493115048407,fitted,compact,False
1222,TYC 3244-00205-1,355.56117667,44.99175611,6.590,796.8297105847888,707.9270935281575,797.7721593785583,708.0361563489736,0.9487383347171664,fitted,compact,False
1223,TYC 3772-02770-1,96.60775778,56.28504639,5.585,1193.8147467994293,399.09967812100143,1193.940982666396,399.0933951109364,0.12639212920236326,fitted,compact,False
1224,TYC 3809-01867-1,138.95753528,56.74147556,5.457,1384.6786652972569,515.4109888356195,1384.5383485910884,515.4712172585636,0.1526965649918473,fitted,compact,False
1225,TYC 2265-01113-1,5.22549250,32.97815750,7.271,697.6649327937888,633.4724390430268,697.7937901024787,633.0199266384554,0.47050152209509033,fitted,compact,False
1226,TYC 1852-01198-1,82.31872833,25.15031111,5.825,972.1491718370756,142.26362781427724,972.1994469353871,142.04520602697312,0.22413313605835214,fitted,compact,False
1227,TYC 5772-00753-1,319.07408222,-9.21466528,6.653,376.37851337193115,1045.6929808334628,376.14584104271114,1045.6110788432911,0.24666647274963183,fitted,compact,False
1228,TYC 5216-01724-1,323.82344194,-3.98329444,5.902,408.9706714498477,997.8775910611387,408.88735803351807,997.798016610672,0.11520945494008232,fitted,compact,False
1229,TYC 2323-01924-1,36.86578139,31.80134306,5.676,762.747299676339,409.8394255314632,762.8403898087251,410.0136354468727,0.1975218149335743,fitted,compact,False
1230,TYC 5816-00131-1,343.36955111,-11.61651778,5.769,314.9022296433918,813.3112381906528,314.99424241793446,813.1594443015362,0.17750418432307402,fitted,compact,False
1231,TYC 1202-02127-1,16.98796750,20.73931833,5.580,610.7126988791479,524.0902730825189,610.9322839289975,523.9964448610172,0.23879139278390119,fitted,compact,False
1232,TYC 2302-01580-1,25.51440472,35.24576694,5.614,755.4934805314189,495.9904609292027,755.4110400535436,495.74581354881514,0.2581642367230527,fitted,compact,False
1233,TYC 0625-01392-1,27.71671417,11.04344333,5.959,556.545006229632,416.85510343256254,556.710169157305,416.90250346646525,0.1718300203442261,fitted,compact,False
1234,TYC 0524-02807-1,311.95136722,6.00823972,5.639,530.9596282460468,1090.6811474402466,531.1343674101328,1090.570302182009,0.2069310192774548,fitted,compact,True
1235,TYC 4412-02198-1,234.41335250,69.28322333,5.787,1249.7118544300936,903.6015974463022,1249.569531609543,903.5651545113806,0.14691450832092107,fitted,compact,False
1236,TYC 5735-02725-1,294.39363500,-14.30146500,5.508,421.66527643141876,1273.444213712409,421.89043738336846,1273.1697934781241,0.35497030758624076,fitted,compact,False
1237,TYC 2839-02530-1,35.70982444,41.39652278,5.829,836.5103157286883,456.66782771417303,836.4671034619557,456.4013500713671,0.2699585785107771,fitted,compact,False
1238,TYC 1188-01687-1,11.63739500,15.47560417,5.588,555.4981478679721,560.5849140945336,555.4849995202694,560.6421667359666,0.05874303361564396,fitted,compact,False
1239,TYC 2336-00880-1,38.91142694,37.31228722,5.873,814.6683221900099,420.0718268545023,814.9172506927301,420.4343940965205,0.4397958667964205,fitted,compact,False
1240,TYC 2261-01483-1,4.65925000,31.51723417,5.871,684.610091650841,636.015938546882,684.4416770417942,635.6308891716301,0.42026955864338406,fitted,compact,False
1241,TYC 4038-01990-1,17.92237806,65.01888417,5.552,988.0322067479906,631.3536502944693,988.213967506877,631.2625198127711,0.2033266784401658,fitted,compact,False
1242,TYC 0654-01754-1,46.59870222,13.18739694,5.757,650.2327701972079,273.41548171033975,650.3804962440935,273.42921105044877,0.14836266278374255,fitted,compact,False
1243,TYC 2684-02041-1,304.61928056,36.99975639,5.575,820.5863989101791,1042.4931268634589,820.5828186235918,1042.2818008736451,0.21135631625956183,fitted,compact,False
1244,TYC 0597-01668-1,2.50910972,11.14580917,5.518,506.6009450430807,636.5835316285952,506.6074107691934,636.6506778050475,0.067456761160966,fitted,compact,False
1245,TYC 1206-01792-1,27.04543444,16.95562833,5.836,604.9806198906515,435.1634914144662,604.9577976858061,435.3369230764814,0.17492682591119713,fitted,compact,False
1246,TYC 1163-02022-1,344.79914778,11.72895444,5.822,509.549338336495,795.5234553787021,509.6499094611093,795.5502169658016,0.10407081075051472,fitted,compact,False
1247,TYC 7530-00978-1,6.55049806,-43.67990417,3.953,65.16771807651833,589.1725786188617,65.7347616753218,589.2157465207675,0.5686843682561977,fitted,compact,False
1248,TYC 1224-01521-1,42.87320222,15.08212333,5.499,648.8771897067662,307.378038075693,648.9393840479422,307.4582859139214,0.10152759041091092,fitted,compact,False
1249,TYC 3883-01542-1,244.31391500,59.75496361,5.612,1222.9820399508433,1006.2708110328431,1223.066896370022,1006.2510504945784,0.0871268658242343,fitted,compact,False
1250,TYC 4043-00207-1,22.71674222,66.09811389,6.147,1002.829958756402,619.5322828245152,1003.1647103395429,618.7967506798024,0.8081250882884272,fitted,compact,False
1251,TYC 4574-01955-1,277.43734306,77.54706806,5.777,1152.7373034301825,837.4107571091188,1152.0448111044839,837.1969049352297,0.7247609077678971,fitted,compact,False
1252,TYC 4107-01558-1,93.21271500,65.71849417,5.499,1190.7995971588387,488.4614726635006,1190.8295544526263,488.41853563592883,0.05235482583087233,fitted,compact,True
1253,TYC 4184-01638-1,230.66014194,63.34165361,5.863,1275.2510691131913,950.412410908858,1275.2735393685714,950.2980352809,0.11656198628898064,fitted,compact,False
1254,TYC 2708-02737-1,322.03400639,32.22514611,5.780,724.552573694863,949.3842077926794,724.4592169675708,949.6787938860463,0.30902499079503776,fitted,compact,False
1255,TYC 3223-03620-1,344.09846139,41.60388472,5.563,770.40459401086,782.4417931975739,770.362080434963,782.8657571688325,0.42609019357511696,fitted,compact,False
1256,TYC 1673-00930-1,324.43905278,19.31857861,5.486,607.4882113689779,961.1499675223836,607.5109052855883,961.1685590250761,0.02933697025059022,fitted,compact,False
1257,TYC 4419-02888-1,241.58220944,67.80999083,5.435,1230.311680659774,926.4551776611634,1230.229153543852,926.63687075803,0.19955727576668772,fitted,compact,False
1258,TYC 2309-01821-1,33.09300861,30.30320500,5.259,736.9801529999038,429.0481207406372,737.1270813547877,429.19358469530334,0.20675517786988035,fitted,compact,True
1259,TYC 6945-00328-1,318.32196306,-27.61908361,5.555,219.40148095516233,1050.6523536447692,219.21153339940008,1050.7841491846643,0.23119285948382873,fitted,compact,False
1260,TYC 3981-01584-1,330.97441694,59.81457667,6.729,941.312415816467,820.5707030523669,941.4902403572095,821.0109560390198,0.474809708775085,fitted,compact,False
1261,TYC 3514-00620-1,266.78351972,47.61222306,6.477,1076.0499961094713,1114.4440867205565,1076.5948927084933,1114.5466296185577,0.5544613147517208,fitted,compact,False
1262,TYC 2093-01442-1,275.53622333,23.28499722,5.616,871.1170663460846,1269.793580687377,871.2295506443488,1270.0151138560882,0.24845454754383461,fitted,compact,False
1263,TYC 0016-01423-1,8.09898667,6.95545639,5.676,477.3735631590034,582.9400159598903,477.48653043605253,583.1565163653615,0.24420080109023456,fitted,compact,False
1264,TYC 4746-01394-1,68.55919500,-6.83771861,6.225,600.6100597232936,44.66538801221982,600.612482765619,44.380346703404825,0.28505160737150176,fitted,compact,False
1265,TYC 1737-02790-1,7.53057278,29.75168639,5.246,672.6891412936445,612.2188949498734,672.3735292726028,611.9496589004235,0.4148481627649066,fitted,compact,False
1266,TYC 3143-02178-1,294.86027778,42.81821472,5.388,905.4516616023745,1061.6712590642128,905.3618437128939,1061.4024934590652,0.2833764347667086,fitted,compact,False
1267,TYC 1689-01986-1,332.57903139,19.61655472,6.258,592.6884438005893,894.2574503541313,592.5910550418038,894.3997642499794,0.17244655777736384,fitted,compact,False
1268,TYC 4507-01528-1,32.35597806,81.29592944,6.050,1127.4843027442605,670.9816704593966,1126.8191192090621,670.7883967812182,0.6926931861766666,fitted,compact,True
1269,TYC 4305-02038-1,19.04959194,71.74384500,6.117,1043.3500079510577,650.7542863517644,1043.6601621922766,651.0443367063382,0.42464674911558803,fitted,compact,False
1270,TYC 5874-01098-1,54.07247222,-17.46704222,5.218,412.57392335928733,141.83695689534235,412.6505859903559,141.80485698198243,0.08311175271929436,fitted,compact,False
1271,TYC 3341-01095-1,65.04796861,50.92095111,5.539,1020.7943015077011,389.5143841683504,1020.6319436697099,389.7071427043432,0.25202365118231834,fitted,compact,True
1272,TYC 3174-01146-1,310.48540750,41.71687333,5.646,837.5066228519548,988.525123648576,837.5361453836905,988.5586646303794,0.04468307666690151,fitted,compact,False
1273,TYC 4282-00255-1,346.13606583,63.24059306,6.736,958.9807665776402,752.3254168536735,958.7684063489297,751.5582724810417,0.7959945698297782,fitted,compact,False
1274,TYC 4057-02594-1,51.16900694,64.58599667,5.398,1050.8539931840219,527.2677400705984,1050.8591270931702,527.3990702410634,0.13143047857145493,fitted,compact,False
1275,TYC 3546-02335-1,289.21414417,46.99841750,6.064,959.7932805186255,1058.272289142659,959.4151331324391,1058.175010607856,0.39045942044341475,fitted,compact,False
1276,TYC 2605-02031-1,262.73071250,31.15810167,5.739,1017.9027088363607,1258.9460377103044,1017.8980938889879,1259.1480266944668,0.2020416973355324,fitted,compact,False
1277,TYC 3960-01602-1,315.53748528,56.66961194,6.225,942.5720896755314,897.6052240307008,942.7321962590286,897.7393040234404,0.2088338155859143,fitted,compact,False
1278,TYC 4380-02248-1,120.04897806,73.91800583,5.513,1254.7872311110216,591.7851475058396,1254.8638822383678,591.8165666562629,0.08284055973229336,fitted,compact,True
1279,TYC 2667-00100-1,293.95125694,36.94454333,6.019,865.9506621459382,1099.4719927650456,866.0223798595823,1099.4309748028522,0.08261902730508257,fitted,compact,False
1280,TYC 4584-02918-1,290.39805833,76.55959833,6.583,1127.7003736966165,834.7433927269378,1126.519079388706,834.8102210610548,1.183183108459003,fitted,compact,False
1281,TYC 3568-02325-1,293.58234111,51.23705750,5.768,969.6947673732875,1014.2406537799856,969.7433882353673,1014.2021422377434,0.06202521354462579,fitted,compact,False
1282,TYC 6961-01626-1,333.57806806,-27.76691389,5.412,193.0327146044796,904.5576212353525,192.69152658230382,904.5654083552986,0.3412768754446594,fitted,compact,False
1283,TYC 5261-00524-1,3.72709083,-9.56955306,5.736,334.37973417372467,614.8766904265383,334.43476456043123,614.9388231139576,0.08299888136004685,fitted,compact,False
1284,TYC 4198-01814-1,261.42234639,60.04834333,5.647,1148.7013561610256,1008.4895384439168,1148.532012221268,1008.3725538263523,0.2058221821849656,fitted,compact,False
1285,TYC 4015-03523-1,6.19787250,61.83106306,5.376,949.5408345348258,668.529306883079,950.066549416865,668.4612200788845,0.5301056027839415,fitted,compact,True
1286,TYC 5777-01229-1,321.30423889,-9.74815861,5.738,365.7042450093514,1024.9069364271659,365.71132310212937,1024.9680692882341,0.06154125526639131,fitted,compact,False
1287,TYC 1290-01638-1,76.95177750,20.41845278,5.304,897.9991325717932,128.81358437511113,898.0362734877909,128.49012648524922,0.325583252264412,fitted,compact,False
1288,TYC 2138-02081-1,295.09893306,23.48008750,7.097,755.4642660812156,1160.4635059452535,754.6237699957946,1160.9894050945713,0.9914653724972583,fitted,compact,False
1289,TYC 4615-03832-1,13.71994056,83.70745972,5.598,1135.4505454412038,701.4933056020355,1135.145984097768,701.5826569153994,0.31739765140163084,fitted,compact,False
1290,TYC 6380-01740-1,332.24578833,-18.51957472,5.766,270.3964970570422,920.9561782023593,270.17395782870403,921.1105278748214,0.2708274903670423,fitted,compact,False
1291,TYC 4551-02415-1,194.69710000,75.47247694,6.105,1293.5819035049844,774.6255809107787,1293.4095514925411,775.3577494711565,0.7521808406220637,fitted,compact,False
1292,TYC 4265-00942-1,342.84380833,61.69664417,6.028,946.4595230679404,766.6572929351515,946.9346576737336,766.8653531639801,0.518692541340672,fitted,compact,True
1293,TYC 2625-02541-1,271.45666000,32.23072000,5.842,961.9654294209906,1225.5146583413589,962.0256881564529,1225.626266443649,0.12683644466917665,fitted,compact,False
1294,TYC 1079-03514-1,299.05930528,11.42370861,5.278,633.0340939777165,1180.1521629093709,633.0958197594837,1180.0974201100446,0.082503613332095,fitted,compact,False
1295,TYC 3205-00645-1,338.62578278,40.77490639,7.000,768.0987424466999,820.0661517124536,767.9697745774669,819.6992990511219,0.3888619117638693,fitted,compact,False
1296,TYC 3187-02159-1,324.23740167,40.41349250,5.060,788.7351608971388,912.194391565311,788.95518262058,912.4658200501084,0.349403750903505,fitted,compact,True
1297,TYC 1645-00540-1,309.79429056,21.81740639,6.067,674.8226253392922,1067.3580392051042,675.1626160991076,1067.3347269239352,0.34078905383406866,fitted,compact,True
1298,TYC 1096-01683-1,309.45457139,11.37769639,5.424,586.8497645248043,1099.5631247665638,587.097567989973,1099.3468246889836,0.3289259504976507,fitted,compact,True
1299,TYC 2863-02187-1,55.28267417,37.58026139,5.531,886.9675000263251,335.1073331079898,887.0388280814044,335.4096418918577,0.31060954950722436,fitted,compact,True
1300,TYC 2170-02452-1,310.94860472,23.79111750,6.912,687.1060848754279,1052.8118250907808,687.5515256727723,1052.7513606215653,0.4495258123582484,fitted,compact,False
1301,TYC 8012-01248-1,346.71986556,-43.52032583,4.452,60.533237578404304,769.2083488536869,61.12221758650219,768.9112832797408,0.6596555200730725,fitted,compact,False
1302,TYC 3572-02102-1,305.52228222,45.79490333,5.692,886.4073636261129,995.4738769414083,886.3547595153697,995.247831549129,0.2320855700765937,fitted,compact,False
1303,TYC 6421-01924-1,9.33280333,-24.76725861,5.739,217.75451395994247,557.0890687466252,217.1432730172544,557.1455377001904,0.6138438178681641,fitted,compact,False
1304,TYC 1181-01782-1,2.25976222,18.21202417,5.672,566.7216168306255,643.5063639553924,566.8235863904702,643.4416949789198,0.12074712275214836,fitted,compact,True
1305,TYC 1725-02097-1,358.12204750,19.12036722,5.258,571.8939397110289,679.1378739583483,571.8041076011153,679.1876086322216,0.10268079546244051,fitted,compact,True
1306,TYC 3728-01416-1,55.67806111,59.96938556,5.929,1036.7157695122435,482.7055621223318,1036.6325663853277,482.7748053016521,0.10824683926542211,fitted,compact,False
1307,TYC 5192-02046-1,316.84111917,-0.76518444,6.701,454.6794340658277,1058.3607072445434,455.8237140927057,1058.508588448688,1.153796182369814,fitted,broad_blob,False
1308,TYC 5229-01622-1,336.02862083,-4.83700222,5.774,378.55535527119383,883.1187789582877,378.68595397254495,883.1855889861067,0.14669560529126538,fitted,compact,False
1309,TYC 2236-00811-1,348.65176167,24.10288694,6.468,614.6042360510614,758.8015692994287,614.2560789116943,758.6848626083636,0.3671972840744697,fitted,compact,False
1310,TYC 3550-01848-2,288.02016361,49.85242778,6.672,983.3741813558332,1043.0642988495476,983.3218743794318,1042.8561148382696,0.2146546117186119,fitted,compact,False
1311,TYC 4445-00929-1,296.07668167,69.33711528,5.906,1076.838067184531,881.9823204798136,1076.6690728414192,881.9032050914816,0.1865967113179985,fitted,compact,False
1312,TYC 4032-00369-1,29.63841333,61.69781500,5.997,979.6770303460627,575.6376451411742,980.2325534484705,575.9439523981723,0.6343737486675837,fitted,compact,False
1313,TYC 5224-01807-1,331.19764000,-0.90624444,5.303,419.35704060567843,926.8609513819596,419.47577410622887,926.9437872908484,0.14477372674070677,fitted,compact,True
1314,TYC 3253-01987-1,10.86704167,47.02463111,4.972,826.8561322643561,617.6836001519198,827.1873930733909,617.3044680470125,0.503462885001288,fitted,compact,False
1315,TYC 3851-00126-1,204.87739806,52.92107722,5.472,1415.660371563859,934.7814867533361,1415.4389788862836,934.4862089986666,0.3690578140165096,fitted,compact,False
1316,TYC 3590-03348-1,321.33081778,46.71423083,5.620,848.5048210455528,909.3379996549003,848.6629437012042,909.5854106437863,0.2936238608352616,fitted,compact,False
1317,TYC 4600-02635-1,339.30361667,75.37179167,5.968,1064.742827178075,754.8244613511627,1064.7068883502743,754.8072741005632,0.03983718020715071,fitted,compact,False
1318,TYC 5833-00746-1,356.81641861,-11.91091056,5.850,310.58322348252125,681.592904303019,310.6439715797235,681.6279965419266,0.07015551685529808,fitted,compact,False
1319,TYC 2404-01350-1,84.65874667,30.49244417,5.458,1022.8789269034538,177.3779202697063,1022.9999078439887,177.0552598192122,0.3445956388083702,fitted,compact,True
1320,TYC 1199-01947-1,17.45501694,19.65838472,5.642,602.9473270194729,518.3059172805669,602.6991519605283,518.3144699798189,0.2483223883315219,fitted,compact,False
1321,TYC 1717-02193-1,344.36608500,20.76869056,5.526,587.7161388348902,795.1576227190476,587.6799316927527,795.3800831040365,0.22538762173464308,fitted,compact,False
1322,TYC 2312-02432-1,30.74152694,33.28415000,5.520,754.1607095728384,455.27916571763984,754.193574223565,455.08092560307114,0.20094583422303278,fitted,compact,False
1323,TYC 4567-00352-1,240.88081472,76.79389194,5.728,1218.6771930083007,842.0865293140139,1218.4142291090072,842.0624409341458,0.26406488289112146,fitted,compact,False
1324,TYC 3489-01587-1,235.71175194,52.36083417,5.473,1266.2885910673024,1062.9834022518892,1266.355689798346,1063.0571343207212,0.09969281660135801,fitted,compact,False
1325,TYC 3301-02749-1,44.95742889,47.22064139,5.581,913.4654889776843,438.6282023726381,913.41431035503,438.6962003680782,0.08510569194049067,fitted,compact,False
1326,TYC 5846-00131-1,5.44265694,-20.05799472,5.926,250.94887440543312,595.5945125969297,250.7252946880502,595.4444895202522,0.2692486092086601,fitted,compact,False
1327,TYC 0003-01464-1,6.35090083,1.93972167,5.864,432.696504441875,595.4983262554122,432.92125761444026,595.5776852699504,0.23835234793606178,fitted,compact,False
1328,TYC 0555-01661-1,324.43172139,6.61839472,6.181,498.0075006761743,981.537990744713,498.29077843619723,981.4258719018037,0.30465870126905453,fitted,compact,True
1329,TYC 0618-01485-1,16.27230111,14.94600833,5.680,559.7164079459111,520.4546334710491,559.8479471509037,520.4427418410434,0.1320756348244154,fitted,compact,True
1330,TYC 0569-01948-1,344.86418861,0.96308194,5.536,418.11647862777465,797.8295575259227,418.442848099333,797.7723513952076,0.3313450970765469,fitted,compact,False
1331,TYC 0599-01372-1,7.08347167,10.19033111,6.083,503.52807101886145,594.9424584873599,503.5413232183159,595.0288825619763,0.08743421220368519,fitted,compact,False
1332,TYC 1261-01718-1,59.21681278,22.47824806,5.657,794.6755011162295,230.21926441953946,794.5340566012293,230.25393099630594,0.14563077411163125,fitted,compact,False
1333,TYC 3282-02272-1,22.52542417,47.00737278,5.372,846.6498339140675,551.1951189472486,846.9723808510018,550.9314312008001,0.4166146350679612,fitted,compact,True
1334,TYC 3817-01650-1,149.96549139,56.81187389,5.661,1418.3504078746787,573.4531366478683,1418.0439513408576,573.5935275210387,0.33708337898983887,fitted,compact,False
1335,TYC 0558-02755-1,330.27087889,0.60474333,5.743,433.75777532525035,934.4679165084187,434.03014758164164,934.5297593762207,0.2793048269358279,fitted,compact,True
1336,TYC 2832-02581-1,39.23785583,38.73396222,5.962,827.6344667118341,424.8296269567226,827.4236430483523,424.91184002139795,0.22628655525056926,fitted,compact,False
1337,TYC 4129-02553-1,120.62842417,63.09034056,6.151,1292.673472313469,500.18050271115527,1292.7589987296938,500.20388623578526,0.08866542221402005,fitted,compact,False
1338,TYC 4625-00120-1,62.50125000,86.62633778,5.872,1174.2223159638434,691.7515034665159,1174.0597668967487,691.7294195959942,0.1640423620610727,fitted,compact,False
1339,TYC 3483-01859-1,234.56728194,46.79798389,5.784,1273.5649430831602,1113.28583599855,1273.676145007618,1113.2903679760402,0.1112942353543339,fitted,compact,False
1340,TYC 0598-01610-1,4.19031917,10.24475889,6.721,500.9228991942167,620.8712040360499,500.5886633207483,620.9924363771639,0.3555431051858157,fitted,compact,False
1341,TYC 2707-01862-1,320.34136778,32.61276667,6.045,731.7235716311353,960.8363746462439,732.2511103344644,960.203961580663,0.8235553223844204,fitted,compact,False
1342,TYC 0067-01753-1,54.96309500,3.05684333,5.658,607.1888790538117,177.24345794991186,607.034930699685,176.9286310234918,0.35045126528151826,fitted,compact,False
1343,TYC 3626-01877-1,344.26872694,48.68407972,5.323,832.4245027279804,774.6493038018687,832.73202972503,775.1091145895431,0.5531715957784555,fitted,compact,True
1344,TYC 6974-01440-1,345.02403500,-25.16399500,5.797,205.0091290293221,794.4409360258086,204.46646021271715,794.4908170317669,0.544956474657237,fitted,compact,False
1345,TYC 2752-02220-1,350.20627750,30.41507806,5.741,669.2530524087167,744.8019901436406,668.907663539525,745.0144721114136,0.40551455903610584,fitted,compact,False
1346,TYC 1688-02119-1,331.86883917,19.47543889,5.772,592.5938484738455,900.3990037463385,592.6642024285377,900.4375234112327,0.08020874967483145,fitted,compact,False
1347,TYC 0594-00374-1,0.62397639,8.48557500,5.728,482.35786370604205,652.1385628535927,482.47843580765226,652.2035906792491,0.13698996239253078,fitted,compact,True
1348,TYC 2649-01153-1,280.90039250,36.55647000,6.154,931.8490144507515,1160.9037377391057,931.5812011355206,1160.4242994431902,0.5491675986485095,fitted,compact,False
1349,TYC 5831-00395-1,358.21039139,-8.99669944,5.878,334.85647921202036,668.7600880852851,335.11042791861354,668.7167611492631,0.25761826209608046,fitted,compact,False
1350,TYC 4384-01976-1,155.26427139,68.74772944,5.898,1345.4811824111325,651.0425575895024,1345.7780933498411,650.8690437691306,0.34389409908406604,fitted,compact,False
1351,TYC 1675-02182-1,320.05862806,22.02617417,6.264,642.537508376689,989.944261054144,642.6066654066442,989.8893963488274,0.08827701106013155,fitted,compact,False
1352,TYC 2846-01428-1,43.42741611,38.33767167,5.391,840.3056365268646,399.74024831211403,840.2300624367607,399.87579769907353,0.15519368350591475,fitted,compact,True
1353,TYC 6403-01036-1,353.70554611,-15.24579917,6.101,282.8018784356892,711.2865421266856,282.711196974075,711.4685369219142,0.20333527232325663,fitted,compact,False
1354,TYC 3770-02146-2,102.05098361,55.70443306,6.275,1220.2130498417598,397.4197435238127,1220.3410064850875,397.39205191242826,0.1309187836513984,fitted,compact,False
1355,TYC 8020-00837-1,353.70977639,-42.68429167,6.680,67.5110352031395,705.3649663411322,67.50491542164968,705.6811201030447,0.316212986603782,fitted,compact,False
1356,TYC 5202-01366-1,320.26802167,-4.56015167,5.951,413.0978663169823,1030.8743525524546,413.0551047821485,1031.1955831724827,0.32406428390818903,fitted,compact,False
1357,TYC 6943-01015-1,324.04544694,-26.17145833,5.753,220.34701541793976,997.2572700393407,220.0496165610947,997.3441034936905,0.30981628241114073,fitted,compact,False
1358,TYC 5856-02246-1,28.21704000,-16.92913139,5.814,319.50323965464816,377.1718221759521,319.2577556400169,376.8312995370324,0.4197833596705749,fitted,compact,False
1359,TYC 3218-02413-1,340.36938139,40.22546167,5.205,761.4424026974352,808.445183061171,761.3120691857514,808.9363636048774,0.5081782667368248,fitted,compact,False
1360,TYC 3260-02342-1,6.06518500,52.01992417,5.561,864.858799081889,653.3749128727677,865.3593110331295,653.1193605989764,0.5619779159135673,fitted,compact,True
1361,TYC 1277-01628-1,67.00302194,21.62000306,5.745,836.4401763951407,182.9643948147151,836.4359034366727,182.9069356776863,0.05761779761638339,fitted,compact,False
1362,TYC 2961-02073-1,111.03529472,40.67243750,5.328,1262.3200538031251,266.52934207874273,1262.3088555793204,266.6316392751962,0.10290829227338943,fitted,compact,False
1363,TYC 7003-02207-1,25.53601083,-32.32686417,5.371,182.23140568168458,404.9450702072823,182.25658210524762,404.84809413889815,0.10019086855933106,fitted,compact,False
1364,TYC 2331-01545-1,38.21939917,34.54245389,5.948,789.9487489670631,412.7587517829332,790.1214364888953,412.6496854047989,0.20424606492134434,fitted,compact,True
1365,TYC 2259-00552-1,1.89657167,31.66904972,7.000,682.1596246237714,656.0788854708586,683.2598729901513,656.4888513138628,1.1741458427945817,fitted,compact,False
1366,TYC 3725-01884-1,58.42998944,57.97536389,5.810,1034.4708071082912,460.65689842068906,1034.3646338000583,460.8557605195871,0.22543048986159822,fitted,compact,False
1367,TYC 6422-00764-1,13.16917722,-24.00592278,5.616,228.88631703836018,520.048527150948,228.49267531954456,519.9411235297391,0.40803105352520097,fitted,compact,False
1368,TYC 2141-02712-1,299.79408333,23.10127528,5.714,728.3910884922243,1132.5947013115772,728.4567848847746,1132.2961891586476,0.30565588729937104,fitted,compact,True
1369,TYC 1096-01682-1,308.48749694,13.02720417,5.390,605.0008812768114,1102.9182794193714,605.142700106459,1102.8075657707814,0.17991690422729648,fitted,compact,True
1370,TYC 5231-01818-1,334.27709139,-5.38721056,5.848,376.6116380277869,900.0960389456941,376.56912190276955,900.0730188664246,0.048348163730021584,fitted,compact,False
1371,TYC 3127-02260-1,283.71740917,41.60273000,5.571,950.0952455838313,1115.3629741000975,949.9964410738392,1115.2060702713648,0.1854215269751553,fitted,compact,True
1372,TYC 5255-01145-1,356.98537222,-2.76161194,5.594,385.83669589168795,682.1543236154564,386.0233120194733,682.1764593785875,0.18792437617027613,fitted,compact,False
1373,TYC 3679-02248-1,26.19229694,57.08922361,6.236,937.3129291122566,569.5467337404702,937.2006587071161,569.6136163364073,0.13068253712602432,fitted,compact,False
1374,TYC 1135-00877-1,330.28849694,8.25717111,5.802,498.9696379202908,927.7230979003772,499.27944559605106,927.5706976585102,0.3452631310770149,fitted,compact,False
1375,TYC 1227-01401-1,44.10830167,18.02362306,5.635,679.0163826506828,308.52828239724454,679.2303831751489,308.6829317888181,0.2640315488456559,fitted,compact,False
1376,TYC 3211-01216-1,333.76469472,43.77344139,6.952,800.1854750869851,844.5834329117581,800.3818820043012,845.3853411664035,0.825610396033137,fitted,compact,False
1377,TYC 0642-00412-1,40.62062167,10.74177750,6.318,601.121848352487,311.3754762353287,602.1879544117539,311.2566993863559,1.0727022277676543,fitted,compact,False
1378,TYC 6958-01670-1,333.43496306,-25.18092444,5.641,214.19146593655097,907.2903391396308,213.88918947556613,907.3747702907391,0.3138465837682467,fitted,compact,False
1379,TYC 3927-01603-1,284.18782417,57.81498972,5.794,1046.5045941525073,995.1384565104496,1046.5121204171871,994.9775447477359,0.16108767811243557,fitted,compact,True
1380,TYC 1604-01460-1,291.09198778,16.93775361,6.257,721.8584609800027,1215.3010065845083,722.1118940425202,1215.5986409493103,0.39091499368542715,fitted,compact,False
1381,TYC 4355-00763-1,79.55521778,73.26813250,5.796,1162.4943677475017,561.9843785308425,1162.239175339506,562.0394686598587,0.2610710390175422,fitted,compact,False
1382,TYC 3375-01206-1,94.57022917,46.36075056,6.451,1160.9750837347258,305.08052216728294,1161.346201876991,304.68479236589974,0.5425225813007063,fitted,compact,False
1383,TYC 1745-02183-1,12.47006389,27.71083583,6.326,662.2263486397542,571.5208599405163,662.1026930917043,571.371628756407,0.19380567812681823,fitted,compact,False
1384,TYC 3330-03020-1,58.99232639,47.87146861,5.366,974.7535455084301,386.30466258963736,974.8390183601736,386.4770980116466,0.19245670460825215,fitted,compact,True
1385,TYC 2132-03895-1,290.71201917,26.26242944,5.172,800.3089028624587,1174.0643251643785,800.1838539217722,1173.9864972201062,0.14729027964010646,fitted,compact,True
1386,TYC 3823-01032-1,163.39382139,54.58515111,5.264,1460.6519658749426,649.282899632066,1460.0052301773044,649.27200850681,0.6468273952213851,fitted,compact,False
1387,TYC 6962-01577-1,335.87829111,-24.76265500,5.634,214.70849543589966,883.752048524617,214.5024138711591,883.837719198751,0.22317946978272402,fitted,compact,False
1388,TYC 3605-02848-1,331.31884778,46.74488250,6.391,829.6378739543339,852.9998765546534,829.7613694291617,853.4120049829294,0.43023362687751504,fitted,compact,False
1389,TYC 4038-01991-1,17.85632639,64.20272028,5.538,981.1535559928411,628.8641547460079,981.4638719952284,628.8256194325542,0.31269952305781257,fitted,compact,False
1390,TYC 1732-02731-1,0.54030806,27.08439917,5.834,642.5561894064786,663.6134686088636,642.2371952777,663.5846969253942,0.32028903191466007,fitted,compact,False
1391,TYC 3146-01835-1,290.98537083,43.38823472,5.956,926.5915905380525,1074.7784285095825,926.6993585080434,1074.680782234194,0.14542603086505476,fitted,compact,False
1392,TYC 3803-01702-1,124.46007639,59.57112778,5.647,1317.7685196122932,480.71574988751405,1317.9021120046461,480.4799864322668,0.270982165694925,fitted,compact,False
1393,TYC 1841-01388-1,68.65829667,28.96120500,5.869,901.1171209523299,220.5697896653579,901.1355838886983,220.47537529444145,0.09620266864745722,fitted,compact,False
1394,TYC 4085-02992-1,82.54253778,63.06723028,5.618,1147.209139616805,464.8424556119169,1146.9189310136155,465.02185287553766,0.3411809073788178,fitted,compact,False
1395,TYC 1733-02463-1,3.34972000,26.98759361,6.354,644.0802462171856,641.7314741402207,643.6893200619538,641.3356148457211,0.556352262407573,fitted,compact,False
1396,TYC 4480-01545-1,338.26138111,69.91337361,6.058,1019.5709847056622,769.0449566670245,1019.6122495032953,769.1134886359458,0.07999633921580623,fitted,compact,False
1397,TYC 1746-01870-1,14.45894944,28.99223444,5.557,676.7649608715509,558.723722664849,676.737087596959,558.5326940617261,0.19305140933839773,fitted,compact,False
1398,TYC 5837-00998-1,358.12518722,-14.25120778,5.989,292.2344214131193,668.272999750311,292.176807316033,668.3006712699249,0.06391476496725025,fitted,compact,False
1399,TYC 3302-00908-1,35.24239167,50.15153722,5.547,904.0398766799733,498.888098138883,904.1742166018588,498.4223446682754,0.48474066261786664,fitted,compact,False
1400,TYC 1816-01891-1,65.99900111,24.30102361,6.359,850.1324823561391,204.13531811186365,850.1930138764571,203.80757663527652,0.33328447372706566,fitted,compact,False
1401,TYC 5276-02115-1,21.71482083,-13.05653361,5.543,335.5559344017322,440.4452760029352,335.37026574058825,440.25468915949415,0.26607554683550233,fitted,compact,False
1402,TYC 5796-01288-1,326.63367000,-11.36593056,5.566,339.7535745671151,974.8820712982546,339.7898657031136,975.002003654696,0.12530289970166297,fitted,compact,False
1403,TYC 1276-01623-1,64.85866556,21.14241028,5.471,818.6917797066046,191.73319878322468,818.7820358553781,191.51198074434762,0.238921730104307,fitted,compact,True
1404,TYC 5729-02871-1,297.69500667,-10.76358778,5.425,440.17196255597685,1240.7490328784158,440.01273754461624,1240.8026280945849,0.1680031292535587,fitted,compact,False
1405,TYC 6977-01089-1,345.33062528,-28.85390861,5.697,175.3218143783551,790.0944690349595,175.08259540938525,790.1527990500334,0.24622775183460213,fitted,compact,False
1406,TYC 4337-00843-1,68.37760000,72.52881139,5.964,1134.0545353905811,562.7189308829924,1133.9006589381615,562.7472443277512,0.15645962342837258,fitted,compact,False
1407,TYC 5272-00152-1,14.68286056,-11.37994139,5.719,334.68238199282933,508.3429902890452,334.6957062900338,508.3374355766392,0.014435779366070206,fitted,compact,False
1408,TYC 1243-00946-1,55.57893694,19.70028472,5.666,751.3574190956685,238.48081230952283,751.4916669736706,238.43278914980772,0.1425788084431722,fitted,compact,False
1409,TYC 7505-00100-1,344.09933528,-31.56519611,6.601,154.24347008437422,801.4960177636692,154.21897738246435,800.8256220995038,0.6708429316752533,fitted,compact,False
1410,TYC 6299-02609-1,295.18060111,-16.29314861,5.421,398.96036422006665,1267.8718727291393,399.0810767447842,1267.6438221878354,0.2580282213492996,fitted,compact,False
1411,TYC 1792-01419-1,49.98254944,27.07130139,6.013,780.9536351874486,307.4795592490162,781.0216808105246,307.7439673116018,0.27302349785335045,fitted,compact,False
1412,TYC 3941-01957-3,304.60316028,55.39717028,6.009,961.5805492609558,947.8077247350069,961.497266626747,947.8287677169176,0.08589996652180765,fitted,compact,True
1413,TYC 3368-01338-1,86.47520083,49.82628194,5.464,1124.4126785393116,340.5698956200825,1124.4586223600484,340.50257737646564,0.08150202811922867,fitted,compact,False
1414,TYC 4576-01486-1,259.90436528,80.13639917,5.886,1184.7165778467331,817.2205555275664,1184.436364819856,817.3056268566631,0.2928420589088113,fitted,compact,False
1415,TYC 2692-03651-1,313.47460917,33.43781111,5.644,759.7239289685589,1002.98669385967,759.7692509231478,1003.079462784816,0.10324801712619003,fitted,compact,False
1416,TYC 2888-02055-1,68.35374889,43.06387861,6.125,991.1738900831532,320.51430068766877,991.1742768062579,320.595308408689,0.0810086441045079,fitted,compact,True
1417,TYC 2452-02167-1,112.27756333,31.78410000,4.198,1258.2439588365303,182.55751634658048,1257.6162872390064,183.18990223353399,0.8910014278081444,fitted,compact,True
1418,TYC 3347-01767-1,72.78900472,48.74075917,5.754,1046.3013184715332,352.7838459941609,1046.2365755367864,352.8619450222852,0.10144508757745081,fitted,compact,False
1419,TYC 2350-02033-1,52.08616861,33.80769194,5.721,843.5360985240106,329.8162528665176,843.5410668515403,330.01788171131557,0.20169004767964163,fitted,compact,False
1420,TYC 5219-01319-1,328.54309861,-4.27596361,5.838,395.8778636329054,953.7371372235344,395.97285804016224,953.8596727261719,0.15504478971151026,fitted,compact,False
1421,TYC 2367-01075-1,56.13082667,36.46020222,5.598,883.1852245055344,324.46813570062585,883.1299205260892,324.72939695915534,0.2670505108605547,fitted,compact,False
1422,TYC 6333-02130-1,307.47454972,-18.58298417,5.907,329.22955958409347,1156.7886131245018,329.07893051928835,1156.8727026023384,0.17251131976453896,fitted,compact,False
1423,TYC 2144-01672-1,298.00664222,24.99217083,5.668,752.4800924983931,1136.1636146821909,752.5288004774736,1135.9197178399218,0.2487129608503702,fitted,compact,True
1424,TYC 2864-00995-1,59.91658833,38.82038778,6.600,918.3056476698276,322.72743744330666,919.0833869097396,322.3075190493189,0.883860725967672,fitted,compact,False
1425,TYC 3888-01885-1,260.43896333,53.42042417,5.850,1133.724846278503,1070.1581419927911,1133.6384363112193,1070.1589289923581,0.08641355110340554,fitted,compact,False
1426,TYC 7007-02243-1,33.22691806,-30.72384222,5.257,213.77983462779827,331.81627323958713,213.83905063820032,331.86766914355104,0.07840966032449911,fitted,compact,False
1427,TYC 4513-02820-1,50.08162500,77.73489500,5.471,1123.8680601816134,625.9117007225694,1123.7465480355643,625.9968709148554,0.14838855512300078,fitted,compact,False
1428,TYC 1616-00837-1,299.00526389,16.63481639,5.815,677.8248729087513,1162.7372171316842,678.0171190615532,1162.6450614989812,0.21319297339737955,fitted,compact,True
1429,TYC 4405-01858-1,201.53344333,72.39149583,6.004,1307.3127734554819,806.9460448856544,1307.2008207171657,806.9383002068199,0.11222029970882812,fitted,compact,False
1430,TYC 4310-00903-1,25.58519611,68.04304444,5.547,1022.5436649764083,617.8388663389425,1022.4415492648606,617.8917065537483,0.11497698398216868,fitted,compact,True
1431,TYC 0575-00231-1,344.67767889,7.34022889,6.346,472.3403086353382,797.0497498008999,472.37682103649865,798.0448621578435,0.9957819833579148,fitted,compact,False
1432,TYC 0513-02555-1,314.29404722,0.46392194,6.186,474.8444902536929,1079.5730402073227,474.69502434494666,1079.5930198008318,0.15079536476343017,fitted,compact,False
1433,TYC 4448-02480-1,292.75120583,70.98926083,6.227,1093.5325544045268,875.9145905673786,1093.3818513862755,875.5994678812453,0.3493046049308248,fitted,compact,False
1434,TYC 0555-01662-1,324.63282111,5.77167417,5.689,490.3106086042283,980.734157739282,490.52221119447677,980.706790585286,0.21336498615680444,fitted,compact,False
1435,TYC 4153-00048-1,173.08644472,61.08275639,5.553,1416.7042989303739,718.0175428714782,1416.5302520398877,718.0630473429876,0.17989712897997517,fitted,compact,False
1436,TYC 4550-02113-1,181.31149639,76.90594861,5.900,1290.425587812144,739.8552627714447,1290.1783507785744,739.7458964134921,0.2703463538131288,fitted,compact,False
1437,TYC 4717-01349-1,56.23526833,-0.29671639,5.718,584.4688608651979,157.29797775000844,584.3638637180791,156.9298910115316,0.3827691836415569,fitted,compact,False
1438,TYC 1845-03942-1,77.02759167,24.26518444,5.506,926.001529924979,154.6608271585508,926.0508464134907,154.2819821888163,0.3820413945271702,fitted,compact,False
1439,TYC 4279-02745-1,350.63552250,60.13348806,5.722,930.3344740833217,734.4437795807956,930.7263811297003,734.5048085579377,0.3966303935053539,fitted,compact,True
1440,TYC 3666-01063-1,7.58296167,59.97756444,5.935,935.3108059900197,659.4505051375542,935.2810626414202,659.258875258422,0.1939244114651853,fitted,compact,False
1441,TYC 4232-03063-1,303.36488056,60.64043583,5.958,1002.5491579915513,921.3859778629579,1002.4266751181876,921.3399606413682,0.13084203816150383,fitted,compact,False
1442,TYC 2734-02466-1,336.94258944,31.83997889,6.155,691.9301074885929,843.4721607760421,691.8174351499105,843.836439863488,0.3813060574585216,fitted,compact,False
1443,TYC 5162-01127-1,304.93017333,-1.07859167,6.164,496.4896411860565,1163.5695902423658,496.32755097189573,1163.721160241717,0.22191598011400132,fitted,compact,False
1444,TYC 1058-00252-1,297.57283056,7.90242778,6.464,609.8470076676683,1202.276472523909,609.7975768443955,1202.3481489279816,0.08706843969089793,fitted,compact,False
1445,TYC 2117-03004-1,283.55521722,27.90969361,5.799,853.814906065776,1203.3403120628775,853.9402283399087,1203.3083194863325,0.1293413984298268,fitted,compact,False
1446,TYC 0579-01836-1,345.17874083,3.01199917,6.004,435.44782519138954,794.5567890405091,435.4681518660669,794.441119082021,0.11744238161783851,fitted,compact,False
1447,TYC 2830-02553-1,32.72013972,39.03957250,6.047,807.7924600255363,464.0184141187911,807.8467416019059,463.85149462187644,0.17552381030336142,fitted,compact,True
1448,TYC 1187-01876-1,9.19713194,15.23175944,5.839,549.4733551047933,581.2003037480248,549.486719309238,581.3053290081305,0.1058721267411809,fitted,compact,False
1449,TYC 0590-00504-1,357.91750722,4.69784306,6.980,448.91735885345867,675.3206480589957,448.8261299000033,675.5701852120754,0.26569063347374766,fitted,compact,False
1450,TYC 4184-01637-1,232.73295194,64.20851556,5.847,1265.8216033083947,946.708557024495,1265.8572957638257,946.7033261789431,0.036073717854979336,fitted,compact,False
1451,TYC 2713-02875-1,315.30361083,36.02602639,6.108,775.7148349492863,982.3137645132399,775.5787326086584,982.3224745396196,0.13638075994784532,fitted,compact,False
1452,TYC 2253-00586-1,351.91820639,25.16736528,5.968,623.4952338138626,732.176117012716,622.8278565778102,732.0089222297452,0.6880017955307935,fitted,compact,False
1453,TYC 3661-00324-1,6.66438222,56.64120583,6.577,905.8420944315498,658.1614226990796,905.8717994284041,657.5574708098817,0.6046819588046508,fitted,compact,False
1454,TYC 3889-01067-1,265.99651472,53.80175194,5.745,1107.0092061603325,1061.6870704444693,1106.9334386767039,1061.6035738221203,0.1127492683750357,fitted,compact,False
1455,TYC 1859-01469-1,80.30287111,29.56988556,5.666,985.0029230514232,181.86862640257237,985.1044250732135,181.6179527806728,0.27044394085240625,fitted,compact,False
1456,TYC 0062-01579-1,48.10987306,6.66088500,5.680,602.1430306277414,240.82676389810624,602.0446410586394,240.7230687512158,0.14294471237755443,fitted,compact,False
1457,TYC 4634-02068-1,222.58192694,82.51246639,5.708,1223.0830821589147,777.7672198218756,1223.017016097666,777.7340763344627,0.0739135657833178,fitted,compact,False
1458,TYC 0644-00770-1,45.18373500,10.87046917,6.128,623.6187427552426,276.38974087151246,623.9201843733504,276.33328879795096,0.30668205969184853,fitted,compact,False
1459,TYC 5857-00394-1,24.71546944,-21.27547250,5.612,273.7077112159361,409.1971431283835,273.3530240178887,409.0191317760353,0.39685142058909023,fitted,compact,False
1460,TYC 4438-01527-1,278.97810361,72.38021694,6.944,1131.4543206612434,882.7275776933734,1130.9665819072331,882.261242635621,0.6748018066457907,fitted,compact,False
1461,TYC 3141-03692-1,297.65553833,40.59977778,5.669,877.1532330142109,1061.0280656361263,876.9099627443204,1060.9163203057215,0.2677077568540892,fitted,compact,True
1462,TYC 5272-01142-1,12.35649583,-13.56102861,5.746,312.85206751465535,529.8587184220269,312.67768255368287,529.7963797987418,0.1851923825821447,fitted,compact,False
1463,TYC 1805-01736-1,50.54954389,27.60757528,5.662,788.0559106493324,306.79535269430136,788.0580938906357,306.9144279885992,0.11909530744199458,fitted,compact,False
1464,TYC 7006-02299-1,30.31163639,-30.00157917,5.445,212.81816636754849,358.4871317528175,212.74089939357646,358.4873851523984,0.07726738948704016,fitted,compact,False
1465,TYC 0017-01398-1,12.09400417,5.28325139,5.828,469.4895483936065,545.1558593494834,469.6127048719549,545.2962531941018,0.18675639149950862,fitted,compact,False
1466,TYC 4607-01903-1,321.20587167,80.52485361,6.070,1116.1699456106376,769.9261317457217,1116.1851108986689,769.4448371789376,0.4815334318372302,fitted,broad_blob,False
1467,TYC 2285-00553-1,14.55915361,33.95104639,6.093,719.8560852982196,567.5984358031576,719.7177344484633,567.2645784823129,0.3613885281935273,fitted,compact,False
1468,TYC 1670-00650-1,326.76958111,17.19406972,6.215,583.4486365493976,945.9792353022837,583.6011446744251,945.9126761530524,0.16639966510115153,fitted,compact,False
1469,TYC 5314-03037-1,68.54850278,-8.23136000,5.395,586.7121715558354,40.11885997616589,586.9071896148446,40.445584040784865,0.38050053579573506,fitted,compact,False
1470,TYC 4198-01479-1,259.02035361,60.71381722,6.929,1160.1671633318838,1003.3272889465076,1160.3435217857575,1002.98698429172,0.38328783221337365,fitted,compact,False
1471,TYC 3229-03137-1,347.61398306,43.54471556,5.954,785.6397741055748,758.1463088003895,785.6545567545323,758.6874961673367,0.5413892249143837,fitted,compact,False
1472,TYC 1746-00358-1,16.11489167,29.65907778,6.253,685.7123343663735,547.7473687999778,685.6956030197589,547.488014760491,0.25989316219881675,fitted,compact,False
1473,TYC 3466-01270-1,203.61404167,49.01591000,4.685,1441.926773370664,952.6840215898845,1440.8836410005883,952.3213027971885,1.104395791405669,fitted,compact,False
1474,TYC 6999-02321-1,15.60991972,-31.55203944,5.513,171.26686788823014,498.1749840111344,171.05787210023595,498.11399490378847,0.21771290869897178,fitted,compact,False
1475,TYC 1560-02170-1,267.19949389,19.25499611,6.128,903.2261093950731,1333.5987031998231,903.3180577114088,1332.4385427284603,1.1637984413934201,fitted,broad_blob,False
1476,TYC 3136-01425-1,296.86573417,38.40761639,5.809,863.6339206422577,1076.933296409446,863.754344286193,1076.7751188786028,0.1988013714296372,fitted,compact,True
1477,TYC 4084-02403-1,80.09422417,62.65371556,5.817,1136.5853971678544,462.7359066097573,1136.485109570071,462.9134659834019,0.20392384225053045,fitted,compact,False
1478,TYC 7003-02206-1,22.93021306,-30.28293194,5.906,194.90771789105963,428.4296807644511,194.06801740373578,428.05371384517804,0.920026104412048,fitted,compact,False
1479,TYC 4046-01304-1,38.16662778,61.73418361,7.458,997.5190039819809,545.1966937603189,998.8381372368399,546.5388888536962,1.8819139759194896,fitted,compact,False
1480,TYC 2789-01809-1,1.15248111,42.09256194,6.156,774.251746505985,671.0483007338553,774.4479040304458,670.4757017413513,0.6052663716242669,fitted,compact,False
1481,TYC 4446-01304-1,305.02493639,68.88025500,5.847,1054.7692654205507,865.6206032642831,1054.9446040307373,865.6004519081877,0.17649279128240075,fitted,compact,False
1482,TYC 2387-01014-1,72.30348000,31.43761028,5.705,941.6205548671398,222.67198458942548,941.6808186962917,222.51851522039965,0.1648774585358091,fitted,compact,False
1483,TYC 1212-01934-2,27.53597389,22.27458389,7.205,651.4703268026589,444.534483667061,651.6327737938601,444.6044538459889,0.17687524103034827,fitted,compact,False
1484,TYC 1739-02318-1,13.74169000,23.62847417,5.690,629.1908516211813,554.917281170135,629.1949533188363,554.849471456838,0.06793365249317722,fitted,compact,False
1485,TYC 4682-01383-1,19.95121556,-0.50899528,6.452,436.7851910758951,467.20353917080007,436.93373116103635,467.29404534441346,0.17394115199084648,fitted,compact,False
1486,TYC 2217-01848-1,333.41104389,28.60802556,5.997,669.0683436595016,874.6220928477144,669.0039345260419,874.8886150469227,0.27419449145428515,fitted,compact,False
1487,TYC 0540-02121-1,320.27000667,7.35454750,6.005,515.5968919094436,1016.9612626986127,515.7748581388662,1016.8473454138284,0.21130339937523787,fitted,compact,False
1488,TYC 5803-01997-1,334.21915722,-9.04004000,5.921,345.8820526324239,901.6752383134154,346.0670773188489,901.6695530118923,0.18511201268440639,fitted,compact,False
1489,TYC 6394-00835-1,346.30365611,-17.07915639,6.303,269.4323725325185,783.7747687286779,268.85628945454704,783.8750308925173,0.5847428616262386,fitted,compact,False
1490,TYC 6978-00050-1,347.08789194,-28.82357333,5.700,175.08071597508936,773.1076764343981,174.76305203082893,773.1074475533663,0.31766402671631083,fitted,compact,False
1491,TYC 0585-01200-1,354.09725778,2.10207806,5.719,425.5207615308886,710.6304893000147,425.77286433417436,710.6817391730254,0.2572593495058258,fitted,compact,False
1492,TYC 2235-00760-1,345.58767444,23.34048250,6.844,608.735547045098,783.1266371049858,609.1378998940838,784.0004255105365,0.9619740083608893,fitted,compact,False
1493,TYC 3679-02303-1,24.53151333,57.97764417,5.696,940.8009036449932,580.2843586816198,941.1666437766429,580.1950390421716,0.37648883368601677,fitted,compact,True
1494,TYC 2087-02410-1,262.95656278,28.40743778,5.648,999.4928899500877,1280.3414021158765,999.5848137833773,1280.2722469219048,0.11503230841773779,fitted,compact,False
1495,TYC 3060-01880-1,238.65781667,43.13841167,5.556,1243.5845329709346,1157.0852552073566,1243.4403957750112,1157.1348449157663,0.15242923088701285,fitted,compact,False
1496,TYC 2076-03366-1,264.37957639,24.30997028,5.768,961.9238401919234,1307.091192716241,961.848743896614,1307.1510130706838,0.0960100430937297,fitted,compact,False
1497,TYC 4006-01866-1,348.31181694,57.16767583,5.674,904.7116885292487,746.4928891649469,905.3508242835929,746.6837489846151,0.6670247246129526,fitted,compact,True
1498,TYC 5150-01328-1,297.79625639,-2.46088833,6.288,516.4015505196808,1226.20337196865,516.0912709943473,1226.7413650718863,0.6210555232595123,fitted,compact,False
1499,TYC 3797-02223-1,125.95219694,53.21994611,5.520,1343.5788923121595,431.00976833932356,1343.4995385701573,430.93388948380925,0.10979352022737393,fitted,compact,False
1500,TYC 4675-00412-1,7.50980500,-3.95729889,5.901,384.8432645502946,581.068679923481,385.10339012556767,581.0710900586533,0.26013674031690875,fitted,compact,False
1501,TYC 2906-02736-1,73.71343444,44.06099167,6.052,1026.501517529036,312.8820856364072,1026.4699119314566,312.96443734852613,0.08820837991517602,fitted,compact,False
1502,TYC 1836-01792-1,74.53907306,25.05051500,5.787,913.4875783433558,169.89394708837025,913.4716006644062,169.58109736664642,0.31325745738497507,fitted,compact,False
1503,TYC 5271-00069-1,10.95870194,-12.01133361,6.120,323.2182352728541,543.603653065126,323.27361062834234,543.9311260721736,0.33212196606105077,fitted,compact,False
1504,TYC 3727-02006-1,64.28363722,57.86047472,5.844,1055.5949023493404,445.5526410533622,1055.4762483957975,445.66107832013273,0.16074016771180616,fitted,compact,False
1505,TYC 4681-00247-1,18.70491611,-0.97428167,5.745,429.89824392250335,478.20212440690415,430.09347468339905,478.2741241634674,0.20808415351745846,fitted,compact,False
1506,TYC 2800-00766-1,17.79287083,37.72413694,5.771,758.4109398225003,553.7511807725197,758.3972989868064,553.4704085849162,0.2811033506204937,fitted,compact,False
1507,TYC 4396-01740-1,183.78554611,70.20007306,5.852,1341.558152157163,758.2536999772832,1341.7060812578939,758.378025059576,0.1932349474865796,fitted,compact,False
1508,TYC 1769-01309-1,33.92846111,25.04324222,5.637,696.2702389430036,405.5354292768359,696.2271653575918,405.6657491461448,0.13725378718604497,fitted,compact,False
1509,TYC 0599-01371-1,5.12638667,10.91780639,7.137,507.64423921644976,612.6822145582248,507.3337409787603,613.0987780926877,0.5195520511483279,fitted,compact,False
1510,TYC 2216-01897-1,331.39439472,28.96400278,5.677,675.6517414706759,889.2519327585702,675.6312243234868,889.4710245726676,0.22005039498548704,fitted,compact,False
1511,TYC 2781-01863-1,0.00500556,38.85928556,6.616,745.906810201162,676.9544743966859,745.1631308227694,675.6204100606118,1.5273462837978915,fitted,compact,False
1512,TYC 0060-01705-1,50.27821694,3.67568028,5.787,587.3601275761771,214.99230767694385,587.1221308618967,214.91917391421634,0.24897988524966405,fitted,compact,False
1513,TYC 3119-02541-1,284.50792250,38.26618361,5.868,923.2926547085642,1134.4353855973413,923.2403956571717,1134.4681519249787,0.06168176942405837,fitted,compact,False
1514,TYC 3391-02638-1,104.23385278,46.70552583,5.999,1223.0949834317983,313.50167194630774,1223.3092628868962,313.3544415876424,0.2599855061149027,fitted,compact,False
1515,TYC 5847-02334-1,11.93001194,-18.06141917,5.840,275.26077406238227,532.7342766583415,275.0655659534253,532.5758593306736,0.25140058772409946,fitted,compact,False
1516,TYC 4219-02344-1,279.38963111,62.52646861,5.718,1088.293988302684,966.5048138628504,1088.029570539154,966.5316070838683,0.2657717636670912,fitted,compact,False
1517,TYC 4022-01776-1,1.61052944,64.19616861,5.557,967.4465412361328,690.1489327649703,967.7156217480674,690.2467705446682,0.28631547816909086,fitted,compact,False
1518,TYC 4389-01792-1,149.59543528,72.87959333,5.965,1309.4882888656953,649.6458746209436,1309.5637859682115,649.6246477886303,0.078424427944368,fitted,compact,False
1519,TYC 6900-02236-1,300.66441639,-27.70987861,4.676,266.6843424520842,1215.7361528879135,267.4340979240252,1215.2217269481916,0.9092674607419768,fitted,compact,False
1520,TYC 4240-01067-1,301.18548167,63.89012083,6.291,1029.9576723075575,907.7832829659816,1030.2365778116812,907.3847204593611,0.4864569373686542,fitted,compact,False
1521,TYC 4230-00423-1,293.29193611,60.15867917,6.465,1028.7484063234378,954.2526631868666,1028.6389326230749,954.3459295480613,0.14381622023149332,fitted,compact,False
1522,TYC 4568-01503-1,255.11503278,75.22525306,7.018,1190.936955482629,863.7857147646989,1191.1902819319741,864.1137752166753,0.41448516268836755,fitted,compact,False
1523,TYC 4687-02318-1,23.42807361,-7.02514750,5.822,390.37562631947696,428.51355798786835,390.505832282926,428.47609294468236,0.13548882750478594,fitted,compact,False
1524,TYC 1217-01560-1,32.65644333,19.50039944,5.887,645.0831558822554,397.87439469498304,645.0987678044526,398.07436836498766,0.20058215476410057,fitted,compact,False
1525,TYC 1069-03885-1,296.14246222,13.30280833,6.235,663.7148374239074,1195.1809533406833,663.9636125697048,1195.1633153372813,0.24939962375775598,fitted,compact,True
1526,TYC 0596-01293-1,5.14943333,8.19025028,5.527,484.05203452378765,610.8669690478757,484.2075392436438,610.89478768773,0.1579733984595987,fitted,compact,False
1527,TYC 1611-01629-1,288.15301972,21.55456000,6.018,776.91524350303,1212.5521366371622,776.9787669841929,1212.608351363832,0.08482528015650012,fitted,compact,False
1528,TYC 1654-00625-1,319.79670861,17.82237556,6.729,607.2179960603376,1002.4083595272331,607.2807981602879,1001.411193868094,0.9991413591301849,fitted,compact,False
1529,TYC 0568-01923-1,340.70491417,0.23184417,7.012,415.41828563134163,837.2738475028824,415.70871481202306,837.177231341243,0.30607808102054596,fitted,compact,False
1530,TYC 1203-01939-1,20.85396889,20.46898694,6.184,617.6358466917529,492.56906088839804,617.6417388683384,492.48144558069663,0.08781321021650121,fitted,compact,False
1531,TYC 4486-02073-1,353.74596250,71.64204917,6.043,1029.8246902289723,721.2522847374304,1029.884635782696,721.3569694096248,0.12063312150355197,fitted,compact,False
1532,TYC 5291-01045-1,40.11060472,-14.44915861,6.733,380.39266359128857,267.0751330345083,379.9513877611921,268.1725957344209,1.182856177194296,fitted,broad_blob,False
1533,TYC 2398-00894-1,79.07563306,34.31221306,6.025,1004.8967109138606,222.12937889052756,1005.0024764681482,221.75028045748155,0.3935758813897276,fitted,compact,False
1534,TYC 4699-01214-1,40.30784167,-0.69536944,5.823,502.213606936778,285.9917994707634,502.1403167526439,285.9544909994214,0.0822397295975687,fitted,compact,False
1535,TYC 3121-02286-1,289.28781056,39.02856917,7.097,904.3639927402436,1108.988147717168,903.9167210613175,1109.1538552349352,0.4769810648379516,fitted,compact,False
1536,TYC 2159-02070-1,305.51429111,24.44611444,5.508,714.2385788945717,1088.7199304991227,714.3366612633599,1088.5728494905143,0.17678510729241523,fitted,compact,False
1537,TYC 1565-04419-1,268.96171750,22.46422083,5.760,913.165757776281,1303.6528760213205,913.1759490154752,1303.7205408435718,0.06842798788960607,fitted,compact,False
1538,TYC 4128-01827-1,133.34404361,61.96221583,5.745,1340.1983693030325,529.8173835793149,1340.286025161418,529.7897920942063,0.09189580817311126,fitted,compact,False
1539,TYC 6423-01971-1,8.42108333,-29.55820917,5.684,178.12173583998802,566.3993177226228,177.7849731918327,566.3628902373392,0.338727092032305,fitted,compact,False
1540,TYC 2305-01638-1,23.56915889,37.23719444,5.881,767.0461641583933,514.6805661955353,767.2008777192665,514.3994940420529,0.3208392765565658,fitted,compact,False
1541,TYC 3598-02134-1,323.23574500,49.97760278,5.749,871.4216858168255,888.271378055194,871.7768462852531,888.328587813639,0.35973867570091206,fitted,compact,True
1542,TYC 2613-02217-1,261.69235083,34.69570194,5.928,1045.323674425401,1232.66472597205,1045.4802849633816,1232.6404575225288,0.15847970926513494,fitted,compact,False
1543,TYC 2664-01473-1,296.46394667,35.01276639,6.218,839.6719738325119,1097.0043786959284,839.570903324229,1096.9046996871602,0.14195475488181541,fitted,compact,False
1544,TYC 0650-01470-1,53.14971583,9.37355361,5.745,651.9159391770676,212.0520144103932,651.8562486119422,211.94428015614875,0.12316506445659678,fitted,compact,False
1545,TYC 3396-02196-1,108.95880972,47.24038806,5.608,1253.6187415905636,325.90004813804404,1253.8621326488721,325.7560233293433,0.282811514592073,fitted,compact,False
1546,TYC 3103-01695-1,273.27009806,38.77347611,6.022,991.062592691067,1171.4108229063256,991.1885782941368,1171.1157766708786,0.3208187233194211,fitted,compact,False
1547,TYC 3330-02130-1,58.41113306,48.65056806,5.862,977.3647854620198,393.71944280175273,977.2658415846628,393.89913360609097,0.20513087537022975,fitted,compact,False
1548,TYC 2870-02713-1,54.50069500,42.58290167,6.391,919.2350640922833,368.63744869010566,919.0041338082037,369.31186841970157,0.7128609736640815,fitted,compact,False
1549,TYC 2132-03196-1,288.99786083,27.92629944,6.224,822.8987401691705,1175.2173848716536,822.630365478518,1174.82465115703,0.475672939302682,fitted,compact,True
1550,TYC 5238-01508-1,344.27850500,-3.24525194,6.647,383.55698455193806,803.7579049715811,383.63195180297356,803.9570879460623,0.21282374409593313,fitted,compact,False
1551,TYC 4491-01470-1,354.83818917,74.00261556,6.073,1050.027865107776,718.5576751227127,1050.0779386717627,718.7140681498249,0.16421370448186015,fitted,compact,True
1552,TYC 3999-02075-1,351.40045056,52.97949778,6.991,868.9935619318454,732.3344236860881,868.0893994837985,732.6795449256949,0.9677904744757093,fitted,compact,False
1553,TYC 1103-03344-1,315.01648611,7.51618861,6.029,533.4373442184655,1061.7869059837114,533.5192444936526,1061.699870454088,0.1195108300220226,fitted,compact,False
1554,TYC 3291-01592-1,27.73787333,51.93368639,6.002,898.7775269628177,541.8988167233488,899.0290997937323,541.8483054030495,0.2565936139750184,fitted,compact,False
1555,TYC 0534-02623-1,316.14434944,5.50286028,5.797,512.354110054005,1055.6146026079043,512.3699276705443,1055.581828927304,0.03639108590123366,fitted,compact,True
1556,TYC 4009-02606-1,356.75797722,57.45137778,5.707,907.2039122129167,706.0018684766984,907.6401609544037,706.0317717380924,0.4372724202266906,fitted,compact,True
1557,TYC 1832-02497-1,74.45268833,23.94858194,5.928,905.038031992165,162.81013222936107,905.0607841159942,162.52329148636193,0.2877416740464344,fitted,compact,False
1558,TYC 4561-02318-1,201.73832806,78.64380028,5.827,1264.7844944917824,775.965366972641,1264.7536359733108,775.9117027453566,0.06190393729240463,fitted,compact,False
1559,TYC 1171-01694-1,357.83856056,9.31350167,5.980,487.7549808392036,677.8704874814113,487.7992540969135,677.8796433491957,0.045210079220609066,fitted,compact,False
1560,TYC 0590-00329-1,357.99095833,2.93041750,5.741,433.8541663547474,674.2247200131342,434.0062512880366,674.3034227676274,0.17124237354811017,fitted,compact,False
1561,TYC 5860-02588-1,36.50156611,-15.34111833,5.883,359.1766247310139,300.79445704971226,358.8949625851741,300.4795186062113,0.4225160205174393,fitted,compact,False
1562,TYC 3653-01364-1,6.27661083,53.04678361,5.708,874.0327878572124,653.9339318934583,874.4599967072033,653.6099416629803,0.5361688828678703,fitted,compact,True
1563,TYC 2118-02628-1,276.49488472,29.82898778,5.815,912.2875533572092,1223.4692793966722,912.2495742153919,1223.4930306067727,0.04479436565475026,fitted,compact,False
1564,TYC 3598-02172-1,321.71488639,48.83510806,5.302,865.3237670648526,899.7962469694485,865.4682900382784,900.1737563752844,0.4042279571509007,fitted,compact,True
1565,TYC 1770-01527-1,37.63465167,25.23520278,5.928,711.6736300041281,380.0705425240543,711.6863075370906,380.3211061614123,0.250884148977314,fitted,compact,False
1566,TYC 3943-01608-1,299.07926000,56.68697806,6.167,987.6802979945425,960.0365154288762,987.537404467681,959.9530955732636,0.16546127138804648,fitted,compact,False
1567,TYC 3667-01046-1,10.62921111,58.75343028,6.169,927.0264262572191,643.6003321713828,927.6575838093005,643.2882776858025,0.7040865412150109,fitted,compact,False
1568,TYC 3991-03193-1,338.41904861,56.62464139,5.827,905.7998215561114,794.5706931003988,906.3585254715058,794.8806837554745,0.6389399590816767,fitted,compact,True
1569,TYC 2808-02070-1,17.57850194,42.08157083,5.732,795.1496334929294,565.9277872863681,795.3069044429573,565.655114867352,0.314776745987928,fitted,compact,False
1570,TYC 1180-01762-1,7.05288778,16.44509917,6.230,557.0899962940463,600.991160711811,556.8719690288469,600.9776490145025,0.21844554088938964,fitted,compact,True
1571,TYC 3798-02186-1,129.82353833,52.71169167,6.023,1363.376396015739,443.00048133701256,1363.7251227632062,442.42680543237174,0.6713526554386715,fitted,compact,False
1572,TYC 2686-01753-1,309.74806056,30.33441611,5.794,746.7157913476243,1038.3121917787612,746.8407834243126,1038.5051718188583,0.22992241106674724,fitted,compact,False
1573,TYC 4590-01851-1,316.37171583,78.12632639,5.894,1102.6925338151284,788.5724015983135,1102.6419282154538,788.682912857583,0.12154696682252186,fitted,compact,False
1574,TYC 3704-01333-1,40.76168694,55.10606750,5.735,957.5694520576642,500.16885406319955,957.5657045933123,500.18309022109815,0.014721130417977669,fitted,compact,True
1575,TYC 2212-02417-1,331.29715139,26.67362111,5.888,656.0378659818938,893.9511529121706,655.9666923196365,894.0991974772219,0.16426467496184058,fitted,compact,False
1576,TYC 3954-00612-1,307.36295222,56.06817500,5.901,958.6507027204614,933.5475764045917,958.5770712440924,933.5255164570117,0.07686504797050787,fitted,compact,True
1577,TYC 3338-01436-1,57.07533167,50.73677167,6.191,985.4447536312484,412.6987786922191,984.9319804470928,412.9152850239307,0.5566069798882891,fitted,compact,False
1578,TYC 4021-01121-1,16.59455028,62.76146306,6.549,967.7555138160432,629.0649965456713,968.0532160486417,628.9993682814923,0.3048502720243614,fitted,compact,False
1579,TYC 0030-01344-2,28.97366472,1.84936778,6.840,482.10500406614096,389.0242521861872,482.2168030391113,389.12124567572477,0.14800928136403743,fitted,compact,False
1580,TYC 5818-01306-1,341.92813556,-14.05640694,5.676,296.15568244620414,827.0770590650448,296.04024399025406,827.1250838503803,0.1250296649546195,fitted,compact,False
1581,TYC 3488-01291-1,230.02142167,51.95848944,5.656,1298.0592430351542,1052.436424053981,1298.0782458847104,1052.5169976562966,0.0827841390688051,fitted,compact,False
1582,TYC 1795-01546-1,47.40303611,29.07711333,5.755,784.5122387440642,332.60475596595296,784.6271799143713,332.76226674154884,0.1949900434903367,fitted,compact,False
1583,TYC 3238-01934-1,351.78055639,42.91197139,5.734,778.9396471193592,731.838882146436,779.0529842722672,732.0279769829231,0.22045899259350485,fitted,compact,False
1584,TYC 4150-01303-1,154.50893556,65.10837167,5.757,1370.938610804876,633.9017329966199,1370.9914899395947,633.9935508196737,0.10595619622724127,fitted,compact,False
1585,TYC 3291-02117-1,28.03897806,50.79286139,5.678,890.3671520984268,536.090369713245,890.5088643055501,535.82676464999,0.2992824402156446,fitted,compact,False
1586,TYC 1175-01541-1,353.79540194,12.66211444,6.962,514.4403692087634,715.5044073927816,515.0708497213991,715.1153776165067,0.7408440076303537,fitted,compact,False
1587,TYC 1656-02043-1,315.11540639,19.32972917,5.890,634.7708556740545,1034.756582435204,634.9178920745202,1034.5943549528076,0.21894624707130889,fitted,compact,False
1588,TYC 3409-02595-1,115.30184472,48.13183944,5.693,1293.2064116792812,349.0154304929765,1293.3075550786843,348.90823418300374,0.14738058255616593,fitted,compact,False
1589,TYC 5831-01011-1,358.76608778,-9.46060083,6.765,332.02076054625616,664.06653364522,331.59891758153566,663.189129908552,0.9735444540457427,fitted,compact,False
1590,TYC 4701-01094-1,39.42407944,-3.39607250,5.761,474.99516591540134,288.7322144936757,474.89422249156235,288.5356294255469,0.22098702185319313,fitted,compact,False
1591,TYC 0651-01506-1,47.66156806,11.87268972,5.959,644.5088991759776,260.9729260735504,644.4624578581819,261.03731930500487,0.07939322550287209,fitted,compact,False
1592,TYC 4236-02503-1,301.38638472,61.99525833,5.541,1017.1104065090954,918.9992085012716,1017.0020993352838,918.9832942555231,0.10947011974412237,fitted,compact,True
1593,TYC 5856-02245-1,30.74397472,-15.30594972,5.971,340.9030024376635,354.02168875888117,340.5000176108525,353.8786501277861,0.4276176102844716,fitted,compact,False
1594,TYC 6976-01313-1,350.31462667,-26.98674333,5.747,189.1010253430732,742.2284564246531,188.71464790495384,742.2810499986836,0.3899405194603002,fitted,compact,False
1595,TYC 2122-00554-1,286.65984389,24.25076000,5.787,807.1548547416708,1207.5147288962235,807.240949233272,1207.3787403070173,0.1609507933448821,fitted,compact,False
1596,TYC 4530-01926-1,100.12016528,77.99579500,5.898,1206.5940240735786,608.9216108268841,1206.688920071184,609.2424707777953,0.3345988022397184,fitted,compact,True
1597,TYC 1101-02785-1,310.31755583,14.58287972,6.139,611.2051967235805,1084.7194750849633,611.3986625195312,1084.307818592309,0.45485171445997624,fitted,compact,False
1598,TYC 0564-01847-1,330.03299917,6.71743639,5.973,486.27621759930355,931.5184901865955,486.61275753939884,931.4220567911589,0.35008360577836434,fitted,compact,False
1599,TYC 5287-01078-1,45.48372750,-9.96139639,5.960,442.5691945886553,225.61163527072628,442.3806652639377,225.22260900068727,0.4323016829240165,fitted,compact,False
1600,TYC 3988-01313-1,341.62327556,54.87209583,6.862,887.8857730374926,781.8079403707861,888.6222859580832,782.0049238180303,0.7624000004493007,fitted,compact,False
1601,TYC 2647-02660-1,283.71883944,33.96858111,6.136,897.4598658913106,1165.6883895274975,897.4264232518333,1165.53110394536,0.16080163084856922,fitted,compact,False
1602,TYC 2884-01726-1,67.85041667,40.01021556,6.781,969.3648761527198,299.8778347335854,969.685155351502,299.82845412992066,0.32406358819038755,fitted,compact,False
1603,TYC 3571-02334-1,301.27802806,51.83932472,6.316,946.1246852169764,981.6951630637878,946.1222264706151,981.2400011663344,0.4551685383756975,fitted,compact,False
1604,TYC 5302-00688-1,52.40009306,-12.67474944,5.597,449.9537142997647,161.88713416498564,449.9150739253526,161.56857393745645,0.3208951496955952,fitted,compact,False
1605,TYC 1545-02527-1,261.70469861,20.08093889,5.494,954.6815586644311,1347.0190194728962,954.6012934724519,1346.8067229352844,0.2269632589769173,fitted,compact,False
1606,TYC 5209-00053-1,324.39071583,-0.39049444,6.222,438.01853678921367,989.647618329925,438.27301684620005,989.5439364759964,0.27479087728282486,fitted,compact,False
1607,TYC 3721-00038-1,56.88383917,55.92204750,6.079,1016.7101560611006,449.8747537922186,1016.5140268427817,450.1176210531459,0.3121717102953413,fitted,compact,False
1608,TYC 3606-02457-1,333.45492500,45.44060444,5.523,814.9458725561631,843.4935065358026,815.2959711397987,843.8232065021442,0.48090652529294914,fitted,compact,False
1609,TYC 0019-01437-1,15.95399972,1.36694000,6.097,443.657437675139,505.8539803834106,443.884032640185,506.03920125472337,0.2926637137638581,fitted,compact,False
1610,TYC 3731-02001-1,65.74128750,59.61628639,6.194,1070.12126001011,456.68113723624225,1069.9921708114648,456.66210192997335,0.130485110612769,fitted,compact,False
1611,TYC 2283-00542-1,9.33844000,35.39951056,5.530,724.0099855867879,606.9019393473669,723.9478076294181,606.6399715885702,0.2692456221215945,fitted,compact,True
1612,TYC 3700-01811-1,40.74779111,53.52617833,5.963,945.8154625954305,491.46166919283587,945.9271446521725,491.525942055522,0.12885605409134906,fitted,compact,False
1613,TYC 3708-01349-1,42.37807306,57.08432028,6.350,976.4157128641834,505.203485819738,976.5211983099408,505.36460735817445,0.19258070883338763,fitted,compact,False
1614,TYC 1696-00532-1,338.19540194,15.86322306,6.478,551.7342921075535,851.1659851832924,551.6064580478321,851.0858949422815,0.15085089834018828,fitted,compact,False
1615,TYC 7498-01238-1,339.14778444,-31.66369722,5.930,156.62643081365016,848.372563916254,156.26008004696905,848.3814587351969,0.36645873171731647,fitted,compact,False
1616,TYC 5238-01509-1,343.79559278,-4.98785917,5.875,369.1926198655,808.782376705966,369.45976696303546,808.7822906624328,0.2671471113920635,fitted,compact,False
1617,TYC 0072-01226-1,58.00090611,6.53484833,5.770,655.3082658001397,166.7407677775562,655.1727207236639,166.54223591229243,0.24039003573760068,fitted,compact,False
1618,TYC 3802-02059-1,120.33644694,59.04732361,5.820,1302.3969201634643,463.8251569211493,1302.5704535744708,463.7664330075966,0.1832002804541654,fitted,compact,False
1619,TYC 6301-02457-1,290.41822361,-17.84724833,3.935,406.07376625443146,1310.7088392293008,406.38553511610985,1310.2220617557823,0.57805893457093,fitted,compact,False
1620,TYC 0032-00773-1,27.10843139,3.68540333,6.013,491.95419423881236,408.59032695755064,492.0624863636155,408.5557677294068,0.11367288394458007,fitted,compact,False
1621,TYC 3251-01954-1,2.99598222,48.15237222,6.336,828.8170610768951,665.3362074125661,829.1223143176014,665.1434491811777,0.36101977332225016,fitted,compact,False
1622,TYC 4366-00302-1,100.13434722,71.74876056,5.998,1213.0833084532378,549.63878540547,1212.9094580872543,549.7084702841094,0.18729637493445223,fitted,compact,False
1623,TYC 1143-01614-1,330.27215611,13.11995194,5.641,540.8876654696752,922.3056461276987,541.0144803125036,922.1726128064495,0.1837930056453967,fitted,compact,False
1624,TYC 1769-01308-1,33.94142917,25.78308639,5.840,702.4799403321547,407.88587699020394,702.4551965592798,408.00521499655844,0.12187622432923668,fitted,compact,True
1625,TYC 3677-01107-1,19.35954000,57.63207889,6.882,930.0844656006074,601.1645889838729,929.5284733942818,601.3317899634005,0.580588926048124,fitted,compact,False
1626,TYC 2701-03917-1,316.62600611,31.18466833,5.828,730.5716198283268,989.7612992172868,730.8766652491215,989.732730899121,0.30638024993569374,fitted,compact,False
1627,TYC 0514-00230-1,308.08498472,2.13280528,6.647,512.4048346715202,1130.5560383596799,511.90065653290145,1130.855659593889,0.5864882602832598,fitted,compact,False
1628,TYC 1802-01524-1,53.61093194,24.46456083,6.085,778.6592506074493,273.14352350382677,778.8952802912167,273.3116500152315,0.28978705191313053,fitted,compact,False
1629,TYC 0659-01274-1,60.98546806,8.19720333,5.480,687.4789495740928,152.70266849498347,687.8346269446877,152.22403237732556,0.5963211593427946,fitted,compact,False
1630,TYC 3710-00823-1,48.94988500,57.14062556,5.885,997.0338960454865,482.8913254168111,996.8989059465339,483.0585683993589,0.21492450308583944,fitted,compact,False
1631,TYC 3117-01319-1,279.18971889,43.22183972,6.241,984.3068934757755,1119.9058967674105,984.2837102866338,1119.4479335560122,0.45854963008704636,fitted,compact,False
1632,TYC 5854-01959-1,21.99766944,-22.03694611,6.660,259.4262331661065,435.93088909809916,260.7971365458659,434.92551670403,1.7000440368979097,fitted,broad_blob,False
1633,TYC 3393-02019-1,112.21941306,46.31476528,6.549,1273.6193165810907,323.62924433132997,1274.254510036469,323.7090045400561,0.6401815497585692,fitted,broad_blob,False
1634,TYC 4475-02118-1,333.21969278,73.30714556,6.193,1051.4209385850015,774.7182877127358,1051.1148914036944,774.4807489654455,0.3874139048230799,fitted,compact,False
1635,TYC 4126-02446-1,120.42705722,60.32440389,6.031,1299.6410455608639,475.5244864724805,1299.6713392085012,475.3525025691954,0.17463152085562134,fitted,compact,False
1636,TYC 2807-02079-1,15.72614472,41.34519639,5.955,785.4358043941586,575.8844318270365,785.5878901784081,575.4303482411505,0.47887575501571233,fitted,compact,False
1637,TYC 0587-01283-1,358.69435417,0.10934278,6.002,410.4075462329861,666.6696114790592,410.76231944375667,666.7434557153657,0.36237687883771563,fitted,compact,False
1638,TYC 3988-01988-1,342.44263722,55.90268833,5.568,896.5378836881126,776.3203480792342,897.0268440256453,776.5129392276389,0.5255221804300205,fitted,compact,True
1639,TYC 3056-01900-1,234.45647639,40.35329639,5.353,1271.1986141958398,1175.0878460397632,1270.8970855535003,1174.754508039361,0.44948163996227297,fitted,compact,False
1640,TYC 0020-01166-1,17.63982000,2.44570611,6.119,456.5351637736563,491.66652090345036,456.5980986820296,491.7595798671305,0.11234221563235393,fitted,compact,False
1641,TYC 3241-02326-1,359.26511528,42.65823611,6.099,778.146846346153,683.6250984218607,778.3709145102604,683.2111166177727,0.4707307896052292,fitted,compact,False
1642,TYC 2720-01601-1,332.71540194,30.55304111,6.317,686.9284369602229,876.7226843829874,687.072878997424,876.9443273759265,0.2645545660724962,fitted,compact,False
1643,TYC 5861-01484-1,33.25397611,-21.00023139,5.979,298.9231714248313,329.0685327746528,298.7540455519181,328.4538490433797,0.6375261958386137,fitted,compact,False
1644,TYC 6345-01577-1,314.41922944,-16.03154306,5.893,330.16620641226956,1091.6254978214747,329.97242266102717,1091.8579632862768,0.3026422550986974,fitted,compact,False
1645,TYC 1229-01969-1,40.59134889,20.01157194,5.729,680.4740963181184,340.7593200692213,680.2929713333837,340.973843489255,0.280760677157821,fitted,compact,False
1646,TYC 3585-00357-1,307.83797167,52.30937611,6.322,928.9569159547812,951.7571976454302,928.9321711384891,951.4602782663062,0.2979486929535195,fitted,compact,False
1647,TYC 1164-01735-1,348.36044889,11.06501528,5.963,501.878008650619,763.7733145637229,502.1145015102376,763.7956805646543,0.23754812280511586,fitted,compact,False
1648,TYC 3242-02192-1,350.18377528,44.11625222,6.259,789.7554208669624,741.553354999108,789.9671163840922,742.0539001741829,0.5434707575054841,fitted,compact,False
1649,TYC 0543-00450-1,325.54214722,1.28527444,5.813,449.6281225427577,977.4726682175731,449.88031741762217,977.4273718277874,0.2562303999050903,fitted,compact,False
1650,TYC 4556-01438-1,182.75035889,81.70983583,6.153,1251.620659942128,734.9334057512337,1251.4610731488563,735.1121429505006,0.23961412935907037,fitted,compact,False
1651,TYC 2850-02114-1,44.91611944,41.03304972,6.047,866.7708401226281,405.572174276826,866.8720459086587,405.6301752482046,0.11664786241905742,fitted,compact,False
1652,TYC 2860-02382-1,49.44722083,44.02508028,5.465,907.5164521561514,400.26030767262586,907.4289514524799,400.3061964212952,0.0988035950634628,fitted,compact,False
1653,TYC 2809-01146-1,11.54499972,44.86150667,6.013,809.104669573398,609.3993354697601,809.3506655846553,608.9440757242676,0.5174702633199347,fitted,compact,False
1654,TYC 6348-01259-1,313.69937722,-17.92285722,5.905,315.56515700931243,1098.6860114376127,315.43710807422815,1098.7767634187285,0.15694729004559363,fitted,compact,False
1655,TYC 4385-01960-1,160.45126528,68.44355861,5.879,1353.126267245427,669.5332124271363,1353.2988241865278,669.433990050074,0.1990501897309646,fitted,compact,False
1656,TYC 3199-02001-1,334.73403833,37.76918583,6.213,746.6294561347808,849.8451247071487,746.6813594410025,850.3593172588622,0.5168055083244162,fitted,compact,True
1657,TYC 1235-01021-1,54.44924667,15.43062167,6.421,709.6224506274932,226.17805520237297,710.1619878562744,226.71921289306283,0.7641675650233438,fitted,compact,False
1658,TYC 0538-02797-1,316.36160361,5.95847056,6.012,515.5819655043533,1053.007797008252,515.6139235256536,1052.940798665043,0.0742300014696051,fitted,compact,False
1659,TYC 1169-01217-1,353.86176056,8.51973694,6.919,479.41600004277063,713.6879011154625,479.83993736699847,713.9018944586304,0.47488525539716,fitted,compact,False
1660,TYC 5250-01196-1,350.17059889,-5.90783528,6.292,358.4326755000685,746.9362519284647,359.1141609583144,747.2809885450391,0.7637183804307826,fitted,compact,False
1661,TYC 0576-01919-1,345.15783722,0.18584000,6.323,411.5077795584758,794.7327189268418,411.74123536528515,795.122408765529,0.4542684053608241,fitted,compact,False
1662,TYC 1673-00929-1,324.75466222,20.26545389,5.800,614.7157075735888,956.870192615396,614.8741193824558,956.8413669881745,0.16101309876285194,fitted,compact,True
1663,TYC 1725-02098-1,358.25367500,17.89981472,6.725,561.7751350012367,676.9922049056278,561.363996347894,677.5455515762272,0.689367485551717,fitted,compact,False
1664,TYC 3853-00413-1,203.53051694,55.34844750,5.585,1407.421915576811,911.468465231176,1407.1399229264048,911.4530933881953,0.28241131075036985,fitted,compact,False
1665,TYC 0070-01335-1,52.68915361,6.18874167,6.032,621.7900978755015,204.57683894418665,621.8631802430248,204.28070158134273,0.3050219174337494,fitted,compact,False
1666,TYC 1191-01928-1,11.80651611,19.57868806,6.134,590.7410675036052,564.4666539826145,590.9268424635559,564.5393652235333,0.199497519535014,fitted,compact,False
1667,TYC 4393-01885-1,181.38968472,68.79436444,7.496,1353.575784490161,751.3158012330717,1354.010722254867,751.9090197851164,0.7355807975045605,fitted,compact,False
1668,TYC 1888-01793-1,98.80025806,28.02234306,5.258,1125.6601151017458,135.1603457483345,1125.5164658453361,135.36960933967669,0.2538234810423737,fitted,compact,False
1669,TYC 2696-03486-1,313.01489778,34.65767056,7.328,772.2699628567993,1002.0036253881744,771.4289348914529,1001.6290692623572,0.9206629838774026,fitted,compact,False
1670,TYC 4382-01057-1,138.96975361,72.94645389,5.954,1294.3944863945871,622.207772877389,1294.4483468628819,622.2603998772535,0.07530306208691429,fitted,compact,False
1671,TYC 4131-01800-1,134.15618778,64.60402194,5.660,1329.8559413056648,552.2238944800525,1330.0093623880991,552.0853923573777,0.20669026711663446,fitted,compact,False
1672,TYC 3155-01523-1,302.68443889,41.24702028,6.983,861.2939986129783,1032.4018720596378,861.4870973908328,1032.303552535163,0.2166884097081971,fitted,compact,False
1673,TYC 1732-02728-1,1.23304639,26.64879972,6.415,639.1975658853524,658.0009210209171,638.9486226849973,657.8021698650155,0.3185509990178813,fitted,compact,False
1674,TYC 5810-01304-1,334.75291500,-13.30497028,6.080,309.75514203842886,896.9466241779548,309.8277405990883,897.0548336183801,0.13030669210359525,fitted,compact,False
1675,TYC 3283-02002-2,27.31452306,47.89644000,7.220,865.0120290901368,528.5954673385679,865.2123220920407,528.2549098929492,0.3950906989262578,fitted,compact,True
1676,TYC 2827-02438-1,25.16486167,43.29776194,5.657,821.8828019374974,523.9765697768828,822.0033299271455,523.7190359401831,0.28434252818368094,fitted,compact,False
1677,TYC 3091-02146-1,263.28045333,41.24359222,5.847,1067.8216979914303,1174.5757204255956,1067.9149415129145,1174.7722113559507,0.2174926205888791,fitted,compact,False
1678,TYC 4383-02043-1,145.56220306,69.23769944,5.845,1328.4888207705817,619.331746179115,1328.5500076111766,619.4385918040807,0.12312520877665208,fitted,compact,False
1679,TYC 4690-01109-1,32.89933917,-1.82535222,6.040,463.90151872076245,348.6303376388904,463.85186293325637,348.49456640788907,0.14456667804327938,fitted,compact,False
1680,TYC 3322-00930-1,47.01596500,52.21356083,6.320,956.7600559699727,458.8739777471534,956.707774023143,459.05744016584185,0.1907665092077819,fitted,compact,False
1681,TYC 4426-01634-1,254.06973722,73.12791417,6.310,1192.2883231486617,883.8837215774771,1192.995418454256,884.061196993616,0.7290276363260653,fitted,compact,False
1682,TYC 3227-03864-1,343.41732694,44.74919806,5.972,798.4221640273631,783.8080168780868,798.608763455591,784.2098892908373,0.44308101149204904,fitted,compact,False
1683,TYC 4287-01519-1,348.00653500,64.71923444,7.310,970.2285972567097,743.5712738429839,970.9667768962252,742.9860634106831,0.9420087209091814,fitted,compact,False
1684,TYC 2866-00771-1,52.87615306,40.76003389,6.521,899.6388680933587,365.4858054383903,898.653614125082,365.5041038448684,0.9854238751343258,fitted,compact,False
1685,TYC 1620-03737-1,298.09068861,18.67189917,6.225,699.7362592992762,1161.2225584795372,699.705318552361,1161.3967275509722,0.17689600126687055,fitted,compact,False
1686,TYC 2681-03094-1,298.70101194,36.99565528,5.867,844.8326147795217,1074.904972208084,844.8823722907322,1074.735494283613,0.1766311886527204,fitted,compact,True
1687,TYC 4014-03302-1,4.23771222,61.53319417,5.837,945.8155551824856,676.1556189450863,946.2127254532944,676.1862371872288,0.39834871754061874,fitted,compact,True
1688,TYC 4474-00140-1,329.46277083,74.99673944,6.515,1067.5687783234148,777.5998617939325,1067.5422079691198,777.8908379505198,0.2921867680605161,fitted,compact,False
1689,TYC 4312-01404-1,41.20696556,67.82470472,5.961,1048.2776014321807,573.5193361418859,1048.0135732274452,573.686444030401,0.31246750118986744,fitted,compact,False
1690,TYC 5809-00416-1,333.10725639,-14.19384722,6.088,304.793879701035,913.0712655894431,304.7656104990019,913.0468271419135,0.037368241880576976,fitted,compact,False
1691,TYC 2701-03919-1,317.16196944,30.20568611,5.698,720.843183344857,989.1333974678485,720.9646296934523,989.0764367984003,0.1341407225680904,fitted,compact,False
1692,TYC 1602-01782-1,294.32243389,16.46277111,5.770,700.3625424248495,1195.973227402441,700.4193327581952,1195.9374502081423,0.06712041115335193,fitted,compact,False
1693,TYC 4048-01977-1,43.98646583,61.52106528,5.634,1011.7933825995283,526.5902626430973,1011.8863148653793,526.7057872819033,0.14826445362078602,fitted,compact,True
1694,TYC 1743-00857-1,13.99384056,27.20935500,6.087,660.7215296627359,558.8952418921963,660.4990103808972,558.8761923992465,0.2233331904837423,fitted,compact,False
1695,TYC 3179-00564-1,314.58077278,44.47154972,5.655,847.390212746814,954.5135971679105,847.4178888838966,954.7027892838976,0.1912057146517751,fitted,compact,True
1696,TYC 5750-02249-1,300.49407806,-13.63724139,5.699,401.00169619693776,1218.6275248315826,400.93404098792564,1218.716380920805,0.11168093793649568,fitted,compact,False
1697,TYC 0655-01642-1,51.04214833,12.62964056,6.180,668.092067952969,238.5663983696868,668.1898187640721,239.14762729114688,0.5893914490497462,fitted,compact,False
1698,TYC 0530-02261-1,316.17347139,2.94226056,6.530,490.0775128790293,1060.099057757014,490.08544722287104,1059.3864961482193,0.7126057817196197,fitted,compact,False
1699,TYC 5833-00394-1,355.28697583,-11.68066111,6.031,312.1326441358746,696.6571116679362,312.01786784599636,696.634451068297,0.11699187789851954,fitted,compact,False
1700,TYC 6348-01451-1,312.33559000,-18.03577250,6.356,318.16887874642094,1112.1616924167222,318.46772762440986,1111.5777022426737,0.6560146151271522,fitted,compact,False
1701,TYC 1635-02341-1,305.08915583,17.79300056,5.991,659.8161162436257,1114.7658800621225,660.0318250770906,1114.6450234229148,0.2472582214514752,fitted,compact,False
1702,TYC 5200-01719-1,315.13603944,-5.47731694,6.523,420.00486509907864,1079.0729142424843,420.15489494762124,1079.1407086895092,0.16463609112562547,fitted,compact,False
1703,TYC 4017-01067-1,15.90419889,61.07482972,6.059,952.8955478474177,626.9383352961305,953.2183958393514,626.6854644764219,0.4100908159856056,fitted,compact,True
1704,TYC 4268-01268-1,334.55248944,62.80436722,5.884,962.5075956139744,798.4332163211199,962.6947883110713,798.4489862865834,0.18785578952248855,fitted,compact,False
1705,TYC 4360-01843-1,112.71957833,68.46571972,5.767,1252.9987685109768,532.6766673469763,1253.0272483951578,532.4834163988974,0.19533825210737135,fitted,compact,False
1706,TYC 5306-00941-1,53.99022250,-11.19396944,5.681,471.85626133106575,150.42778493051327,471.8455752605162,150.26495299786518,0.16318219999038275,fitted,compact,False
1707,TYC 1223-01646-1,41.13737917,15.31189667,5.772,643.1914229299314,320.9826809821712,643.2019167501164,321.18619274493756,0.20378213328540504,fitted,compact,False
1708,TYC 5285-01109-1,40.05207861,-9.45269472,5.849,424.3813360749351,274.1659431467695,424.11954298273207,273.88757187248666,0.38213373244335613,fitted,compact,False
1709,TYC 8007-00205-1,340.87487306,-41.41413111,4.948,78.30238908516232,824.1896438031113,78.95638796286039,824.0682229551049,0.6651748299213618,fitted,compact,False
1710,TYC 2761-00883-1,343.76077944,37.07680417,5.948,730.690579067263,788.3655778589834,730.6443645849099,789.063290478753,0.6992415020325876,fitted,compact,False
1711,TYC 2294-02004-1,25.41351222,30.04713528,6.075,711.128307026932,481.2654368419071,711.245905356555,481.23637213311315,0.12113680046704252,fitted,compact,False
1712,TYC 3727-01326-1,65.46591806,56.50630000,5.923,1053.0957872423983,432.56503059478143,1053.0085050333669,432.2183624764163,0.3574870183716062,fitted,compact,False
1713,TYC 4018-03891-1,1.05693222,62.28766611,5.918,950.6198577538432,690.5059928029589,951.0463779343124,690.4071877542685,0.43781491750987234,fitted,compact,False
1714,TYC 3107-02719-1,274.27892917,40.93658083,6.232,997.8540884873462,1151.6987236605078,998.0702469172007,1151.6635973592292,0.21899388995744115,fitted,compact,False
1715,TYC 3945-01549-1,306.59776111,56.63867750,6.371,964.4675709070491,933.5316501034033,964.911214350597,933.3257901071593,0.4890785653211918,fitted,compact,False
1716,TYC 4047-02870-1,42.78323583,60.41774500,7.394,1001.7589259214545,523.1059502476473,1001.1024772563986,523.7473885067177,0.9178060198390985,fitted,compact,False
1717,TYC 5743-00643-1,302.13028556,-10.06251361,6.177,426.40993390505935,1200.8088126174962,427.0404821185275,1200.9778259440054,0.6528066743267898,fitted,compact,False
1718,TYC 4592-01668-1,290.41768417,79.60289028,6.061,1141.1304157524069,809.7873277476957,1140.812909409367,809.8636429404172,0.3265490568210026,fitted,compact,False
1719,TYC 4432-01604-1,264.16678139,69.57122889,6.404,1161.75173767864,918.2855029881721,1161.4545136738127,917.9583241884758,0.4420272344734888,fitted,compact,False
1720,TYC 2889-00255-1,62.00743167,43.17946944,7.180,958.9108901379877,343.28197695388167,958.8717017562541,343.14933594725125,0.1383089509136487,fitted,compact,False
1721,TYC 0626-00754-1,29.85783694,12.29495056,6.102,574.0468556318464,401.7692914035719,574.3068773715838,401.8382046657587,0.26899877851269177,fitted,compact,False
1722,TYC 3231-00682-1,352.66474472,38.66221472,6.170,741.644865928967,726.4032313171216,741.293637440234,726.2961224084021,0.36719718085076763,fitted,compact,False
1723,TYC 1711-02474-1,345.64656111,16.23241583,6.690,548.3769774774365,785.9840902754082,547.6861582565491,786.4722807072764,0.8459084428678416,fitted,compact,False
1724,TYC 3137-03766-1,297.69528889,37.82631250,6.370,855.5021790256868,1075.7302192136444,855.6676913328207,1075.6568449836877,0.18104723536835132,fitted,compact,False
1725,TYC 6988-01180-1,359.86625528,-29.48515361,5.768,171.78589700653916,648.9499669685462,171.4026798148118,648.9906541844767,0.38537107516728836,fitted,compact,False
1726,TYC 1210-01642-1,30.92755750,18.25328667,6.381,628.4575624563247,408.0255607780619,628.5405473736145,407.92651757407623,0.1292132065747791,fitted,compact,False
1727,TYC 2902-03380-1,73.19902250,42.58662472,5.690,1015.341368062969,302.6627142450209,1015.3967744103772,302.6870831687226,0.06052856991130443,fitted,compact,False
1728,TYC 2248-01688-1,348.94284444,28.24790333,6.592,650.6227846231966,755.0171764014528,650.2848311279488,755.2874855904487,0.4327581571799594,fitted,compact,False
1729,TYC 4425-02182-1,243.63943556,73.39481083,6.023,1218.3144224718842,876.0874291387015,1218.119361484948,875.9613368021894,0.23226722961189045,fitted,compact,False
1730,TYC 4079-02476-1,76.62358556,61.16992722,6.154,1118.371446679611,452.7663972856954,1118.2246893433885,452.81312373597336,0.1540164825292526,fitted,compact,False
1731,TYC 1254-00866-1,60.20288000,18.19406861,5.905,766.2372328557212,202.85581346784525,766.3288606903286,202.66271286223258,0.21373699717834865,fitted,compact,False
1732,TYC 3563-02451-1,301.11994222,48.22965889,6.140,920.2930989674105,1002.6028640385239,920.2466591803939,1002.5315466160062,0.08510480933956313,fitted,compact,False
1733,TYC 1738-01978-1,9.28000639,24.01424056,6.300,625.1404691320987,591.6564063882237,625.0805370876071,590.9832260628385,0.6758428814765989,fitted,compact,False
1734,TYC 1147-00277-1,331.26446389,14.81595222,6.600,553.5470291013401,911.2701692074837,553.658950383271,911.5686574380927,0.3187814253703405,fitted,compact,False
1735,TYC 2874-00518-1,53.16240444,44.85577528,6.412,928.7359845560314,389.0150818533197,928.9997644387798,389.10170383638325,0.2776386041108417,fitted,compact,False
1736,TYC 4572-01605-1,250.77560111,77.51349778,6.064,1199.5402587668264,840.8867188016197,1199.3709501006779,840.8344221691343,0.17720147347664247,fitted,compact,False
1737,TYC 0052-01686-1,39.01623361,6.88356944,5.928,562.2994263869531,313.81177358233913,562.3583059817252,313.79983022935596,0.0600787013924499,fitted,compact,False
1738,TYC 5817-01280-1,337.57221167,-14.58565306,6.338,295.78162842381374,869.4383993368104,295.7902183526956,869.6286977531486,0.1904921891810611,fitted,compact,False
1739,TYC 3177-00439-1,319.34656833,42.68356611,6.143,819.7311113375544,934.4538333738767,819.8135465837198,934.6603854735238,0.22239455856421692,fitted,compact,False
1740,TYC 5782-01505-1,314.67446361,-14.48307972,5.992,342.74471778908423,1088.9221748211603,342.8062623152229,1089.1213068433353,0.20842574445867523,fitted,compact,False
1741,TYC 4555-01515-1,172.96270194,81.12717778,6.153,1257.4099319203456,720.8930247122211,1257.213296967362,720.8982326840742,0.19670390871975532,fitted,compact,False
1742,TYC 2637-00974-1,280.42210833,31.61759889,6.406,900.7990281086629,1195.6650752313503,900.0987959321659,1195.0667376695449,0.9210499111715224,fitted,compact,False
1743,TYC 6421-00822-1,12.36023306,-23.21275333,7.226,233.13941556700146,527.7577869531752,233.73885967708145,527.7768570128287,0.5997473703858762,fitted,compact,False
1744,TYC 1839-01658-1,73.19620556,27.89756556,6.005,923.83019390601,194.73709444606897,923.8320773667992,194.42644080223658,0.31065935339352135,fitted,compact,False
1745,TYC 1278-02001-1,69.56599417,20.68473944,5.840,846.4751750897657,164.55802149324452,846.5875612985494,164.35853730795066,0.22896418957369602,fitted,compact,False
1746,TYC 1214-01511-1,33.26353889,15.27990583,5.890,611.3734521853032,381.62306863634893,611.5518712650874,381.74130024371846,0.21403756916064656,fitted,compact,False
1747,TYC 3970-01662-1,322.21967722,55.41866806,6.140,918.3776920409729,873.523359282902,918.7692033212016,873.9256074610951,0.5613240413575914,fitted,compact,False
1748,TYC 3369-01034-1,89.84076611,49.92454361,6.041,1143.6285533453388,339.03058028796113,1143.6819524139873,339.1448168760747,0.12610098570732836,fitted,compact,False
1749,TYC 3645-02290-1,352.53078583,49.13313667,6.326,833.5753267592706,726.6811715538464,834.1457133947588,726.869587047084,0.6007006842308841,fitted,compact,False
1750,TYC 2391-01447-1,72.32942278,32.58826333,5.857,949.287828171267,230.67995879010553,949.4036847839624,230.57739610438972,0.15473157145997876,fitted,compact,False
1751,TYC 5846-00195-1,6.90641889,-20.13453444,6.802,251.15372455834222,580.1971528933693,251.6534749081586,581.1315766745508,1.0596689176243597,fitted,compact,False
1752,TYC 4079-02477-1,75.40010361,61.07840500,6.077,1113.1494854309194,453.41839927712925,1113.14464961946,453.44218413905367,0.02427147974956175,fitted,compact,False
1753,TYC 6992-01050-1,2.01464722,-33.52933361,5.787,141.24290349604092,628.4453508991603,141.03651219349092,628.3468306357192,0.2286998296387267,fitted,compact,False
1754,TYC 2821-02360-1,22.14300389,42.26791944,6.716,806.4178327824118,538.3869511350326,806.3213850488088,538.3121994516487,0.1220245036289398,fitted,compact,False
1755,TYC 4547-02213-1,137.80301333,80.82894556,6.403,1244.004011957947,668.3523416563314,1244.3619346914804,668.3738033939776,0.3585655998041587,fitted,compact,False
1756,TYC 2811-02323-1,15.01406194,44.71117917,6.766,813.1088573676333,588.1193672878765,813.3152345521152,587.7292981578488,0.4412997490087656,fitted,compact,False
1757,TYC 3243-01411-1,354.38346306,44.42906889,5.836,792.781075740204,715.1234093610976,792.5894259669458,715.3429898536034,0.2914536468788602,fitted,compact,False
1758,TYC 4672-01255-1,8.88648139,-0.50546722,5.987,415.7897543171122,570.0730968043896,415.8012380595049,570.1911710754187,0.11863140317127178,fitted,compact,False
1759,TYC 0636-00764-1,30.64615361,13.47672556,6.178,586.8764270900484,397.9148742212074,587.0229590402371,398.13998020555744,0.2685969408170626,fitted,compact,False
1760,TYC 4385-00570-1,163.38061111,69.85403583,6.032,1344.6131546201807,683.7254507195229,1344.6453076681032,683.7861775046151,0.06871361523269827,fitted,compact,False
1761,TYC 2261-01522-1,5.10163528,30.93561500,5.853,680.1607097271955,631.9463775692461,679.8293805559649,631.6909657426678,0.41834701010572456,fitted,compact,True
1762,TYC 5815-01323-1,342.12580444,-10.55549500,6.215,324.6663963651927,825.2005106993615,324.6364716553076,825.2865422923795,0.09108744841591156,fitted,compact,False
1763,TYC 1260-01427-1,56.11744778,20.92876861,6.077,764.3663106686827,240.9208311685007,764.4140791884888,240.9268776619071,0.04814967878380035,fitted,compact,False
1764,TYC 4201-00696-1,272.77984139,60.40952139,6.485,1103.5032568458093,994.5457533550598,1103.2059010848006,994.6818228528268,0.32700971977548166,fitted,compact,False
1765,TYC 1741-00427-1,9.08370583,27.25478889,6.487,652.8054862011805,596.8652314524993,652.8170728479431,596.7805556024258,0.08546490489592493,fitted,compact,False
1766,TYC 5793-01080-1,328.40011167,-10.31161528,6.548,344.5880055824689,958.2856461709471,345.202344729032,957.8246327708711,0.7680793852522911,fitted,compact,False
1767,TYC 5268-00027-1,7.46589028,-14.86402972,6.177,295.01118574350096,577.0013455446051,295.1192858049678,576.8327190803906,0.20030104273972676,fitted,compact,False
1768,TYC 3802-02060-1,122.51582111,58.24841361,6.056,1313.728180012116,463.1925221506563,1313.8553249016975,463.03317255493965,0.20385807955972113,fitted,compact,False
1769,TYC 5312-02321-1,62.69890944,-8.81982028,5.807,543.85884700784,83.36970114613064,543.512209648157,83.82887430211042,0.57532377519141,fitted,compact,False
1770,TYC 3214-00937-1,340.73103139,37.80274611,6.400,739.5970411553261,808.960695363741,739.649032663331,809.377873480179,0.4204053968960977,fitted,compact,False
1771,TYC 4665-00162-1,6.12361500,-2.21896667,6.204,397.70220973570304,595.1647890675008,397.855871461797,595.2213874730188,0.16375379559984185,fitted,compact,False
1772,TYC 2641-02397-1,280.96505611,31.92690583,5.724,899.016528623571,1190.6976248830183,899.0079832058523,1190.7026346107448,0.00990563152362411,fitted,compact,True
1773,TYC 0055-01908-1,46.15854833,1.86360250,6.152,550.7432804538134,242.83208520720098,550.7324894189273,242.87404451543387,0.04332470405318017,fitted,compact,False
1774,TYC 1804-00486-1,58.39360111,25.68296389,6.363,814.5042497310133,251.88316971448327,814.7171973688111,251.8918808623725,0.2131257388050899,fitted,compact,False
1775,TYC 3976-01833-1,328.72149333,56.61123250,5.873,917.4377687262678,840.0943721461479,917.6734851346305,840.3092156834625,0.3189356842645307,fitted,compact,False
1776,TYC 3578-03163-1,311.95539000,47.83191083,5.760,881.9402614466898,953.9002025948853,882.0242731550356,954.0133757408571,0.140947252929425,fitted,compact,True
1777,TYC 5232-01730-1,335.88397722,-7.19444250,6.018,358.91587056757544,885.2564164671737,359.15526521854287,885.2390333000832,0.24002494330780227,fitted,compact,False
1778,TYC 0595-00579-1,3.74493778,8.82102222,6.055,488.0099918567109,624.0492675964252,488.04525400139687,624.0533206559911,0.03549431137097931,fitted,compact,True
1779,TYC 1637-02033-1,309.47794722,18.26843389,6.362,645.8635871199365,1080.7288567464464,646.1945492564622,1080.4910742674574,0.40752477609073445,fitted,compact,False
1780,TYC 1560-00514-1,267.10313861,20.56542806,5.793,913.7883986275433,1323.9650749543516,913.7949344101455,1323.9771903386127,0.013765863213628228,fitted,compact,False
1781,TYC 3835-01057-1,176.73170361,55.62826333,5.398,1458.5106294977697,741.7408499043403,1457.919064334726,741.7025611940055,0.5928029752506438,fitted,compact,False
1782,TYC 2133-02965-1,292.84005833,26.61711361,5.995,791.6362854548646,1160.13641418727,791.6354941798618,1159.8902453364963,0.2461701224913413,fitted,compact,False
1783,TYC 2291-01639-1,19.35059306,31.74460917,6.500,710.4070850324764,528.9792047306747,710.4800465353784,528.5436006842081,0.4416721252284882,fitted,compact,False
1784,TYC 1196-01650-1,18.53186194,16.13354111,5.948,574.7127094053512,503.3838884643184,575.0084566400028,503.3481504104565,0.2978986997250644,fitted,compact,False
1785,TYC 6955-01579-1,334.24912722,-23.14010639,6.294,229.8997555352175,900.0484120292855,229.54958036026426,900.3484447471893,0.46113152675381025,fitted,compact,False
1786,TYC 6372-01277-1,321.81180667,-21.19613028,5.931,266.8682809507248,1021.1624228299007,266.6046933315972,1021.1994149897951,0.2661707212504654,fitted,compact,False
1787,TYC 5831-00619-1,357.56105361,-9.97431917,6.062,326.71310254133823,674.7282420634457,326.78460184376877,674.7978136228857,0.0997614761867632,fitted,compact,False
1788,TYC 4129-02554-1,124.82159361,62.50714056,5.823,1309.3456241903423,506.5849230600119,1309.4646515199738,506.44728514913766,0.18196620485418027,fitted,compact,False
1789,TYC 3572-01530-1,304.70696889,46.32221111,6.423,893.6024947001785,996.6787663202292,893.2197044040605,996.4747607964558,0.4337587630608976,fitted,compact,False
1790,TYC 0025-01372-1,16.21925667,5.65630083,6.190,480.7259234051553,508.0486503493878,480.7075609459941,508.354975892019,0.30687541116022116,fitted,compact,False
1791,TYC 0521-02812-1,313.91934861,4.53269667,6.453,511.1193626140233,1076.6740331600224,511.36539844076583,1076.449211770739,0.33328409070963494,fitted,compact,False
1792,TYC 4509-03476-1,54.85455750,75.73960333,6.356,1120.8449263345399,604.6790724713313,1120.7641191506507,604.7533059594367,0.1097288099105931,fitted,compact,False
1793,TYC 3829-00470-1,162.84898972,59.32023694,5.692,1424.6169824835638,657.4209847487897,1424.264336537473,657.451731663304,0.3539838076049378,fitted,compact,False
1794,TYC 4180-01945-1,225.36295222,60.20442639,5.924,1303.5312218616668,964.7919882578907,1303.6034801222477,964.8177307182912,0.07670678255303032,fitted,compact,False
1795,TYC 0002-01558-1,3.44828611,1.38361944,6.917,424.6919048138583,621.5561890037487,425.06370756887964,622.4343545318322,0.9536309471465689,fitted,compact,False
1796,TYC 7501-01093-1,339.71443139,-33.08138167,5.671,144.9117231843852,841.8846498184604,144.652133044415,841.9909108730985,0.2804967958864505,fitted,compact,False
1797,TYC 4323-01741-1,30.79377139,73.85056611,6.202,1073.0607554934302,632.6045834388364,1072.9660652950538,632.540973735916,0.11407202976263764,fitted,compact,False
1798,TYC 2794-00868-1,4.47003083,44.57794583,7.482,798.7438153054135,651.6058128228643,798.8835054200152,651.9425381605137,0.36455079362486126,fitted,compact,False
1799,TYC 2876-02925-1,57.51854111,44.96791667,5.742,949.1886865205933,372.04436483061335,949.1443592791051,372.2375332836318,0.19818919137910163,fitted,compact,False
1800,TYC 4681-02471-1,17.93142000,-2.25102806,6.084,417.63015611463794,484.0576353375858,417.59452862823537,484.17025198912734,0.11811785636302023,fitted,compact,False
1801,TYC 3207-02263-1,333.68471500,42.95396194,5.715,793.2709649039369,846.963765268824,793.376554600083,847.5244799505249,0.5705700116612911,fitted,compact,False
1802,TYC 3222-01935-1,340.39976917,41.54898639,6.043,772.7284591019743,806.4551763207006,772.9246918054752,807.0786186287148,0.6535958884091444,fitted,compact,False
1803,TYC 2266-01661-1,7.85669528,33.58168222,6.005,706.2747767424369,614.7722893765982,706.1380462599469,614.5762144272882,0.23904102281591208,fitted,compact,False
1804,TYC 7516-01188-1,358.81949000,-31.88427333,6.803,152.32952840552,659.0908799660682,152.0903857857504,658.9635818055009,0.27091329659888985,fitted,compact,False
1805,TYC 4686-02532-1,29.49745806,-2.05950194,6.578,450.24263627702226,378.4259413289026,450.4324170476887,378.53185909080213,0.21733686571901356,fitted,compact,False
1806,TYC 1091-01875-1,307.57479833,10.89591750,6.195,590.2424174984732,1115.7642811641201,590.4115282713497,1115.608067073868,0.23022010228519244,fitted,compact,False
1807,TYC 3873-01889-1,238.06909056,55.82658583,5.909,1252.7372811319144,1034.807852006419,1252.8083828737106,1034.8421535472637,0.07894335558345134,fitted,compact,False
1808,TYC 3382-01505-1,90.70246194,49.90578000,6.033,1148.639758667679,338.5527333832244,1148.5131462889685,338.5956384513086,0.13368447669802988,fitted,compact,False
1809,TYC 6421-01078-1,12.30792389,-24.13653778,5.997,226.54058517956227,528.4308659820771,226.17354218520813,528.2828521027117,0.39576339925421117,fitted,compact,False
1810,TYC 0529-01510-1,321.61663694,1.10373667,6.172,457.94076690160375,1013.3727501159765,458.18107846004705,1013.2699325561324,0.26138304408231444,fitted,compact,False
1811,TYC 1198-01598-1,23.97779389,17.43379000,5.979,599.9875408128798,460.93056413186446,600.0328286497748,461.088333173519,0.16414036272417007,fitted,compact,False
1812,TYC 3297-02443-1,42.92396278,46.84199972,5.959,903.2608176323921,445.68962464460986,903.3239859187288,445.90619275265766,0.22559250391383937,fitted,compact,False
1813,TYC 5260-00370-1,2.07312861,-8.82403000,6.095,338.9485012294666,631.1708986649267,339.0946863485732,631.241543285722,0.16235994424584682,fitted,compact,False
1814,TYC 1676-01905-1,322.24899417,22.17940639,6.081,637.6115988568849,972.5870327311295,637.8145797258314,972.6313073683295,0.2077534034798698,fitted,compact,False
1815,TYC 4181-01850-1,231.96434500,60.67022361,6.078,1275.4960297606715,977.2216653338825,1275.6032158101316,977.3433548010453,0.16216403922334596,fitted,compact,False
1816,TYC 3734-02322-1,74.02948694,52.86971778,5.759,1072.7726200949633,384.3333487142507,1072.5894452067796,384.49408285773404,0.24369756778109727,fitted,compact,False
1817,TYC 4051-00785-1,39.74288889,62.59156361,6.648,1008.7528996633563,545.9911140379928,1008.6827256303163,546.3489910465693,0.364692127939065,fitted,compact,False
1818,TYC 2866-02737-1,53.39592722,39.89958722,5.794,894.7013769036647,357.7792400109438,894.8261492549948,358.00476461616864,0.25773918448357913,fitted,compact,True
1819,TYC 1649-02587-1,316.89005944,15.65879806,6.383,597.1211869053499,1029.764274538502,597.6042991360692,1029.4622096329165,0.5697724411174929,fitted,compact,False
1820,TYC 2401-00031-2,77.57873222,37.30218806,6.957,1012.374535894012,249.2864724117423,1012.2843409173734,249.29147067568294,0.09033336290240684,fitted,compact,False
1821,TYC 4500-01334-1,2.33286528,79.71471778,6.143,1099.5475480433165,707.5055767225423,1099.4468413903232,707.4843364027071,0.10292220918639745,fitted,compact,False
1822,TYC 5311-00262-1,59.87555389,-12.57433500,5.765,490.60300141879753,98.87365272041036,490.54808181849825,98.95781052698305,0.10049228280897855,fitted,compact,False
1823,TYC 3313-02807-1,56.17046250,46.09986833,6.126,950.6188990547153,384.679881855597,950.665911990192,384.91896718232374,0.24366372228580255,fitted,compact,False
1824,TYC 3393-02021-1,110.32306583,45.22817167,5.779,1261.370826080333,309.08127158097676,1261.3953477773182,309.0731424932719,0.025834002592432584,fitted,compact,False
1825,TYC 3610-02174-1,333.00746222,47.09561889,6.682,830.1784897532542,842.5460182265202,830.2640463737933,842.879170961977,0.3439631963748759,fitted,compact,False
1826,TYC 3528-02120-1,270.78697611,48.46423750,6.248,1058.717189864109,1100.2437448225746,1058.6756342751733,1100.0612043160352,0.18721085304939464,fitted,compact,False
1827,TYC 0032-01160-1,26.47918556,3.41757944,6.859,488.41048641041465,413.8793547537789,487.87324665606786,413.67475954717025,0.5748789022201356,fitted,compact,False
1828,TYC 5800-01061-1,325.76833278,-14.39976028,5.911,316.0338546759246,983.7246126168201,315.9023377869814,983.857168088626,0.18672880116095708,fitted,compact,False
1829,TYC 2588-02833-1,250.76759667,36.50962389,7.016,1138.0900505503328,1230.0788715004726,1136.004654471612,1229.3436459056145,2.2112063405477445,fitted,compact,False
1830,TYC 5168-01456-1,301.55081306,-4.07812694,6.597,482.9052051728572,1197.9638263928362,484.00107293669316,1197.9115402440839,1.097114395660785,fitted,broad_blob,False
1831,TYC 4165-00584-1,191.82886250,62.78113889,5.905,1388.2832012097665,813.3300563492065,1388.2714058822855,813.4248794410837,0.09555390365406478,fitted,compact,False
1832,TYC 2750-00011-1,345.63895806,31.78154750,6.591,682.7959892633829,778.6772873758676,682.7924961209374,779.1662255961411,0.4889506982184436,fitted,compact,False
1833,TYC 4680-00079-1,13.92667444,-7.34704889,6.033,366.71218538117023,517.7973638558257,366.8649006586578,517.867838705015,0.16819233141364803,fitted,compact,False
1834,TYC 4224-02055-1,284.10724444,65.25815222,5.726,1085.937524009321,936.0071309565262,1085.8720988402597,935.885733367885,0.1379051386808769,fitted,compact,False
1835,TYC 1071-02792-1,300.24571250,8.55776750,6.067,602.312471391261,1179.7001607298712,602.4477551299422,1179.7563486891481,0.14648814531982504,fitted,compact,False
1836,TYC 0539-02507-1,317.11727028,6.98935361,6.364,521.8565400864355,1044.8478820760427,522.1229731807545,1044.6821982871322,0.31374784725328964,fitted,compact,False
1837,TYC 5161-02681-1,302.00733000,-0.67801889,6.083,512.6005890469492,1187.7919534773212,512.5546698881468,1187.8500818691698,0.07407752077401362,fitted,compact,False
1839,TYC 2932-02463-1,99.66480639,39.39109833,5.842,1175.4966093499618,240.16707691143043,1175.7236166032478,240.07150781268405,0.24630417308618816,fitted,compact,False
1840,TYC 3499-02110-1,247.94680917,45.59819000,5.686,1184.6795501644172,1144.4820360917981,1184.7461076340273,1144.4452372198552,0.07605296665601247,fitted,compact,False
1841,TYC 4254-02516-1,312.32247472,64.04226833,6.453,1005.4958493056392,873.3243442229285,1006.054097425896,873.397829899869,0.5630640358658794,fitted,compact,False
1842,TYC 4541-02941-1,141.96509972,75.09830167,6.207,1285.1585731699577,641.9657622189168,1285.2902042974417,641.9917078774729,0.1341638212061575,fitted,compact,False
1843,TYC 0611-01089-1,14.47714500,13.69587778,6.384,545.5111162701193,533.8276673462881,545.507520655631,533.9756142142649,0.14799055438670533,fitted,compact,False
1844,TYC 6299-02606-1,295.88939333,-15.46968056,5.535,403.6752338963093,1261.0542558155323,403.7642384814458,1260.8890244421777,0.18767850946753295,fitted,compact,False
1845,TYC 4561-02319-1,205.66406778,78.06433278,6.012,1264.9441340141577,785.8471575218596,1264.9376588308694,785.8215750120976,0.026389255471493272,fitted,compact,False
1846,TYC 3903-02143-1,272.63140778,54.28598306,6.076,1077.1765903237826,1047.8239705715025,1077.224859931146,1047.667454730894,0.1637899977300895,fitted,compact,False
1847,TYC 2661-02732-1,290.13771472,35.18595611,6.274,871.4601067667903,1128.504057025981,871.6327409807823,1128.2362541684588,0.3186235119033942,fitted,compact,False
1848,TYC 0532-00180-1,320.34237083,2.97418694,7.185,477.8590474678503,1022.4809789063592,477.80337666909617,1022.4426396011212,0.06759541522953783,fitted,compact,False
1849,TYC 1253-00716-1,58.29151500,17.32715444,5.995,747.8125324634311,210.43216914046815,747.8456966769204,210.25763763252405,0.17765447453301572,fitted,compact,False
1850,TYC 6965-01443-1,337.44143056,-27.10723833,5.988,194.302655155173,867.5724065991807,194.0335690286122,867.5367674199724,0.271435986195894,fitted,compact,False
1851,TYC 1137-01152-1,333.62156611,7.97617472,6.937,490.43572180810713,898.4267788148506,490.80484656596616,898.0502110358465,0.5273105148284293,fitted,compact,False
1852,TYC 3599-02188-1,325.66170306,49.60026417,6.199,863.6521851732888,876.3012580406214,863.857081140907,876.8665904094516,0.6013177569250799,fitted,compact,False
1853,TYC 1714-02474-1,346.57503361,18.51762278,6.200,566.7684897374909,777.624596440978,566.8262464953865,777.6797223293167,0.07984176004913165,fitted,compact,False
1854,TYC 0040-01337-1,30.03763972,3.09759444,5.940,496.26870680623,381.620037067989,496.36376918715166,381.87165427490044,0.26897597491300007,fitted,compact,False
1855,TYC 4328-02576-1,63.21613806,68.50113528,6.458,1103.983919444423,533.987292044843,1104.389997937928,534.2954759965905,0.5097814149240952,fitted,compact,False
1856,TYC 4270-03600-1,328.87912722,65.32081111,6.005,989.6571354780634,812.2752351434962,989.7376639028569,812.3034081343366,0.08531438690283451,fitted,compact,False
1857,TYC 3548-02530-1,283.69653028,48.85970889,5.888,996.5240882116062,1064.2845163686402,996.3829596127987,1063.8718007426753,0.4361782540624567,fitted,compact,False
1858,TYC 3315-02530-1,48.34941028,48.17699667,6.024,932.8837283382387,429.25421912200517,932.9508079028703,429.4861589209363,0.2414451041528587,fitted,compact,False
1859,TYC 5183-02029-1,314.07600889,-3.56171000,6.551,439.6785898709112,1086.781749450582,440.29354575288335,1086.733138472891,0.6168741880839536,fitted,compact,False
1860,TYC 1720-01813-1,354.41528278,16.82550361,6.251,551.1173840773682,709.8122812784671,550.8172626056455,710.3324583329007,0.600547305171054,fitted,compact,False
1861,TYC 3588-12112-1,315.29551361,46.15576583,5.397,859.0360446272468,943.9461103713755,859.1489687327506,944.0759387208453,0.17206758535494654,fitted,compact,True
1862,TYC 3504-02136-1,257.91773500,49.74631278,6.181,1135.3673796740347,1105.3578782989696,1135.3984783381552,1105.3623544249965,0.031419144073102416,fitted,compact,False
1863,TYC 1226-02016-1,42.13360500,18.28386833,5.967,672.5215918031907,323.70506777053686,672.5288099257735,323.81485733532014,0.11002658691845026,fitted,compact,False
1864,TYC 2770-02052-1,353.65919194,33.49727611,5.738,696.0804687685887,718.7535763697081,695.7334952940857,718.8656768267704,0.3646328351674486,fitted,compact,True
1865,TYC 6433-00521-1,37.63662861,-22.54524389,6.338,298.6568979311309,288.33405204882143,298.9719106455528,287.60345448968854,0.7956166185157074,fitted,compact,False
1866,TYC 2817-02326-1,21.86110917,41.10109944,6.461,795.7680979439507,536.9649559889253,795.8337622206981,536.553025128872,0.41713167070484,fitted,compact,False
1867,TYC 0639-01485-1,39.14625917,7.73007250,5.928,570.0608901811325,314.87085768450373,570.1672265362098,314.87587283031775,0.10645455414706344,fitted,compact,False
1868,TYC 4322-02075-1,25.95012528,74.60454528,6.695,1073.0218378385857,646.442688212433,1072.9122029260677,646.5051233450274,0.12616639736834606,fitted,compact,False
1869,TYC 3493-00163-1,239.76823972,49.88117167,6.067,1242.4157777668484,1094.3379022318827,1242.6009510148135,1094.4702394526958,0.22760112428212925,fitted,compact,False
1870,TYC 4670-01076-1,2.57854167,-5.24852111,5.953,368.9650160527564,627.5076444377901,369.02184854044566,627.6628282999922,0.1652633133665819,fitted,compact,False
1871,TYC 4289-00860-1,357.16256389,64.87650972,6.483,971.7580172007092,707.9671943714478,972.1438066275026,707.9308572080793,0.3874969306552621,fitted,compact,False
1872,TYC 2377-01352-1,67.66000750,32.45781444,6.164,918.8734362954204,248.11746687339306,919.1105331265801,247.8861232194614,0.3312624240091097,fitted,compact,False
1873,TYC 3743-02222-1,79.86604806,58.11740778,6.119,1120.8808829934153,421.73400080245017,1120.6996507620393,421.8625537871326,0.22219584055579628,fitted,compact,False
1874,TYC 2154-04099-1,303.41884583,24.23893861,6.717,721.4709208672924,1104.0324183555815,721.5134595986018,1103.5767685481298,0.4576311732084582,fitted,compact,False
1875,TYC 2165-00436-1,309.26943250,26.46197389,5.574,716.0535430834198,1055.8625895336424,716.3049376991439,1055.620955389473,0.34869228905095995,fitted,compact,True
1876,TYC 2108-00837-1,281.16785583,23.59008139,6.352,835.8200544668647,1240.8611562061756,835.8602388596915,1240.565111890231,0.29875913781828767,fitted,compact,False
1877,TYC 3564-03159-1,293.42334889,49.26234472,6.231,957.01490371404,1027.8689145915791,956.9363659156191,1027.5992043895963,0.2809124042018098,fitted,compact,False
1878,TYC 3458-02328-1,186.00618111,51.56223167,4.859,1479.4381473793899,815.3704207981189,1478.3242313316955,815.0520130356713,1.1585303036597399,fitted,compact,False
1879,TYC 5859-02319-1,35.52074028,-17.66203139,6.011,335.53476627203486,308.55262629980973,335.15116743845545,308.27313266554876,0.4746206450586537,fitted,compact,False
1880,TYC 4167-00915-1,205.37425278,64.82243778,5.848,1347.4941987242241,861.9221148067852,1347.516370131404,861.9126626079806,0.02410218576355854,fitted,compact,False
1881,TYC 2424-01374-1,93.08387222,32.69338917,5.972,1099.5007326026505,181.29946089477178,1099.671388124323,181.1349523635514,0.23703662991523106,fitted,compact,False
1882,TYC 3917-02375-1,276.92539583,59.54902028,6.534,1083.7422164250256,995.7250225836144,1083.251991498774,995.7215109615979,0.490237503469042,fitted,compact,False
1883,TYC 0612-00227-1,17.23270111,9.73054917,7.284,517.930536080119,505.3520015722123,517.486234107103,504.5892368961621,0.8827310996311192,fitted,compact,False
1884,TYC 4520-01238-1,41.94850194,81.44865389,5.930,1135.813157741401,661.5656299639503,1135.5923463035733,661.6865687305741,0.2517615466031766,fitted,compact,False
1885,TYC 2760-01017-1,349.86417500,34.79318167,6.305,707.541784836206,746.2806387662941,707.4708867601042,746.6665956354773,0.3924146302886556,fitted,compact,False
1886,TYC 6990-01103-1,4.03663000,-31.44633167,5.797,158.9679446839899,609.0335352623814,158.78077169902633,608.7915077591549,0.30595921070990534,fitted,compact,False
1887,TYC 3554-01071-1,287.10783444,52.42585833,6.014,1003.3815036894883,1027.6182939975563,1003.3633030093532,1027.4994134547326,0.12026574000704768,fitted,compact,False
1888,TYC 3863-01548-1,218.12887806,55.39804389,5.900,1349.3412663715762,980.8737055142658,1349.2729582817112,980.7495337781651,0.14172020035010421,fitted,compact,False
1889,TYC 2690-01645-1,310.26058500,32.30731583,5.753,761.4642927457284,1027.864253346208,761.3566932573443,1027.8357037357837,0.11132263990710385,fitted,compact,False
1890,TYC 0598-01609-1,4.57193250,11.20628167,6.161,509.03299229728674,618.013756764724,509.1720525092162,618.2612169995701,0.28385614379817226,fitted,compact,False
1891,TYC 4313-01573-1,42.99478583,68.88851639,6.037,1058.6276163119765,576.2208715547523,1058.703129507717,576.1063991927504,0.1371355693948664,fitted,compact,True
1892,TYC 3531-00698-1,280.71086722,47.57514806,6.977,1002.2346587273477,1082.0218635818828,1002.8493079255733,1082.4315220833669,0.7386567028854032,fitted,compact,False
1893,TYC 2780-00450-1,358.23461972,36.95447194,6.592,727.5905434794915,686.7709646736835,727.4233707178473,686.7901320500857,0.16826800216886945,fitted,compact,False
1895,TYC 2200-00102-1,323.82928944,28.19768222,6.289,685.3190518845092,946.9444009494234,685.403721922746,947.0497289882819,0.13514070868831837,fitted,compact,False
1896,TYC 1087-01362-1,307.03132028,8.43740806,6.347,570.9414648227398,1126.0670431074675,571.2998864898216,1126.1116629067005,0.36118834133629213,fitted,compact,False
1897,TYC 1152-00457-1,341.61914000,7.58293472,6.950,477.0548757981863,825.3624240497433,476.9457553387376,825.9072340805644,0.5556304926420514,fitted,compact,False
1898,TYC 3144-02753-1,295.93784556,41.77308667,6.038,893.0102555117877,1062.6028821105758,893.031400914803,1062.5436954770862,0.0628505024046374,fitted,compact,True
1899,TYC 2404-01349-1,85.14962722,31.35822056,6.031,1031.5331255087149,182.7285734578186,1031.6218378780422,182.91508790947114,0.20653698251625158,fitted,compact,False
1900,TYC 1228-00703-1,46.85702778,17.87997417,6.098,691.0248762602478,288.69624686929143,690.9849394470119,288.69710565387606,0.039946045641555156,fitted,compact,False
1901,TYC 2201-02011-1,326.11850750,29.19405778,7.243,688.7086133329241,927.895588924496,688.5017396985505,928.0435093998128,0.2543170611989619,fitted,compact,False
1902,TYC 0627-00535-1,23.94350639,14.66144028,6.212,576.1828923946839,455.4806446820073,576.3151777558917,455.65922510894086,0.22223947820681228,fitted,compact,False
1903,TYC 2794-01098-1,3.14204389,44.70725028,6.641,798.2508413933508,660.5700108072501,798.9336524065583,660.3650979569684,0.712895613654622,fitted,compact,False
1904,TYC 3262-00353-1,12.57590806,45.00224278,6.124,811.7021682208153,603.3452289958162,812.0375156782959,603.0131469130677,0.4719496020988982,fitted,compact,False
1905,TYC 3952-01091-1,315.94828000,53.28582833,6.030,914.722612529671,910.7009830534396,914.9691793452611,910.9736717725035,0.3676334207535515,fitted,compact,False
1906,TYC 1650-01156-1,318.36985972,15.98244861,6.283,595.625655456874,1017.0548098649211,595.7471599873552,1016.8315894880759,0.2541469802424879,fitted,compact,False
1907,TYC 6367-01192-1,327.92360111,-18.62274639,6.229,276.39125318230253,962.8971819794504,276.27750783781806,962.9825978019128,0.14224579473160368,fitted,compact,False
1908,TYC 4038-00622-1,20.27161972,64.65818556,6.337,988.1521292431438,621.7722015325205,988.2915618970576,621.7210292571926,0.14852631665692537,fitted,compact,False
1909,TYC 3860-01669-1,219.56335722,54.02338361,5.816,1347.359396180389,997.972008659029,1347.2467977052952,997.9393534882827,0.11723811995220126,fitted,compact,False
1910,TYC 2928-01995-1,99.13682750,38.44554750,5.799,1168.887903397406,231.15606037920807,1168.8945676711303,231.06377802018244,0.0925226800930849,fitted,compact,False
1911,TYC 2157-00559-1,309.64578528,23.68050556,6.035,691.4479861704672,1062.6109902661344,691.4851649475522,1062.41066740867,0.2037437328809656,fitted,compact,False
1912,TYC 2223-01302-1,337.05797611,24.79260611,6.763,630.4226058983116,851.5077951181072,630.3058267528821,851.723537020228,0.24532007080132398,fitted,compact,False
1913,TYC 3643-00745-1,358.94850389,48.22039250,6.801,827.034143705549,688.2822084093132,827.4015864844348,688.989287766102,0.7968534448393183,fitted,compact,False
1914,TYC 4295-00489-1,11.65936500,69.32537417,6.440,1017.1454206921347,664.7210024274772,1017.40311008547,664.6441941057744,0.26889280711887614,fitted,compact,False
1915,TYC 1192-01830-1,13.64673806,19.18840528,5.820,590.7849142935096,548.9140164335748,590.8854096068701,548.7708315899131,0.1749320081113377,fitted,compact,True
1916,TYC 3180-00020-1,315.60085139,44.79098694,6.427,846.5805185869069,947.857913478058,847.1742514344733,947.8954330723998,0.5949171490542294,fitted,compact,True
1917,TYC 2676-01686-1,303.84912833,33.72935500,5.802,797.448516488051,1061.5584251191042,797.4219247542076,1061.4981046555906,0.0659217614092132,fitted,compact,False
1918,TYC 2245-01744-1,349.62043361,27.60391444,6.999,644.9245790429825,750.1021298424396,644.4553324557694,750.1102076050649,0.46931610867321194,fitted,compact,False
1919,TYC 6399-01261-1,349.85044139,-18.07540083,6.125,259.90082914266867,748.9275702015217,259.84314108355136,748.8499733154827,0.0966912037761289,fitted,compact,False
1920,TYC 5225-00965-1,334.14029222,-1.59636944,6.169,408.5793620976705,899.8788834769006,408.68630578995044,899.7570464247611,0.16211483766912255,fitted,compact,False
1921,TYC 3740-00941-1,66.75359972,57.58532972,6.278,1063.848466054451,437.8314624445281,1063.707177755486,438.07425694974603,0.2809120061307377,fitted,compact,False
1922,TYC 3189-01865-1,327.77072500,39.53664861,6.181,773.9663072218551,892.2085476697099,773.9977138257927,892.52599048038,0.3189926532335842,fitted,compact,False
1923,TYC 1547-01615-1,256.57544556,22.08424278,5.713,1012.6577065576095,1346.1237926495899,1012.6266816742233,1345.8301831834042,0.29524407195227653,fitted,compact,False
1924,TYC 1598-01359-1,287.01456417,21.69874972,6.260,784.8491525023804,1218.3906474802297,784.8298122613602,1218.5944375373442,0.20470572122303274,fitted,compact,False
1925,TYC 1219-01986-1,37.65987778,19.85538417,6.161,666.8632073219298,361.52805680161146,666.925881480139,361.7481451745705,0.22883824422279836,fitted,compact,False
1926,TYC 3391-02639-1,104.13358389,46.27398694,5.826,1221.8831656740247,309.20657915398493,1222.0396371981105,309.09038397657696,0.1948965292216014,fitted,compact,False
1927,TYC 1201-01727-1,22.47012000,18.35567472,6.042,603.6798119625054,475.10665384269214,603.7792622724204,475.1954217363764,0.13330455015238873,fitted,compact,False
1928,TYC 2108-00276-1,282.06827444,23.51476389,6.238,829.5439999367663,1236.1200381236345,829.5332537538383,1236.3064008450406,0.1866722914023823,fitted,compact,False
1929,TYC 5875-01138-1,49.67115611,-18.55964806,5.880,381.5873189988066,179.41397484898013,381.7800815509694,179.56332233460296,0.243848463144977,fitted,compact,False
1930,TYC 2785-01246-1,1.90808667,40.14799611,6.839,757.6363173624115,664.1096978756442,757.7942079255041,663.7323181359609,0.4090781072571924,fitted,compact,False
1931,TYC 2153-00589-1,300.06474667,29.92063444,7.465,782.2144784847959,1101.4472382800793,782.9342553806114,1101.2384100427757,0.7494584794670583,fitted,compact,False
1932,TYC 3803-01703-1,125.10833639,57.74324583,5.924,1326.1572160495252,466.9571743064018,1326.2889691567284,466.9268418890907,0.13519961833385996,fitted,compact,False
1933,TYC 1213-01622-1,29.89833278,21.05860472,6.008,648.7453205054463,423.1669002816284,648.8445413169096,423.3965059189837,0.25012700400548915,fitted,compact,False
1934,TYC 6412-01068-1,1.70845417,-23.10743000,6.218,223.4015101124256,631.5404656316485,223.06237465367053,631.5701976897482,0.34043627107558466,fitted,compact,False
1935,TYC 2755-02215-1,346.86558000,32.82537222,6.350,691.6028024256201,769.1576776155689,691.2754668168109,769.4442396483184,0.4350475829240453,fitted,compact,False
1936,TYC 3960-01601-1,314.07085444,56.88750806,6.190,947.6114471337366,902.5513750742647,947.7924292326586,902.7505748317417,0.2691376293071908,fitted,compact,False
1937,TYC 2309-01661-1,32.85416778,31.52642028,6.247,746.4837155561291,434.96093060158927,746.4658445652335,435.07105533944014,0.11156536291481324,fitted,compact,False
1938,TYC 3128-01252-1,286.57097778,41.41378611,6.472,934.2384521191785,1105.5418387004172,934.1662898043846,1105.41654928464,0.14458505241620292,fitted,compact,False
1939,TYC 4334-01619-1,52.58079306,71.86389639,6.602,1096.6422483169595,577.7672997847133,1096.238188537348,577.936497955822,0.4380551638849538,fitted,compact,False
1940,TYC 3406-03262-1,114.13190889,46.18036389,5.823,1286.5065761400854,327.1516917832131,1286.550625981708,327.1697128933569,0.04759358105661577,fitted,compact,False
1941,TYC 4274-02376-1,327.28384528,66.79218667,6.527,1003.3646633635361,812.3798271169949,1003.6231821065006,812.6981898049057,0.4101057686960334,fitted,compact,False
1942,TYC 4049-01022-1,49.24898111,60.06749111,7.490,1016.615614654165,501.68204663933784,1017.0483456389238,501.42204444641374,0.504833879108422,fitted,compact,False
1943,TYC 3215-01149-1,344.41974111,39.30878833,6.123,750.097527723949,782.1239472656273,749.8686912683761,782.675105921377,0.5967763292952147,fitted,compact,False
1944,TYC 2282-01007-1,16.54664861,32.18153583,6.423,708.1484972462323,549.8375360886986,708.267677890639,549.5173976872854,0.34160301822519124,fitted,compact,False
1945,TYC 0602-01388-1,5.60602889,13.48243528,6.381,529.7880663545108,610.9149078420648,529.7406987230017,610.8778303980638,0.06015338201984709,fitted,compact,False
1946,TYC 3643-00907-1,358.88951861,47.35582139,6.120,819.3306499141527,688.940807930631,819.7502024765089,688.7506677758514,0.4606274319222207,fitted,compact,False
1947,TYC 6331-01979-1,310.13565556,-16.12436111,5.907,342.4915563555226,1131.8679683511723,342.36663113314887,1131.8844915252505,0.12601319957349205,fitted,compact,False
1948,TYC 1862-00835-1,85.83124694,23.20440861,6.208,987.1686681281657,117.36007800138746,987.678764664761,116.76532191387764,0.7835389462410802,fitted,compact,False
1949,TYC 5281-01247-1,32.84267500,-10.05175917,6.047,392.773357546558,338.69128816720405,392.5729662780552,338.4663982950674,0.30121772039802974,fitted,compact,False
1950,TYC 2841-00883-1,32.13978694,44.45953528,6.485,849.8761409744099,489.0447776424241,850.0935629712249,488.91100053109164,0.2552814921130766,fitted,compact,False
1951,TYC 3205-02102-1,338.10989444,39.77975306,5.897,759.9023289345721,824.0956568508236,759.8292659662656,824.5346077977792,0.44499003491202627,fitted,compact,True
1952,TYC 5824-01403-1,349.41691472,-11.71295417,6.334,311.56932482609324,754.0422295338768,311.5461091285558,754.0596259452375,0.029010407449360977,fitted,compact,False
1953,TYC 2182-00750-1,310.15109917,29.80545778,6.053,740.9622680433511,1037.970363111853,740.9694137454569,1037.7874382268574,0.18306440016900896,fitted,compact,False
1954,TYC 6400-01249-1,345.68452000,-20.87041222,6.083,238.65443675594642,789.1688677143965,238.53373395564086,789.2134670943207,0.12867894424196893,fitted,compact,False
1955,TYC 2668-00996-1,296.41521944,36.09100528,6.371,848.228641343421,1091.6810974497744,848.0954771595275,1091.4931206633062,0.23036486737986625,fitted,compact,True
1956,TYC 1216-01511-1,38.22562056,15.03446806,6.052,628.638475338948,342.2383793721917,628.5984332827786,342.43896592579307,0.2045442048750216,fitted,compact,False
1957,TYC 5167-02592-1,306.42719694,-2.80028028,6.234,474.94978821505714,1153.4329056090871,474.8760712069336,1153.6202283403777,0.20130574493751519,fitted,compact,False
1958,TYC 3513-00482-1,261.68434222,48.26007333,5.839,1108.3377886290925,1115.8844128278708,1108.418373969226,1115.772620120148,0.13781003789423624,fitted,compact,False
1959,TYC 2786-00272-1,4.92324333,40.72950556,6.472,765.5088987349436,644.5854029604682,765.4572306784546,644.249712571036,0.33964338005988565,fitted,compact,False
1960,TYC 3522-00376-1,265.34084917,51.81818028,6.113,1102.5084132104716,1079.9434940903145,1102.4429379780656,1079.9783742568318,0.074186468273494,fitted,compact,False
1961,TYC 3571-02335-1,303.13221222,51.46359917,6.172,937.3529866142965,975.7534756221094,937.2147312671991,975.8453555715942,0.16600140396496146,fitted,compact,False
1962,TYC 2288-00145-1,13.36756472,37.41830833,6.185,747.5219140261834,582.6808877930326,747.622469889866,582.3798724164374,0.3173668833822408,fitted,compact,False
1963,TYC 2399-01718-1,74.08369361,36.16854556,6.130,983.0566909168399,250.80365602143323,983.213714169694,250.8134428320247,0.1573279491966487,fitted,compact,False
1964,TYC 4133-01969-1,127.44287722,67.29741583,5.992,1298.8142819927928,552.7087907051533,1299.0384683144953,552.7609511623748,0.23017432553623016,fitted,compact,False
1965,TYC 2778-01538-1,355.16864278,36.72071167,6.271,724.7086422731195,708.3395308854771,724.356014631675,708.4608191492961,0.37290360208902107,fitted,compact,False
1966,TYC 3918-01436-1,280.87086861,53.87179528,6.196,1038.3897617475836,1033.9939736109536,1038.2026961181664,1033.7318995956975,0.32198810409969003,fitted,compact,False
1967,TYC 5245-01215-1,345.38209306,-4.71147778,6.042,370.70821687590654,793.4160990143745,370.75395703314456,793.4957553626032,0.09185475380887778,fitted,compact,False
1968,TYC 1151-00735-1,337.28314111,9.12908056,5.767,494.7141651845497,864.3622794695073,495.11308177200027,864.2724036409568,0.40891577164600046,fitted,compact,False
1969,TYC 3475-01198-1,217.15865778,49.84495944,5.681,1372.7783029871844,1022.5093823258743,1372.3334010494625,1022.5152865479012,0.44494111298732675,fitted,compact,False
1970,TYC 6412-01067-1,1.94524583,-22.50847806,5.941,228.217564370468,629.3095291338103,228.01791221784742,629.3255874885674,0.20029691161757512,fitted,compact,False
1971,TYC 3897-01058-1,263.38167389,57.55870806,6.230,1132.72489474736,1030.1061930125431,1132.6168033329345,1030.1911891548273,0.13750672011094792,fitted,compact,False
1972,TYC 4304-00408-1,12.03705083,72.67445722,5.968,1045.2136892361584,672.4858690219585,1045.3162950157248,672.3547248221478,0.16651350439052612,fitted,compact,False
1973,TYC 6896-02102-1,299.73823806,-26.19582667,4.945,284.67308134701983,1225.7460396929534,285.1742083986325,1225.1231154152822,0.7994766898229521,fitted,compact,False
1974,TYC 1211-01730-1,26.23271583,20.08340139,6.359,628.7452855234399,448.9855799809525,629.0925856107714,449.15527334846865,0.3865400233345312,fitted,compact,False
1975,TYC 2638-00548-1,281.98905667,31.75684389,6.031,891.5904375817486,1187.315979062961,891.6524999293124,1187.2450098015152,0.09427815789098175,fitted,compact,False
1976,TYC 3927-01604-1,283.44286194,57.48659361,6.373,1047.876008673205,999.3790395674312,1047.5474060112645,999.2863663222088,0.3414206200779992,fitted,compact,False
1977,TYC 4190-02569-1,248.10689917,60.82334472,5.923,1206.8350310653925,999.4201474600093,1206.9891113971155,999.4001791994147,0.15536885162425065,fitted,compact,False
1978,TYC 1274-00357-1,68.92738806,19.88183194,6.419,836.1623737589232,163.1818930537734,836.0528259090785,162.84718058604665,0.35218342870914365,fitted,compact,False
1979,TYC 3953-01412-1,319.25840306,53.99760222,6.115,912.9903636409343,892.8972470161603,913.1948916025799,892.9042057340389,0.20464630670843748,fitted,compact,False
1980,TYC 1607-01463-1,288.76120278,20.20314944,6.128,762.4380374846144,1215.3745210441712,762.4656559850346,1215.5247383140609,0.1527350966169147,fitted,compact,False
1981,TYC 2324-00697-1,39.17937306,31.60766444,6.191,769.8961785675373,394.4613010317722,769.9959154069901,394.5720617544253,0.14904822986761743,fitted,compact,False
1982,TYC 1156-01075-1,342.38376833,10.47869694,6.572,500.9379083022554,817.937921415151,500.891703797974,817.6845771901104,0.2575231107634649,fitted,compact,False
1983,TYC 5299-00652-1,52.00394972,-11.28649194,5.854,461.1026616644107,167.22959482905932,460.9088114450832,166.96687219489388,0.3264982236339787,fitted,compact,False
1984,TYC 1235-00821-1,54.85720583,16.53676417,6.277,721.5035087420167,228.77895608130942,721.596716724161,228.76767127124873,0.09388863016098356,fitted,compact,False
1985,TYC 3958-01062-1,307.94382556,56.77987222,6.312,962.4272364960696,927.5728937412696,962.2982986281844,927.4512511441327,0.17726222161807675,fitted,compact,False
1986,TYC 4584-02920-1,299.90287333,76.48152944,6.415,1111.9012718903762,823.7800296996411,1111.500958597864,823.6423736260356,0.42332012326662943,fitted,compact,False
1987,TYC 2772-00917-1,359.87182889,33.72452694,6.717,700.09316371786,673.3990170823363,699.8622966404469,673.055090881628,0.4142280036005931,fitted,compact,False
1988,TYC 4503-01788-1,33.20824222,79.69148444,6.473,1116.826105214898,660.3479117587265,1116.5872134499778,660.528509915813,0.29947448921359954,fitted,compact,False
1989,TYC 0604-01300-1,10.29976194,9.35530167,6.576,500.99176587859625,565.5306386378933,501.1170597315797,565.5125879736174,0.1265874246370064,fitted,compact,False
1990,TYC 2191-02228-1,321.03094056,25.31240278,6.196,667.7513118978763,974.6270906403199,668.0227035046748,974.6446849118245,0.2719613256153181,fitted,compact,True
1991,TYC 1127-02451-1,322.79007750,12.13751139,6.086,549.6834286390335,987.5281319082407,549.9841851944944,987.548034219508,0.3014143454557104,fitted,compact,False
1992,TYC 1791-01519-1,48.05932778,27.25701056,5.754,773.2168673049845,320.1981479828357,773.2155060158611,320.33598479004047,0.13784352914986,fitted,compact,False
1993,TYC 4552-01914-1,164.98753083,77.77022278,6.292,1283.4112226837433,703.073580860579,1283.2046672976785,703.1393305459676,0.21676749904234902,fitted,compact,False
1994,TYC 4411-02301-1,228.71513667,68.94572528,6.515,1266.1349471698727,896.8094906248562,1266.6219111201262,896.8925408975945,0.4939951787704417,fitted,compact,False
1995,TYC 2183-02726-1,312.86764583,28.25051472,5.744,718.087285100231,1024.9005129082032,718.3405353989566,1024.8325590806821,0.26220876506963486,fitted,compact,False
1996,TYC 3053-02219-1,233.81208778,39.01004833,5.322,1275.013955131246,1186.5081096989204,1274.4653662110977,1186.0204916268467,0.7339762853949818,fitted,compact,False
1997,TYC 1715-01228-1,348.49726889,19.63391306,6.600,576.0432226516394,760.7904557128405,575.5919636643187,761.0237489863331,0.5079964813801922,fitted,compact,False
1998,TYC 3246-02388-1,0.18175361,45.25333250,6.339,801.4115784877213,679.6499386060008,801.811322205694,679.3071688310007,0.5265796793574821,fitted,compact,False
1999,TYC 2714-02877-1,318.36010444,36.63326306,6.098,771.5533821302462,960.838369838879,771.733698095738,960.9562630801994,0.21543598529556068,fitted,compact,False
2000,TYC 3264-02265-1,18.14192722,45.33748500,6.317,823.9190030699858,571.1586409790306,824.1527873426476,570.8399809182852,0.39522059720901015,fitted,compact,False
2001,TYC 1133-01258-1,326.12999611,14.77220694,6.017,563.9951818554621,955.2671861912584,564.2502037545768,955.1133179828455,0.297844917009253,fitted,compact,False
2002,TYC 0592-00433-1,355.48627028,7.25064056,5.904,469.1270882198457,698.7062375223683,469.4269230125747,698.7726725480892,0.3071066843515452,fitted,compact,False
2003,TYC 3311-02941-1,49.01847111,45.34621222,6.347,915.2209112772238,409.85602154339557,915.2480224371773,409.91851875727605,0.0681242742115218,fitted,compact,False
2004,TYC 3495-01892-1,244.79679861,49.03808444,6.072,1211.2200682139846,1109.160908818353,1211.3574838026589,1109.297330276821,0.19363330896627065,fitted,compact,False
2005,TYC 4649-01776-1,307.26178139,83.62546056,6.207,1146.766482263731,765.7879136176895,1146.5606121581163,765.7864963790535,0.20587498379144317,fitted,compact,False
2006,TYC 6351-01445-1,318.77758000,-17.34509222,6.146,307.03833199551406,1050.5207661599875,306.7168804818471,1050.7798755316285,0.4128786045691361,fitted,compact,False
2007,TYC 2106-02025-1,277.39879389,23.86620722,5.847,862.6844068617996,1257.6337639199946,862.8147837329678,1257.6577250587309,0.13256041907428204,fitted,compact,False
2008,TYC 1750-02395-1,17.58104278,25.45802111,5.972,652.7912207904438,528.3076746977083,652.6717498127086,528.1143625611141,0.22725073525866632,fitted,compact,False
2009,TYC 3548-01129-1,282.06704444,48.76744333,6.144,1003.4849882642347,1069.8043147034243,1003.4433128746305,1069.4999750990032,0.30717980551765023,fitted,compact,False
2010,TYC 3477-01326-1,224.09560056,49.62897722,5.689,1335.0513970673574,1054.0892359912104,1334.8501649174991,1054.0182066571151,0.21339996353934998,fitted,compact,False
2011,TYC 3314-01386-1,45.98645917,47.84849389,6.501,921.9134751482037,437.49589130285096,921.7721674577294,437.67742313498405,0.23004710270891573,fitted,compact,False
2012,TYC 4121-01515-1,116.66683694,65.45563472,6.059,1272.641273289924,512.4458291438443,1272.639160107771,512.2572701653062,0.18857081939196776,fitted,compact,False
2013,TYC 0557-01531-1,329.50601944,5.94038417,7.212,480.9690307582427,936.6812914924794,481.0268718391021,936.9273075287072,0.25272411977527826,fitted,compact,False
2014,TYC 2423-00319-1,90.72967306,32.63616417,6.265,1080.7079708848075,183.76540267549208,1080.9866433232894,183.47288668782073,0.4040098154906306,fitted,compact,False
2015,TYC 1870-01883-1,87.74213250,27.96783333,5.689,1032.6016402559137,149.8344474793927,1032.4283549988188,149.6065186583262,0.28632032376207117,fitted,compact,True
2016,TYC 1273-01106-1,66.23776389,19.04209167,6.015,811.1181812960825,172.40877671574768,811.3976916867323,172.3222360354373,0.2926010044920649,fitted,compact,False
2017,TYC 3382-01506-1,90.42938861,48.95946722,6.129,1143.9259944049152,330.11966532668606,1144.0837868680337,329.95301439451396,0.22950162224012013,fitted,compact,False
2018,TYC 5765-02132-1,312.67377389,-12.54473472,5.992,366.1449989799051,1106.7468919303199,365.9694192107495,1107.030556089295,0.3336069699868786,fitted,compact,False
2019,TYC 5257-00018-1,353.88363306,-7.46447083,6.507,345.57902269560293,711.2861345833018,346.2701706000251,711.1003838035144,0.7156736532657549,fitted,compact,False
2020,TYC 5167-00198-1,306.86483500,-2.10290972,6.755,479.10496202079105,1148.8902497163872,479.32550959126155,1148.711979619117,0.2835867740589057,fitted,compact,False
2021,TYC 5870-00980-1,43.39696444,-22.37613139,6.046,321.39993989320635,234.98465760129343,320.6971276189592,234.74147261810737,0.743696193939206,fitted,compact,False
2022,TYC 0641-00763-1,44.05721361,8.38177083,6.017,597.1950238252849,277.52692229128445,597.3560663820585,277.4472757395316,0.17966156600203018,fitted,compact,False
2023,TYC 1704-00805-1,338.14743222,20.22994806,6.464,589.3406565000587,847.5261475690297,589.3237201790796,847.6216477572884,0.09699033418725733,fitted,compact,False
2024,TYC 0578-01092-1,350.88294639,0.29129861,6.506,410.279225776856,740.8384405215421,410.5443260359334,740.86136744669,0.26608981803078513,fitted,compact,False
2025,TYC 0053-00623-1,40.06526694,6.11195444,6.291,560.3352569899902,302.66696210560394,560.1263643865107,303.2969545258386,0.6637217559652312,fitted,compact,False
2026,TYC 4546-01243-1,126.13791944,82.43081778,6.278,1225.698858343066,666.831309588235,1225.3133687153477,666.844759222179,0.38572418349330945,fitted,compact,False
2027,TYC 2282-01412-1,17.00502889,32.01218722,6.269,707.9423753469051,545.9902481439271,707.7407786281343,545.8767760307147,0.2313377563132584,fitted,compact,False
2028,TYC 1617-00764-1,300.87505472,16.03127333,5.641,663.8668241914211,1151.4451131673504,663.9450894811073,1151.346414414428,0.12596388132364988,fitted,compact,False
2029,TYC 3580-00876-1,303.93015583,50.23286944,6.367,925.4769061823883,979.1380745158173,925.4528394803098,979.2785743977247,0.14254621343599894,fitted,compact,False
2030,TYC 5838-01287-1,1.08234694,-16.52889667,5.892,275.62653779938586,638.6664125284157,275.48885720522503,638.8130025873843,0.20110840707664077,fitted,compact,False
2031,TYC 3725-00758-1,57.36117389,57.12223722,7.174,1025.5359025411003,457.30251432809064,1025.490780016588,457.4566140205235,0.16057010128374502,fitted,compact,False
2032,TYC 3753-01368-1,84.14677000,54.42868083,5.920,1128.0038755668168,384.2772911289152,1127.9467465955545,384.33820042979636,0.08350845640604015,fitted,compact,False
2033,TYC 2209-02198-1,333.03370000,24.95063861,6.102,637.998157391344,883.2120398068578,637.920546348941,883.3154703355201,0.1293110519725348,fitted,compact,False
2034,TYC 1807-00067-1,56.18711361,27.92144611,6.910,819.5956176726012,275.9936415653019,819.6943366984606,276.13454747118533,0.1720462739481843,fitted,compact,False
2035,TYC 5248-01455-1,345.34854583,-7.06113639,6.387,351.1133807000441,793.8100331037077,351.3022397247942,793.9179624809392,0.2175235198757551,fitted,compact,False
2036,TYC 4336-02239-1,63.43670194,72.12622528,6.151,1121.1468735135072,564.4735039356669,1120.986798353739,564.5310439257432,0.17010263734815667,fitted,compact,False
2037,TYC 0587-01273-1,358.26978917,2.09065056,6.279,427.23786206056025,671.200890242801,427.1065264941274,671.4102729229901,0.24716419193195327,fitted,compact,False
2038,TYC 3821-01318-1,153.78188389,59.98552917,6.367,1405.312008691779,610.1312978154563,1405.5909658194435,609.4478494011119,0.7381861649642736,fitted,compact,False
2039,TYC 6383-01658-1,332.75962194,-21.23269222,6.155,247.38306121451686,915.3280822588965,247.0839125857891,915.483866054171,0.33728102961746376,fitted,compact,False
2040,TYC 0050-01208-1,41.33694694,4.71172556,6.070,553.7354477746121,289.4685215753424,553.5121770359199,289.40342996415285,0.23256556194635852,fitted,compact,False
2041,TYC 3468-01122-1,212.07230833,49.45803056,5.452,1400.497122621285,1000.1190786602989,1399.75906414161,999.8018494832068,0.8033459218908204,fitted,compact,False
2042,TYC 2897-02582-1,71.68529667,40.31267139,6.093,993.504623875395,289.7197532418214,993.5018002107493,289.5558932527755,0.16388431618725705,fitted,compact,False
2043,TYC 2408-01141-1,83.36418722,32.80132167,6.489,1026.6297267550963,198.6428985159397,1026.547958691623,198.72653155558748,0.1169636760917048,fitted,compact,False
2044,TYC 8004-01299-1,342.75894306,-39.15681806,5.570,95.32108600742197,808.5683302071353,95.59834686701186,808.6507070015789,0.2892395555993723,fitted,compact,False
2045,TYC 2074-01985-1,261.02755389,22.96036806,5.733,980.1020107241823,1327.5704304153896,980.1094547308379,1327.4765708909051,0.09415425413409904,fitted,compact,False
2046,TYC 3126-03346-1,281.55420500,41.44181028,6.031,960.5872833471236,1124.5977607503576,960.3491683390934,1124.243829813357,0.426574571693313,fitted,compact,False
2047,TYC 5274-01771-1,21.94351556,-10.90161806,6.373,354.0734413884065,439.49710387222194,354.0435903352287,439.3868903882408,0.11418448855728747,fitted,compact,False
2048,TYC 3591-03420-1,325.53480639,45.76574111,6.360,831.3023528107526,888.8362210330735,831.6868930085263,889.1732174351156,0.51130982651735,fitted,compact,False
2049,TYC 5742-01060-1,299.94783444,-9.95730833,5.941,437.4706947230393,1219.961995417398,437.3846812220562,1220.141352012399,0.1989148323322051,fitted,compact,False
2050,TYC 3918-01829-1,281.67949417,52.98796972,5.867,1029.9624846286729,1038.71560787822,1029.7666113388777,1038.5708994760503,0.2435300131681681,fitted,compact,True
2051,TYC 6957-01565-1,331.15316139,-26.82233556,5.927,203.71743140632142,928.6778425850548,203.39966138327054,928.5600975112159,0.33888300335527977,fitted,compact,False
2052,TYC 3404-00974-1,109.39050306,52.13110972,6.063,1257.776981647225,373.33519727112,1257.8759288765016,373.492557841362,0.18588411241517014,fitted,compact,False
2053,TYC 1813-00817-1,59.26584278,23.17559139,6.040,800.2112743165769,233.74891577565,800.2852056823367,233.62674971879255,0.14279493090164694,fitted,compact,False
2054,TYC 2427-00361-1,91.53590722,35.38840861,6.186,1100.2360540482007,206.3674982826824,1100.1111186103178,206.48452945079026,0.17118749354925714,fitted,compact,False
2055,TYC 5306-01181-1,55.89099222,-10.48561472,5.624,488.71507931414885,135.8607629193412,488.52705011946375,135.54716310631625,0.3656498609096019,fitted,compact,False
2056,TYC 2794-01709-1,4.67562972,43.79114778,6.083,791.9294638371139,649.9991350445484,792.148142394084,649.6651983341643,0.39916667924651933,fitted,compact,False
2057,TYC 3619-04083-1,335.16465889,50.98081500,6.522,860.7848675689396,821.8670168067941,861.0139838490626,822.514245794096,0.6865854876278962,fitted,compact,False
2058,TYC 1109-02581-1,319.71672444,11.20333778,6.153,550.5291027191533,1015.197183267777,550.5549510292366,1015.1437827743847,0.05932746268545717,fitted,compact,False
2059,TYC 4633-01786-1,205.59562222,82.75250556,6.024,1234.2789341769842,760.2735669154921,1234.0515443516692,760.0674502008332,0.306904272890693,fitted,compact,False
2060,TYC 4171-01431-1,207.43930250,61.48953000,6.071,1360.9583045861038,891.154920482637,1360.9714514725597,891.1445592322859,0.01673906007873311,fitted,compact,False
2061,TYC 2388-01919-1,76.06065472,30.49461694,6.292,960.7617167107347,202.38076330296417,960.8099435927386,202.22001134283528,0.16783034538811775,fitted,compact,False
2062,TYC 1771-01398-1,39.25183528,24.64725417,6.503,713.1996172218802,366.73062961196626,713.2432183604099,367.02774847974877,0.3003009838036455,fitted,compact,False
2063,TYC 4539-00902-1,111.34154056,81.25753000,6.284,1215.5849108352563,645.8157266780255,1215.4286534180176,645.8823225709984,0.1698569792589866,fitted,compact,False
2064,TYC 2948-01039-1,109.50926472,40.88336444,5.892,1251.4327852700296,265.67422751128737,1251.3828101463712,265.52051238456215,0.16163493795843167,fitted,compact,False
2065,TYC 1763-03031-1,29.43223222,27.80451556,6.037,704.2725473745835,446.2781464036848,704.2377616098333,446.28882044543724,0.036386599134656104,fitted,compact,False
2066,TYC 4269-00595-1,342.18434028,62.93852472,6.197,957.4910430317021,767.6140637414791,957.986174197803,767.8084377217023,0.5319173956849509,fitted,compact,False
2067,TYC 4362-00945-1,97.06035750,70.53529306,6.040,1205.1815363020444,536.4438548520827,1205.0291158017876,536.2872586616651,0.21852774595424335,fitted,compact,False
2069,TYC 0072-00232-1,59.25707306,6.04012833,6.081,658.481440407741,156.04031330393116,658.4395283542881,155.73836289019027,0.304845325670141,fitted,compact,False
2070,TYC 2758-01845-1,345.46432556,34.61261667,6.778,707.9404295181819,777.890761134494,707.7801661505015,778.7320014777413,0.8563700497606218,fitted,compact,False
2071,TYC 5854-00103-1,21.85479611,-20.35186056,6.946,274.3187516425934,436.49239821555614,274.5567240467398,436.4282806529213,0.246458773374917,fitted,compact,False
2072,TYC 2356-01913-1,58.01855583,31.16866556,6.239,854.0921799831534,284.2845339065794,854.1648184425575,284.45565448506994,0.1858994302507108,fitted,compact,False
2073,TYC 1138-00130-1,335.23239556,8.18669306,6.216,489.7048989170735,883.4761241950802,490.0237451885644,883.402157261041,0.3273133852668242,fitted,compact,False
2074,TYC 3204-02412-1,336.86041639,39.81004083,6.125,761.5702702552478,832.3357543773953,761.6143941988773,832.7656183604389,0.43212262879823393,fitted,compact,False
2075,TYC 3387-02494-1,93.43892722,51.17261417,6.186,1167.3977460488743,349.9408139642784,1167.3557584758446,349.86199868571026,0.08930176047926629,fitted,compact,False
2076,TYC 4256-01036-1,318.42692194,64.40419861,6.462,997.3240326189127,851.7824224808771,997.448219792707,851.7048096737924,0.14644521828518028,fitted,compact,False
2077,TYC 1758-02415-1,33.15630639,24.16779167,6.111,685.8126199959074,408.2162758592675,686.1508450828345,408.38885410631747,0.3797097059355575,fitted,compact,False
2078,TYC 1144-01415-1,332.65607667,11.62466444,5.964,523.6657029125173,903.0207029859664,523.6908353903445,903.1620341484343,0.14354838531397907,fitted,compact,False
2079,TYC 6343-01495-1,311.54155806,-21.51399111,5.910,289.8208313832959,1118.2990594142195,289.92783759222147,1118.503740249279,0.23096444096277438,fitted,compact,False
2080,TYC 1869-01851-1,84.28682167,26.92453361,6.544,998.6278569455313,149.98644819724217,998.8412980251522,149.79013697935738,0.2899917046005717,fitted,compact,False
2081,TYC 5207-01019-1,321.14986972,-6.71519139,7.171,392.9624194754885,1025.4558042005324,392.1619139639071,1024.6526061996815,1.1339912268809853,fitted,compact,False
2082,TYC 5256-00186-1,358.23134083,-3.15538167,6.060,382.96911750849904,670.0840835543567,383.3327398630983,670.1294908194625,0.36644649880809405,fitted,compact,False
2083,TYC 3786-01560-1,114.19602139,55.75515000,6.056,1280.5955363271937,418.0401253516362,1280.7398009152892,417.94288028938075,0.1739795203793146,fitted,compact,False
2084,TYC 3753-01367-1,86.62655056,56.11570583,5.947,1145.1723422575114,398.0144832505126,1145.1741576420754,398.1130044300426,0.09853790355541828,fitted,compact,False
2085,TYC 6963-01637-1,338.90150056,-23.99108028,6.076,218.02788757510555,854.4206509083127,217.82659781615655,854.6991231919417,0.34360497640062493,fitted,compact,False
2086,TYC 0065-00985-1,57.16215917,0.22787056,6.041,594.5329656045875,151.92172483159786,594.4272793867058,151.37145847656654,0.5603236904946899,fitted,compact,False
2087,TYC 7475-01108-1,316.60283806,-32.34163750,5.319,181.8736543477049,1062.0185165854891,182.0788706173696,1061.760660786531,0.32955019403948527,fitted,compact,False
2088,TYC 2344-02357-1,49.14663611,32.18421444,6.102,817.1766465809977,337.5233344645044,817.1306766299509,337.6343700478672,0.12017544329840035,fitted,compact,False
2089,TYC 2887-00341-1,65.06008167,41.80815278,6.063,965.8416466760686,322.23316731515996,965.7927223131525,322.48916973110465,0.26063543553452906,fitted,compact,False
2090,TYC 2244-00967-1,347.95545472,26.84756389,6.292,638.6967896649217,763.3044431730477,638.4251423629994,763.4935514601169,0.3309897292664607,fitted,compact,False
2091,TYC 2959-01907-1,116.66359167,37.51736417,5.343,1303.0262625714922,250.72078988544718,1302.2840908002283,251.14939955327685,0.8570444477493776,fitted,compact,False
2092,TYC 2369-00193-1,60.31181389,36.98948417,6.388,908.3563924897895,308.8860417137682,908.4492778511749,308.8724801413307,0.09387015823287653,fitted,compact,False
2093,TYC 2264-00770-1,3.50952444,33.20608472,6.206,698.4720723927537,646.0515440643211,698.0893721153935,645.8726170947265,0.42246226191208497,fitted,compact,False
2094,TYC 4293-00564-1,356.65302000,66.78225194,5.928,988.3037933247987,710.6247129416405,988.4672846740964,710.7496423757983,0.20575904552213647,fitted,compact,False
2095,TYC 1791-01520-1,47.61268250,26.89607806,6.166,768.357212240199,321.16936690017144,768.2181212695433,321.4485244955325,0.3118898221579794,fitted,compact,False
2096,TYC 3500-02418-1,253.32329722,47.41650806,6.136,1155.2471932583755,1128.468283964773,1155.4257623004914,1128.4469297417113,0.17984133463906177,fitted,compact,False
2097,TYC 4262-02277-1,328.83582861,61.54181667,6.314,958.4196431187586,824.6458681338614,958.62811176849,824.6157930929317,0.21062688814058098,fitted,compact,False
2098,TYC 2914-01576-1,82.68777944,39.82599806,6.486,1058.918549076731,258.13853184514426,1059.0270696008445,258.07337377285455,0.12657913942807375,fitted,compact,False
2099,TYC 5258-01149-1,357.13533194,-6.38037778,6.240,355.94149359187,679.9303984262755,356.13512392830586,679.8102628580339,0.22787115206841585,fitted,compact,False
2100,TYC 5240-01569-1,340.80936722,-6.96291222,6.399,354.96978387992755,837.7484569550326,355.48794977119485,837.7853842204622,0.5194800417773036,fitted,compact,False
2101,TYC 5267-00512-1,2.67813000,-12.57980667,5.961,308.91190570928705,624.2508808915575,308.83032259868725,624.185669409016,0.10444300546421996,fitted,compact,False
2102,TYC 4301-01247-1,22.80637417,70.26477694,5.873,1035.965694468196,635.0995584072995,1036.0843239596923,635.2325539908479,0.17821554785159696,fitted,compact,False
2103,TYC 3201-01149-1,339.09302694,37.84224083,6.811,741.4447598484526,819.9122673990496,741.7108162362664,820.575407131776,0.7145210330123558,fitted,compact,False
2104,TYC 3255-00842-1,4.22488417,49.46192611,6.738,841.1101145411067,659.5958939953829,841.5225435792449,659.6504239910507,0.4160183072019726,fitted,compact,False
2105,TYC 3969-03634-1,331.85662222,53.30744500,6.217,884.8090549293394,834.173659188867,885.2516341747751,834.3862464385484,0.49098852045392416,fitted,compact,False
2106,TYC 1693-00558-1,332.62577056,20.97800639,6.451,604.5895376545175,892.2748329035743,604.2647243400813,892.192350004567,0.3351225415630048,fitted,compact,False
2107,TYC 4262-02280-1,326.85544611,60.69269250,5.699,954.0208967813215,835.1695776506153,954.3346813048574,835.3169654240255,0.3466754721082254,fitted,compact,False
2108,TYC 4520-01237-1,47.92851778,81.47071222,5.929,1141.443672970274,656.4333662799115,1141.209272882869,656.4109901267859,0.23546569432545517,fitted,compact,False
2109,TYC 5794-00763-1,322.05807917,-11.56818056,6.673,347.9365027676639,1019.1094431461969,348.25133964268923,1018.6027717108418,0.5965217525627164,fitted,compact,False
2110,TYC 0022-01354-1,16.46424722,4.90971417,7.257,474.77810832641006,505.14208105808615,474.901178926987,505.2662359657486,0.1748165147319643,fitted,compact,False
2111,TYC 3379-01707-1,92.90240500,48.71111944,6.156,1157.6495681241954,326.74874523889554,1157.8230406742537,326.8483699508846,0.20004451720208744,fitted,compact,False
2112,TYC 3998-02448-1,349.17583139,53.21402056,5.642,869.8934546648821,744.2553794163374,870.5202202455386,744.457382589932,0.6585137623754287,fitted,compact,True
2113,TYC 4056-01858-1,46.82923472,64.05760167,5.874,1036.311587928585,534.6334181945894,1036.1352918589098,534.8378120700279,0.2699206559337017,fitted,compact,False
2114,TYC 3669-01690-1,16.78934222,53.49819472,6.471,890.7944277545081,600.9977601805128,891.0107288516857,600.8303982908524,0.2734888786604776,fitted,compact,False
2115,TYC 3628-01304-1,338.97240500,50.07078806,6.263,848.7696897369151,803.0003158274266,849.0083864036176,803.370341478447,0.4403351917664395,fitted,compact,False
2116,TYC 3176-01844-1,315.96724000,41.62829528,6.371,820.040726873564,957.9549345085599,820.1436677102818,958.0022612233045,0.11329886933531691,fitted,compact,False
2117,TYC 1195-01109-1,14.57874194,21.40448111,6.488,611.6416888289897,545.1028861042784,611.6807421134611,544.5667743892373,0.5375322595271042,fitted,compact,False
2118,TYC 2106-00693-1,278.19227972,23.61677750,6.037,855.642817234375,1255.041506809637,855.5848885437986,1255.3456171339794,0.30957845946313456,fitted,compact,False
2119,TYC 4682-02299-1,21.20281333,-2.84852306,6.271,419.9988057930134,453.1955093538258,420.19316966080027,453.2409119958414,0.19959637522527476,fitted,compact,False
2120,TYC 4648-03537-1,276.03826583,83.17545333,6.164,1169.8729157591672,785.923320536418,1169.7264844153563,786.0293683493788,0.18079899635797297,fitted,compact,False
2121,TYC 1196-00878-1,17.54762083,15.67396944,6.232,568.6561081108143,510.7257052366069,568.8426126486027,510.8222221691598,0.20999871638904508,fitted,compact,False
2122,TYC 1183-01804-1,6.99366306,19.51408028,6.495,582.9759388084567,604.7160763742854,583.1388902403987,604.538618797219,0.24092397313311112,fitted,compact,False
2123,TYC 1098-01301-1,312.40723944,12.54489722,6.042,585.9829236782246,1072.9127637233385,586.0879958712616,1072.7484500548908,0.19503627198124188,fitted,compact,False
2124,TYC 4377-02708-1,125.16798222,72.40728944,6.162,1271.635102350505,588.1367184886005,1271.5952344564175,588.2639755126215,0.13335591153616175,fitted,compact,False
2125,TYC 4328-02575-1,61.51320972,68.67996611,6.050,1100.9531467720042,538.1410403454593,1100.7183159173003,538.3486534496346,0.3134465366634238,fitted,compact,False
2126,TYC 4409-02050-1,211.73531194,74.59375361,6.443,1278.4445761346076,818.2555901871168,1278.371194562863,818.6065352154432,0.3585348908805138,fitted,compact,False
2127,TYC 4296-00103-1,15.37575528,69.35855361,6.712,1020.679434615178,653.1341244343172,1020.8877417213334,653.4222064353446,0.35550399405745914,fitted,compact,False
2128,TYC 2653-01682-1,288.85348556,30.52644222,6.078,843.4167633259631,1161.6149018760316,843.4056124738988,1161.30517046817,0.3099320675852725,fitted,compact,False
2129,TYC 4733-02189-1,65.40629500,-6.28413972,6.437,584.6929452525501,70.47006732424893,584.9535519586796,69.51111140406897,0.9937365406021074,fitted,compact,False
2130,TYC 3747-02373-1,78.79741917,59.40571389,6.269,1120.8876164652693,434.6165037182385,1120.6751574090795,434.59433166762363,0.2136128516394299,fitted,compact,False
2131,TYC 1271-01542-1,71.56994472,18.73485944,6.118,845.7326577465963,142.956730844335,845.7173437307763,142.6927140410702,0.2644605669787145,fitted,compact,False
2132,TYC 1694-01747-1,335.91403472,20.84826889,6.276,597.8171463658218,865.2618171080567,597.7723145108723,865.4454081285039,0.1889856026449421,fitted,compact,False
2133,TYC 1737-02791-1,8.20453917,28.28022806,6.384,660.7190982034955,605.1698490760461,660.48188469716,604.9215538484668,0.3433959342022535,fitted,compact,False
2134,TYC 5791-01168-1,324.86705833,-10.57677222,6.186,350.16226638348405,991.598095971657,350.22726670563515,991.5995243042091,0.06501601351686573,fitted,compact,False
2135,TYC 3651-02241-1,357.59218472,51.62170389,6.517,855.776595228059,698.4633784761389,856.8317208767202,698.8177853329078,1.1130563124062363,fitted,compact,False
2136,TYC 3877-02416-1,240.52315444,52.91600139,6.083,1239.791283556687,1066.5720511784564,1239.8127737480463,1066.669313912287,0.09960857250688517,fitted,compact,False
2137,TYC 4032-00883-1,25.74299056,61.42109417,6.322,970.7591632272932,588.913156345182,970.8647513388153,589.1621808592242,0.270484857041534,fitted,compact,False
2138,TYC 2606-02151-1,264.15302472,30.78519139,6.057,1004.9726943289809,1258.4025528472666,1005.006411429534,1258.5336858781016,0.13539835540233697,fitted,compact,False
2139,TYC 2856-02548-1,48.73561361,42.50361972,6.181,893.4227793167711,394.6972359898245,893.3704103039715,394.87972555375677,0.1898550880166035,fitted,compact,False
2140,TYC 2255-02554-1,358.84590694,25.95501694,6.672,631.8327253736543,676.4837480744724,631.3570069504678,676.4067999015799,0.4819014831586185,fitted,compact,False
2141,TYC 5182-02292-1,311.76488917,-2.48685861,6.452,457.4166919444199,1106.1317513498664,457.57022891358395,1106.1144414513947,0.15450965499018993,fitted,compact,False
2142,TYC 1674-00824-1,327.36194389,20.46244389,6.250,610.2164649561819,935.8278425989976,610.4098015363161,935.5953687547685,0.3023625662488992,fitted,compact,False
2143,TYC 4590-01852-1,318.92664111,77.01226111,6.085,1092.1493726373071,790.2298337904339,1092.153832546233,790.2149968630002,0.015492746796403117,fitted,compact,False
2144,TYC 4181-01849-1,230.65519417,62.04716528,5.979,1278.0703493776114,961.809622317286,1278.1417671127053,961.9344523811312,0.1438159856398539,fitted,compact,False
2145,TYC 3773-01935-1,99.40999389,56.85750722,5.870,1208.2990761471126,406.30956715016436,1208.288492179755,406.20498601988817,0.10511533272968777,fitted,compact,False
2146,TYC 4622-00699-1,90.33407111,85.18211889,6.307,1188.595023849886,675.8474720119606,1188.252545257568,675.6276830115412,0.40693831338603614,fitted,compact,False
2147,TYC 1194-00176-1,11.97805583,20.92531333,6.568,602.9725196621997,565.0674416583382,602.7878585471203,564.9878670719177,0.20107670731929284,fitted,compact,False
2148,TYC 3986-00365-1,335.77924667,55.96323500,6.770,902.7333273141998,808.6430404824814,903.2306411901128,808.8473868873805,0.5376602499449218,fitted,compact,False
2149,TYC 1803-01582-1,55.19293722,25.32952667,6.114,794.2491830255002,268.0196095907634,794.1979536976361,268.2505976440407,0.2366007708994775,fitted,compact,False
2150,TYC 3376-01530-1,97.51241667,46.68553667,6.038,1180.6838964805158,308.27063579444695,1180.6536835373224,308.08680780833004,0.18629425760395185,fitted,compact,False
2151,TYC 2723-02659-1,330.11128944,33.00579611,6.505,713.0992952210912,891.1054956567997,713.0561120462459,891.2868229702817,0.1863984474300536,fitted,compact,False
2152,TYC 3228-03102-1,345.54715278,44.57289944,6.533,795.4067503406661,770.7345300905346,795.7267671183781,771.0788280220082,0.47005510701853176,fitted,compact,False
2153,TYC 3168-02792-1,315.77010806,38.65742806,6.209,795.9782307818354,970.0235614145083,796.0940903205395,970.0841812904723,0.130760093570758,fitted,compact,False
2154,TYC 4093-00980-1,85.61019861,65.69769694,5.751,1164.2699668627863,488.53175197722703,1164.2193479087948,488.3629778710973,0.17620152497375713,fitted,compact,False
2155,TYC 0493-03354-1,298.66743111,7.14035250,6.132,597.6983455781489,1196.0293780552536,597.6678958797385,1196.12171428139,0.09722737675371453,fitted,compact,False
2156,TYC 3363-02519-1,84.06644972,47.71534028,6.131,1102.6736364169662,324.12788214116546,1102.900986166202,324.086101834154,0.2311568786161542,fitted,compact,False
2157,TYC 6978-00289-1,347.43591250,-28.08857361,6.017,180.95954258693237,769.938831876441,180.46956362802325,769.9846778782587,0.4921191279114596,fitted,compact,False
2158,TYC 3363-01705-1,81.97791528,48.22672389,6.684,1093.1447190096471,331.8404862342317,1093.1635577741679,331.36637030906775,0.4744900521009444,fitted,compact,False
2159,TYC 3134-00116-1,291.90165250,37.94120667,6.273,883.1499628536197,1103.9531754379018,883.2244198500815,1103.692611653574,0.27099322874444837,fitted,compact,False
2160,TYC 1661-02329-1,317.62888528,22.45715889,7.422,653.5717906302974,1007.4366992371624,653.5676609256628,1007.3562843022725,0.08052090544527812,fitted,compact,False
2161,TYC 4191-02696-1,255.32073028,60.64866111,6.256,1176.0299312173117,1003.9992782851252,1175.885898603424,1003.91024722442,0.16932785840971754,fitted,compact,False
2162,TYC 5822-01265-1,352.25286861,-9.26604500,6.358,331.12237998435876,726.5663439364143,331.32530309239894,726.6796248525528,0.23240127740152405,fitted,compact,False
2163,TYC 5271-00677-1,11.36960528,-12.88033194,6.213,316.7985875142587,539.5770684074988,316.73802037758617,539.605731992787,0.06700730681265127,fitted,compact,False
2164,TYC 4665-01216-1,6.65572306,-0.04953472,6.294,416.5473495796965,591.3808371057335,416.62582983547253,591.4630277168854,0.1136417489666791,fitted,compact,False
2165,TYC 0618-01486-1,16.64007889,12.95597389,6.250,543.8421952796143,514.1897233707027,543.657318386871,514.3374710159794,0.23666185192217307,fitted,compact,False
2166,TYC 0002-01641-1,4.44853222,1.68870444,6.281,428.5781498578343,613.0736589350668,428.6383865984766,613.2183257758292,0.15670660400690403,fitted,compact,False
2167,TYC 2658-02794-1,290.63895861,33.51823028,6.201,856.5068908571911,1135.5095634231363,856.5964090817445,1135.3199784649175,0.20965678837091214,fitted,compact,False
2168,TYC 3060-01881-1,238.87754222,42.56615472,5.729,1241.2121271316835,1163.0572029127477,1241.117067356618,1163.0277782330543,0.0995096608905749,fitted,compact,False
2169,TYC 7471-00848-1,316.50468861,-30.12496056,5.804,201.45957510330993,1065.5465323215137,201.50815498954546,1065.4462593453347,0.11142116090962394,fitted,compact,False
2170,TYC 3561-02129-1,296.86185694,47.90765361,6.318,933.6575750265648,1022.6131955330294,933.8443539836657,1022.4600350056551,0.24154611559960856,fitted,compact,False
2171,TYC 3727-02007-1,63.75749250,57.46036306,6.141,1051.4043847966855,443.6698435095876,1051.3260077589716,443.7027128801227,0.08499032627404397,fitted,compact,False
2172,TYC 4498-01818-1,20.94506000,78.72604917,6.106,1100.004644446244,673.914128193987,1099.8366958297656,673.937107551578,0.16951338782603587,fitted,compact,False
2173,TYC 3553-01598-1,285.52933000,52.26113389,6.505,1009.1472094993138,1033.5222425370055,1008.9618461849891,1033.414878556638,0.21421153698569004,fitted,compact,False
2174,TYC 2254-01878-1,357.13140000,25.65389389,7.114,627.8126990221776,691.0058886558578,627.92727582432,690.0324878060987,0.980120940446035,fitted,compact,False
2175,TYC 2091-00131-1,271.16749500,23.94216083,6.372,907.1405774819406,1284.8454497556563,907.3402946337799,1284.8439693567339,0.19972263847590033,fitted,compact,False
2176,TYC 3783-01422-1,117.77394556,54.12911694,6.075,1300.627859158215,412.1605247569432,1300.7772034873055,411.98142840812756,0.2331935479180373,fitted,compact,False
2177,TYC 2152-06207-1,297.47799722,28.43968222,6.426,783.625139457554,1123.8593726860297,783.0073436744078,1123.6310434661327,0.6586394023530742,fitted,compact,False
2178,TYC 0051-00704-1,44.26901306,4.50097361,6.363,564.9253216207974,265.16344646097053,564.8448283524616,264.99434312550886,0.18728348648943108,fitted,compact,False
2179,TYC 1090-03254-1,312.45102306,7.86415556,6.319,545.1810862466922,1082.7644162831264,545.4476937632438,1082.6690032503159,0.28316640816297817,fitted,compact,False
2180,TYC 2183-00211-1,313.28071167,29.64924778,6.476,728.5394364666932,1017.5895077301944,728.6957987698535,1017.3787293316082,0.2624437142706376,fitted,compact,False
2181,TYC 2679-01544-1,301.92266861,34.42292083,6.156,810.895635868053,1069.7435895597544,810.920135008539,1069.5695470582673,0.17575835743550824,fitted,compact,False
2182,TYC 3978-00796-1,321.85542417,59.75011306,6.341,954.4651318865242,858.6803349848723,954.6387834357341,858.8700345144822,0.25717848292038853,fitted,compact,False
2183,TYC 3851-01508-1,208.46266861,53.72869194,5.689,1397.701119111906,948.8409225334902,1397.2941829665474,948.7071656797909,0.4283549022842469,fitted,compact,False
2184,TYC 1640-00231-1,307.74207750,20.60600639,6.221,672.8313786311367,1086.2658887245136,672.9162521005271,1086.123683115231,0.16560779304677767,fitted,compact,False
2185,TYC 3851-01507-1,206.64864278,54.43269083,5.668,1401.1756022630948,934.2106441776803,1400.87778755934,934.2358716999865,0.29888129023784243,fitted,compact,False
2186,TYC 3145-01210-1,299.48382389,42.26079306,6.557,881.97291116095,1043.308013722155,881.8685625615901,1042.9777561817816,0.3463505062243488,fitted,compact,False
2187,TYC 5237-01607-1,340.19985611,-3.55415528,6.394,384.52575247397095,842.996471089779,384.48136907930916,843.0118284082131,0.046965231301365526,fitted,compact,False
2188,TYC 1753-02053-1,18.52028222,28.52970278,6.555,681.0403806567622,527.7434243925209,681.0815875075883,527.3482202611701,0.3973465867371951,fitted,compact,False
2189,TYC 0046-01634-1,37.68846667,0.25587167,6.014,499.64654946310924,310.2643286748226,499.7338307563481,310.2790722023053,0.08851777082642288,fitted,compact,False
2190,TYC 0018-00040-1,14.95697917,6.48323833,6.341,484.96469765229784,520.6740756186666,485.1245660786039,520.6751208801923,0.15987184336595725,fitted,compact,False
2191,TYC 4153-00332-1,172.26956694,61.77781250,5.867,1411.104948006282,713.9257448014284,1411.0733508108115,713.7784827551587,0.15061372126451555,fitted,compact,False
2192,TYC 0583-01722-1,347.80863806,5.00432722,6.981,450.6377506976834,769.6322878757396,450.92001349955797,769.6207788830819,0.28249733845488084,fitted,compact,False
2193,TYC 3477-01328-1,222.42232528,48.72057194,6.306,1346.5165742745141,1055.5678550430616,1346.2564944563028,1055.518941965446,0.26463937916093955,fitted,compact,False
2194,TYC 2619-00846-1,266.72160194,36.08754306,6.708,1017.1379805231358,1209.6862274379641,1017.7683548482124,1210.0709795374878,0.7385160579186753,fitted,compact,False
2195,TYC 3969-03797-1,330.46074500,52.88224833,5.757,883.3722387486055,842.3718077577009,883.6092078295935,842.5385867297762,0.2897750349336387,fitted,compact,False
2196,TYC 2942-02007-1,104.76198667,38.05260417,6.158,1210.3518389906728,230.93850858757853,1210.380097931307,231.04645359470896,0.11158267020537371,fitted,compact,False
2197,TYC 2847-00189-1,45.04950889,38.13180389,6.100,845.1168134751911,389.86016710297014,845.1756069531039,390.10625256031983,0.25301131469578375,fitted,compact,False
2198,TYC 3427-01579-1,136.35044111,48.53035556,5.523,1411.5157761057783,440.93879349573047,1410.9180482782854,441.09501885829206,0.6178065390289312,fitted,compact,False
2199,TYC 3869-00494-1,233.81756583,53.92214139,6.098,1275.6023108135041,1043.9826175897535,1275.7140457283601,1044.0862383426916,0.15238750485955796,fitted,compact,False
2200,TYC 4169-00206-1,198.25174083,67.30966278,7.081,1346.0846161784484,821.7554633982428,1346.2403918931675,821.5170415198547,0.2848000445757263,fitted,compact,False
2201,TYC 1154-00511-1,339.15140778,11.69662333,6.422,514.4340871796811,845.9222048502337,514.6758179201477,845.8422710331145,0.2546039394937931,fitted,compact,False
2202,TYC 0632-01400-1,37.39732528,9.56562222,6.228,578.548477111563,333.75199612701476,578.7271630592887,333.75546419828333,0.17871960002464635,fitted,compact,False
2203,TYC 3489-01588-1,234.64249972,50.42334917,5.932,1273.0238615211747,1078.9271180853725,1273.003221711127,1079.0107825797195,0.08617278789234516,fitted,compact,False
2204,TYC 3504-02137-1,256.20728167,48.80412250,6.228,1142.187008940546,1114.722349918379,1142.2826930464826,1114.8450045171776,0.15556220214211686,fitted,compact,False
2205,TYC 2660-04230-1,295.68585056,32.42674444,5.940,823.0114181780878,1114.805942504371,823.1500120989031,1114.4857312711329,0.34891762463195486,fitted,compact,True
2206,TYC 5178-00049-1,312.32188694,-0.56327528,6.558,473.0847611229725,1097.9924908054925,472.47427606184357,1098.5045153878204,0.7967817660876383,fitted,compact,False
2207,TYC 6931-01018-1,314.19697889,-26.29622611,5.745,240.53350669782793,1090.7770591508813,240.3745164518574,1090.8699098795803,0.18411723475465358,fitted,compact,False
2208,TYC 5179-02142-1,313.78443167,-1.37308944,6.568,460.1787449414639,1086.560263655211,460.3798842991325,1086.6452442876769,0.2183546406597624,fitted,compact,False
2209,TYC 3529-01303-1,272.89655056,48.28963639,6.763,1046.2496457756627,1097.3839860634423,1046.6034978002351,1097.076794217609,0.4685915977058654,fitted,compact,False
2210,TYC 4089-01272-1,84.31277500,64.15484056,6.177,1156.326336742907,474.06723779241,1156.23401930338,474.27653783816817,0.22875536888823098,fitted,compact,False
2211,TYC 2447-00309-1,100.80718944,37.14742556,6.321,1177.5553628004864,219.3302571034614,1177.4502522691396,219.44804752670757,0.1578695905122735,fitted,compact,False
2212,TYC 4253-01360-1,322.02074806,62.09650083,6.799,973.0048354375524,848.9908646207776,973.2127210546034,848.8888297261358,0.2315762282732504,fitted,compact,False
2213,TYC 6448-01370-1,56.71244528,-23.24849972,4.266,368.36391029418854,115.60332288352959,368.6352689895027,116.09355809844078,0.5603267863145914,fitted,compact,False
2214,TYC 3722-00626-1,62.34235639,54.82908250,6.296,1031.2884396369154,426.7012045138033,1031.226412053716,426.83616813434793,0.14853484422202912,fitted,compact,False
2215,TYC 2138-02209-1,294.03479306,22.58578111,6.310,752.6924489095446,1172.0811931154244,752.8299611263207,1171.715726552505,0.39048100898098087,fitted,compact,False
2216,TYC 3959-01687-1,311.09183694,56.48840694,6.139,951.7657618484394,916.5344977398323,951.9247183394857,916.6883165777235,0.22119539085603307,fitted,compact,False
2217,TYC 5244-01241-1,352.36247694,-1.79116389,6.471,392.8709699733609,726.4838217245111,393.09973311390394,726.5938697689629,0.25385654720486533,fitted,compact,False
2218,TYC 5270-00199-1,13.57326361,-8.74055361,6.264,354.5408828783304,520.4934385973736,354.6340768646633,520.397707974073,0.13360191363201354,fitted,compact,False
2219,TYC 1173-01741-1,356.34069806,10.17985361,6.556,494.15353227264103,691.8422864633922,494.5291465403193,691.7280904622339,0.39258986839194676,fitted,compact,False
2220,TYC 4323-01742-1,33.33770194,74.02780611,6.362,1077.737919161619,628.1481446633284,1077.505957654414,628.2375093373803,0.2485803407214292,fitted,compact,False
2221,TYC 2340-01798-1,49.41713194,31.12718000,6.464,809.9847288134397,330.44480997590944,810.1798440125856,330.8088106310369,0.41299687392398343,fitted,compact,False
2222,TYC 5848-02183-1,15.41084944,-16.26536222,6.603,295.6905841793777,499.4596198988156,295.57344962840045,499.3365133695286,0.16992857495355107,fitted,compact,False
2223,TYC 2231-01662-1,337.89320722,29.54283500,6.348,670.6811326901523,839.2701546771779,670.5266406567313,839.6580914007154,0.4175675871755484,fitted,compact,False
2224,TYC 3294-01937-1,34.79517778,46.47228833,6.227,873.7790550623075,483.5091099562318,873.9906506878744,483.64613918924863,0.2520906968934896,fitted,compact,False
2225,TYC 3079-00031-1,252.65061333,41.89635417,6.412,1142.0415293521455,1179.0974620590316,1142.1422719244363,1179.5818774019576,0.49478004237629175,fitted,compact,False
2226,TYC 2188-01670-1,323.64153167,22.75464222,6.509,638.7590918272333,960.6794454866937,639.1008030102826,960.5968575567109,0.35154985250993936,fitted,compact,False
2227,TYC 3924-00049-1,289.90176333,54.37605417,6.233,1004.3820494817189,1005.0988054272033,1004.3865627977572,1005.0566514489751,0.042394904199927017,fitted,compact,False
2228,TYC 5292-00897-1,43.13293667,-12.76927639,6.145,407.204100713319,242.84051424003667,406.99980917296443,242.54326333070543,0.3606842615899587,fitted,compact,False
2229,TYC 4490-01636-1,348.65425444,74.23125528,5.881,1052.2142975613153,734.1070622417691,1052.3040460576283,734.1643999324042,0.10650071998725186,fitted,compact,False
2230,TYC 2307-02006-1,28.95157083,30.35477139,6.883,724.3531307534142,457.3363576610719,724.1647259384395,457.50302002233764,0.2515406865068931,fitted,compact,False
2231,TYC 3302-00489-1,34.84484056,48.95529444,6.462,893.4872024358009,494.7560931316335,893.6896553224229,494.72082816997727,0.2055013109987717,fitted,compact,False
2232,TYC 4162-01200-1,192.16393056,60.31989528,5.885,1405.0772712086964,824.6733762204873,1405.0275959293783,824.5025935147794,0.17786052385011714,fitted,compact,False
2233,TYC 5254-01167-1,352.88084917,-4.08695556,6.552,373.64911008058044,721.1702834596796,374.05351309474463,721.3266405316859,0.4335773654510601,fitted,compact,False
2234,TYC 2656-05247-1,295.78998194,30.67788139,6.074,808.7224195926358,1122.835159626277,808.932406592446,1122.7212698545725,0.2388836959446502,fitted,compact,True
2235,TYC 1148-00367-1,332.59177222,14.62991500,6.476,549.5286396747307,900.4560497479551,549.6089808040338,900.4390546317529,0.08211900530582981,fitted,compact,False
2236,TYC 2887-00686-1,65.89918722,42.42796111,6.251,974.2534345173713,323.83183966808576,974.1401172862135,323.9982581594168,0.20133531516893455,fitted,compact,False
2237,TYC 0071-01223-1,56.53901667,6.80365028,6.030,648.9185663249278,178.26871154738447,648.8877683842084,178.04069494884436,0.23008711907093277,fitted,compact,False
2238,TYC 2172-01795-1,314.57791472,23.04635056,6.672,668.2564808483645,1029.0802623454358,668.4531102858338,1028.5745452241397,0.5425983251462537,fitted,compact,False
2239,TYC 0021-00119-1,20.65381972,1.72644028,6.383,457.40698510268106,463.4036904075338,457.5682291327011,463.4907516449693,0.18324654507220936,fitted,compact,False
2240,TYC 2061-00489-1,257.76321278,24.23762611,6.220,1015.9530688042713,1326.1021538843418,1015.9779662559224,1325.9955179425783,0.10950391396884071,fitted,compact,False
2241,TYC 5156-03185-1,294.22270333,-7.02747056,4.942,491.55085164315307,1265.092244068693,491.7017823570263,1265.27091257015,0.23388568533186252,fitted,compact,False
2242,TYC 3238-00796-1,351.03698889,41.61286944,6.614,767.5187853361726,736.9421000889196,767.5926915080914,737.0935173969439,0.16849131555369168,fitted,compact,False
2243,TYC 3668-02149-1,16.00995278,52.50229611,6.148,880.9491917008377,602.1073577114246,881.4053481116243,601.9983673696531,0.4689963386863794,fitted,compact,False
2244,TYC 1747-02168-1,19.11573667,23.58947917,6.685,640.1524639652081,512.6445727801222,640.1190960337752,512.5066731861655,0.14187923336956296,fitted,compact,False
2245,TYC 1680-00609-1,330.66039306,15.98653361,6.684,564.1562319859709,915.0591546371778,564.8986847099634,915.1989201649644,0.755493514281489,fitted,compact,False
2246,TYC 2650-00714-1,282.90216833,36.53909750,6.066,920.215968003151,1152.674697749048,920.106538721855,1152.442575717027,0.25662308032303494,fitted,compact,False
2247,TYC 4057-00050-1,47.75334222,64.89630000,6.518,1044.528627991057,538.1509986185154,1043.8601989997533,538.0459147377951,0.676638705959473,fitted,compact,False
2248,TYC 3906-00438-1,268.84841472,55.97110333,6.121,1101.88693352218,1038.7262147760164,1101.9373870387547,1038.8656086935127,0.14824379099891474,fitted,compact,False
2249,TYC 3840-01167-1,185.21180222,57.86428000,5.694,1433.9549654497214,792.8666118180751,1433.6978491441907,792.8047993929218,0.2644419983154153,fitted,compact,False
2250,TYC 2372-02101-1,67.21657139,30.36154222,6.443,901.6886506343265,235.91594859394928,901.8654503289212,235.9049538185506,0.1771412348801052,fitted,compact,False
2251,TYC 3169-03875-1,319.84241972,38.23747889,5.938,781.032697747192,946.4869292113731,781.2220298118885,946.4427992769868,0.19440700046865214,fitted,compact,False
2252,TYC 2411-02244-1,82.00384944,33.76420722,6.466,1022.0871103639705,210.0743080941474,1022.221122152143,209.75556119010815,0.3457726828478532,fitted,compact,False
2253,TYC 2401-01114-1,76.50387194,35.93642028,6.525,997.1134705506893,241.648327662306,997.3786026893981,241.67340680426747,0.26631562916556833,fitted,compact,False
2254,TYC 2875-02557-1,57.28384306,43.96302333,5.994,941.299533849019,366.3769176331684,941.3005875262638,366.54877980016727,0.17186539698639555,fitted,compact,False
2255,TYC 4047-00449-1,40.64909611,61.59368556,7.059,1003.82991708318,537.8456122180002,1003.8403485193842,537.6409972195008,0.20488072742978922,fitted,compact,False
2256,TYC 2274-00508-1,8.79012806,36.83226944,6.719,735.8309620305431,612.9437799999682,735.7040886385507,612.6734328502631,0.29863763819942724,fitted,compact,False
2257,TYC 4556-01439-1,180.07845500,80.85327111,6.381,1259.135588617052,732.1850150770433,1258.859693068538,732.2636176966183,0.28687405859345155,fitted,compact,False
2258,TYC 0076-01563-1,61.04080222,2.82724639,5.399,640.9919311638782,131.55777684282162,641.1181883805332,131.1538685050965,0.4231817931354311,fitted,compact,False
2259,TYC 4652-02140-1,299.83363139,84.66874194,6.819,1156.5636437385556,762.7976493382411,1157.1274754083445,763.0529587783423,0.6189418890830737,fitted,compact,False
2260,TYC 1718-02350-1,346.86938333,21.13436722,5.985,589.5791975725167,774.1659129674518,589.2809640892332,774.2965725291781,0.3255996492963707,fitted,compact,False
2261,TYC 0614-01404-1,22.09522028,7.96137500,6.340,513.8881883536228,459.211015524894,514.2137382019544,459.4163787236171,0.3849113497137669,fitted,compact,False
2262,TYC 5824-00021-1,348.66740111,-10.68862889,6.299,320.27481136260064,761.5852862829207,320.0984835621722,761.4934312647508,0.19881860468006515,fitted,compact,False
2263,TYC 2258-01855-1,357.41397639,28.84232944,5.975,656.1443057794295,689.0251804326992,655.8381466507059,689.0707641627318,0.3095339860895463,fitted,compact,False
2264,TYC 3957-01834-1,319.30929222,55.79797167,6.146,927.6225130114099,885.2772419247799,927.6397749001296,885.4085891389291,0.13247665253516194,fitted,compact,False
2265,TYC 0557-01205-1,328.49051278,6.86477306,6.230,490.78668142113696,945.258755613627,491.04322066607006,945.0728543244056,0.31681488842071176,fitted,compact,False
2266,TYC 4165-00534-1,190.39144806,62.71307861,6.017,1390.8470082316337,806.6421642244661,1390.9908232417358,806.6849113752876,0.1500335830206868,fitted,compact,False
2267,TYC 0061-00831-1,45.86738250,6.22681528,6.762,587.1996178572505,256.66970671286947,587.3148144397311,256.97055395756826,0.3221479741641505,fitted,compact,False
2268,TYC 3798-00337-1,129.59272667,53.40157389,5.752,1360.442018515133,447.1134917861289,1360.3032267457636,447.1873458361215,0.15721824304129625,fitted,compact,False
2269,TYC 6353-01468-1,314.90055556,-19.03523306,6.238,302.3811451626318,1087.2225027598158,302.262195060202,1087.404503049188,0.21742408376168018,fitted,compact,False
2270,TYC 4545-02633-1,146.82555528,79.13672861,6.126,1262.9268922316246,672.5565843137699,1262.9397745424726,672.5353014990312,0.02487794477014096,fitted,compact,False
2271,TYC 4606-00678-1,357.98734972,77.59958806,6.609,1081.1256057554015,713.1626207056615,1080.9056074252196,713.2094008076343,0.2249169696207634,fitted,compact,False
2272,TYC 6958-01528-1,333.23958306,-26.32772639,6.205,205.02930323903266,908.5122881651242,204.78448877708695,908.6754438420609,0.29420043455851624,fitted,compact,False
2273,TYC 5219-01320-1,329.55535500,-5.42468111,6.375,384.4080150364726,945.008786321361,384.269051713514,944.9257504006065,0.1618819608950895,fitted,compact,False
2274,TYC 5859-00617-1,32.19028111,-17.77910528,6.259,323.8478286971029,339.5620040439337,323.51667123998834,339.20841993557104,0.484445025868986,fitted,compact,False
2275,TYC 3592-07442-1,317.62900000,47.69223389,6.546,865.5153634672806,925.5547113147562,865.597735799471,925.7486530949441,0.21070978907711144,fitted,compact,False
2276,TYC 3583-01166-1,314.10786778,49.19583139,6.030,886.7235427592523,937.4043076218805,886.9208294253925,937.3909271760576,0.19773989219972166,fitted,compact,False
2277,TYC 5862-02560-1,36.64652528,-20.04285472,6.023,318.1985043302859,297.36917540053486,317.90607033562014,297.0548749395575,0.4293045783668582,fitted,compact,False
2278,TYC 1751-00622-1,21.68242333,27.24670111,6.875,678.4732717365706,501.28576696381737,677.5854426206531,500.9983753937622,0.9331851121881497,fitted,compact,False
2279,TYC 2620-02192-1,269.67632361,36.28791139,6.135,999.0760591476693,1200.650524383679,999.1445803539596,1200.6340095799292,0.07048329202279775,fitted,compact,False
2280,TYC 0590-00060-1,359.26092500,3.02619556,7.398,435.39011669894296,662.079337642775,435.5161849824567,662.4427145939715,0.38462451919879437,fitted,compact,False
2281,TYC 2446-01999-1,107.05532389,33.83245361,6.452,1217.6842779648375,194.14894324420277,1217.902366650358,193.48633017700615,0.6975806416263269,fitted,compact,False
2282,TYC 4158-00803-1,186.27659611,63.80277389,6.410,1388.1791519463586,783.1719253165209,1388.3016339750502,783.417252859906,0.27420330212411786,fitted,compact,False
2283,TYC 3558-02565-1,299.83506250,45.77257472,5.955,906.7655196942528,1022.136966166687,906.8024118370204,1022.0070912620506,0.13501304030459715,fitted,compact,False
2284,TYC 1726-02508-1,353.48124333,20.84096806,6.315,585.4909422844885,718.7287364562079,585.310405810401,718.8929067467659,0.24401906232472437,fitted,compact,False
2285,TYC 4717-00476-1,57.32939167,-1.45316278,6.738,580.831227945751,144.35749698749598,580.214923338767,145.10659395189782,0.9700400149817607,fitted,compact,False
2286,TYC 3720-00850-1,53.41291583,54.97486056,5.984,997.972196811322,453.99683638645126,997.9197848384272,454.1313557609278,0.1443692384557296,fitted,compact,False
2287,TYC 4496-01370-2,4.05875806,76.95089889,7.124,1076.9351524897033,700.1147420533702,1076.8181503802004,700.1965954329401,0.14279169925153856,fitted,compact,False
2288,TYC 5826-01190-1,344.89865139,-13.07089194,6.273,302.0622608872511,798.0950210821452,302.1390781683326,798.139648463396,0.08883973114582906,fitted,compact,False
2289,TYC 3498-02324-1,247.18089611,51.40772389,6.424,1201.291602708405,1088.0273164076307,1200.9716972019662,1088.7716489516663,0.810166939068966,fitted,compact,False
2290,TYC 2703-01794-1,320.67513528,30.30986583,6.180,711.7258058051076,964.2593071413318,711.7276702283255,964.3252920482468,0.06601124157683558,fitted,compact,False
2291,TYC 1226-02017-1,41.07955083,17.76400972,6.525,662.9372986833835,329.6800602529987,663.5797714941825,329.706399815946,0.6430125078039323,fitted,compact,False
2292,TYC 3536-01024-1,271.72280528,50.82261000,6.414,1065.3687727669296,1078.4560174526162,1065.3035654171224,1078.531163675297,0.09949348346538195,fitted,compact,False
2293,TYC 5200-01718-1,315.14089083,-4.72995056,6.264,426.6959132654161,1078.1986152357867,426.6589483827156,1078.3528617223287,0.15861393748219507,fitted,compact,False
2294,TYC 3228-01915-1,347.05164111,44.56184278,6.534,794.7526354641185,761.1881062929066,794.8974082764012,761.6487943141692,0.48290021755131435,fitted,compact,False
2295,TYC 1759-02121-1,25.32625889,25.74581417,6.254,674.7155079186969,470.18444829038555,674.546682462724,470.2475689854637,0.18023944277431864,fitted,compact,False
2296,TYC 0066-01215-1,58.37588806,2.11918972,6.711,619.3540682770046,147.57515339246612,618.520425419076,148.2350774518336,1.063231009097913,fitted,compact,False
2297,TYC 3185-01063-1,328.20028444,38.83555000,7.177,767.4308742453105,891.3420082685615,767.1178829109705,891.4655258963674,0.33648206453056484,fitted,compact,False
2298,TYC 4578-01435-1,276.03560222,79.22255444,6.657,1159.4944169138407,822.7015818547047,1159.2763913907786,822.6171828441298,0.2337911925041923,fitted,compact,False
2299,TYC 3263-02179-1,14.41515583,45.83939250,6.201,821.6772233595391,594.4085168345914,822.0489989352648,593.9397023980671,0.5983344003145572,fitted,compact,False
2300,TYC 4387-01730-1,154.46088083,71.06080167,6.650,1328.0034397451361,656.7223395191818,1328.0106608786546,656.6792851090656,0.04365577853779852,fitted,compact,False
2301,TYC 2240-00262-1,348.84599194,25.67221667,6.893,628.0818115981364,756.6107830723665,627.8433072263146,756.7191391757646,0.2619644642346044,fitted,compact,False
2302,TYC 4223-00342-1,279.05519944,65.48852139,6.084,1102.7383243690433,942.0271849050692,1102.54226230706,941.9896191034522,0.19962845889380465,fitted,compact,False
2303,TYC 3912-01500-1,273.67089278,56.58817972,6.700,1083.2299251408806,1025.7914113800498,1083.0741607054092,1026.3221440553848,0.5531181899250538,fitted,compact,False
2304,TYC 3681-01092-1,17.13936694,58.26347889,5.763,931.2732857522101,613.2136748938352,931.4666486907888,613.0982350759549,0.2252011935315662,fitted,compact,False
2305,TYC 4598-01091-1,318.33997250,81.23096028,6.124,1123.4698048967598,769.4650478612264,1123.2457420854726,769.4896140936901,0.22540550831646172,fitted,compact,False
2306,TYC 5812-01446-1,339.59209944,-7.89755611,6.331,348.90896020293104,849.7181804361918,348.91774141012814,849.6605102864957,0.05833485892513033,fitted,compact,False
2307,TYC 4682-00817-1,21.61383694,-0.39898472,6.568,441.87147571464055,452.17592477204226,441.95955320550945,452.18291455305786,0.08835440813228661,fitted,compact,False
2308,TYC 3622-01933-1,345.14329639,45.37481778,6.538,802.9855045489794,772.0781436947346,803.039286175331,772.9321919453308,0.8557399591461259,fitted,compact,False
2309,TYC 2851-02169-1,46.33761472,40.58219083,6.162,869.0480906074075,395.87815625828136,869.1602306121289,396.0630354530202,0.2162306576463665,fitted,compact,False
2310,TYC 3735-01861-1,78.68447306,53.21395083,6.162,1096.7249291217374,379.6588410594305,1096.5784775152933,379.74358359044413,0.16920215599292862,fitted,compact,False
2311,TYC 4261-00894-1,323.66245944,66.77232306,7.176,1007.8600879632129,824.5542223695209,1008.0642686345545,824.472405480242,0.21996306490136722,fitted,compact,False
2312,TYC 0611-00949-1,14.03800722,13.95196667,6.567,546.8593277193523,538.0091528419431,546.8380145144275,538.0965477405387,0.08995621715421057,fitted,compact,False
2313,TYC 3405-00362-1,111.23783111,51.88733861,5.979,1268.098155224929,374.8672353365732,1268.1574928126106,374.8259479837651,0.07228827576972001,fitted,compact,False
2314,TYC 5247-01100-1,352.38325750,-4.53220333,6.382,370.1007692870023,726.0746205434662,370.3433911226853,726.0592970419417,0.24310525467203845,fitted,compact,False
2315,TYC 3883-00285-1,240.78903278,59.41080806,6.366,1238.4978461241471,1005.1056813755711,1238.809642595972,1005.1530203326502,0.31536965088572855,fitted,compact,False
2316,TYC 2770-00308-1,353.88009139,32.19786139,6.634,684.6447722126605,716.871951916955,684.330383323505,717.0635533111182,0.3681731493057879,fitted,compact,False
2317,TYC 3609-02651-1,331.46341583,48.23150500,6.239,842.0101430624757,848.7339588756084,842.3315924153627,849.0322520143825,0.4385299113072875,fitted,compact,False
2318,TYC 6421-00443-1,9.02874833,-22.84221833,6.086,232.77623999081666,560.334936165141,232.27519959698407,560.1514046193838,0.5335965747078522,fitted,compact,False
2319,TYC 4562-02752-1,218.41082472,79.66022917,6.420,1241.6025002587314,794.6006264270198,1241.6542707489582,794.5854067800922,0.053961294563079666,fitted,compact,False
2320,TYC 4167-00740-1,201.76958000,64.73544667,6.653,1356.1327310045135,848.3949953299701,1356.229856949312,848.3359330135229,0.11367412360395536,fitted,compact,False
2321,TYC 4053-01698-1,47.22576111,62.38459667,6.526,1026.1613092166288,522.7068543491853,1026.3263340047984,522.6741422355745,0.16823573665337452,fitted,compact,False
2322,TYC 2423-01058-1,91.39125444,33.59906833,6.201,1090.7003761385495,191.23940218467192,1090.7458704727844,190.9662869908799,0.2768783912253451,fitted,compact,False
2323,TYC 0061-01021-1,45.46783222,5.33610639,6.359,577.5677461694883,257.6544499536437,577.7009699546411,257.6290582414062,0.13562195980297578,fitted,compact,False
2324,TYC 1858-00478-1,77.90962417,29.90363639,6.639,969.1953052103943,191.4899958400592,969.9732601464282,191.66020028334606,0.7963563492646274,fitted,broad_blob,False
2325,TYC 4505-00894-1,19.87230167,80.89419806,6.685,1115.8693354191444,684.1026248963121,1115.8038482353502,684.3144138956181,0.22168254660286807,fitted,compact,False
2326,TYC 1188-01685-1,10.71986889,16.66265194,6.678,563.8807891872705,569.9433149930412,564.1092017953115,569.9137243983535,0.23032134683107153,fitted,compact,False
2327,TYC 5847-01924-1,11.42375306,-16.42420639,6.536,287.61529484971584,537.731741649367,287.7064918017655,537.8955269554197,0.18746335786469892,fitted,compact,False
2328,TYC 4080-02524-1,78.26178833,61.85003278,6.169,1127.0228045546726,457.17804969313926,1126.927563720421,457.2096142648654,0.1003351319189942,fitted,compact,False
2329,TYC 4014-00054-1,0.31601917,60.35530056,7.397,933.5203295335773,691.956010775339,934.034541514013,691.6771026656393,0.5849817898702957,fitted,compact,False
2330,TYC 5235-01468-1,344.56476778,-2.39534806,6.248,390.3389499692996,801.1008662892639,390.5309088902095,801.1163873444365,0.19258538488306323,fitted,compact,False
2331,TYC 3416-02267-1,130.25437222,45.83379278,5.468,1387.8234959011554,385.82903111842666,1387.1499925573532,386.05565533390524,0.7106090972918813,fitted,compact,False
2332,TYC 0536-01782-1,320.50710000,4.34562250,6.813,489.23085412028325,1019.0712086631634,489.1615712905112,1019.155002272832,0.10872662747702691,fitted,compact,False
2333,TYC 3677-00309-1,16.75032472,56.93522056,6.536,919.5777764995141,611.01675524319,919.8225325306929,610.904173879874,0.26940690073658036,fitted,compact,False
2334,TYC 2812-02452-1,19.27105889,44.90208222,6.302,822.5022785587875,563.4746937381245,822.6027001198677,563.0428303488206,0.4433852466544509,fitted,compact,False
2335,TYC 4494-02304-1,20.49561778,76.23888333,6.399,1080.307291529513,664.7736190156123,1080.3011767381872,664.7442511822617,0.029997671720784085,fitted,compact,False
2336,TYC 3658-01922-1,7.76616917,55.70281222,6.688,898.2246476899999,650.7158559125868,898.7537677640428,650.5701675093189,0.5488106810202487,fitted,compact,False
2337,TYC 2789-00544-1,0.43269056,42.36714889,6.233,776.3019490597915,675.7526790467354,776.4297854617108,675.3998827852965,0.37524305155577325,fitted,compact,False
2338,TYC 2697-01635-1,307.33495389,36.45473167,5.946,805.9731794448433,1029.0216279994083,805.939934546059,1029.0661163932673,0.05553773927090862,fitted,compact,False
2339,TYC 0593-00398-1,358.78241833,7.07101694,6.200,469.15585418270314,668.4529355687682,469.3063021940625,668.4276571593838,0.1525568815327216,fitted,compact,False
2340,TYC 1157-01142-1,338.16404000,13.04449417,6.592,527.3824584885837,853.5538298507316,527.4414899398885,853.5935552301012,0.0711534820595982,fitted,compact,False
2341,TYC 1263-01276-1,63.21352722,22.41348333,6.162,818.0212047210881,207.74797148072196,818.2070789479151,207.51491126843962,0.2981044963559124,fitted,compact,False
2342,TYC 2721-00063-1,324.48111139,33.20034556,7.482,726.1485243467413,929.9929131967854,726.746573845616,930.249251867451,0.6506709745969435,fitted,compact,False
2343,TYC 4047-01475-1,41.79031500,60.57076056,6.585,999.5436172917392,527.9315182981719,999.5534633255003,527.9008068201078,0.03225119014398038,fitted,compact,False
2344,TYC 5222-01425-1,326.90917833,-5.91683917,6.196,385.3629645969409,970.1333430473072,385.4098936362174,970.163501741459,0.05578424114706473,fitted,compact,False
2345,TYC 3826-00587-1,162.79616722,56.58223722,5.787,1444.9989816638463,650.2091325883309,1444.5227312615061,650.3110613239525,0.48703584352136114,fitted,compact,False
2346,TYC 4229-00229-1,287.44084556,65.97844639,6.254,1080.2311212381583,924.1713416365689,1079.7852551359792,924.0823352625988,0.45466329924419147,fitted,compact,False
2347,TYC 3159-01886-1,304.37106500,42.72206333,6.475,866.5790949213908,1016.4016597950493,866.6135456741866,1016.3124523509348,0.09562856505065949,fitted,compact,False
2349,TYC 3983-01044-1,338.07787111,54.03700083,6.518,883.8944853787826,800.6311125628356,884.3188921025992,801.2954273754452,0.7883116372813966,fitted,compact,True
2350,TYC 4674-01062-1,14.45917833,-1.76597111,6.662,414.3371232845328,516.7964227339838,414.5477219086678,516.9817916830011,0.28055913413633504,fitted,compact,False
2351,TYC 4602-03456-1,354.79234139,75.29285194,5.960,1061.0078889831998,718.9463713570968,1061.050786231807,719.0897960408709,0.1497024176616625,fitted,compact,False
2352,TYC 6984-01481-1,356.12123889,-26.24658333,6.282,195.51583401779925,685.7683570057478,195.28437243232122,685.7741036900902,0.23153291328218228,fitted,compact,False
2353,TYC 1892-00236-1,99.59590778,28.98438806,5.746,1137.14866256061,143.77845701541952,1136.8081737047735,143.80552384958287,0.34156298754483155,fitted,compact,False
2354,TYC 1219-01987-1,37.72657750,17.70405194,6.326,649.0297675545177,354.1095590386384,649.1135801375012,354.39043311955004,0.2931122624428029,fitted,compact,False
2355,TYC 4346-00320-1,77.40260083,69.63954750,6.544,1147.8501786975269,529.1128298883259,1147.821632031379,529.2447699747459,0.13499295741873638,fitted,compact,False
2356,TYC 3064-01796-1,242.94835194,42.37451028,6.043,1211.7374223919533,1170.886658827344,1211.7481953660329,1170.8901219001898,0.011315911101400115,fitted,compact,False
2357,TYC 4401-00038-1,199.11939417,68.40796417,6.180,1337.3313704722555,819.2730201951609,1337.4245665828412,819.3536953113005,0.12326390141658534,fitted,compact,False
2358,TYC 3637-01633-1,353.42912889,45.05807444,6.357,797.8666893930055,721.2013579700363,798.0912248240352,721.435057476477,0.3240858205759032,fitted,compact,False
2359,TYC 1714-01967-1,346.63215583,19.91084194,6.497,579.0109840407134,776.7311874724452,578.8230535279702,776.7164531398105,0.18850723640787995,fitted,compact,False
2360,TYC 2064-01285-1,255.57775833,25.50539194,5.875,1042.5293899530807,1320.587533754064,1042.4533634180425,1320.2270537905006,0.36840987793569957,fitted,compact,False
2361,TYC 0654-01755-1,47.84136583,13.04780528,6.227,655.2282394476554,264.0212502867769,655.3107136900765,263.81689898143907,0.22036664143240575,fitted,compact,False
2362,TYC 4027-00556-1,7.85501167,66.51962639,6.149,990.708527522023,670.6792274348966,991.0842604128103,670.7790387607108,0.3887640749608435,fitted,compact,False
2363,TYC 5274-01986-1,20.11598250,-11.23882194,6.270,347.06137694545566,456.63117360281484,346.9426558906706,456.5024480181839,0.17511414845139622,fitted,compact,False
2364,TYC 3775-01691-1,104.30469000,57.56325083,6.191,1232.3406980122616,417.82623103424976,1232.127836765443,417.7428301690523,0.22861674197852241,fitted,compact,False
2365,TYC 0510-01780-1,309.32657806,0.09700389,6.195,489.1616649064992,1123.7670186378195,489.1939349656664,1123.7332059454866,0.04674029184182533,fitted,compact,False
2366,TYC 3937-00494-1,305.12766167,53.59568972,6.387,946.6465443920181,955.8142681200717,946.6822844405135,955.8531753173548,0.05283106157257818,fitted,compact,False
2367,TYC 1766-01511-1,37.30679500,23.46907194,6.198,695.8245368002122,376.2997313243748,695.7328234034248,376.40802496721454,0.14191145207405859,fitted,compact,False
2368,TYC 2181-02497-1,316.59771806,26.92440556,6.245,694.719096550804,1002.7061868012577,694.8696443435929,1002.7533045881888,0.15774892633197302,fitted,compact,False
2369,TYC 2167-01351-1,304.38140167,29.14751250,6.369,757.7368956954267,1077.8088915552858,757.981735622289,1077.7867788420372,0.2458364535074666,fitted,compact,False
2370,TYC 4054-01936-1,35.05364417,64.33693583,6.577,1010.7983253385466,571.4444434877622,1010.8841204038986,570.8300379694357,0.620366773923961,fitted,compact,False
2371,TYC 1564-03982-1,267.70155500,22.31637750,6.169,921.8418343208618,1309.6347914859296,921.8154345145467,1309.6518324130425,0.0314220141038672,fitted,compact,False
2372,TYC 4061-00534-1,49.10371333,66.38033250,6.699,1056.5946206148533,544.917045095166,1056.491490333806,544.9510144593942,0.10858071916757317,fitted,compact,False
2373,TYC 2761-00595-1,342.04610611,37.41683722,5.922,735.0630624293229,800.3182650963633,735.0303942335642,800.7034100155707,0.3865279030101224,fitted,compact,False
2374,TYC 2681-03096-1,299.18392944,36.25059944,5.987,837.1618300920545,1076.2086069945142,837.0014613380445,1075.9485322218134,0.3055438179019804,fitted,compact,False
2375,TYC 2693-01743-1,307.90111917,34.33049583,6.517,786.3132611301689,1034.7699306960333,786.5781774461376,1034.6004670579414,0.3144814447654186,fitted,compact,False
2376,TYC 0582-00107-1,346.00330861,6.61631944,6.465,465.2770941348793,785.9529891853897,465.41502356496784,786.0544607190056,0.17123375782515657,fitted,compact,False
2377,TYC 3614-02639-1,332.06784889,49.79700111,6.579,854.6157605610686,841.463702243991,854.8941937014183,841.9305476219535,0.5435711734170414,fitted,compact,False
2378,TYC 4446-00889-1,302.73718583,68.27222333,6.853,1055.7729678571866,874.9332110414246,1055.5753622540274,874.8979982288772,0.20071850080999662,fitted,compact,False
2379,TYC 1831-01974-1,71.42692389,23.62803750,6.337,881.463654355449,173.9310850163474,881.4044725723719,173.66441084835571,0.27316221430175175,fitted,compact,False
2380,TYC 1739-02316-1,13.81107417,24.55709750,6.423,637.420960509575,555.9306483392794,637.3144262091732,555.8123689406018,0.15918408624493122,fitted,compact,False
2381,TYC 3073-02071-1,259.59699889,38.81122444,6.075,1080.9257211551226,1201.225766369254,1081.1452782758026,1201.324040835801,0.24054770839988096,fitted,compact,False
2382,TYC 0648-00792-1,47.16164250,8.47089861,6.392,612.8508558026494,253.73816750213848,612.9383956659767,253.62788364896272,0.14080396280875238,fitted,compact,False
2383,TYC 1666-00733-1,327.33990250,15.76115194,6.940,569.6422660056764,943.0564456957442,569.9627062131085,943.43459480354,0.4956598372532063,fitted,compact,False
2384,TYC 3949-02016-1,306.27084611,59.60012083,6.453,987.5168556970552,917.8388412213101,987.4022888048886,917.8555568997978,0.11577990623603553,fitted,compact,False
2385,TYC 4194-02513-1,255.56572667,64.60065917,6.202,1181.4029196818044,966.1996577152299,1181.1436923210172,966.260600275584,0.2662946117427579,fitted,compact,False
2386,TYC 4225-02352-1,289.94225583,64.39078861,6.490,1064.2665050792666,931.663578495172,1063.9290689569577,931.3898810957468,0.4344806130208786,fitted,compact,False
2387,TYC 3882-02599-1,250.74335222,55.68993222,6.183,1188.7474789446862,1049.9800143615628,1188.742418684878,1050.0108889026646,0.031286474994443314,fitted,compact,False
2388,TYC 1722-00804-1,358.97764444,15.23030694,6.669,538.7617606070407,670.0681624113417,538.8499536342348,670.0993619519763,0.09354903196431334,fitted,compact,False
2389,TYC 3922-01394-1,281.23079111,54.89718917,6.351,1042.3437032805678,1024.9358899993779,1042.2882656947118,1024.814314062746,0.13361898926970592,fitted,compact,False
2390,TYC 4466-01044-1,326.75361083,70.15094111,6.441,1031.2976774003268,802.1022636527123,1031.2728876514727,802.164263752021,0.0667723293179634,fitted,compact,False
2391,TYC 5219-00864-1,329.72910639,-4.37252111,6.342,392.72836502920876,942.7141372753275,392.84178423798375,942.7463163533074,0.11789575895162449,fitted,compact,False
2392,TYC 4496-01534-1,7.72599194,77.01948417,6.292,1078.715524391648,692.7743362304536,1078.738066465913,692.8459997156228,0.07512523024107369,fitted,compact,False
2393,TYC 6899-02596-1,299.23677194,-27.16986389,4.698,277.0608317617724,1229.6024259602939,277.57856775102704,1228.7957576872598,0.9585219127851523,fitted,compact,False
2394,TYC 2192-01904-1,323.86258861,24.45220306,6.253,653.0651916846705,955.160539316122,653.1351380822313,955.2622996294008,0.12348141516164539,fitted,compact,False
2395,TYC 3507-00022-1,257.07117528,50.84221556,6.450,1143.7374188953017,1095.753182423987,1143.6515994399247,1095.6887088612448,0.1073397373478111,fitted,compact,False
2396,TYC 3697-01178-1,32.60609028,59.97995361,6.677,973.178208806746,556.8026392523187,973.1900201700472,556.865831011421,0.06428613164188574,fitted,compact,False
2397,TYC 3614-02641-1,334.36795556,49.12693611,6.567,845.8137287170968,830.255221956917,845.9782360798197,830.7735615425792,0.5438185344896402,fitted,compact,False
2398,TYC 2746-01847-1,335.70949333,36.65892389,6.574,735.7435878445639,845.0040873882476,735.5955881964087,845.5439969704545,0.559826984712994,fitted,compact,False
2399,TYC 4344-00349-1,88.23119972,68.47164528,6.319,1177.8093395043143,514.1896219713176,1177.5329985523013,514.3597322756291,0.3245024458958796,fitted,compact,False
2400,TYC 1608-01199-1,290.94553361,20.26435528,6.393,750.6964897267022,1201.9084184803644,750.5322877831057,1201.7140348411451,0.25445486333923456,fitted,compact,False
2401,TYC 3373-00787-1,87.73427500,51.51469056,6.408,1136.5442235738553,354.68960310077273,1136.9947219107955,354.9801270917701,0.5360531139084322,fitted,compact,False
2402,TYC 1076-02596-1,302.15948722,10.72587167,6.316,612.3196234012325,1158.241209043724,612.3649622477448,1158.6167361664268,0.3782541881969134,fitted,compact,False
2403,TYC 4124-01617-1,111.85768278,66.33163917,6.451,1254.696002651756,511.8479362218048,1254.7505239347752,511.5654620698913,0.28768770707366137,fitted,compact,False
2404,TYC 4455-00936-1,307.50299639,72.53175889,6.376,1075.3101905727492,837.2041820627569,1075.0219237197414,837.2625594397821,0.2941185079034909,fitted,compact,False
2405,TYC 2724-02356-1,331.14380806,32.94176250,6.488,710.4499145428116,883.6060724599411,710.5809028738594,884.0723285242859,0.4843063703989871,fitted,compact,False
2406,TYC 4361-01793-1,115.81868750,69.33657417,7.154,1260.9324671339086,545.3408390551928,1259.732720915014,545.3196135454926,1.1999339615221045,fitted,broad_blob,False
2407,TYC 0544-01056-1,327.89054361,0.77058278,6.698,440.305156549764,957.0436633521849,440.2452583884989,956.368394928732,0.6779197839240192,fitted,compact,False
2408,TYC 4072-01494-1,61.66172972,65.52085444,6.153,1085.938142837595,512.2155957168935,1085.7622067813538,512.3544652585487,0.22413889775140505,fitted,compact,False
2409,TYC 4451-01238-1,308.10490778,70.53213417,6.749,1060.915763225515,848.4886110357681,1060.4419561881432,848.2199578706061,0.5446720406030799,fitted,compact,False
2410,TYC 3762-02641-1,88.07189972,58.96413389,6.126,1159.3142119774484,424.12506260269146,1159.2147769266749,424.10465053444955,0.10150853093335616,fitted,compact,False
2411,TYC 3316-02311-1,52.35944139,46.93793639,6.230,940.7466712006205,405.3160980766548,940.1075000885452,405.3925758891142,0.6437301968295644,fitted,compact,False
2412,TYC 5277-02394-1,24.40651306,-9.40404972,6.299,372.9816199413385,417.3352338640888,372.9203441045568,417.28883817555993,0.07685888424487901,fitted,compact,False
2413,TYC 2357-02042-1,58.84616194,31.04584972,6.789,857.7496396162619,279.3446759718788,857.7754494085991,279.5540079047814,0.21091705363296478,fitted,compact,False
2414,TYC 3804-01774-1,133.27470944,59.05614111,6.382,1353.4023063076797,507.50485314785914,1353.2593216615967,507.5567719611025,0.15211894091169958,fitted,compact,False
2415,TYC 3309-01290-1,44.21108000,51.26135028,6.383,940.3228371321811,464.7516160458027,940.3644900942579,464.67105928431795,0.09068826313629866,fitted,compact,False
2416,TYC 2462-02103-1,114.79147889,34.58462611,4.928,1285.0167878942564,216.6269068759847,1284.176615561013,216.9641263151011,0.905321213528962,fitted,compact,False
2417,TYC 2385-00661-1,67.98726222,36.74285611,6.464,949.6502973203044,275.9439761470999,949.6293820243818,276.04089536681107,0.09915031393271621,fitted,compact,False
2418,TYC 1671-00710-1,321.61089972,19.37560139,6.093,615.0435117907174,983.9586777726547,615.4612787793246,983.6546461642588,0.51668605136366,fitted,compact,False
2419,TYC 0656-01281-1,51.82779611,12.73530472,6.287,673.3790814949472,233.95569549270377,673.2596152412441,233.95329936486388,0.11949028078665627,fitted,compact,False
2420,TYC 0621-00641-1,23.32612056,8.20881472,6.464,519.5450656117165,448.9134278657372,519.6310969758542,449.1004046525945,0.20581961626352507,fitted,compact,False
2421,TYC 2873-00678-1,52.07596361,44.37725472,6.727,920.8637816799848,390.71531608403205,920.9726154665323,390.7847478953154,0.12909519554325508,fitted,compact,False
2422,TYC 3898-00230-1,254.95870278,58.46255472,6.873,1172.8735867060147,1024.2030875887217,1173.43597211719,1024.6395457180438,0.711879940266664,fitted,compact,False
2423,TYC 3984-00330-1,341.20468306,52.51719333,6.600,867.9792001181835,787.0054735113966,868.4230937829506,787.5052790075096,0.6684662441477646,fitted,compact,False
2424,TYC 1830-02128-1,69.12113083,23.34098306,6.055,863.4352654079421,182.7527180495028,863.5423049224942,182.65273487153763,0.14647215964665516,fitted,compact,False
2425,TYC 3157-01482-1,309.88876639,40.57943222,6.727,830.2048162455044,996.8834741564856,830.3198264487665,996.7500055340018,0.17618518678399744,fitted,compact,False
2426,TYC 1110-02360-1,321.10218722,10.17420500,6.372,537.6270877316281,1005.2793250588421,537.7043719000567,1005.1599027620266,0.14224812008035057,fitted,compact,False
2427,TYC 4193-02535-1,249.22911861,63.07303139,6.336,1203.9298127424104,978.6487000208068,1203.8351146502519,978.5790117875576,0.11757626678821931,fitted,compact,False
2428,TYC 4234-01983-1,291.61025000,62.55705806,6.530,1048.7279206900207,941.5096236773513,1048.3896983441718,941.3321866809313,0.38194010385147886,fitted,compact,False
2429,TYC 4325-01563-1,43.86754000,73.37115806,6.709,1088.4588355591247,603.963639049365,1088.8883085845573,603.921566187335,0.43152891594145487,fitted,compact,False
2430,TYC 6899-02595-1,298.95930361,-26.29968083,4.773,286.29968483111435,1232.7842308468214,286.97493919695205,1232.1288149738243,0.9410305123424026,fitted,compact,False
2431,TYC 3988-00158-1,342.19951944,54.41489556,6.110,883.7564894604157,779.321676097811,884.2425835484439,779.7124479509506,0.6236907115087027,fitted,compact,False
2432,TYC 3816-01575-1,159.77391750,53.66848194,5.682,1461.7950245216007,621.5388178695002,1461.0919186108254,621.7807203418679,0.7435554639062091,fitted,compact,False
2433,TYC 2772-00467-1,359.70514861,32.38171056,6.496,688.3028304249008,673.7393226990702,687.9792115921416,673.4264384270115,0.45013966345801654,fitted,compact,False
2434,TYC 2857-01648-1,41.87980722,44.27221417,6.539,880.2294475418762,437.2261646657651,880.1469431381854,437.520929028043,0.3060931327185484,fitted,compact,False
2435,TYC 3275-01733-1,15.57695250,51.03496861,6.487,868.0082059940249,600.7736780977459,868.2939695725452,600.336359467917,0.5224063617569754,fitted,compact,False
2436,TYC 4091-00414-1,75.70976056,66.82375833,6.251,1134.3884548915103,504.55766916369265,1134.3467148883753,504.7120428380804,0.1599170385095696,fitted,compact,False
2437,TYC 4106-00897-1,89.39562806,66.09612611,6.391,1178.0237397741823,491.5029434988913,1177.9873106363,491.58977476796093,0.09416342907465201,fitted,compact,False
2438,TYC 5740-02387-1,302.79198750,-8.84234000,6.422,435.52200535621216,1193.7168746928448,435.4125909957972,1193.7761024504232,0.12441635556781987,fitted,compact,False
2439,TYC 7498-00498-1,340.09322556,-30.65838806,6.022,163.97044070712866,840.0074399558846,163.57294089033587,839.9147333241724,0.4081673969264566,fitted,compact,False
2440,TYC 2406-02551-1,88.74590944,31.70192083,5.917,1060.8676765652144,178.674959350039,1060.8865628094347,178.59111970869617,0.08594053572815301,fitted,compact,False
2441,TYC 1738-01977-1,10.39991472,24.62906139,6.082,632.256865596397,582.966509242944,632.0889479200362,582.8737913563266,0.19181489132290605,fitted,compact,False
2442,TYC 4266-02575-1,328.45044333,62.61442806,7.068,967.6900365672316,822.5986271091305,967.9985517638721,822.688449414148,0.32132487148804345,fitted,compact,False
2443,TYC 3762-02010-1,86.79285861,58.78551167,6.713,1153.3069196581769,423.2532613510129,1153.1247095672898,422.89738283711984,0.39981249839371236,fitted,compact,False
2444,TYC 5236-01609-1,337.82676944,-2.91118639,6.262,392.44075920899365,865.5704767059301,392.51515998194867,865.4367825201,0.15300199456569039,fitted,compact,False
2445,TYC 4147-01483-1,157.61104583,64.25780611,6.091,1381.2673813480471,644.8456119986273,1381.4207318854856,644.7257600016986,0.19463013256031392,fitted,compact,False
2446,TYC 1721-01813-1,355.68254167,16.33569222,6.400,547.0140660258597,699.1309679555268,546.8988974752455,699.226226510209,0.1494589819674272,fitted,compact,False
2447,TYC 1748-00966-1,21.39857278,23.51157222,6.239,645.0167851966377,494.7582958842272,644.9918972565117,494.6313195036746,0.12939246802636137,fitted,compact,False
2448,TYC 5237-01609-1,341.95956389,-4.22831028,7.297,377.00778512130915,826.4110673073111,377.2087407947136,826.3123008672337,0.22391514544352678,fitted,compact,False
2449,TYC 1727-01961-1,356.37213139,20.41546583,6.748,582.4080511834611,694.4351126280357,582.2410165047206,694.4761821931907,0.17200957265210612,fitted,compact,False
2450,TYC 4294-00126-1,5.42683750,67.82302361,6.651,1000.2740175301125,681.5826860065129,1000.5882202348321,681.5081738181863,0.3229170262812619,fitted,compact,False
2451,TYC 0630-01282-1,31.21247306,7.73566472,6.553,539.8484046830931,380.6723503528701,540.0099492285935,380.64434653589143,0.16395381650426233,fitted,compact,False
2452,TYC 0541-01302-1,322.39372750,6.58138889,6.544,502.7509414985839,999.5504704024378,503.23056315975447,999.4360162535663,0.4930889271296597,fitted,compact,False
2453,TYC 4449-02636-1,299.67410639,70.36681472,6.419,1075.4256930997408,867.4840776010868,1075.226226026882,867.4174062643315,0.21031447952916488,fitted,compact,False
2454,TYC 3263-02180-1,15.32894361,45.45211056,6.962,819.7497712672017,587.7475576383627,820.1970591589743,587.6347204571039,0.4613010812915953,fitted,compact,False
2455,TYC 2250-00761-1,353.12096306,23.84367111,6.576,611.6976036171071,721.875962073869,611.3073928663099,722.1735851004767,0.49075849050712533,fitted,compact,False
2456,TYC 1612-01931-1,291.74529750,21.10638389,7.180,753.1390859831146,1192.854355172093,753.009094967602,1192.8295994820207,0.1323272772520631,fitted,compact,False
2457,TYC 4030-00320-1,18.51520722,60.88312694,7.179,955.1051988062657,615.0499667452916,955.0963717873018,615.4834484885597,0.43357160655482296,fitted,compact,False
2458,TYC 6969-00473-1,339.93385000,-28.32556556,6.425,182.61053439111336,842.7745445215294,182.23934924793775,842.7413197424892,0.37266915146892426,fitted,compact,False
2459,TYC 1185-02318-1,3.73280306,22.28425278,6.234,603.6127989858405,634.1908660828261,603.2964293802478,634.2048803937819,0.3166798513553882,fitted,compact,False
2460,TYC 2276-01077-1,11.60149056,30.94279694,7.251,688.8396060244662,583.5571999681682,688.6106513813594,583.1836011503966,0.43817382993569276,fitted,compact,False
2461,TYC 1765-01371-1,35.52761694,22.87359278,6.700,684.0026786356752,387.0270262300939,683.9501352604063,387.1211401344745,0.10778790879504985,fitted,compact,False
2462,TYC 0013-01547-1,7.53623306,4.86007611,6.556,458.8747305962438,586.5679253690291,459.0158637897241,586.6396770752682,0.15832525272414888,fitted,compact,False
2463,TYC 5248-01392-1,345.63566861,-6.57393000,6.361,354.98351681082886,790.9596552893485,355.17595235788764,791.1282885336782,0.2558683467429694,fitted,compact,False
2464,TYC 3107-02718-1,273.17759306,41.14694083,6.471,1005.8506590100216,1153.2960145678996,1005.8063358495202,1153.2015281936324,0.10436578691793735,fitted,compact,False
2465,TYC 6340-01866-1,304.50573722,-21.80990111,5.962,309.347022020222,1183.9694455649849,309.6946437191105,1183.8710470705157,0.361279821263114,fitted,compact,False
2466,TYC 4166-00541-1,195.44641917,63.61016583,6.057,1376.3754046011663,826.9636926954022,1376.2689126985983,826.9438298071171,0.10832848029754559,fitted,compact,False
2467,TYC 6421-00824-1,10.13511056,-23.80403056,6.221,226.11651866755267,549.4906365080145,225.90671073016733,549.3583949853748,0.24800643318258545,fitted,compact,False
2468,TYC 3990-01376-1,335.75070861,57.28460222,6.149,914.0719632202705,805.9957493616719,914.5849066071387,806.1270282108939,0.5294762075720263,fitted,compact,False
2469,TYC 4149-01449-1,170.71354500,64.33043056,6.032,1390.6522038642454,707.0840225919117,1390.9256807509632,707.1387254678033,0.2788942670613702,fitted,compact,False
2470,TYC 1538-00430-1,263.41413111,16.31769917,5.784,912.5921601176095,1367.0104749305572,912.3736310496605,1367.250964774858,0.3249466398510412,fitted,compact,False
2471,TYC 6417-00951-1,6.81120222,-25.54713556,6.085,208.60799796457667,581.8116547338961,208.05146729050944,581.6461063842314,0.5806312489475957,fitted,compact,False
2472,TYC 5852-02147-1,21.16631444,-15.66042111,6.285,312.5869427229768,444.39296928089607,312.2631960783842,444.2608056743252,0.34968429874212886,fitted,compact,False
2473,TYC 4381-01630-1,129.92764944,73.62990583,6.268,1275.1093601580426,606.8260414527483,1275.198685620469,606.9511741318522,0.15374402628200642,fitted,compact,False
2474,TYC 6386-01046-1,338.95341667,-17.46032306,6.545,270.57648645283473,855.8857975040273,270.79152641912833,855.8686015717356,0.21572641746187882,fitted,compact,False
2475,TYC 2164-01671-1,307.60520417,27.83277972,7.114,734.3697592283374,1061.9186123460806,734.1431903308417,1061.9267831341535,0.22671618180047506,fitted,compact,False
2476,TYC 3697-00092-1,30.20180472,59.95939194,6.757,967.6091913676375,566.0168286166022,967.9276165464603,565.8185091946773,0.3751335597102991,fitted,compact,False
2477,TYC 0527-00011-1,318.65428944,0.09228083,6.558,457.8457735638813,1041.1864690273042,457.7868579301225,1041.163206828388,0.06334178557335868,fitted,compact,False
2478,TYC 2986-01978-1,135.16135861,41.78339306,4.026,1429.894208858213,379.0094290710197,1428.7096330342474,379.4633993760235,1.2685854013620794,fitted,compact,False
2479,TYC 2666-02296-1,291.02521500,36.45191361,6.564,876.3938648521798,1116.695964188928,876.5320671056163,1116.5711638254093,0.18621222728200035,fitted,compact,False
2480,TYC 3586-02802-1,312.17807500,51.91032417,6.380,913.5814786224862,934.2760606770603,913.6384503367572,934.2768022812535,0.056976540819455,fitted,compact,False
2481,TYC 3300-00797-1,40.75771583,48.26525361,6.436,906.7476471674407,463.30655570984703,906.6570370175517,463.41431063082746,0.1407882177542138,fitted,compact,False
2482,TYC 4245-00621-1,306.96574694,65.75582778,6.576,1029.6584717395074,879.7047728965647,1029.5473459380196,879.7718313026475,0.12979126928520346,fitted,compact,False
2483,TYC 3749-01334-1,85.33472333,53.48222528,6.294,1130.8469956987678,374.6321544878166,1130.7652958631993,374.7256801639101,0.12418500400884565,fitted,compact,False
2484,TYC 4411-00109-1,227.68498750,67.78106583,6.196,1273.1042150869582,905.0458325375109,1273.1725113116506,904.93234607825,0.1324520696056271,fitted,compact,False
2485,TYC 3697-03547-1,32.16908556,58.42360472,5.781,959.9843049407737,550.9632510852191,960.3204988899201,551.0078198365984,0.3391352901752092,fitted,compact,False
2486,TYC 2199-00541-1,322.31419750,28.58333389,6.871,692.6265262508782,956.9627669743329,692.5837229486771,957.1403501762948,0.18266887063303072,fitted,compact,False
2487,TYC 4451-01920-1,308.87039028,69.68001000,6.815,1053.2317588346316,851.8578922685431,1053.2117360286427,851.5245581574645,0.33393493732791846,fitted,compact,False
2488,TYC 4499-02251-1,30.73767250,77.91627528,6.170,1102.1261552906394,654.1495147006076,1101.966258190817,654.2323579382571,0.18008354882081992,fitted,compact,False
2489,TYC 7997-00828-1,337.16326333,-39.13141944,5.579,98.46315912226503,860.9919569540926,98.78191301001903,860.7344084375279,0.4097990719157129,fitted,compact,False
2490,TYC 1791-01518-1,47.53678639,27.81988361,6.414,775.1218301048549,325.90514966989537,775.2450114467803,326.1314822815371,0.2576821571065902,fitted,compact,False
2491,TYC 4301-01192-1,21.44292583,70.97991917,6.333,1040.2516164944493,641.8172006946997,1040.1201677827594,641.801218588917,0.13241673425286252,fitted,compact,False
2492,TYC 4208-01817-1,269.80714000,64.14253833,7.314,1128.5227363823738,965.1843434395074,1128.2568824521252,964.8051037871035,0.4631425549267543,fitted,compact,False
2493,TYC 4573-01915-1,267.54208556,78.30651639,6.415,1170.8948974524167,834.1722685479907,1170.5559642191747,834.1896365650784,0.3393779377234304,fitted,compact,False
2494,TYC 2736-01822-1,341.39429889,30.44337083,6.493,674.8349447349108,811.7492782027846,674.4385902520986,812.1801820425346,0.5854698926133056,fitted,compact,False
2495,TYC 4528-02134-1,81.54490167,78.41454917,6.797,1175.5685640245822,609.921971469689,1175.1822207838632,610.4244266995745,0.6338157127183028,fitted,compact,False
2496,TYC 3585-00302-1,308.71002306,51.85423444,6.219,922.9461470659496,949.9700416792094,922.9044993655682,950.002965692521,0.05308975041946344,fitted,compact,False
2497,TYC 3100-02308-1,265.77324556,44.08424000,6.558,1065.7741405543147,1146.2709138275845,1065.9467584945216,1146.3356384213766,0.18435353623631093,fitted,compact,False
2498,TYC 3862-00202-1,214.03545972,56.71268111,7.158,1361.5556302797818,953.2959847993303,1361.4549557442797,953.2568548307177,0.10801165002993798,fitted,compact,False
2499,TYC 1295-01998-1,79.81912944,22.09669417,5.053,931.6110573449956,128.72157635513108,932.0819237107034,128.50372502547646,0.5188201385713332,fitted,compact,False
2500,TYC 4724-01422-1,59.71841944,-5.46953611,5.945,557.3288806783853,115.85132291637336,557.2904570366879,115.50928357782414,0.34419076884262956,fitted,compact,False
2501,TYC 2688-01632-1,314.56472056,30.39588778,6.651,730.7531364418677,1006.1751165466485,730.7241748961402,1006.2206205281447,0.05393870097553556,fitted,compact,False
2502,TYC 3462-02651-1,199.56058250,49.68201611,5.130,1454.2789291580616,921.378276887078,1453.3432815840345,921.0818025014217,0.981495514066726,fitted,compact,False
2503,TYC 3805-01879-1,136.00168000,54.28387833,5.727,1385.065845566655,483.37397212574007,1384.9393740138548,483.3687990946812,0.12657730411902354,fitted,compact,False
2504,TYC 6378-01567-1,333.65926056,-15.81772111,6.652,290.89555235032174,907.516221312238,290.5138713762891,907.66411469281,0.40933216091031766,fitted,compact,False
2505,TYC 4142-01234-1,144.86630889,67.27232028,6.133,1339.9203438457316,606.4297669726891,1339.9548026278949,606.3548683792767,0.08244517550063575,fitted,compact,False
2506,TYC 0531-02109-1,317.49273972,2.94360306,6.475,485.79435229650323,1047.8798583732382,485.9520953332925,1047.764415243243,0.19547373715814917,fitted,compact,False
2507,TYC 1830-02127-1,70.80728028,24.08896278,6.212,880.6049159012523,179.7251428155859,880.5009991702468,179.4280086588618,0.3147815021169559,fitted,compact,False
2508,TYC 4702-01070-1,40.45138556,-3.21377917,6.184,480.86390660573346,280.2595661948778,480.7112629104675,279.93887115742285,0.3551695436726869,fitted,compact,False
2509,TYC 3790-02146-1,115.20648056,57.08287639,6.247,1283.4878178581778,432.90075819040595,1283.780137162945,432.6814089839691,0.3654649782182814,fitted,compact,False
2510,TYC 4195-02312-1,243.10573889,67.14427444,6.322,1225.8909396794068,934.4460549475522,1225.8599384039007,934.5590248744902,0.11714641896099444,fitted,compact,False
2511,TYC 5844-01197-1,0.73929278,-20.04606472,6.298,247.11109629459693,641.7351804272396,246.90438976821804,641.504456354699,0.30977602505255325,fitted,compact,False
2512,TYC 2669-05015-1,298.77707861,30.19489694,6.631,790.6960735280848,1108.1302315485689,790.9952405107761,1107.6856074461562,0.5359024873789389,fitted,compact,False
2513,TYC 2717-01199-1,324.05840278,30.05528444,6.365,700.5986054826924,940.855405784272,700.7845532805153,940.9708732277431,0.21888196366296842,fitted,compact,False
2514,TYC 4682-02606-1,20.14405639,-3.24699944,6.357,414.13871260694066,462.51478232853106,414.25864388100683,462.6446487546066,0.17677329866460423,fitted,compact,False
2515,TYC 4248-00057-1,319.78067139,61.85846111,6.704,975.0019650637172,858.1670447620486,975.1383898250587,858.1835695371724,0.13742191855728902,fitted,compact,False
2516,TYC 8006-01465-1,346.72333444,-38.89230611,5.697,96.402435598191,771.9027172088676,96.47707636670839,771.855444489865,0.08835131174328027,fitted,compact,False
2517,TYC 0520-02792-1,312.49613861,5.54455667,6.298,525.0196895694115,1086.7743604977782,525.1418310076324,1086.8274490988333,0.133180067925551,fitted,compact,False
2518,TYC 4593-02548-1,303.60866306,80.53186417,6.845,1131.0169610713006,790.2187324835888,1130.8447980496499,790.3103272028017,0.19501204734984012,fitted,compact,False
2519,TYC 2697-01634-1,307.74679194,36.93584694,6.321,808.4099611010045,1024.8930471751676,808.3281473654698,1024.5981589642643,0.3060270318973249,fitted,compact,False
2520,TYC 1072-02229-1,301.66149278,7.57615417,7.121,587.0041553043202,1171.5286261435074,587.2188403585005,1171.3855414133307,0.257997892429686,fitted,compact,False
2521,TYC 2832-02130-1,39.61643861,38.08916194,6.282,823.5521652094019,419.7276125500764,823.6927337115628,419.8628850077434,0.1950849599611263,fitted,compact,False
2522,TYC 3694-01454-1,36.31678944,56.60982750,6.291,956.449916526258,525.5993900722802,956.5270348902588,525.6921972964107,0.12066657746435158,fitted,compact,False
2523,TYC 4498-01817-1,20.08103556,77.57047694,6.419,1090.4607811186595,670.6826580698415,1090.3120852819825,670.7866429869156,0.18144782948267477,fitted,compact,False
2524,TYC 2645-02013-1,280.53369444,34.74631389,6.453,921.2634897766685,1174.1330272504788,921.3375045620005,1174.0598703169474,0.10406788828195052,fitted,compact,False
2525,TYC 2271-01441-1,2.17090917,36.62742694,6.260,726.9386302161986,658.9934999724069,726.9749309981041,658.7280551891361,0.2679154339201973,fitted,compact,False
2526,TYC 4018-03804-1,0.85715444,63.64052444,6.298,962.009322831122,692.847191002234,962.6195799714801,692.606126216779,0.656144807298353,fitted,compact,False
2527,TYC 4355-00451-1,81.24763417,73.70720028,6.683,1167.153827227214,565.6150333188225,1167.0660825574525,565.6065724689342,0.08815164804111586,fitted,compact,False
2528,TYC 0569-01947-1,343.74781139,1.06489000,6.127,419.9170016185595,808.2577586801513,420.0669935281086,808.2780918221373,0.15136383185295707,fitted,compact,False
2529,TYC 4524-00073-1,84.93217278,75.04381444,6.364,1177.46259010575,577.7783929935213,1177.3295213654599,577.6363213899818,0.1946577256999161,fitted,compact,False
2530,TYC 1294-02526-1,76.98097917,21.70483611,5.853,907.6297485068269,137.41079325429283,907.5934912153243,136.96123336753521,0.45101960375200983,fitted,compact,False
2531,TYC 1254-00867-1,61.99754750,17.33991806,6.100,770.4953938349387,187.72175746202157,770.5086046781101,187.60534391405895,0.11716074652607343,fitted,compact,False
2532,TYC 3223-00613-1,342.95588944,41.31297111,7.062,768.8727544772308,790.0110667765537,768.6225820928667,790.6386404481357,0.6755996855841431,fitted,compact,False
2533,TYC 4575-00571-1,249.47002278,78.91857083,6.447,1200.815041134528,826.9027687441951,1200.5102130367418,826.9187449023136,0.3052464689855919,fitted,compact,False
2534,TYC 4264-01208-1,338.47134500,61.77809500,6.571,950.0736114744145,784.9000397137177,950.545769112282,784.9194119683706,0.4725548849042809,fitted,compact,False
2535,TYC 3195-01021-1,324.36614667,44.69661056,6.215,824.9830078864383,898.7029868171595,825.0355167686482,899.0760731915417,0.37676335472094696,fitted,compact,True
2536,TYC 3563-02119-1,302.64041472,48.23117778,6.749,915.2074330550797,995.9580672834329,914.8673852059875,995.8409043914892,0.359666071406341,fitted,compact,False
2537,TYC 3826-01075-1,160.93049139,57.19932250,5.776,1437.8563183973808,640.342997207848,1437.493583542323,640.2944407075843,0.3659703660020936,fitted,compact,False
2538,TYC 1125-00925-1,325.63728278,10.82434389,6.031,531.5211005973024,965.3488502292619,531.4759751014224,965.2046790227494,0.1510683526278466,fitted,compact,False
2539,TYC 3989-01191-1,345.68283194,55.23637417,6.511,888.9573726496691,760.9521700961219,889.4411158498526,761.1255248595039,0.5138670622943682,fitted,compact,False
2540,TYC 0664-00811-1,57.81607528,13.04612889,6.281,709.5580826645632,194.050428277967,709.6521267704534,194.014347094914,0.10072807763071255,fitted,compact,False
2541,TYC 1180-01763-1,7.69653667,16.03761444,6.837,554.2937496914034,594.3789625318599,554.2391274065061,595.0519947244011,0.6752450860274469,fitted,compact,False
2542,TYC 6399-01262-1,351.03235194,-18.68812028,6.298,254.7502734661713,737.1351839555783,254.80164565731195,737.1160096261864,0.054833903109496,fitted,compact,False
2543,TYC 5181-00747-1,309.80519333,-2.41298389,6.205,465.33761453309666,1123.3321459205072,465.29243098639444,1123.3884132242213,0.07216344199001123,fitted,compact,False
2544,TYC 2408-01775-1,85.17520778,31.92061861,6.477,1034.7659981120923,187.80343243460365,1034.9548100152347,187.4394544356462,0.410036484344121,fitted,compact,False
2545,TYC 2878-00983-1,63.71697417,37.54268056,6.414,930.5380491828023,297.903630192597,930.6359473990778,298.1385208051384,0.25447526522238895,fitted,compact,False
2546,TYC 0621-00356-1,25.14537056,8.76076556,6.391,529.404363957636,434.1170062699588,529.4752218544921,434.33635020172176,0.2305051017832868,fitted,compact,False
2547,TYC 3572-00692-1,304.98351750,46.83730528,6.463,896.2846127010766,992.7338027365064,896.2168538874844,992.5182870981915,0.22591646061695134,fitted,compact,False
2548,TYC 1167-01661-1,347.48820806,14.42675222,6.605,531.228478222624,770.9016021655369,531.2033554398197,770.9230778732752,0.033050873493626384,fitted,compact,False
2549,TYC 4319-00918-1,32.28218278,71.55256222,6.633,1058.304620557119,616.8940912450223,1058.4007309021522,617.0708544712995,0.20120247659091975,fitted,compact,False
2550,TYC 1737-02138-1,8.14402639,27.58077611,6.681,654.6970475276237,604.8373408077936,654.3335446604943,604.4930909921336,0.5006418580114639,fitted,compact,False
2551,TYC 1873-00935-1,84.82630722,29.21523167,6.002,1016.7569449303223,166.7135935592465,1016.8423637053642,166.42563378070747,0.3003617838305929,fitted,broad_blob,False
2552,TYC 5235-01467-1,344.59839306,-1.41019444,6.415,398.4562319307761,800.7393322716357,398.73678036389043,800.6644708430322,0.2903646962278238,fitted,compact,False
2553,TYC 2652-01708-1,287.48480389,35.66100667,6.674,888.647963341316,1138.1512926909356,888.919238474364,1137.9663125196116,0.3283410750930623,fitted,compact,False
2554,TYC 1663-00461-1,321.77774528,16.12437417,6.783,587.3809733381146,988.691659814272,587.0402455044509,988.8494256154431,0.3754803652020786,fitted,compact,False
2555,TYC 3386-00977-1,91.12127500,51.57349472,6.415,1155.6725841199175,354.033394067824,1155.5803926237054,353.97587926588005,0.10866105289603922,fitted,compact,False
2556,TYC 4031-00388-1,23.30835972,60.68643806,7.300,960.2000612559859,595.3854139438865,960.8361491499616,595.6360075845014,0.6836702286767758,fitted,compact,False
2557,TYC 3646-00732-1,355.36165417,49.51245917,6.281,837.2774606304025,710.5874894105061,837.7141489473822,710.5271590624035,0.4408360660027251,fitted,compact,False
2558,TYC 4477-01535-1,343.17568000,67.99002472,7.017,1000.4856427397528,756.7346985931248,1000.7217691903636,756.846553002049,0.2612797532795188,fitted,compact,False
2559,TYC 2344-02356-1,48.94645306,32.85666639,6.345,821.4168437079992,341.67389034228097,821.4146540753777,342.1482372031279,0.474351914601764,fitted,compact,False
2560,TYC 4389-01750-1,144.02828750,74.31887361,6.430,1293.0445666029896,642.5384329435358,1292.9841557370646,642.4135705693354,0.1387086342400859,fitted,compact,False
2561,TYC 3766-01809-1,101.04782806,53.29641000,6.407,1213.083427917726,373.1869170595442,1212.9314435689605,373.3228669169285,0.2039156835373659,fitted,compact,False
2562,TYC 2070-01410-1,252.66234111,29.80654472,5.907,1090.985444070836,1288.124370237688,1090.794255269565,1287.9022996969811,0.29303324518097623,fitted,compact,False
2563,TYC 3689-00066-1,31.26584583,55.62235583,6.554,936.3441540398939,541.6656903825852,936.535206540672,541.6326400783705,0.1938901252314509,fitted,compact,False
2564,TYC 4234-02370-1,293.69307167,63.43417889,6.614,1047.7746132735092,929.9146050450616,1047.5005176759023,929.9161983393999,0.27410022840985176,fitted,compact,False
2565,TYC 1238-01180-1,53.53468139,17.83356722,6.260,724.8760909956342,242.93286719199529,724.9606944524296,243.13547520177252,0.21956263463446998,fitted,compact,False
2566,TYC 4215-02488-1,281.07610333,61.04809917,6.254,1075.0530624673613,976.0876168312402,1074.9616355358155,975.7823566486975,0.3186575950105379,fitted,compact,False
2567,TYC 1254-00501-1,60.15369528,17.29673417,6.311,758.5915455497355,198.7222246434966,758.7709225475015,198.55910388421023,0.24245512870982117,fitted,compact,False
2568,TYC 3317-03032-1,56.02678139,48.52368500,6.231,966.3397848560999,401.2487629493513,966.1801879936204,401.5313861477622,0.3245720733416308,fitted,compact,False
2569,TYC 2426-00345-1,98.11333806,32.45493917,5.853,1139.1133768895586,175.900052966666,1139.060216154895,175.7423609879961,0.1664116097115922,fitted,compact,False
2570,TYC 4687-00133-1,26.18195944,-6.76617556,6.647,400.43888636950714,403.1211133243714,400.19891070382937,403.1337233486852,0.24030674736820457,fitted,compact,False
2571,TYC 2598-01660-1,255.97341222,34.79023694,6.101,1088.5756949385495,1240.918053028614,1088.6093592379511,1240.8694411895458,0.05913033021883271,fitted,compact,False
2572,TYC 3815-01654-1,151.15143361,53.89172639,5.764,1440.5381583926453,565.500028759835,1439.8278341148148,565.7537812655179,0.7542883492509979,fitted,compact,False
2573,TYC 3685-01640-1,32.53219167,53.84319861,6.409,925.5651047027021,528.2270387313649,925.7017631411857,527.9900975604105,0.2735263192126415,fitted,compact,False
2574,TYC 1765-01370-1,34.74148778,23.16783500,6.484,683.1918461324408,393.65990687106455,683.4890377280097,393.7515861553711,0.3110111503592578,fitted,compact,False
2575,TYC 2618-01281-1,263.92651417,37.30158833,6.232,1043.4936798080093,1206.4055584710375,1043.591494621752,1206.5970524437582,0.21502948489889315,fitted,compact,False
2576,TYC 1834-00719-1,69.84640806,25.21830111,6.226,881.9998351700017,190.94656117394533,882.2026128815772,191.00786464480996,0.21184172358595307,fitted,compact,False
2577,TYC 1687-00051-1,329.74852750,19.02038083,6.607,592.744640393298,918.37165451633,592.8614667713221,918.5214238707492,0.1899454188059835,fitted,compact,False
2578,TYC 4098-02548-1,87.26948139,62.80819583,6.554,1164.4834989161905,460.70533342980866,1164.398972783969,460.5759270797593,0.15456607150803206,fitted,compact,False
2579,TYC 4346-00125-1,72.65161167,70.94157361,6.329,1138.936234000034,544.7290635116382,1138.8845255334218,544.7098852490221,0.05515044221352253,fitted,compact,False
2580,TYC 2188-01691-1,323.96863000,23.96480861,7.387,648.7266502327222,955.6472361279411,648.6759001392959,955.5019549829547,0.15389016560965788,fitted,compact,False
2581,TYC 5261-00789-1,4.67348833,-8.05266583,6.533,347.72145104139224,606.1852402872198,347.8638859085253,606.3455415914278,0.21443926764004032,fitted,compact,False
2582,TYC 4621-00522-1,82.95005333,85.93870278,6.529,1183.5766955545269,682.8548964721424,1183.4710365222065,682.7440534687032,0.15313393654668908,fitted,compact,False
2583,TYC 4196-01571-1,247.08819556,67.04401222,6.704,1213.1132038762107,938.9235755596555,1212.6426572439277,939.0448532620107,0.4859242885897274,fitted,compact,False
2584,TYC 4623-00907-1,19.05264583,87.14554333,6.312,1163.2267355556849,710.240104806044,1163.0312665045617,710.2818300348584,0.1998728212304175,fitted,compact,False
2585,TYC 3876-01055-1,238.95690139,58.91171250,6.299,1247.2522472396183,1006.9947396837582,1247.2689165218655,1007.1189557826938,0.12532958232359584,fitted,compact,False
2586,TYC 4134-00591-1,132.20533000,66.70816389,6.170,1314.4369454257182,561.479327302982,1314.4292185917743,561.392798677927,0.08687293546735371,fitted,compact,False
2587,TYC 4059-01161-1,39.40004444,65.74535444,5.968,1029.9300504617327,565.9297144167115,1030.015762292377,565.8726612939769,0.10296395838440786,fitted,compact,False
2588,TYC 5737-02472-1,297.01254444,-13.70355917,6.109,415.5195634066989,1249.7484122873907,415.48088532364176,1249.6822344585412,0.07665180454634545,fitted,compact,False
2589,TYC 4094-02937-1,86.03524889,61.47653056,6.262,1156.4911947414369,448.5033182260182,1156.5414686432935,448.4210511460795,0.09641233141840577,fitted,compact,False
2590,TYC 5314-03039-1,68.54912778,-8.96999361,5.403,579.6431244509619,37.89640271543614,579.6262431026618,38.421378272336824,0.5252469088567907,fitted,compact,False
2591,TYC 1180-01764-1,6.87924194,16.02545917,6.462,552.9539200127681,601.9936642051637,553.0526808241809,602.066621510594,0.12278626261344586,fitted,compact,False
2592,TYC 5225-00824-1,334.51789833,-0.23752667,6.431,419.4177904442749,895.658839870845,419.57918968681986,895.5145818145375,0.21647194345623474,fitted,compact,False
2593,TYC 1711-02473-1,346.27663556,16.56333000,6.522,550.0403838748264,780.8720728333951,550.1596858492371,780.897519775017,0.12198568742361166,fitted,compact,False
2594,TYC 3507-02541-1,257.62768833,52.40879083,6.291,1145.32191050965,1080.918401849473,1145.3069150011577,1080.9748728952295,0.05842811210181889,fitted,compact,False
2595,TYC 3268-00766-1,19.54225861,47.41971611,6.402,844.0820016364416,569.0862810021266,844.440443178559,568.745300810609,0.4947199512075929,fitted,compact,False
2596,TYC 1137-00716-1,333.99922500,8.54959806,6.194,494.6908543194198,894.2138870051549,495.07688509480215,894.1731394242431,0.38817537903947535,fitted,compact,False
2597,TYC 4567-01598-1,243.13413417,75.21059917,6.491,1216.9393452004306,858.6600343442072,1216.7349659823528,858.5098274760436,0.25363944493237556,fitted,compact,False
2598,TYC 6426-02065-1,22.59532611,-26.20785472,6.080,227.61911641045538,429.81382719718755,227.28972643799557,429.65487634824217,0.36573641647712646,fitted,compact,False
2599,TYC 3284-00763-1,29.49679639,47.09553889,6.608,864.2219823686168,513.8004721318315,864.1681807118046,513.6840038030779,0.12829454344749142,fitted,compact,False
2600,TYC 4631-02264-1,138.83853056,84.18098917,6.324,1223.786098467109,689.1451926884006,1223.432746669303,689.2179091482747,0.3607563950221108,fitted,compact,False
2601,TYC 0572-00663-1,344.38653250,3.81016694,6.409,442.51544759975405,801.7505097483522,442.7168352954107,801.6644966258383,0.21898689733974838,fitted,compact,False
2602,TYC 1735-01678-1,1.25473833,27.67480056,6.568,648.2714614700419,658.5471768698529,647.895249756975,658.3620149782059,0.4193091689518058,fitted,compact,False
2603,TYC 1260-01491-1,57.47941333,22.24426000,6.066,782.6476084425573,239.131750415593,782.625682388194,239.20471661855066,0.07618936037269139,fitted,compact,False
2604,TYC 4407-01790-1,196.20742111,73.02495333,6.600,1309.3973787006194,789.1655740921906,1309.53284535329,789.1849273756653,0.13684211181883582,fitted,compact,False
2605,TYC 4309-00960-1,19.15101806,74.02682389,7.055,1061.7791399882763,659.0999501470561,1061.8428006007848,659.1647919159243,0.09086874366314698,fitted,compact,False
2606,TYC 3511-01256-1,268.00368750,46.64384611,6.499,1065.1405818835458,1120.776163631602,1065.1563900740239,1120.6579584553533,0.11925754725876284,fitted,compact,False
2607,TYC 3436-01469-1,148.92918778,49.81979750,5.278,1458.8216840295381,529.0406274997871,1457.895421073505,529.1644193127247,0.93449851614085,fitted,compact,False
2608,TYC 1230-00816-1,43.70757250,20.37307861,7.121,697.1979894640092,320.79687729093155,696.9493017872828,320.1993099587558,0.6472497794817679,fitted,compact,False
2609,TYC 2858-00346-1,42.97031278,44.89423750,6.681,888.9564367604186,435.4158214220703,888.8102636605748,435.3999988478681,0.14702696682006922,fitted,compact,False
2610,TYC 1663-00670-1,321.44329167,15.61776806,6.970,583.3263943217308,992.7412145349894,583.6093860490686,992.5625554687797,0.3346690599390696,fitted,compact,False
2611,TYC 4381-01827-1,129.20322639,74.72371667,6.348,1268.4866153620665,613.7862378168364,1268.4285315163872,613.6601763902715,0.13879919450941441,fitted,compact,False
2612,TYC 4544-02754-1,146.37900333,78.13471250,6.393,1269.683003044267,666.869376570249,1269.5863278259997,666.9318429070731,0.11510056934382884,fitted,compact,False
2613,TYC 4008-02089-1,355.47731361,57.25996611,6.348,905.2339537208599,712.0184777790452,905.7230859548996,712.113210200069,0.49822141058946456,fitted,compact,False
2614,TYC 1811-01548-1,55.32661194,28.70279056,6.863,820.9156868866531,285.4157756527297,821.0784906669215,285.06393437986327,0.38768202455354805,fitted,compact,False
2615,TYC 4591-01734-1,281.40859278,79.94251722,6.428,1154.0619426624642,813.4541887545247,1153.97051878314,813.2868368432873,0.19069606158875563,fitted,compact,False
2616,TYC 1788-01347-1,50.10652917,25.66296000,6.268,770.3756540763818,300.2963655359891,770.4305729250212,300.35827601679784,0.08275861024602185,fitted,compact,False
2617,TYC 6379-01891-1,330.54911250,-17.90333667,6.396,278.1032665593473,937.4836128448854,277.8595906146874,937.671820019501,0.30789593466401505,fitted,compact,False
2618,TYC 2748-01212-1,340.26607417,36.26354083,6.847,726.5346935057013,813.866649599021,726.5927303933374,814.3798865511152,0.5165079373266438,fitted,compact,False
2619,TYC 0526-02309-1,315.26684667,1.03490611,7.387,476.35278681042627,1069.980717233273,476.45429384773576,1070.1702968140507,0.21504440488235232,fitted,compact,False
2620,TYC 4291-01206-1,347.48212722,67.24203111,6.650,992.4683109693183,742.8684055459456,992.8174128688813,742.9753534481735,0.365116406190485,fitted,compact,False
2621,TYC 4333-01161-1,67.46632083,69.37839250,6.830,1119.6279580680134,535.9806031889742,1119.551236618165,536.0910882346144,0.13451069168274069,fitted,compact,False
2622,TYC 5771-01605-1,317.69530944,-9.35393583,6.398,378.8936612182023,1058.4545062053617,378.7699361607792,1058.564959586416,0.16585487397329465,fitted,compact,False
2623,TYC 2440-01194-1,102.42223528,32.60687361,5.856,1175.561977082921,177.51017282124883,1175.3172776634347,177.61392658802367,0.2657868507223645,fitted,compact,False
2624,TYC 3570-02428-1,299.18817944,50.90249778,6.454,946.7057191671253,995.3538370002993,946.6077215824964,995.0851828147522,0.2859695753136578,fitted,compact,False
2625,TYC 3734-02321-1,74.94308667,53.15547778,6.255,1078.269834501802,385.15964910653696,1078.25073254174,385.2478766317665,0.09027170700909139,fitted,compact,False
2626,TYC 3639-00164-1,359.69344806,46.41317694,6.523,811.2992184961895,683.5409898902686,811.802248766125,683.2171459488379,0.5982594344201787,fitted,compact,False
2627,TYC 4176-00108-1,217.69287167,63.18576389,6.143,1320.927069235677,916.6901772371964,1321.0342714841313,916.7870596193793,0.14449400697294085,fitted,compact,False
2628,TYC 3737-01524-1,72.02894861,55.60283361,6.346,1076.0938233843335,411.3385186595925,1076.143456478476,411.2415329440816,0.10894802911173176,fitted,compact,False
2629,TYC 1699-00165-1,336.41951139,18.44424750,6.401,576.3101837800663,863.8752068892501,576.2675551597304,863.8091544765513,0.07861374240599722,fitted,compact,False
2630,TYC 0037-01319-1,31.62197194,0.03536917,6.395,475.32621433903233,362.83608622327296,475.43962798971927,362.7788764639467,0.12702603167976323,fitted,compact,False
2631,TYC 2226-02570-1,335.25019944,26.93518083,6.687,651.5611412906251,862.7481451995027,651.5356512893134,863.2406748274732,0.49318878190367244,fitted,compact,False
2632,TYC 2869-03109-1,51.28913306,41.25728611,6.510,894.69884322447,376.09229765769794,895.1638149236528,375.77112177480194,0.5651129345493366,fitted,compact,False
2633,TYC 5287-01077-1,44.69711278,-9.77646833,6.167,440.7615748743022,232.68284852706384,440.58651229919326,232.36808288083824,0.36017262145753026,fitted,compact,False
2634,TYC 0623-00304-1,28.59226667,8.78103889,6.813,540.1564628403383,404.60056353356003,540.2039949395302,404.9458503232032,0.348543064133653,fitted,compact,False
2635,TYC 6330-02108-1,308.88420611,-16.52581139,6.203,342.9315068055829,1143.4295480624746,342.9051403578953,1143.5785196924974,0.15128693306197022,fitted,compact,False
2636,TYC 2392-01174-1,76.15382361,32.32042806,6.622,972.7207594033713,215.71280673596326,973.0418420569142,215.37277704423929,0.46766896589368384,fitted,compact,False
2637,TYC 3936-00165-1,301.55687056,53.16509778,5.860,954.6987055548097,972.3630951949276,954.7759847809995,972.4033215755455,0.0871219863071282,fitted,compact,False
2638,TYC 2817-02327-1,21.94535333,40.33582361,6.581,789.4909413181939,534.0144386145499,789.549983997291,533.790504678576,0.23158679935553372,fitted,compact,False
2639,TYC 1597-01873-1,285.45593083,22.26437972,6.461,798.4374279881437,1224.5621511767456,798.6975003638527,1224.6399638770858,0.27146354624730856,fitted,compact,False
2640,TYC 2607-00232-1,266.41763250,31.50468389,6.235,992.7480704855849,1246.5161738945146,992.7468307070659,1246.7618896856816,0.2457189188474921,fitted,compact,False
2641,TYC 4250-01577-1,310.66529750,63.21314056,7.459,1003.5370834509889,882.6600755156043,1003.3649182505835,883.1191052999859,0.49025421893145255,fitted,compact,False
2642,TYC 1685-01979-1,333.57686694,17.18955444,6.649,569.9796518092936,889.0376723163122,569.9211823881122,889.1006946880245,0.08596797397597657,fitted,compact,False
2643,TYC 3591-00017-1,326.10594111,46.86277472,6.650,839.8667471838627,882.3797360533564,839.8676790482831,882.7136630972268,0.3339283441089186,fitted,compact,False
2644,TYC 2213-02315-1,334.44711389,26.93653722,6.808,653.0887281325801,868.9503282951043,652.7986563031511,869.4491397896793,0.5770221601882918,fitted,compact,False
2645,TYC 3491-00136-1,240.66345667,47.24020917,6.624,1235.3972399922611,1121.3496200896936,1234.8114181922042,1121.2082744912295,0.6026323585961076,fitted,compact,False
2646,TYC 5192-02044-1,315.74842667,-0.92474861,6.471,457.87752635358027,1068.467214372052,457.8647073263925,1068.5108426040197,0.04547252008262954,fitted,compact,False
2647,TYC 5789-01022-1,327.64758139,-8.98245417,6.689,357.951487091772,964.462738602435,357.9015624092249,964.5715833059562,0.11974825014188546,fitted,compact,False
2648,TYC 3894-01488-1,254.83986194,56.68850917,6.171,1170.3107521911434,1041.4716947851653,1170.3975593109371,1041.4268831489117,0.09769113977539444,fitted,compact,False
2649,TYC 2725-00097-1,325.26575722,34.67515111,7.082,737.3907465870562,920.9004314145341,737.5750836128235,921.1737110871825,0.329639073156604,fitted,compact,False
2650,TYC 3896-01507-1,262.68150444,57.87685667,6.380,1136.8193019014382,1027.8694374607483,1136.7807895998524,1027.7634522909589,0.11276548048370838,fitted,compact,False
2651,TYC 5253-00343-1,359.94372806,-0.28005667,7.014,407.86586425730684,654.3724417392754,408.27821203037274,654.7641215305232,0.5687211485643558,fitted,compact,False
2652,TYC 5228-01664-1,333.18288694,-4.72059556,6.455,383.9141185495226,910.2527297328696,383.8659384553061,910.2284546974734,0.053949965914726956,fitted,compact,False
2653,TYC 1723-00177-1,352.09812528,19.88560639,6.703,577.1256311865795,730.6861601075703,577.0295874776851,730.4965616427911,0.21253698940381138,fitted,compact,False
2654,TYC 5812-01447-1,340.76418861,-8.31143028,6.793,344.15664969090415,838.3556529879988,344.3439271380131,838.3767751681244,0.18846482082580426,fitted,compact,False
2655,TYC 3904-00760-1,275.94981639,53.30086278,6.374,1057.3520038526885,1049.7111176235007,1057.136267141661,1049.508498550741,0.29596759473127254,fitted,compact,False
2656,TYC 0579-01835-1,345.43151194,3.53103167,6.554,439.64822466481746,792.2099043842677,439.6854723242244,791.9787691394007,0.23411725598730662,fitted,compact,False
2657,TYC 4688-02416-1,27.90748944,-6.87412000,6.550,404.38720540572405,387.1893045343063,404.30281420359483,387.09032896327454,0.1300693609497486,fitted,compact,False
2658,TYC 3683-00914-1,25.57369528,58.62775778,6.343,948.2480182809497,578.482234158218,948.3262276728166,578.4146332497153,0.10337597306230285,fitted,compact,False
2659,TYC 4230-01061-1,295.05496750,60.50713028,6.514,1025.5247817420952,947.1119739481659,1025.3340370449398,947.0588183289499,0.1980127757169992,fitted,compact,False
2660,TYC 2303-00079-1,19.69589722,37.38629806,6.525,759.3675675269793,540.5173280247883,759.4809689525624,540.0772918780075,0.4544135713180071,fitted,compact,False
2661,TYC 1086-02190-1,305.71801861,14.55111444,6.208,629.5468524139931,1120.3315265071453,629.6430552297478,1120.0015467411508,0.3437173660508311,fitted,compact,False
2662,TYC 3664-01984-1,0.12907306,59.55973556,6.292,926.5748326443855,691.7140497680888,927.0645556917224,691.7849368229007,0.4948268764252676,fitted,compact,False
2663,TYC 1718-01737-1,346.85632306,20.58170639,6.842,584.7692829520861,774.4372203455504,584.5055901040463,774.5969921282954,0.30831954311858534,fitted,compact,False
2664,TYC 3596-01315-1,315.85847222,50.35180806,6.473,891.4747064967612,923.6173233061942,891.6579156127285,923.9165882450714,0.3508918406214129,fitted,compact,False
2665,TYC 1890-00579-1,95.29963528,29.54091889,6.409,1102.4296542020454,151.01538143680125,1102.7316755512622,151.23938296785457,0.3760233786574776,fitted,compact,False
2666,TYC 4403-01108-1,214.97881500,67.78248306,6.951,1307.50985558957,874.1492128784569,1307.9447692762635,873.8459402530315,0.5302114674408663,fitted,compact,False
2667,TYC 3390-02800-1,103.81338194,45.82657722,6.416,1219.2165598861875,304.391716967797,1219.2777703219672,304.4238206074199,0.0691184571975982,fitted,compact,False
2668,TYC 3941-01654-1,303.79570667,55.65651056,6.671,965.6371781624679,949.397750736776,965.775088399022,949.3891771911515,0.13817647784987172,fitted,compact,False
2669,TYC 1873-00934-1,85.33736500,29.48748250,6.376,1022.3113758997146,167.42740663120128,1022.3607499557837,167.36521046208418,0.07941133965349703,fitted,compact,False
2670,TYC 7465-01445-1,312.49200056,-33.77967250,4.999,177.94966600261182,1098.2204516683262,178.33733182035644,1097.8491003976167,0.5368300964971806,fitted,compact,False
2671,TYC 0015-01194-1,12.82629972,3.38516722,6.488,454.70752006065106,536.7370406377398,454.8783750479898,536.770056195903,0.17401567107400162,fitted,compact,False
2672,TYC 2242-00247-1,343.73346000,28.00948528,7.277,651.2596832988152,796.3709908679408,651.1050087966212,796.1525773921205,0.26763528924425267,fitted,compact,False
2673,TYC 1231-01679-1,47.33375417,20.76114694,6.540,717.0378140923162,296.8741064876696,717.108168298668,296.8218103788086,0.08766183521575363,fitted,compact,False
2674,TYC 6982-01160-1,358.33672806,-24.22922528,6.255,212.4802603590787,664.5178723693734,212.13710375965547,664.4190174807957,0.3571116642220371,fitted,compact,False
2675,TYC 2101-02501-1,276.24361917,27.39479611,6.339,896.6165259077078,1240.5998362005523,896.606995915335,1240.6140153204492,0.01708415042299611,fitted,compact,False
2676,TYC 5802-01571-1,329.41396444,-8.56433194,6.789,357.92939524315256,947.5543785506671,358.0215652696063,947.5863141646141,0.09754587236092882,fitted,compact,False
2677,TYC 5271-01299-1,9.01330556,-14.97289444,6.562,296.59242752914474,561.838519211931,296.18954069710276,561.7390983432637,0.4149726600143724,fitted,compact,False
2678,TYC 5257-01226-1,352.75478389,-6.28800944,6.534,355.8206990379372,722.2503790424404,355.8456008983818,722.2314370870185,0.03128738290120582,fitted,compact,False
2679,TYC 1836-01793-1,74.06496333,24.59225028,6.366,906.8180070717406,168.75815505114934,906.8631603265426,168.45387555095692,0.30761149305018815,fitted,compact,False
2680,TYC 2770-01573-1,354.12714972,32.90419528,6.388,690.8812517405975,715.069006552586,690.5635180481469,715.3104259161967,0.399046373801945,fitted,compact,False
2681,TYC 3321-02362-1,54.61219083,49.20571306,6.870,964.6666502442654,410.65691379491943,964.7986666429772,411.25993911772025,0.6173069491491786,fitted,compact,False
2682,TYC 2240-00410-1,348.99095222,24.77094222,6.614,620.2878527280141,755.5823707795956,619.9497908541002,755.7657000224641,0.38457176428445145,fitted,compact,False
2683,TYC 2143-01959-1,296.95207167,25.38411000,6.112,760.779734150616,1140.9771415356347,760.8521012353792,1140.8255331169344,0.1679943676970693,fitted,compact,False
2684,TYC 4641-00778-1,183.83606000,87.69999500,6.300,1203.2934760202409,726.0407494996676,1203.0819776411684,725.9911515249191,0.21723610070486077,fitted,compact,False
2685,TYC 4173-01661-1,220.51317722,61.26198417,6.330,1318.459103330803,941.1682508492667,1318.8138770606934,941.2201870349726,0.3585551098590773,fitted,compact,False
2686,TYC 2933-01843-1,91.86149944,41.85432639,6.280,1128.6567770638258,264.1492446988539,1128.9580515673201,264.0840162153338,0.30825489698967096,fitted,compact,False
2687,TYC 4541-02974-1,144.67475139,75.20543444,6.761,1287.5128409878064,649.5098541478059,1287.8747690533733,648.6296822297664,0.9516798463507434,fitted,compact,False
2688,TYC 6376-01658-1,330.60935056,-16.96483583,7.145,285.71172842707034,936.9759470015091,285.5678756207035,937.1878587320468,0.25612538226250986,fitted,compact,False
2689,TYC 5827-01273-1,347.45638722,-14.51053583,6.424,289.35782770236733,772.9032880316776,289.2688134232467,772.9300189841301,0.09294130247844547,fitted,compact,False
2690,TYC 2657-02217-1,289.76562250,33.38889000,6.553,860.274685856343,1140.7456759332317,860.1580527377002,1140.4461891630601,0.3213963438997915,fitted,compact,False
2691,TYC 4601-03434-1,349.32857028,75.29903167,6.354,1061.1138342644076,731.9657978341339,1061.2824199074585,731.8374887102416,0.2118592700754119,fitted,compact,False
2692,TYC 4557-01371-1,198.10605583,80.47128222,6.440,1254.6643775025932,761.6010061469186,1254.5787707737238,761.5601099674811,0.09487365029500099,fitted,compact,False
2693,TYC 5767-02438-1,308.54857583,-13.72126111,6.178,369.39342273532907,1145.4638286124466,369.23966486367266,1145.7051728455976,0.28616170598382373,fitted,compact,False
2694,TYC 5841-01291-1,2.13953917,-17.57804639,6.295,268.02924849927285,628.1982117039048,267.79231073387456,628.2315227108817,0.23926789976457533,fitted,compact,False
2695,TYC 5238-01235-1,344.32168500,-4.81009111,6.419,370.47978139693026,803.7881686854213,370.5814669091975,803.7048909986306,0.13143483755174998,fitted,compact,False
2696,TYC 4152-01341-1,167.41630278,67.21027278,6.089,1367.2434402219847,694.8972339960203,1367.3359509194147,695.0980514733227,0.22110153398176707,fitted,compact,False
2697,TYC 2914-00924-1,84.21841083,40.18238667,6.192,1070.6158630973516,258.50164991982484,1070.8070630054028,258.3225960101834,0.26194981847038595,fitted,compact,False
2698,TYC 4445-01142-1,296.68607278,68.43800167,6.368,1070.102084997915,887.116167084058,1069.9357119604567,887.1650280469732,0.17339948468806113,fitted,compact,False
2699,TYC 2204-02355-1,332.07838444,24.15696639,6.654,632.8287201059563,892.0778698797326,632.7393295393078,892.0144404728596,0.1096082253391281,fitted,compact,False
2700,TYC 2248-00923-1,348.26668889,29.44161667,6.435,661.0357395913679,760.0771963182693,660.9690586192106,760.1963365972691,0.13653116174702845,fitted,compact,False
2701,TYC 5214-00632-1,326.63264389,-2.21280278,6.906,417.2852743701096,969.9534456344549,417.5279323502408,970.3620054013695,0.4751883610345593,fitted,compact,False
2702,TYC 4299-00769-1,8.33002750,70.98184722,6.404,1028.850711188259,678.3284306877952,1028.8745759049018,678.4611823741958,0.13487970545137898,fitted,compact,False
2703,TYC 0049-01674-1,39.65326611,3.44318583,6.348,535.28712486961,300.5525643564758,535.3541622433131,300.3321131909618,0.23041858833322115,fitted,compact,False
2704,TYC 1713-00366-1,350.23989139,17.25258389,6.704,554.8718462763494,746.3704430682699,554.5655694894224,746.4799795492257,0.3252748236038687,fitted,compact,False
2705,TYC 1212-00830-1,27.78939556,20.51441639,6.738,637.668952357828,438.07174498156076,637.4890110662242,438.12471966030785,0.18757714416311452,fitted,compact,False
2706,TYC 6970-00272-1,342.83726667,-29.53627556,6.088,171.331549892187,814.0813947251951,170.81019645085314,814.0146463922812,0.525608933274023,fitted,compact,False
2707,TYC 1715-01808-1,347.34447694,18.73595806,6.736,568.5024310408696,770.9508244461838,568.3224320548438,771.049102807363,0.20508113332629269,fitted,compact,False
2708,TYC 1170-00883-1,357.05045833,8.24565778,6.684,478.026524258549,684.5823128982382,478.3910970338886,684.7051210504037,0.3847013786785086,fitted,compact,False
2709,TYC 2299-00988-1,18.31741806,34.09841417,6.702,728.2580681090003,541.8851717192451,728.3899780655424,541.304272098625,0.5956883462613298,fitted,compact,False
2710,TYC 4300-01201-1,15.12863556,70.98300528,6.416,1033.761349532635,658.9808084360236,1033.9011336841638,659.1296566149132,0.2041944890964959,fitted,compact,False
2711,TYC 6926-01397-1,312.32336222,-25.78119222,5.836,249.80631596697472,1109.0301252091317,249.78135392396325,1108.8951911531617,0.13722355137447584,fitted,compact,False
2712,TYC 2161-00330-1,307.99245139,25.80502556,6.396,715.5372093661153,1066.6983476540508,715.712779090093,1066.6919616902524,0.17568582330749455,fitted,compact,False
2713,TYC 4715-00407-1,52.41326833,-6.80424806,6.101,504.6626507940607,171.88216697606708,504.379708000892,171.49279224865097,0.4813203741339996,fitted,compact,False
2714,TYC 1797-01555-1,52.11070222,22.80427333,6.146,757.423132770369,274.68853407533305,757.7436356677897,274.63306834324743,0.32526689762544564,fitted,compact,False
2715,TYC 1668-01016-1,323.69121222,18.32890556,6.614,600.8329077398337,969.13593807012,600.8979445932644,969.0725803806517,0.0907964157823475,fitted,compact,False
2716,TYC 3676-02885-1,14.05386444,57.99659361,6.351,924.7695507021386,626.0691675768062,925.1315018142317,626.0798004369017,0.3621072565679916,fitted,compact,False
2717,TYC 2728-00182-1,332.52733361,35.21394417,6.989,728.0181967203806,870.2963838412693,727.8922765957778,870.0693019170164,0.2596576170697704,fitted,compact,False
2718,TYC 4075-01738-1,56.50342000,67.20186833,5.824,1080.2284601360282,535.0088418225275,1080.0681836835795,535.2352871365172,0.277427506634434,fitted,compact,False
2719,TYC 3668-00795-1,13.44804194,52.68934083,6.331,878.7968728839074,615.9778818807371,879.3298102948118,615.6116667702402,0.6466342019238183,fitted,compact,True
2720,TYC 3200-02725-1,335.97528944,38.57332861,6.229,752.0691404289677,840.2355070378791,751.95652486484,840.6460964949651,0.4257534116763141,fitted,compact,False
2721,TYC 1855-00230-1,80.24726333,27.95729694,6.348,974.4759478805288,169.9755666062269,974.5439833827811,169.60754348649948,0.37425906297726586,fitted,compact,False
2722,TYC 4040-02021-1,27.82052611,64.85496222,6.801,1001.1775771199895,596.7928768968402,1001.288752391735,596.6930975773724,0.1493849177164241,fitted,compact,False
2723,TYC 4092-00077-1,80.16954028,66.74682444,6.480,1148.5567746670486,500.5414760411299,1148.4117427552596,500.665811770407,0.19103305738017917,fitted,compact,False
2724,TYC 1640-00393-1,306.80911972,20.47650389,6.544,675.4873881118194,1093.5187693031976,675.5995674902257,1093.311153850559,0.23598387469041757,fitted,compact,False
2725,TYC 4335-02104-1,59.12637639,71.82163028,6.339,1110.0729982370149,567.4890689608965,1109.9531454031435,567.579368594973,0.15006240602278859,fitted,compact,False
2726,TYC 4099-01626-1,91.66332361,63.45381750,6.535,1182.3771703346326,466.2445849385725,1182.484805965578,466.4086580122614,0.19622793521503432,fitted,compact,False
2727,TYC 6405-00994-1,357.38158528,-15.86120389,6.349,278.76502105066,675.2400440549033,278.78894431953216,675.2559514453152,0.028729216196209502,fitted,compact,False
2728,TYC 3283-00183-1,25.79628389,48.51677528,7.029,866.2991246276994,538.6934223866494,866.7195812918719,538.5291681772014,0.4514014308445421,fitted,compact,False
2729,TYC 6955-01451-1,332.37058083,-23.65911750,6.459,228.01266684503665,918.0700227248062,227.68559110805836,918.3931393673827,0.4597639638224899,fitted,compact,False
2730,TYC 5796-01290-1,327.42093000,-12.72291528,6.327,326.6785416512568,967.7830232385172,326.76124117575785,967.7633311558563,0.08501170197225924,fitted,compact,False
2731,TYC 4711-01306-1,47.82824528,-3.81155889,6.273,508.84011166373796,216.30995339875005,508.5279790693075,215.9294305971386,0.4921629395353934,fitted,compact,False
2732,TYC 1150-00861-1,335.17635667,14.03234806,6.650,539.9931735963768,878.7713750460147,540.1573682312694,878.7947077932507,0.16584418959102454,fitted,compact,False
2733,TYC 1636-02030-1,306.59646667,17.31557056,6.334,649.4605930099675,1105.2147819308445,649.6132800130838,1104.9873659886862,0.27391847631805766,fitted,compact,False
2734,TYC 5154-02803-1,297.70272750,-4.69407917,6.785,496.61561321128414,1231.5515804094434,496.1518479071073,1231.7924860770272,0.5226029066434795,fitted,compact,False
2735,TYC 6349-01248-1,315.21576306,-17.53085833,6.193,314.8113326974391,1084.3562504243184,314.56036814594836,1084.4954494528783,0.2869835808142795,fitted,compact,False
2736,TYC 1777-00605-1,33.65784194,28.69141444,6.460,725.5693027679372,419.6656665045283,725.6850385644055,419.79123216396255,0.17076741320674008,fitted,compact,False
2737,TYC 1877-01718-1,92.43326556,23.11347750,5.797,1043.5077016300836,100.02674743279681,1043.3444972280213,100.34608657559966,0.35862677671721055,fitted,compact,False
2738,TYC 2796-01329-1,8.11161444,43.49481444,6.687,792.9507873632832,627.8217865767828,793.0789888262133,627.6320351215721,0.22900050185962237,fitted,compact,False
2739,TYC 2658-02556-1,290.89148306,33.22158500,6.447,852.9711996109028,1136.2228884321612,853.0582639093448,1135.7084642690147,0.5217397930886223,fitted,compact,True
2740,TYC 4557-01370-1,191.10794917,80.62112111,6.348,1257.3086274652492,750.3787577442516,1257.2514088636742,750.2421197949622,0.148134727704979,fitted,compact,False
2741,TYC 4402-01968-1,207.74743083,68.31543722,6.533,1321.8321625962662,848.6164555667299,1321.7803658776743,848.5959576714175,0.05570515029268873,fitted,compact,False
2742,TYC 3730-01594-1,62.36489917,59.90807667,6.419,1059.479483690964,465.99907653812204,1059.198118348073,466.1366597756543,0.31320217660481015,fitted,compact,False
2743,TYC 0558-02710-1,331.66197556,2.43949417,6.495,446.691996753188,920.3924377239385,447.04139054765756,920.3313505143738,0.35469377043620565,fitted,compact,False
2744,TYC 4018-03889-1,2.13694806,63.20404806,6.531,959.0260536022661,687.1296043115362,959.4290355589492,687.0233850881773,0.41674570282502416,fitted,compact,False
2745,TYC 1157-01559-1,339.27023194,12.57688917,6.455,521.9962902886505,844.0930858913921,522.0698986443248,844.1989659478706,0.12895261294358296,fitted,compact,False
2746,TYC 5242-01143-1,346.94033861,-0.29604028,7.173,405.8483965474629,777.5333320419136,406.7575161139963,778.2809092972199,1.1770174760406535,fitted,compact,False
2747,TYC 1145-01388-1,334.31111556,12.89826361,7.114,531.6840291930712,887.905281376437,531.7988477018168,887.4172830160051,0.5013239369258177,fitted,compact,False
2748,TYC 4098-00230-1,86.88439361,63.59880167,6.607,1164.8652841973626,468.158619677546,1164.557413178442,468.1524621386295,0.30793258933855605,fitted,compact,False
2749,TYC 7013-01037-1,37.00704222,-33.81105056,5.135,196.06535735812213,299.76084155052695,196.53918459591046,300.1562881674411,0.6171630887366641,fitted,compact,False
2750,TYC 2820-01199-1,29.48078250,40.76080306,6.918,812.4975052120882,489.6659781470798,812.3156771653623,489.5175078936635,0.2347442325716173,fitted,compact,False
2751,TYC 5265-00757-1,5.71486083,-12.20958222,6.455,314.81712659347903,594.7705405374439,314.8119465864851,594.7132593736789,0.0575149041096276,fitted,compact,False
2752,TYC 1174-01712-1,358.24963778,11.92436889,7.270,510.31524376869817,674.2718214766994,510.2063639628155,675.1455592099353,0.8804955642189414,fitted,compact,False
2753,TYC 4151-01451-1,161.26676306,67.41138306,6.241,1361.7528688484283,670.0015882394558,1361.8249662076776,669.9548025529937,0.0859472493361572,fitted,compact,False
2754,TYC 1642-00835-1,310.18778028,19.93477694,6.501,657.5790750488771,1070.4932398460483,657.6762487500778,1070.226745481535,0.2836582001675695,fitted,compact,False
2755,TYC 1224-01310-1,43.29857417,16.48360611,6.354,662.5637149187504,308.986880052348,662.6497363702176,309.0786475340345,0.12578140088106982,fitted,compact,False
2756,TYC 3515-01274-1,267.51388833,48.39411889,6.747,1076.0816227370594,1106.728976397942,1076.1083814222827,1106.6412346061002,0.0917313974083843,fitted,compact,False
2757,TYC 6418-01220-1,1.08457972,-29.26882917,6.372,173.96935917514278,637.3245118860712,173.81540761432905,637.2035024109932,0.1958172008165301,fitted,compact,False
2758,TYC 1691-01787-1,328.07572583,21.27310750,6.564,615.7920906749804,928.3934222548684,615.8196010837677,928.4765043487969,0.08751832335682516,fitted,compact,False
2759,TYC 1732-01847-1,2.21697000,25.46285583,6.354,629.6547330483122,649.1684101254992,629.4315600416086,649.0819671340798,0.23932944174646503,fitted,compact,False
2760,TYC 1115-01012-1,315.75741417,14.73001556,6.534,593.0378166123402,1040.8850111413274,593.3044274278639,1040.6691930312911,0.34301426147293085,fitted,compact,False
2761,TYC 7494-01747-1,329.09494611,-37.25363278,5.454,120.78402556334642,938.1648973849743,121.06220203249711,938.1438956086375,0.2789681390382194,fitted,compact,False
2762,TYC 2375-03425-1,65.04145083,31.95320889,6.380,899.7602123591395,255.88441162141459,899.8030915833363,255.7782616289843,0.11448339949821683,fitted,compact,False
2763,TYC 0542-00105-1,323.67817833,1.82918917,6.699,459.10771761237254,993.9140298762704,459.0592853894564,993.8212711097725,0.10464162163696071,fitted,compact,False
2764,TYC 0530-02252-1,316.18884833,2.26993583,6.455,483.97740915405876,1060.1559711498307,484.20493034760057,1060.2456194041706,0.24454591187928693,fitted,compact,False
2765,TYC 4505-00519-1,15.57645333,81.87558750,6.917,1121.9453476656781,693.4874315882532,1121.3654536940924,693.4993211001837,0.5800158435555467,fitted,compact,False
2766,TYC 5832-00282-1,353.86548167,-10.55507694,7.351,320.49374928172034,710.4540195802066,320.91074962005035,710.7388299388394,0.5049814081250117,fitted,compact,False
2767,TYC 2159-00108-1,304.57106611,25.64824472,6.960,727.7245266678434,1091.082596443503,728.2977529867791,1090.4307635883065,0.8680290800625166,fitted,compact,False
2768,TYC 5286-01109-1,43.21115833,-9.44132750,6.350,437.4899798486743,246.12834084159275,437.1934027960175,245.89046155758996,0.3801900865623319,fitted,compact,False
2769,TYC 1853-01956-1,75.43450056,26.67107139,6.850,930.3445450074794,177.28693565399945,931.0661360397171,177.17669514233603,0.7299634156707433,fitted,compact,False
2770,TYC 1155-00821-1,340.92787444,10.93976972,6.568,506.1030551492794,830.4987852632634,506.23192641368394,830.4895586111442,0.12920113737330857,fitted,compact,False
2771,TYC 3959-01686-1,310.80702222,57.11400444,6.367,957.3887419169141,914.6048083346385,957.4053265541621,914.6461182062815,0.044514668232012285,fitted,compact,False
2772,TYC 2730-02301-1,326.43520944,35.85728472,6.548,745.0446906970247,909.910492018758,745.1333976979979,910.3449177751205,0.44338997486729426,fitted,compact,False
2773,TYC 3109-00722-1,279.88761139,40.93506222,6.221,966.0905870710493,1133.9082116490636,966.1358862547531,1133.7079182525354,0.20535204098580198,fitted,compact,False
2774,TYC 3279-02472-1,25.81831194,45.32263778,6.444,840.4363054725233,527.0021025489992,840.4081391753266,526.9632948120619,0.047951858608051484,fitted,compact,False
2775,TYC 3533-02576-1,275.27977944,49.72541111,6.510,1041.7756351927785,1080.358157484838,1041.879929322941,1080.0422433231192,0.33268457006734603,fitted,compact,False
2776,TYC 3951-02843-1,311.58866861,52.99554222,6.468,923.5318050833314,931.5622430766862,923.6987031918486,931.7664490086229,0.2637328975777687,fitted,compact,False
2777,TYC 4722-01536-1,54.75468778,-5.62572889,6.068,527.8793887377025,155.16267401921496,527.6202284154793,154.78986972711357,0.45403426393171453,fitted,compact,False
2778,TYC 5159-00787-1,299.35300417,-6.69754917,6.678,470.5907670977961,1220.2888888567836,470.0539628486441,1221.0030589390324,0.8934191112164752,fitted,compact,False
2779,TYC 2331-01940-1,37.56900444,33.83383556,6.373,781.7038087542401,413.7010898413712,781.9847745934312,413.705159750624,0.2809953148251896,fitted,compact,False
2780,TYC 4248-00478-1,319.63514167,61.18440111,6.673,969.7269878127006,861.2973340087233,970.0619847792643,861.606664033879,0.4559693323785691,fitted,compact,False
2781,TYC 3724-01137-1,53.42181111,57.86863944,6.435,1016.3559114890948,473.83247711635306,1016.3080504937172,474.06033992896164,0.232834997902844,fitted,compact,False
2782,TYC 2865-01370-1,52.23836667,40.18646861,7.442,891.3069362612052,365.0558133167126,891.610090747494,365.0961157211753,0.3058217231697304,fitted,compact,False
2783,TYC 5209-00253-1,324.88077306,-0.05114611,6.722,439.82433465848567,984.9180817180165,440.00264767977137,984.7369198213232,0.25419513444114844,fitted,compact,False
2784,TYC 2409-01638-1,86.21937528,33.72287917,7.346,1052.2710482584214,199.81900634210447,1052.4361914845654,200.16557967919107,0.38390801387908263,fitted,compact,False
2785,TYC 5784-01499-1,319.30642694,-13.27897417,6.404,340.49071143080437,1045.0154704711854,340.4455377630103,1045.1856991777036,0.17612061998760922,fitted,compact,False
2786,TYC 4420-00400-1,254.76073000,69.18634500,6.491,1189.0307577188905,922.2538569935447,1188.8922571336689,922.1551117974232,0.17009710715887957,fitted,compact,False
2787,TYC 0027-00117-1,22.26296833,7.29422667,6.582,508.8361368886564,456.820631977131,508.98003841448747,456.90056090834196,0.16460948691078595,fitted,compact,False
2788,TYC 2695-04137-1,312.30022583,35.56363500,6.804,781.1700908976964,1002.8436964774014,781.2913814346786,1002.7366836516605,0.16175023720067871,fitted,compact,False
2789,TYC 3540-00597-1,281.74610750,46.31496083,6.515,990.0833340565885,1088.8926608075324,990.116872526037,1088.5975466435184,0.2970138022628146,fitted,compact,False
2790,TYC 4526-02173-1,106.01722250,75.22812778,7.215,1222.2603934186493,587.770843343305,1222.2195524407998,587.0129371166274,0.759005819416695,fitted,compact,False
2791,TYC 1648-01251-1,314.96174389,16.82436528,6.660,613.8256940580294,1042.1862100128685,613.960978738493,1042.0862188760416,0.16822655025915242,fitted,compact,False
2792,TYC 3166-00404-1,310.25150000,39.08232111,6.479,817.015236158519,1000.9949390981138,816.9799180920666,1001.0208090765218,0.04377923709666731,fitted,compact,False
2793,TYC 2803-01957-1,16.15168250,39.99116056,6.799,774.7370900575723,569.9296829411197,774.7095732046636,569.5576109248703,0.3730881430304095,fitted,compact,False
2794,TYC 4434-02189-1,280.79309944,70.79285889,6.417,1120.6053149461584,894.4679018508499,1120.2928038512443,894.1922906725688,0.4166829802594249,fitted,compact,False
2795,TYC 3409-02594-1,114.47448528,48.77390667,5.936,1288.0385655952155,352.7499522921782,1287.9995768496838,352.7935433259688,0.058483335276558156,fitted,compact,False
2796,TYC 0630-00858-1,31.55112889,8.24814194,6.500,545.3272275733499,378.6819573710067,545.5619432917404,378.8712681478151,0.30154608051730786,fitted,compact,False
2797,TYC 1645-01566-1,308.54157556,20.98519583,6.449,672.8662180461939,1079.1838242071124,672.9561193370943,1079.08935186951,0.13041190389533758,fitted,compact,False
2798,TYC 3883-00368-1,242.26214750,57.93780389,6.334,1232.3384094273151,1021.1084779815551,1232.1690233041122,1021.1862178914517,0.18637369000063114,fitted,compact,False
2799,TYC 4173-01663-1,217.92861083,60.22559139,6.295,1332.0768543339402,940.827423142769,1332.2136406853497,940.9446045967222,0.1801166263355461,fitted,compact,False
2800,TYC 4687-02317-1,25.97837167,-4.76544083,6.374,416.7787321694227,406.98883361227007,416.65653885525,407.13277519642526,0.18881309720889058,fitted,compact,False
2801,TYC 1859-01289-1,80.84525806,28.93683889,6.435,985.2055816706772,175.73697590747622,985.1512536568921,175.1649032363997,0.5746465644850363,fitted,compact,False
2802,TYC 3476-01538-1,218.66525111,49.36823861,5.916,1366.0885804758818,1033.8646346813528,1365.686514056814,1033.551314682874,0.5097321127697846,fitted,compact,False
2803,TYC 1156-00729-1,343.08605139,10.41442139,6.899,499.07274832395706,811.4071900686221,499.73442951652817,811.4054654878245,0.6616834400083265,fitted,compact,False
2804,TYC 4504-01919-1,9.94888222,82.49358278,6.453,1124.6535314927337,702.0622608649254,1124.3091449403767,702.1663309990704,0.3597675503228748,fitted,compact,False
2805,TYC 0044-01246-1,33.37387083,5.01282778,6.546,524.038132303163,356.6006516297361,524.3493680137678,356.6987304169,0.3263236369729112,fitted,compact,False
2806,TYC 2300-01644-1,20.90551083,34.24561306,6.373,735.3501646527752,524.1550706455038,735.404892416094,523.852367368683,0.30761079609780617,fitted,compact,False
2807,TYC 1203-01679-1,18.86786861,20.41460389,6.993,612.8739663925553,508.115026456704,612.3771236790024,508.27066618345737,0.520649984686946,fitted,compact,False
2808,TYC 3767-01180-1,106.41593667,52.75868250,6.873,1241.4427732070396,374.52549393332447,1241.6284373195513,374.50895084975997,0.1863996681556962,fitted,compact,False
2809,TYC 0562-00700-1,333.69550889,4.28243250,7.084,458.7177668026981,899.6281600267913,459.2043793446406,900.2995879873536,0.8292208826365234,fitted,compact,False
2811,TYC 3844-01299-1,186.89635000,55.71275139,5.868,1447.5056703358657,809.3284167347216,1446.956906699062,809.2521641928993,0.554036081146639,fitted,compact,False
2812,TYC 1241-00799-1,51.76332361,18.75654861,6.558,723.0192347594739,258.722409478537,723.0364441567529,258.8203823038248,0.09947279954630268,fitted,compact,False
2813,TYC 3900-01064-1,261.52019333,58.65186278,6.511,1144.587297825336,1021.3933904857906,1144.2639006500456,1021.2989871902553,0.3368942195909132,fitted,compact,False
2814,TYC 4500-00587-1,6.78046000,80.05214778,6.516,1103.6129728858377,700.9799839115362,1103.4149977075272,700.89796096831,0.21429403734726732,fitted,compact,False
2815,TYC 1255-00312-1,62.67621583,18.42332639,6.638,783.4602959177178,189.25030578444023,783.4747513775505,189.12593398902254,0.12520904046592013,fitted,compact,False
2816,TYC 0633-00877-1,31.34708500,10.07684972,7.184,560.3623410923992,384.96067915539425,560.4652604611645,384.5612124161075,0.41251190560205236,fitted,compact,False
2817,TYC 1219-00097-1,38.40199583,18.87999194,6.845,661.7308855048973,352.9016688710164,661.7284139873342,353.11009862045347,0.20844440229822853,fitted,compact,False
2818,TYC 5311-00364-1,61.09461000,-12.79233750,5.731,495.48079229600245,88.50137729569508,495.39828142985374,88.59578738310358,0.12538463876046305,fitted,compact,False
2819,TYC 3793-01996-1,110.57161583,59.90195889,6.399,1259.2346071370139,449.64129104174066,1259.4256445211074,449.4566144903545,0.2657079425857933,fitted,compact,False
2820,TYC 6397-01365-1,345.65740167,-18.54168361,6.877,257.46832332653554,789.8098730157797,257.3059451360872,789.9671229356143,0.22604029291538455,fitted,compact,False
2821,TYC 8000-01535-1,339.12197583,-40.58252250,6.292,85.97172226449297,840.6851022512283,86.26469564344234,841.0506722824166,0.46848142810152565,fitted,compact,False
2822,TYC 4685-02423-1,24.46689472,-3.44065417,6.629,423.634242041551,422.58161205181824,423.69112998572825,422.5129800850197,0.0891436204074754,fitted,compact,False
2823,TYC 4088-00524-1,77.43553778,64.91991722,6.412,1134.1231396209396,485.70991223356367,1133.9456225646031,485.865927238268,0.23633236550090259,fitted,compact,False
2824,TYC 4338-01943-1,53.80122750,73.34698667,6.563,1106.9544899497785,587.0962952786413,1106.6184936741793,587.3892175919229,0.44575439295067365,fitted,compact,False
2825,TYC 1772-00041-1,40.96352917,25.63833028,6.399,728.3499035708522,358.73345904204086,728.450104856,359.14207087678756,0.42071834882773257,fitted,compact,False
2826,TYC 5281-01201-1,31.54459694,-10.27615167,6.769,386.78701023482915,350.2658006987303,386.38111653333794,350.1825907210415,0.41433512679617757,fitted,compact,False
2827,TYC 0586-00272-1,357.20566944,2.21449222,6.510,427.37223757192083,681.4009647716812,427.6356876504539,681.4550482810849,0.2689441761193481,fitted,compact,False
2828,TYC 3278-02505-1,24.63265056,45.39970556,6.374,838.0708065277522,534.072874590215,838.2435783773478,533.8644164717848,0.2707487749780734,fitted,compact,False
2830,TYC 2227-00461-1,338.65227500,26.59821083,7.031,643.7291076806764,836.9664262807594,643.9209744582315,837.14121081233,0.25954285350541356,fitted,compact,False
2831,TYC 4716-01379-1,54.99812694,-1.12121083,6.232,569.9843566984312,164.65254416721353,569.955614682501,164.223071292947,0.43043356422389645,fitted,compact,False
2832,TYC 0495-01188-1,303.14635111,0.86710194,6.918,521.3387519526525,1174.6939371502663,521.2912712994648,1175.1689895017414,0.4774192592147812,fitted,compact,False
2833,TYC 4637-01340-1,181.11880528,85.58692194,6.329,1220.6017612121132,727.7877458767977,1220.4304346488645,727.6653881561607,0.21053314008500454,fitted,compact,False
2834,TYC 3395-02277-1,106.28745000,47.77504333,6.350,1237.2264832870426,326.44148065126325,1237.540202345255,326.41506734206934,0.31482901770368277,fitted,compact,False
2835,TYC 0571-01564-1,340.72076500,4.96876222,6.962,456.3330949828233,835.927752852974,455.66043325813234,835.2811724032271,0.933027370369776,fitted,compact,False
2836,TYC 5843-00519-1,6.59058278,-18.69360444,6.460,263.0047371714711,584.6884580227045,262.9612797044241,584.4597659340218,0.23278449877127522,fitted,compact,False
2837,TYC 3373-01008-1,89.06025222,51.80400500,6.635,1145.1578535664567,356.6519543293706,1145.0351811393407,356.9028662544672,0.27929432240953816,fitted,compact,False
2838,TYC 4155-01360-1,185.51799361,61.59140778,6.860,1406.270227811956,784.9112349217825,1405.6640220426507,785.222748660133,0.6815616215134704,fitted,compact,False
2839,TYC 0047-00857-1,40.37607833,0.54605833,6.820,513.502525525845,287.8416472866477,513.2476079975494,287.91299963858364,0.2647151381375143,fitted,compact,False
2840,TYC 0578-00175-1,351.68187639,2.47833000,6.840,428.4829736962094,733.4198326960915,428.7956391398727,733.4564048707368,0.31479708324486017,fitted,compact,False
2841,TYC 2183-02731-1,313.59330917,28.52200944,6.544,718.0428916396505,1018.9518890827628,718.1584930664026,1018.9508409556254,0.11560617819825164,fitted,compact,False
2842,TYC 5295-01155-1,50.82374750,-7.79358000,6.307,487.40035537520214,183.09254602470406,487.24072030367756,182.87300410413616,0.27144430542433795,fitted,compact,False
2843,TYC 4296-00961-1,14.22915306,68.77573861,6.428,1014.7789077368553,654.9926546393772,1015.0523954002609,655.1937500132176,0.3394625920702806,fitted,compact,False
2844,TYC 2063-00924-1,254.37933889,25.35280333,6.371,1051.9807190764107,1323.9966309450629,1051.9590898120764,1323.5846627025828,0.4125356443845022,fitted,compact,False
2845,TYC 1057-02440-1,296.41632222,7.61316028,5.908,613.0158754982338,1211.9942523495954,613.1372305102374,1212.0827537872067,0.15019834685396052,fitted,compact,False
2846,TYC 4399-00219-1,182.44618917,74.66136583,6.400,1307.4986614962088,746.0295903851564,1307.5499029345278,746.0571739195497,0.058193954760143184,fitted,compact,False
2847,TYC 0060-00524-1,50.91247583,4.88210778,6.528,600.9606192838585,213.78969528379847,600.9803753629885,213.62207750823472,0.1687780238879736,fitted,compact,False
2848,TYC 2714-02878-1,317.76569667,36.29957972,6.492,770.4164646080844,965.8251122812003,770.6042481830332,965.826336322961,0.18778756428146634,fitted,compact,False
2849,TYC 3996-01591-1,341.84679389,58.48301306,6.322,919.322908348921,775.6476668787227,919.787421666731,775.7685634193842,0.47998812065170504,fitted,compact,False
2850,TYC 1227-00327-1,42.67708306,19.16064278,6.697,682.3657679855897,322.7713884851162,682.25355023871,323.0175507469092,0.27053406780999867,fitted,compact,False
2851,TYC 1661-02185-1,316.48127472,20.94676750,6.830,644.0569320691205,1020.252031198666,644.271874115407,1019.9546134054999,0.3669569824292671,fitted,compact,False
2852,TYC 4157-00063-1,181.41566444,62.93328722,6.272,1399.0777317697532,761.0176347994966,1399.2904610901405,761.1844709768083,0.2703480604931775,fitted,compact,False
2853,TYC 3712-01696-1,42.94130750,58.31429694,6.459,986.8460595146654,510.46229398361345,986.8310155452181,510.61282640019334,0.15128228401936095,fitted,compact,False
2854,TYC 7002-01637-1,20.87902889,-30.94550806,6.014,185.0195660101864,448.074924522562,184.7002244474303,447.813598784799,0.4126380677069078,fitted,compact,False
2855,TYC 4084-01719-1,78.38037083,62.69112917,6.503,1130.2425924368354,464.7155499361646,1130.1598864570678,464.7292454984032,0.08383225819657406,fitted,compact,False
2856,TYC 4607-01905-1,328.05406556,79.55173944,6.712,1104.7544334729057,763.888311545407,1104.477680107154,763.8483798131305,0.27961932819022456,fitted,compact,False
2857,TYC 4093-00777-1,84.31687889,66.69671500,6.273,1161.987237793816,498.0549705874689,1161.8946986189826,498.2175278241986,0.18705174175083522,fitted,compact,False
2858,TYC 2773-00129-1,353.10323250,34.95236556,6.635,708.8742820651707,722.9927141259685,708.5186683696967,723.0672605684712,0.36334318831996865,fitted,compact,False
2859,TYC 3136-00139-1,295.79484028,38.67171278,6.494,870.5236372897305,1080.7190589474721,870.5244524978583,1080.6790854448811,0.03998181428706334,fitted,compact,False
2860,TYC 3832-01275-1,173.77040667,54.78537722,5.742,1465.6853073961604,721.5625034104972,1465.0052800801325,721.5663057281282,0.6800379461202882,fitted,compact,False
2861,TYC 3782-00005-1,114.80194944,53.90078389,6.664,1285.0176837948775,401.5904967151953,1285.8907894155786,402.025248054071,0.9753574480949005,fitted,compact,False
2862,TYC 2091-04081-1,270.62564750,22.92324222,6.195,904.0908569416732,1293.7097502830077,903.9567352874368,1293.8894299994317,0.2242173468519908,fitted,compact,False
2863,TYC 6303-02603-1,294.26389667,-18.23102083,5.782,384.4841811383038,1277.0484575156952,384.4740456299636,1276.6088688257714,0.43970552059100676,fitted,compact,False
2864,TYC 3241-01391-1,357.96193083,42.90984139,6.939,779.8033466471472,692.0162841107106,780.018530718905,691.8255148645592,0.28757101734254437,fitted,compact,False
2865,TYC 1147-01405-1,329.61381250,14.02232222,6.681,550.0642917322104,926.7862409636829,550.1015223991566,926.6714339218794,0.12069291366489329,fitted,compact,False
2866,TYC 3265-01442-1,19.76308444,45.70586694,7.358,829.9690449080371,563.0074147513867,830.377486579552,562.4915116764596,0.6580125999927419,fitted,compact,False
2867,TYC 2217-00078-1,334.17047556,29.17320083,6.772,672.861243147655,868.0301297420015,672.6722513577039,868.292658735734,0.32348009091620855,fitted,compact,False
2868,TYC 3298-00993-1,33.99039833,47.81205194,6.485,881.9919962677998,493.69310218983975,882.2263315012335,493.70924391041615,0.23489052082110892,fitted,compact,False
2869,TYC 0070-00305-1,52.69570694,5.36704750,7.120,614.5080286639288,201.80676566674805,614.7473967065971,201.53606596868298,0.36135216393895125,fitted,compact,False
2870,TYC 4241-00720-1,308.05632528,65.39917389,6.697,1024.8637112207105,878.8280160281893,1024.7195011209133,878.7873067615584,0.1498459117665188,fitted,compact,False
2871,TYC 0550-01594-1,324.37132444,4.68245778,6.574,481.722960909478,984.3460311018579,481.8182345128441,984.3548267199631,0.09567874579142649,fitted,compact,False
2872,TYC 4416-00149-1,223.75077222,74.88120667,7.100,1256.0911596767514,838.8320674106869,1256.3906170721023,838.6373656616081,0.35718832949112184,fitted,compact,False
2873,TYC 4461-02085-1,323.85797167,68.21925472,6.441,1018.9224577993176,817.8476520970185,1019.2891688693671,818.0708092943468,0.4292739726751287,fitted,compact,False
2874,TYC 0516-00448-1,311.94940333,3.30644306,6.370,507.5169647109634,1095.819671220301,507.61003661892437,1095.5702194118994,0.26624910284599085,fitted,compact,False
2875,TYC 4631-02389-1,124.22484972,84.05768528,6.457,1215.955018924423,677.6366285120642,1215.56198382965,677.6385486459882,0.39303978505685483,fitted,compact,False
2876,TYC 6405-01114-1,359.58824222,-15.84746611,6.396,280.31954876442353,653.6604321249473,280.0302465336299,653.6087254846176,0.2938866403842699,fitted,compact,False
2877,TYC 1550-02677-1,263.99818639,20.99627778,6.126,941.9625045383834,1332.6599216104833,941.9503566759431,1332.4756882710026,0.18463340417721996,fitted,compact,False
2878,TYC 4562-02664-1,223.26549583,78.17666389,6.789,1242.7616341072044,811.9990525284985,1242.7325266534756,811.8644169585225,0.1377460727764645,fitted,compact,False
2879,TYC 2640-01176-1,286.24280167,30.73344556,6.255,859.4435018445214,1173.525695364362,859.4454441060092,1173.3694241453575,0.15628328851435114,fitted,compact,False
2880,TYC 4435-02434-1,284.71925167,69.53126444,6.481,1105.1037386274547,900.0435549259879,1104.8453969017564,899.7888732059965,0.3627715889296427,fitted,compact,False
2881,TYC 5305-01397-1,59.15792944,-9.75085667,6.210,513.6548162796271,110.2048426282791,513.6234015957211,110.10338161696302,0.10621308385595256,fitted,compact,False
2882,TYC 3110-01891-1,271.25338861,41.94606167,6.408,1021.786044223875,1152.262796110004,1021.8089424858395,1152.0685265613752,0.19561438578351245,fitted,compact,False
2883,TYC 0585-00450-1,353.86918583,1.31319639,6.591,419.1264175860545,712.7969941684719,419.1307385195418,712.7026352107721,0.09445783908386639,fitted,compact,False
2884,TYC 5201-01561-1,317.23937444,-5.58175500,6.705,412.72150532084,1059.9054886732133,412.8186248096248,1059.9744762708651,0.11912801405039761,fitted,compact,False
2885,TYC 4139-00836-1,146.15258778,64.98406917,6.225,1356.9434791618778,598.5176134343036,1357.0636231439678,598.6084581404086,0.15062316242778898,fitted,compact,False
2886,TYC 4491-00708-1,358.70533028,74.41010750,6.590,1053.9478820111597,709.0662676352321,1054.0303977143074,709.2757675078213,0.2251644685133094,fitted,compact,False
2887,TYC 0622-01219-1,26.42720472,8.55929806,6.545,531.3429823429489,422.7248817087026,531.5594158224224,422.9713020319574,0.32797321041514277,fitted,compact,False
2888,TYC 1651-01090-1,312.65423083,18.05125556,6.622,632.3742545310581,1056.995794925895,632.5040151764891,1056.9119041251424,0.1545169620255297,fitted,compact,False
2889,TYC 2763-01820-1,346.77080917,35.63646583,6.509,716.2172943506947,768.4391179739299,716.0677925082812,768.70697671462,0.30675577557587014,fitted,compact,False
2890,TYC 1209-01836-1,27.94666306,18.29026944,6.734,618.9765633302305,431.1334823934504,619.1000722085172,431.34962776757493,0.24894430254792,fitted,compact,False
2891,TYC 5274-00559-1,21.47987111,-8.50433778,6.689,373.0678158345894,445.3372855871646,373.1205397937767,445.4910494975153,0.16255201013433768,fitted,compact,False
2892,TYC 0489-02951-1,298.34416361,4.40039222,6.515,574.9284495830778,1206.0393516424238,575.060880296473,1206.2251286463559,0.22814685849324962,fitted,compact,False
2893,TYC 3933-00756-1,292.78548333,58.58692528,6.704,1020.8974285980338,966.8907254601172,1020.4813021436698,966.844021074355,0.4187392096173256,fitted,compact,False
2894,TYC 5267-00230-1,3.01259694,-13.81313944,6.661,299.024740520626,620.6702122360786,299.05954686589286,620.5760950028332,0.10034707402110693,fitted,compact,False
2895,TYC 2723-01367-1,328.72657111,32.33874472,7.252,709.9810132853617,902.1828412551517,710.0056966822275,902.4846460797951,0.3028125199836266,fitted,compact,False
2896,TYC 3116-01100-1,275.99976972,43.90774222,6.833,1005.942458544809,1124.1844210446798,1005.7500721969222,1123.9549335324034,0.29946122477544257,fitted,compact,False
2897,TYC 2693-01744-1,306.78238667,34.32907306,6.452,790.6779275237342,1041.4488971300657,790.7612547897664,1041.3817251647217,0.10703039845100329,fitted,compact,False
2898,TYC 4297-01078-1,19.57780028,67.81643917,6.679,1012.851413820025,635.1526025776432,1012.8465028815099,635.3545296914579,0.201986822863844,fitted,compact,False
2899,TYC 5267-01131-1,4.49435806,-13.45564083,6.575,303.38524155647184,606.2275626309985,303.35230949735393,606.2121419658537,0.036363682861527004,fitted,compact,False
2900,TYC 1668-00026-1,322.24967611,17.90590750,6.564,600.8138886862482,981.6335110362343,601.0745527942108,981.5378159944805,0.2776748425698565,fitted,compact,False
2901,TYC 5859-00953-1,32.88946611,-17.74300306,6.689,326.4222445998247,332.4562628717647,325.984951971185,332.69474665839095,0.4980957333145938,fitted,compact,False
2902,TYC 5862-02559-1,38.41768694,-20.00173472,6.312,324.6199171240048,280.8883898234695,324.2680307869533,280.70619548411304,0.39625594190756286,fitted,compact,False
2903,TYC 4403-02220-1,210.46126000,68.67868667,6.494,1313.9074270944188,854.4444144626825,1313.88912437697,854.5169953896973,0.07485305893775297,fitted,compact,False
2904,TYC 3872-00547-1,232.23679194,55.19485333,6.439,1282.469769329807,1028.2731735896837,1282.5674182614885,1028.4145276447007,0.17180303468885225,fitted,compact,False
2905,TYC 2131-02063-1,287.87900861,26.73594444,6.386,819.5852805762385,1187.320637909159,819.6541830114245,1187.3414577718,0.07197924878016118,fitted,compact,False
2906,TYC 3101-01860-1,269.90368528,43.23520056,6.842,1037.030765665573,1145.279394316736,1036.8630062602585,1144.9708292339787,0.3512201992602835,fitted,compact,False
2907,TYC 3279-01652-1,26.11055333,46.13976444,6.469,847.7075538151523,528.3837991402692,847.8684908546959,528.2475111874512,0.21089129138102541,fitted,compact,False
2908,TYC 3301-02091-1,42.29446472,47.21799611,6.782,903.9743981040148,450.54399771445503,903.951719991459,450.82100868603584,0.27793771814065993,fitted,compact,False
2909,TYC 1674-00274-1,327.91740250,19.30693917,6.925,598.9651666182207,932.9916282608908,599.2143281994893,933.0449919677524,0.2548120460069965,fitted,compact,False
2910,TYC 4649-03690-1,329.58477111,82.87114889,7.472,1129.750458426836,749.2273919920563,1129.6147975367758,749.3069050126253,0.15724565981917354,fitted,compact,False
2911,TYC 0504-02358-1,304.02511083,4.58091639,6.543,550.249549919319,1159.6562684722321,550.3008044898565,1159.7964315969843,0.14924051910022187,fitted,compact,False
2912,TYC 0020-01220-1,18.12809722,2.47182778,6.592,457.98733242924027,487.10210211572667,457.9101971851219,487.34108488414313,0.2511226980684919,fitted,compact,False
2913,TYC 4732-01969-1,64.33012806,-6.47216111,6.051,576.3980126931808,77.13186932186791,576.2244240968644,77.15285445386905,0.1748524421797436,fitted,compact,False
2914,TYC 1705-01602-1,341.36746361,19.36642556,6.386,577.9098018439544,821.0345210689298,578.1672564366927,821.3952953532914,0.4432165966868453,fitted,compact,False
2915,TYC 3220-03069-1,347.46850667,39.46920861,6.679,749.689640601441,761.4134047422918,749.6020292753844,761.825529591416,0.4213343514585051,fitted,compact,False
2916,TYC 3550-01851-1,289.65772194,49.56935194,6.442,974.6701293882506,1039.3852365926334,974.5115674287197,1039.2242149834078,0.2259864014667762,fitted,compact,False
2917,TYC 4425-00567-1,247.86789722,72.61221333,6.458,1208.6142645202983,886.3902694408275,1208.4869056351636,886.3315156645168,0.14025794755926074,fitted,compact,False
2918,TYC 3828-01134-1,171.48824806,55.85034972,5.838,1457.1372508822878,706.0488122844823,1456.6229432316018,706.2580607905404,0.5552452582794153,fitted,compact,False
2919,TYC 4685-02207-1,23.71379500,-3.52381111,6.584,420.9355469502857,429.37868065299426,420.9420993901529,429.3464483980951,0.03289152967099196,fitted,compact,False
2920,TYC 4156-01489-1,174.70467222,64.34696250,6.814,1391.2429645161465,726.3451438736848,1391.0346653645295,726.5104087435639,0.2658966223562951,fitted,compact,False
2921,TYC 1203-01504-1,19.20973250,21.05203639,7.076,618.4186175281043,506.32584391440963,618.6297616736333,506.7497619092186,0.47359087461017974,fitted,compact,False
2922,TYC 5869-00923-1,41.68774028,-21.63956278,6.515,321.181042885268,250.85496245228933,321.1280360744536,250.3915498999205,0.4664342565525241,fitted,compact,False
2923,TYC 4664-01189-1,4.45156833,-1.86274556,7.198,398.3322303520446,610.7164736655492,398.95204901415445,611.2835231148593,0.8400715754402341,fitted,compact,False
2924,TYC 4210-00849-1,261.25356278,67.30669611,6.510,1165.9116911532092,940.2232576775316,1165.8642253315288,940.1931950200792,0.05618511903423956,fitted,compact,False
2925,TYC 4220-01507-1,284.32223778,62.39686833,6.591,1070.8729638785271,958.7439515622301,1070.633191744805,958.5734508518801,0.29421279431655983,fitted,compact,False
2926,TYC 5818-00942-1,341.08887361,-14.67607444,7.260,292.0227762051622,835.4559009591866,291.6410478995647,835.2868687835569,0.4174785930948443,fitted,compact,False
2927,TYC 1742-01106-1,11.93733028,26.29162833,7.048,648.913013084834,573.7203366584539,648.9410975601289,573.2287511611812,0.49238708236653955,fitted,compact,False
2928,TYC 3609-02650-1,329.25925306,48.66856556,6.491,849.3916658662025,859.8297543027427,849.5765482926679,860.1527435623963,0.37216068232323396,fitted,compact,False
2929,TYC 5193-02147-1,317.31654861,-0.23491861,6.679,459.0740951539984,1053.8641385242793,458.9619403776209,1053.5854104314699,0.3004464071768002,fitted,compact,False
2930,TYC 1225-01995-1,46.16937861,15.85623361,6.536,670.5280896905183,285.91417056685566,670.775360999002,286.026047475438,0.27140291574189634,fitted,compact,False
2931,TYC 4235-02511-1,299.61974333,63.53419917,6.142,1032.2696339224062,914.1857358307212,1031.9018462681252,913.9886254287612,0.4172772090618042,fitted,compact,False
2932,TYC 0553-00942-1,329.37904972,4.15776944,7.099,465.80354771441847,940.2562508817098,466.0558529948058,939.7776200635253,0.541059529651995,fitted,compact,False
2933,TYC 6443-00914-1,42.47563806,-27.94203194,5.378,265.9082413620854,244.6988417726011,266.25194257387705,244.69775686294093,0.3437029240725513,fitted,compact,False
2934,TYC 6970-00820-1,340.59198500,-29.36100222,6.346,173.8003148589072,835.7390645891494,173.53739062459795,835.8284055099654,0.27768859018575553,fitted,compact,False
2935,TYC 1810-01157-1,54.16580528,29.22404194,6.557,819.2422797082576,294.0454053788097,818.9886948323145,294.2588123483991,0.33143298564925744,fitted,compact,False
2936,TYC 2954-01763-1,103.28156083,44.84007583,6.264,1213.9812845268052,294.45438410781634,1214.1122063554606,294.3855176971585,0.1479294011863599,fitted,compact,False
2937,TYC 3828-00879-1,172.43190056,56.73765194,6.299,1450.0868524259495,713.454460522768,1450.0020048862757,712.9289473834167,0.5323186682989809,fitted,compact,False
2938,TYC 2808-02069-1,19.12224028,42.93949056,6.659,805.477556902259,558.7538272932205,805.630272224485,558.4770130084145,0.3161457225952356,fitted,compact,False
2939,TYC 6424-01513-1,13.98137528,-27.77582806,6.313,199.61372260069038,512.6771983792805,199.15516157590366,512.5136685218893,0.4868472324167545,fitted,compact,False
2940,TYC 3525-00186-1,273.88552306,45.20958667,6.370,1024.8004614446054,1119.7155263828486,1024.8005175518545,1119.5047326766473,0.2107937136683012,fitted,compact,False
2941,TYC 2329-00223-1,42.60838556,31.97299417,6.582,786.4981608274356,374.6734403111878,786.6795208525969,374.9440440083689,0.32575730176707374,fitted,compact,False
2943,TYC 0538-02807-1,315.55211139,7.17980361,7.406,528.8027221649172,1058.1432851461723,528.8246278179982,1057.7561916675818,0.38771280453989404,fitted,compact,False
2944,TYC 4252-00839-1,317.36999111,63.29565111,6.492,990.6081671023785,860.4179060317549,990.7143498074444,860.3753817211503,0.1143813089953826,fitted,compact,False
2945,TYC 1174-00635-1,359.94922139,11.27342278,6.747,505.636507627958,659.6478107973212,505.67741976311083,659.6476911952693,0.04091230997407521,fitted,compact,False
2946,TYC 3109-00964-1,277.63687083,40.97580972,7.126,979.2988009204214,1140.480418579739,978.9496366412022,1140.981132629665,0.610434479429001,fitted,compact,False
2947,TYC 4583-02838-1,283.38437389,75.78607528,7.353,1135.3878005198283,848.5418934111929,1135.19811654791,848.3552508841038,0.266111709852881,fitted,compact,False
2948,TYC 3836-01020-1,178.99336806,56.59856333,5.947,1449.8805853262602,755.8618088639912,1449.3329883132099,755.8783989741846,0.5478482640821993,fitted,compact,False
2949,TYC 4602-00552-1,358.10237833,75.54449056,6.489,1063.4981873073275,711.5372880816001,1063.5415878821818,711.5443874502333,0.04397739115360497,fitted,compact,False
2950,TYC 1073-01986-1,304.25188722,8.96320222,6.525,587.4565258357653,1147.2471238730548,587.6702911203382,1147.117670765847,0.24990739055557565,fitted,compact,False
2951,TYC 3329-02203-1,66.85266306,46.85388972,6.801,1005.9997221667223,353.37585527968014,1005.7810816760395,353.6412015341864,0.34382015494515217,fitted,compact,False
2952,TYC 4287-02122-1,347.31810639,65.21141417,6.657,974.9459303180467,745.0658799783371,975.3918489769845,745.2200646801241,0.4718223952442529,fitted,compact,False
2953,TYC 3703-00364-1,51.44938528,53.92161972,6.553,984.2331873250506,453.39997768462564,983.9887681447705,453.62117055124315,0.32964681089203995,fitted,compact,False
2954,TYC 7002-01357-1,21.74208028,-32.54310333,7.365,173.11232760550357,440.97381980079814,173.10850420374754,440.62600419967185,0.3478366150764281,fitted,compact,False
2955,TYC 1204-01522-1,21.59818306,20.07089972,6.544,616.2908596403167,485.6251597606291,616.1315065693171,485.7314942010315,0.1915735223163592,fitted,compact,False
2956,TYC 2585-03096-1,250.96557139,34.03867000,6.049,1124.4756389577765,1251.8054411754645,1124.3578318286845,1251.6466003174455,0.19775979834405524,fitted,compact,False
2957,TYC 1742-00772-1,13.50141917,25.48825528,7.393,644.9761225892636,559.9227484297139,644.7612595060389,559.7690088667783,0.2642006770325441,fitted,compact,False
2958,TYC 4142-00420-1,147.59859111,65.59329222,6.298,1355.9121995386936,607.549071780135,1355.9870027889506,607.5781577810891,0.08025909107702398,fitted,compact,False
2959,TYC 0019-01406-1,16.99826806,1.99404583,6.541,451.19078783662695,496.8959747493174,451.37890504727324,497.1182829130628,0.29121985613823625,fitted,compact,False
2960,TYC 3247-00553-1,4.53830194,46.21435361,6.967,813.1547271502169,653.6757593585112,813.3172342818988,653.6038012022938,0.17772603662289244,fitted,compact,False
2961,TYC 1651-01149-1,313.12462944,18.02736917,6.662,630.4476827880195,1053.5553988674833,630.6251409774293,1053.3509255123463,0.2707411345724485,fitted,compact,False
2962,TYC 4327-02216-1,57.92396444,68.50753361,6.289,1090.7351186581682,542.6755137210887,1090.6196417758663,542.8469043781013,0.2066631744103644,fitted,compact,False
2963,TYC 4667-01064-1,2.79013056,-3.32136083,6.854,385.3359956180335,626.1943705819796,385.19232264410897,626.43114599331,0.2769558066678039,fitted,compact,False
2964,TYC 2988-01628-1,132.98684139,43.72649639,5.255,1410.5277898453726,382.2952690989415,1409.444599587976,382.76303697375823,1.1798762301315726,fitted,compact,False
2965,TYC 4695-00949-1,32.13246611,-6.67801333,6.619,419.52688358935364,348.86062901235255,419.36554050906466,348.6536812985392,0.262409881311109,fitted,compact,False
2966,TYC 1753-02154-1,17.06402444,28.86813667,6.898,680.8323565100305,538.9466575224512,680.8416507893063,538.8630560004196,0.08411657454541059,fitted,compact,False
2967,TYC 0601-01254-1,4.48462667,12.77151056,6.630,522.5307182289372,620.0208101120742,522.4107727197608,620.1932817721259,0.2100795056463307,fitted,compact,False
2968,TYC 6382-01715-1,329.68240472,-21.18292889,6.277,252.18994376997753,945.2654862825623,252.00773830881428,945.3676137966177,0.20887522400908345,fitted,compact,False
2969,TYC 2407-01666-1,81.71364889,33.26228861,6.288,1017.260264393714,206.68253498279057,1017.3107798114353,206.469152987896,0.21927991967515695,fitted,compact,False
2970,TYC 4713-01123-1,45.53846111,-6.49420417,6.262,473.963427745466,230.5929157293032,473.7974982997396,230.21190869403677,0.4155706220145928,fitted,compact,False
2971,TYC 1734-01567-1,6.76879861,25.04210472,6.702,630.7432875751938,612.2562845128177,630.5514874413079,612.2863157762434,0.19413698293107245,fitted,compact,False
2972,TYC 5811-00877-1,338.52760278,-9.60847750,6.683,336.05103181252525,860.1428383813156,335.8508472305857,860.1640802742695,0.20130843216957242,fitted,compact,False
2973,TYC 3254-01373-1,0.33016667,49.98158500,6.324,842.7925733722142,682.5254568235446,843.5527512264737,682.354531592842,0.7791571116259488,fitted,compact,False
2974,TYC 3146-00115-1,291.48605389,44.93093889,6.796,935.5271278931916,1062.6682888157793,935.22114158576,1062.8705239989217,0.36677880205411795,fitted,compact,False
2975,TYC 4531-01785-1,119.41558778,77.57647278,6.901,1240.0395123716667,621.7167951222432,1239.5758595028078,621.539809598072,0.4962840502849011,fitted,compact,False
2976,TYC 2369-00386-1,59.39618417,36.49152889,7.023,900.4869346461799,309.83167816225864,900.1227223045909,309.7988881781051,0.3656854014402685,fitted,compact,False
2977,TYC 1110-01491-1,320.33983667,10.33237361,6.771,540.7876726230727,1011.527847685299,541.2366913694077,1011.392635544556,0.46893513151027927,fitted,compact,False
2978,TYC 3809-01868-1,140.43041472,56.69924722,6.023,1390.0218017746713,522.3651139488052,1389.885893627452,522.3343805649325,0.13933974797170515,fitted,compact,False
2979,TYC 2281-00604-1,14.77736306,32.45579750,7.398,707.5598786784171,562.5132937055705,707.2108398462574,562.7585677362907,0.4265998786933576,fitted,compact,False
2980,TYC 1643-00137-1,304.08627694,22.28723889,6.983,702.5775996771,1106.3020275448034,702.3175866334049,1106.3198642944803,0.26062412116044553,fitted,compact,False
2981,TYC 1179-00827-1,4.98451194,16.25089944,6.712,552.5834982622652,618.6847753742948,552.7037999509934,618.5846363122594,0.1565258063585258,fitted,compact,False
2982,TYC 1153-01537-1,344.64525722,9.35719917,6.508,489.3167612090337,797.6490301731354,489.53600544065637,797.7290004974649,0.23337370433099688,fitted,compact,False
2983,TYC 2781-01100-1,0.05331528,38.30408639,6.631,740.7079775949774,675.0709557173028,740.2902165277177,674.8911735830806,0.4548031718265062,fitted,compact,False
2984,TYC 3266-00903-1,13.77176472,48.67854556,6.485,845.2374203375227,604.5351008202391,845.4600059668039,604.2947732396964,0.32756939468152546,fitted,compact,False
2985,TYC 1649-01928-1,316.45203778,15.32741361,6.696,595.6630109835071,1033.9207864295897,596.1669299475831,1033.728194084651,0.5394683806159503,fitted,compact,False
2986,TYC 4322-01936-1,24.34243528,74.30096111,6.575,1069.2954130956416,648.4285007520987,1068.9348256778987,648.5886504007177,0.3945518923884006,fitted,compact,False
2987,TYC 1210-00238-1,31.94155806,18.02941667,6.642,630.0657448573264,399.34216175875804,630.142667840144,399.46106483581895,0.14161598433829112,fitted,compact,False
2988,TYC 3240-00676-1,355.26900083,41.85054833,7.020,769.7312630909694,708.764827610954,769.8147368346495,709.0523200883376,0.2993656467201651,fitted,compact,False
2989,TYC 2441-01961-1,104.25223194,33.68103667,6.025,1194.4896131601229,189.00090105436868,1194.1345305988862,188.9491536881793,0.3588334087037627,fitted,compact,False
2990,TYC 5300-00512-1,47.77195472,-13.26430389,6.431,422.37244958020807,201.21908012206458,422.5386803310094,200.95196298575996,0.3146175885413205,fitted,compact,False
2991,TYC 2719-01778-1,330.18950806,31.45006806,7.289,699.6109962281633,893.2885171847212,699.4348185003676,893.7804091958658,0.5224905189562585,fitted,compact,False
2992,TYC 4663-00045-1,1.26582667,-0.50291222,6.420,406.9112123798719,642.0193107779289,407.37558758927736,642.1421180100185,0.48033941266967417,fitted,compact,False
2993,TYC 2270-00570-1,8.05851667,34.99393889,6.742,718.7338786066739,615.4062719031172,718.7144048308081,615.0978795035586,0.3090066343170561,fitted,compact,False
2994,TYC 3837-01071-1,186.26342833,56.77785778,6.017,1440.7165459633875,802.1821241689896,1440.2062872179686,802.1749371124979,0.5103093581911944,fitted,compact,False
2995,TYC 1752-00382-1,22.34789500,25.27534139,6.784,662.2235079610288,491.4626862491752,662.4674750071928,491.375655606353,0.25902558252813174,fitted,compact,False
2996,TYC 4368-00169-1,108.49163944,71.81654250,6.484,1234.249328234259,557.5708200567119,1234.4202589412046,557.7117944529864,0.2215650852048427,fitted,compact,False
2997,TYC 1685-01552-1,333.29172611,18.27989889,6.649,579.7785900577561,890.0143951775019,579.8078305807321,890.1881407117254,0.17618887265237523,fitted,compact,False
2998,TYC 2209-00906-1,333.29796361,25.94090611,6.709,646.1241388029704,879.8062010954764,646.0508024365747,879.7950771784841,0.0741752260891016,fitted,compact,False
2999,TYC 2863-01353-1,56.40462694,38.67621889,6.578,900.4098783166228,336.7112332578539,900.3994065294262,336.8290929944694,0.11832402901426738,fitted,compact,False
3000,TYC 0611-00266-1,12.89516833,12.78482111,6.735,534.6584067320638,546.3819692109946,534.738045634625,546.4672092469666,0.11665426924746955,fitted,compact,False
3001,TYC 4677-01108-1,13.42199639,-4.52558000,6.637,389.47416093137394,524.521664693578,389.50690677828305,524.5727613477663,0.060689031620506734,fitted,compact,False
3002,TYC 1665-01555-1,324.02118278,15.08219722,6.618,571.9569807380108,972.2004836452087,572.109335303559,972.2376702305967,0.15682715254762755,fitted,compact,False
3003,TYC 4363-00054-1,105.43836167,69.64645278,6.739,1229.824124578404,533.9316317495726,1229.6023705562905,534.1470179833251,0.3091376328007389,fitted,compact,False
3004,TYC 4616-03198-1,34.18867111,83.56151528,6.556,1143.4365049727344,682.3027737415073,1143.1818310092726,682.3217668211227,0.2553812145373955,fitted,compact,False
3005,TYC 5822-01264-1,350.93880806,-8.46006944,7.208,337.91751004922196,739.5030272561531,337.98538494447973,739.5801466648836,0.10273463198548419,fitted,compact,False
3006,TYC 2907-00780-1,76.70649194,43.17470750,6.259,1038.7014923221307,298.5110868879984,1038.9618885333657,298.5105013773718,0.2603968695054939,fitted,compact,False
3007,TYC 3417-02242-1,134.20854583,45.63174694,5.837,1411.0544241468906,405.4674670520789,1410.4187708401537,405.6782286570858,0.6696831941378354,fitted,compact,False
3008,TYC 3942-01357-1,293.98171889,56.98436056,6.803,1006.2531716422887,974.6678603922295,1006.261301332286,974.431360213792,0.23663986616886729,fitted,compact,False
3009,TYC 4712-01091-1,51.29010056,-4.47834583,7.337,519.2903532011195,185.7016646740508,519.7668587581968,185.72903937903357,0.47729123226646936,fitted,compact,False
3010,TYC 3573-00730-1,308.41509028,45.17555444,6.701,871.5565415674192,984.4979343785345,871.8559892496235,983.9411069237706,0.6322386643953235,fitted,compact,False
3011,TYC 3232-02397-1,355.01176278,37.65283361,6.543,732.7673110951504,709.6716520972942,732.5620779785942,709.7901149480283,0.2369685192919484,fitted,compact,False
3012,TYC 3119-02447-1,284.80121722,39.21732139,6.378,928.3389134740931,1127.1861913787725,928.2261161596593,1127.0155800637885,0.2045273941163612,fitted,compact,False
3013,TYC 1876-01774-1,91.59349083,29.51242694,6.237,1072.022455355311,155.63600555886327,1072.009034406053,155.43466076581683,0.201791594388623,fitted,compact,False
3014,TYC 0060-01626-1,52.26585500,3.24868722,6.504,594.0096282764714,198.35095133181267,593.8721805525304,198.1906385416744,0.21116833924262182,fitted,compact,False
3015,TYC 0595-01040-3,4.35209417,8.87635278,7.128,488.82644016961484,618.786694527575,489.14490969620414,618.5945184055166,0.3719603490365888,fitted,compact,False
3016,TYC 6430-00711-1,30.71566083,-23.88655667,6.437,266.4621350442828,352.7401666713968,266.44115696285985,352.281519583101,0.4591265963788563,fitted,compact,False
3017,TYC 3954-00322-1,309.75078167,56.00494389,6.486,951.852675563084,924.3738617436773,951.6888911568547,924.4912665765825,0.20151731070402687,fitted,compact,False
3018,TYC 2241-00348-1,350.61907667,25.91850917,6.541,629.937658773492,742.0890909454216,629.528475043686,742.4302520507175,0.5327496827823591,fitted,compact,False
3019,TYC 1617-02050-1,301.36053000,15.50036833,6.596,656.829885918848,1149.6732443867043,657.1480102790306,1149.6107802974543,0.3241988139820587,fitted,compact,False
3020,TYC 3343-01459-1,73.08946500,45.94003806,6.747,1032.591673786813,329.13639576206475,1033.1524671826899,329.535757549612,0.6884613788818856,fitted,compact,False
3021,TYC 6958-01671-1,334.15600083,-25.89813500,6.266,207.738901846909,899.9696638031811,207.1958973208997,900.0244679729246,0.5457631466926478,fitted,compact,False
3022,TYC 4370-00836-1,99.48011167,73.69563083,6.291,1209.9516066502042,568.0838560306718,1209.856804087131,567.9232563262046,0.1864934074979231,fitted,compact,False
3023,TYC 4306-00028-1,0.41380667,73.61187639,6.517,1047.6585262512622,704.2518734184171,1047.6458082751083,704.2606391024245,0.015446168896209169,fitted,compact,False
3024,TYC 5185-02448-1,309.77442694,-4.92950611,6.567,443.16194066240314,1126.6289382648583,443.1799756516705,1126.988154777486,0.3596689641632239,fitted,compact,False
3025,TYC 2746-00293-1,336.68982639,37.44371778,6.463,741.1144243720817,837.0405094423475,741.1285183450177,837.587194163697,0.5468663681651076,fitted,compact,False
3026,TYC 0529-01856-1,321.46481667,0.53430889,6.470,453.6840328817999,1015.1852192678294,453.6889027263726,1015.2779485419103,0.09285706035474062,fitted,compact,False
3027,TYC 0592-00338-1,356.20389389,7.19183083,6.991,469.0312883660352,692.4254697369581,469.15182744265684,692.1617821172513,0.28993245727144495,fitted,compact,False
3028,TYC 2137-03102-1,292.05775750,29.45032694,6.689,817.9110118264938,1150.0358367129336,818.0530612793938,1149.939856868829,0.1714356367372432,fitted,compact,False
3029,TYC 4107-00628-1,90.20141056,67.01402833,6.896,1182.4532030787057,499.9212053619328,1181.9467164521577,500.3997299212908,0.6967886744061844,fitted,compact,False
3030,TYC 4631-00394-1,135.01861083,82.71945556,7.234,1230.6745322585355,677.2988294991638,1230.4742459861543,676.9657131267438,0.3886915338396458,fitted,compact,False
3031,TYC 0572-00751-1,342.92329778,4.78598556,7.127,452.0713007415297,815.0388527612577,452.07286778086984,814.9835303667486,0.05534458371430686,fitted,compact,False
3032,TYC 3896-01243-1,260.84443194,57.01168611,6.560,1142.6578449418926,1036.9234899497426,1142.6416133680627,1036.8488277079052,0.07640624545921249,fitted,compact,False
3033,TYC 4297-01087-1,23.64103944,68.94787194,6.595,1026.7080925393618,627.3076820182257,1026.8365756057283,627.4538219808455,0.19458876385201535,fitted,compact,False
3034,TYC 2750-00798-1,345.17668611,31.08296278,6.688,677.0797878623665,782.7812660821394,676.9574680125104,783.0670674392977,0.3108770841061961,fitted,compact,False
3035,TYC 6985-01215-1,359.28385472,-26.62349472,6.419,193.92255007493898,654.9294889088804,193.63865866474157,654.8763562809382,0.28882072109860873,fitted,compact,False
3036,TYC 5845-00997-1,4.17644611,-20.21005861,6.473,248.56286008666373,607.9358152669881,248.2883679700426,607.8055075088412,0.30385199344489233,fitted,compact,False
3037,TYC 3482-01695-1,232.18503806,47.20150139,6.151,1288.9976266998094,1103.386952255809,1288.8633238688963,1103.2444093248769,0.1958462089243404,fitted,compact,False
3038,TYC 3888-01886-1,261.35057639,52.79079944,6.535,1126.7451413052443,1075.1917170570441,1126.826583561121,1075.2553835429944,0.103374380170079,fitted,compact,False
3039,TYC 3474-01062-1,222.32781333,46.11638500,5.811,1352.6585530738575,1078.5432502987917,1352.01207184652,1078.420928243049,0.6579518695322091,fitted,compact,False
3040,TYC 4152-01342-1,170.22380306,67.10085194,6.315,1368.8906176595478,707.216526470007,1369.1213802715006,706.8953650560574,0.39546938805094883,fitted,compact,False
3041,TYC 6329-02134-1,307.76804111,-15.05605333,6.201,360.24807179280305,1153.3057138591892,359.9600511111908,1153.4585648469629,0.3260664617831455,fitted,compact,False
3042,TYC 3279-01104-1,26.95001833,46.22987806,6.369,850.6455414191521,524.1656667752542,850.6506570221298,523.9893790564632,0.1763619267028499,fitted,compact,False
3043,TYC 5847-02200-1,10.11899444,-16.51659889,6.589,285.0955173650758,550.5105460420891,285.06896466815516,550.5490849981605,0.04680060735540247,fitted,compact,False
3044,TYC 3088-01709-1,266.47383611,38.88146083,6.646,1035.0102414331304,1187.8117223173415,1034.945601478419,1188.1619763136835,0.35616876013854015,fitted,compact,False
3045,TYC 2785-00063-1,2.26492250,40.84327361,7.040,763.786510981118,662.4829415099243,764.1926008345738,662.0011815462253,0.6300806549188899,fitted,compact,False
3046,TYC 0616-00939-1,20.33013750,11.53673472,6.974,539.7768209516979,480.6392199150615,540.1312516075832,480.45242021959166,0.4006435024543543,fitted,compact,False
3047,TYC 4351-00979-1,80.15972972,71.71471556,6.673,1160.5760361006962,546.9197309436233,1160.391074848262,547.1577241953244,0.30141574736115745,fitted,compact,False
3048,TYC 6321-02021-1,298.05002167,-19.04486778,6.003,359.95587996474313,1243.2239968522144,360.2090934589683,1242.9862037499079,0.34736527339719314,fitted,compact,False
3049,TYC 5273-02654-1,17.54982417,-8.90604222,6.508,360.9487987831257,482.60032896851493,360.903153908225,482.37757508014863,0.22738238583277495,fitted,compact,False
3050,TYC 6967-01377-1,341.98390056,-25.91176250,6.411,200.55755211477728,823.8561531624638,200.11314691862822,823.896422892614,0.446225984822335,fitted,compact,False
3051,TYC 1210-01214-1,29.72687528,18.35814361,6.929,625.1249594984703,417.33045199927295,625.4063484875805,417.5523484175935,0.3583542711563458,fitted,compact,False
3052,TYC 0488-03419-1,297.86183972,4.08864611,6.713,574.7907761793678,1210.5865629467203,574.6744624524383,1210.8874171381276,0.3225556193272257,fitted,compact,False
3053,TYC 2954-01881-1,103.81106694,43.91004778,6.190,1216.0060475017792,286.3587527726037,1215.9903840007619,286.0439848191715,0.3151574364853287,fitted,compact,False
3054,TYC 3817-01649-1,149.30655972,57.41834444,6.059,1412.7601869326375,573.0672284835535,1412.4833831829546,573.0714596568002,0.2768360862776182,fitted,compact,False
3055,TYC 2301-00956-1,23.03159806,34.79997194,6.358,745.141311226278,510.994472223042,745.2362480124408,510.94211522273423,0.10841701364702927,fitted,compact,False
3056,TYC 1181-01506-1,0.80533083,17.55239444,6.713,560.2439352191705,655.7440693405432,559.9803624297884,655.4659251601989,0.38319029262495624,fitted,compact,False
3057,TYC 8009-01445-1,349.54078917,-40.82407639,5.586,81.06671970465393,744.8452081436608,81.36775450860068,744.6504346503966,0.3585507870101295,fitted,compact,False
3058,TYC 4079-00575-1,73.41546361,61.48182722,6.657,1107.2766888047775,459.5360825444181,1107.1409637210518,459.5547006372085,0.13699610115435187,fitted,compact,False
3059,TYC 1838-01923-1,69.62286472,26.93943306,7.212,893.0484054650858,203.1051954095969,893.0947202868505,203.0707807754511,0.057701211065977885,fitted,compact,False
3060,TYC 4288-00196-1,355.58722611,64.51540444,6.802,968.4360137168125,713.7478691438946,968.7590059220115,713.8295505133624,0.33316033788175176,fitted,compact,False
3061,TYC 1682-00632-1,335.52168667,15.65148944,6.676,553.6367239539354,874.1557764969132,553.543071164743,874.2337327234195,0.12185244427023706,fitted,compact,False
3062,TYC 3998-02444-1,346.79188250,52.81657167,6.239,867.2495552295286,757.1003959415103,867.7894953278104,757.4017073611079,0.6183234439292251,fitted,compact,False
3063,TYC 3268-00835-1,19.10202639,48.08225417,6.600,848.8934354543271,573.2935621016751,849.2119054404168,573.123439764794,0.36106057877566405,fitted,compact,False
3064,TYC 6297-00527-1,291.54596611,-15.05325111,5.705,428.27691476259565,1298.943427151854,428.40473754552494,1298.5673677355576,0.3971893105572507,fitted,compact,False
3065,TYC 2260-00416-1,3.77886778,31.53573861,6.515,684.2298248184268,642.5235987025758,683.7331289736903,642.2440763460611,0.569946936100179,fitted,compact,False
3066,TYC 3267-00193-1,14.67957889,47.03660444,6.804,832.3460855793284,595.6255575365583,832.7470244540876,595.2426062015466,0.5544399933992031,fitted,compact,False
3067,TYC 3328-02892-1,64.33238861,46.21767528,7.123,989.4622655091731,356.7096769346894,989.5051423001299,356.71681440225973,0.04346679935390459,fitted,compact,False
3068,TYC 1716-01366-1,349.40551611,18.30485333,6.766,563.8457823631664,753.4102247386357,563.8308817841089,753.5319479871131,0.12263187381804969,fitted,compact,False
3069,TYC 5286-01059-1,40.98146056,-7.91233500,6.680,441.7565112829498,267.6145245170815,441.5014095433846,267.70453892605684,0.27051708144286,fitted,compact,False
3070,TYC 6912-01921-1,308.21813833,-24.94372667,6.339,269.0854988112152,1148.398273229069,268.958609711532,1147.9016656133535,0.5125621597474694,fitted,compact,False
3071,TYC 4619-00486-1,9.56125556,84.67502056,7.184,1142.3448476556075,708.2192085488952,1141.8197293583012,708.1496397616685,0.5297065624684052,fitted,compact,False
3072,TYC 0020-00628-1,18.89843972,0.91244833,6.721,446.2006945170454,478.43030321927586,446.47921045818134,478.5323734682771,0.2966301825472502,fitted,compact,False
3073,TYC 2239-00998-1,346.37089444,24.65304194,7.089,619.7997405393171,777.2917926928161,620.0803731084262,777.0344669219651,0.38075082559182627,fitted,compact,False
3074,TYC 5269-02391-1,7.74961528,-10.08465361,6.908,334.532059503572,575.7212215817386,334.6766564955385,575.7693035344878,0.15238164018653616,fitted,compact,False
3075,TYC 1081-01635-1,303.26318917,11.85099833,6.646,617.0023646228252,1146.981604083381,617.0998046255164,1146.8004739553385,0.20567614691339953,fitted,compact,False
3076,TYC 5280-01537-1,29.69148750,-11.30074833,6.591,371.9266725931672,366.5146150593581,371.76392098489794,366.43145239981214,0.18276792370925818,fitted,compact,False
3077,TYC 3104-01866-1,275.98864389,38.73917667,6.566,974.6484968705628,1162.8398821336186,974.567212691428,1162.8116860310413,0.08603567851862695,fitted,compact,False
3079,TYC 2864-00346-1,57.51424361,37.87399389,6.631,900.2023222948771,326.6959381165508,900.2204493316044,326.8740241241402,0.17900618860710749,fitted,compact,False
3080,TYC 0045-00990-1,36.56748861,6.29266472,6.828,547.3352615102332,332.2448464714782,547.3921342738012,332.584572564401,0.3444536680723133,fitted,compact,False
3081,TYC 0070-01334-1,53.70456139,6.41773028,6.554,629.3991227567769,197.61471484259212,629.428891286586,197.46145105781807,0.15612800226180293,fitted,compact,False
3082,TYC 2414-00524-1,88.16700556,33.91744444,6.230,1067.9257436661017,198.4847068279557,1067.8737299498969,198.32772239705207,0.1653769579462919,fitted,compact,False
3083,TYC 5854-01040-1,20.62714944,-19.08105694,6.539,282.83418010837545,448.72788086997235,282.50160249566295,448.40252262187164,0.46525891510503,fitted,compact,False
3084,TYC 6390-00585-1,343.52333444,-19.17514000,6.556,253.52440251307624,810.746066347151,253.30200425750218,810.7928615872548,0.2272680764620564,fitted,compact,False
3085,TYC 2366-02263-1,61.40011306,34.23930944,6.691,894.9121664878303,286.48122789886685,895.01145413819,286.63870388641794,0.18616316544669614,fitted,compact,False
3086,TYC 4684-02182-1,22.47359056,-5.59586083,6.725,400.07461017687785,438.72193803455644,400.14566391544514,438.701784442504,0.07385662486876145,fitted,compact,False
3087,TYC 3897-00630-1,265.15068417,57.31026333,6.892,1124.0496849556823,1030.7419624375648,1123.7744216063297,1030.9944394693578,0.3735164830095231,fitted,compact,False
3088,TYC 3756-01654-1,83.14037222,57.22156917,6.518,1132.1902128362158,410.55635655285363,1132.2639851858326,410.67656434456615,0.1410399686485338,fitted,compact,False
3089,TYC 3915-01288-1,270.62814306,58.62721083,6.875,1104.9000836223313,1013.1601360345492,1104.7555366116442,1013.1655896853333,0.144649855186439,fitted,compact,False
3090,TYC 5731-01721-1,293.88943083,-12.25306833,6.393,444.00642054834987,1275.662406164214,443.9415606196657,1275.5505961277695,0.1292605686148147,fitted,compact,False
3091,TYC 4694-00828-1,36.23452722,-3.89267389,7.003,458.2466421753087,315.7168809694008,458.0856213133972,315.7095558967125,0.16118738989326953,fitted,compact,False
3092,TYC 3539-01700-1,278.62873556,51.78232417,6.831,1037.0232755650015,1055.9599046325002,1036.7962209538723,1055.65709361653,0.3784815818874252,fitted,compact,False
3093,TYC 6441-01007-1,44.90029333,-25.27433083,5.735,299.2303156141407,221.1477627524323,299.4875640442615,221.41996079005116,0.37452440038424034,fitted,compact,False
3094,TYC 5214-01340-1,328.08848889,-3.17463389,6.590,406.0989811078712,957.4272229695458,406.24563441994985,957.4524342750819,0.1488045828275008,fitted,compact,False
3095,TYC 6396-01220-1,349.36814778,-16.17218667,6.675,275.47561707390065,753.9763864100995,275.29086929199406,753.918807094615,0.19351258483900666,fitted,compact,False
3096,TYC 0633-00356-1,30.73985806,11.01875944,6.668,566.2662901762454,391.7599934172557,566.4086169051357,391.6960315633123,0.15603850972265823,fitted,compact,False
3097,TYC 5191-01841-1,313.49322056,-6.88940611,6.477,413.058443995941,1095.2773356526957,413.07220813116464,1095.4728912565288,0.1960393981040118,fitted,compact,False
3098,TYC 4511-02542-1,71.50165278,76.61135444,6.514,1153.9815945397368,597.0072703487139,1153.7461169904223,597.1816177140558,0.2929960409849588,fitted,compact,False
3099,TYC 4641-00817-1,184.20607417,86.43584194,6.378,1213.3557198472772,728.3424328741044,1213.2606127734093,728.4267568486082,0.1271058148781394,fitted,compact,False
3100,TYC 0627-00607-1,24.81412806,14.28562667,6.877,575.1525767589706,447.82932526426464,575.5877167899066,447.70106159611515,0.4536501020502385,fitted,compact,False
3101,TYC 0041-01221-1,32.93085889,3.45271750,6.686,509.1960511271593,357.40183416298976,509.3670824453536,357.41265816225916,0.1713734832565037,fitted,compact,False
3102,TYC 0080-01093-1,62.83416500,5.52303556,5.744,676.1855653958497,128.99494092575532,676.3638839052994,128.72545653279985,0.32313979770207074,fitted,compact,False
3103,TYC 0048-01697-1,44.29307806,0.44780583,6.664,529.8876384089448,254.73013343879927,529.6037979032762,254.81323356007715,0.2957550723395435,fitted,compact,False
3104,TYC 0006-01362-1,6.56869417,3.82575611,6.872,448.9367867708776,594.7803674897871,449.04588446573547,594.8165114537396,0.11492907879866486,fitted,compact,False
3105,TYC 2618-01885-1,264.57881111,36.74728528,6.902,1036.303625266287,1209.330065153152,1036.1224508783505,1209.76443639731,0.47064055987087866,fitted,compact,False
3106,TYC 1258-00526-1,60.27900722,20.19934639,6.874,783.0321886547126,212.90082766231828,782.8458999821155,212.30171119079893,0.6274105641314935,fitted,compact,False
3107,TYC 5278-02314-1,29.29090694,-10.24185611,6.509,379.65189621026065,371.17411105132214,379.63481448374085,371.0451852219455,0.1300525080933043,fitted,compact,False
3108,TYC 6985-01216-1,358.58710083,-27.04290056,7.408,190.36034516810042,661.6597717038683,189.9770000530358,661.6201296964726,0.3853893693321965,fitted,compact,False
3109,TYC 0502-02624-1,300.80243972,4.73024944,6.746,566.1228764503438,1185.3972324716956,566.1864828801938,1185.6820054957282,0.2917900840243172,fitted,compact,False
3110,TYC 3186-01633-1,320.25598861,40.34554694,6.450,797.7942055546986,936.9310733159346,797.9019325141167,937.1056096533098,0.20510492643967201,fitted,compact,False
3111,TYC 4192-00773-1,240.24108333,64.95004333,7.082,1238.304880957934,952.3432801749915,1237.609900344573,951.9694024212109,0.7891657796178587,fitted,compact,False
3112,TYC 4137-01407-1,148.76395111,61.11613111,6.404,1387.5741021928714,589.3295774103979,1387.5128086908323,589.5257365569729,0.2055122969003422,fitted,compact,False
3113,TYC 3502-02257-1,247.52532083,48.96122056,6.431,1194.5167153377065,1112.2926241005207,1194.6498187231168,1112.3140339857418,0.13481429595139946,fitted,compact,False
3114,TYC 0518-01403-1,308.49967250,4.89868583,6.531,534.5350303010124,1121.9608264929875,534.516222961183,1121.9061792175494,0.05779308560953099,fitted,compact,False
3115,TYC 5198-01476-1,320.61150083,-3.13009722,6.724,424.33345809162887,1026.794920585399,424.4446660939488,1026.7715306690286,0.11364113677627809,fitted,compact,False
3116,TYC 5247-01099-1,350.06538250,-3.91888889,6.695,375.6216328357508,748.4362421381879,375.6000230086346,748.4335333257567,0.021778941498156148,fitted,compact,False
3117,TYC 0663-01231-1,54.82102333,13.89173056,6.771,699.1547295711772,217.82241675236384,699.4196204433672,217.75392873735598,0.2736015028637316,fitted,compact,False
3118,TYC 5784-01500-1,317.92215167,-14.47237694,6.482,333.76447257424513,1058.0777051172236,333.77886668894587,1058.5691457637631,0.49165140049555167,fitted,compact,False
3119,TYC 4632-02067-1,152.14333306,83.91835833,6.502,1230.748594899702,699.884440432774,1230.8778837222549,699.910169387483,0.13182404464855718,fitted,compact,False
3120,TYC 1704-00079-1,338.95702083,20.27455000,6.738,588.6112044922867,840.8809705016184,588.6936640085144,840.849916998061,0.08811294967085187,fitted,compact,False
3121,TYC 2389-01230-1,77.64573000,30.79754917,6.875,974.5165635073428,199.07102962752268,973.767010468968,199.17544520262675,0.7567908361371343,fitted,compact,False
3122,TYC 3306-01623-1,35.83388750,52.08313250,6.663,920.6635409782577,505.0244775614404,920.7945783127819,504.9996963215924,0.13336001232606723,fitted,compact,False
3123,TYC 4126-02445-1,123.96049889,60.38058639,6.508,1313.3280800647112,486.1024918512752,1313.3817326248477,485.8793686786672,0.22948321804404304,fitted,compact,False
3124,TYC 1247-01065-1,54.75025972,20.91584556,6.514,756.8791611586288,249.41433077754093,756.700701129912,249.3226362501552,0.20063865081807533,fitted,compact,False
3125,TYC 1735-01440-1,2.25065667,28.24755556,6.496,653.9484450654737,651.1088463189211,653.6769825283844,651.0080861098775,0.28955919734913205,fitted,compact,False
3126,TYC 3671-02315-1,25.05464917,53.86828917,6.543,908.7765947149212,562.3185103176437,908.8977001763185,562.1135641238171,0.23805351319451237,fitted,compact,False
3127,TYC 2806-02220-1,14.12785222,42.97880972,6.630,796.7032697142778,589.3130858910789,796.9502381186313,589.1444729384527,0.29903799180413504,fitted,compact,False
3128,TYC 5840-01010-1,5.76814139,-15.94261417,6.616,284.67202994467146,593.1250253331947,284.3980120059563,593.0996972604163,0.27518601346796145,fitted,compact,False
3129,TYC 5745-02610-1,305.75323639,-9.65467194,6.384,416.24978297466765,1168.1506778408063,416.1301404845499,1168.211692766449,0.1343024444779791,fitted,compact,False
3130,TYC 2446-01996-1,106.54845056,34.47408083,5.652,1215.6351815573666,198.76313522435078,1215.4241756367355,198.96120518185683,0.28940491807817703,fitted,compact,False
3131,TYC 7511-01199-1,344.64588111,-35.52296722,6.211,123.22579591289313,793.4749742522758,123.07516854394964,793.4195513224328,0.16050017267040081,fitted,compact,False
3132,TYC 2337-01141-1,42.36219250,37.32642139,6.498,828.0994629409,400.7641379900918,828.1242547578704,400.8827798307852,0.12120445764000329,fitted,compact,False
3133,TYC 3237-00189-1,357.82724083,40.19867583,6.815,755.9559340351695,691.475727210045,755.9272430296187,691.2935205519237,0.18445172827389383,fitted,compact,False
3134,TYC 6966-01508-1,337.72395417,-26.07358194,6.552,202.32301510222038,865.2692206843532,202.09248237939448,865.2987616799127,0.23241774181884037,fitted,compact,False
3135,TYC 3744-00755-1,68.93139806,59.40084583,6.790,1081.4080053521566,448.41921958079627,1081.0402447476774,448.78655410092614,0.5197908347459678,fitted,compact,False
3136,TYC 0648-00600-1,47.11625306,7.64306528,7.041,605.1193109702601,250.42463494868653,605.5944840688602,251.41279068162885,1.0964676129188482,fitted,compact,False
3137,TYC 4525-01643-1,91.28883139,75.58594361,6.448,1191.3696210253936,582.7647777448012,1191.1897772435987,583.1005772948735,0.3809266644369029,fitted,compact,False
3138,TYC 4138-01441-1,141.43410972,63.94102333,6.405,1352.6104345115912,573.9509975439059,1352.76390056951,573.9044226780577,0.16037783220240198,fitted,compact,False
3139,TYC 3042-01023-1,219.70949694,44.40454278,5.390,1372.5407425302851,1082.3050985510527,1371.8567934643834,1081.702725955445,0.9113940249348771,fitted,compact,False
3140,TYC 3751-00392-1,92.94129417,52.64735778,6.289,1168.2589403335433,363.8105451021693,1168.174000750092,363.7672226783033,0.09534969977133263,fitted,compact,False
3141,TYC 1179-00033-1,3.28963750,16.92164889,6.632,556.7821811294955,633.7674238562843,556.6880465136425,633.7027870477796,0.11418950440154092,fitted,compact,False
3142,TYC 3197-02586-1,329.54644722,43.23880444,7.413,802.3132630732664,872.3606988419218,802.5199986286301,872.3490872971701,0.20706138660566947,fitted,compact,False
3143,TYC 7005-02272-1,23.23355028,-36.86518389,5.605,139.96207433769484,430.2033970533811,140.10401874052002,430.4201746631584,0.25911531331465715,fitted,compact,False
3144,TYC 1166-00471-1,345.13485056,13.46864333,6.838,524.0713783238683,792.3897182985619,524.3011332613853,791.9529559461455,0.4935065184997431,fitted,compact,False
3145,TYC 4556-01440-1,184.04857694,80.12509417,7.237,1264.105221918957,740.0191725382905,1263.7713069189094,739.9274568273047,0.3462816756608317,fitted,compact,False
3146,TYC 5776-01480-1,318.56965139,-10.60539139,6.745,365.42358351312856,1051.0497212614064,365.499736527323,1051.0785863394099,0.08144000429180569,fitted,compact,False
3147,TYC 1841-01370-1,67.58320917,28.13177722,6.596,888.5286213888021,219.962788464535,888.3849855723251,219.88395044683688,0.1638495676209414,fitted,compact,False
3148,TYC 3482-01697-1,231.02136944,45.27102750,6.191,1297.1806548417223,1118.2733915766428,1296.938965702808,1118.1603484542056,0.26681901618794224,fitted,compact,False
3149,TYC 3876-00954-1,236.88317056,59.56867111,6.670,1256.4751477644295,997.4280425539504,1256.0737448779837,997.399866893744,0.4023905380039119,fitted,compact,False
3150,TYC 5859-02320-1,35.73979444,-18.35467389,6.334,330.0801851206219,306.3110736888865,329.7891608301505,305.9647295540239,0.45238191541892686,fitted,compact,False
3151,TYC 3131-01496-1,284.77396806,43.72098528,6.851,958.7825943873238,1097.007713989995,958.597951007539,1096.7421515657797,0.32344486215336743,fitted,compact,False
3152,TYC 1743-01174-1,15.43124750,25.29224833,6.805,646.7146959846112,544.5876678872759,646.7627166693624,544.4152875660733,0.1789440172284948,fitted,compact,False
3153,TYC 3797-01226-1,128.13932778,53.11502556,6.340,1353.9677040948136,438.31286697983415,1354.3811834328085,438.7118244328098,0.5745713291084997,fitted,compact,False
3154,TYC 0581-01198-1,351.06861944,3.71557806,6.871,438.7455751128323,739.1547704723619,439.23890839242665,739.2787962323172,0.5086846900466218,fitted,compact,False
3155,TYC 5277-01174-1,23.26463528,-9.01467806,6.587,373.1724527480324,428.4733218292583,373.24884886820263,428.3108692482292,0.17951938129369008,fitted,compact,False
3156,TYC 6939-01039-1,323.81628889,-23.45428028,6.506,243.5391552588952,1000.9696203240256,243.35807923371283,1001.0874170204773,0.2160198800823185,fitted,compact,False
3157,TYC 3804-01775-1,129.79209111,59.93923611,6.469,1337.0752840853202,501.2519604430118,1336.9031496101243,501.3502693303652,0.19822945009163712,fitted,compact,False
3158,TYC 3842-01310-1,194.07350083,54.09948333,6.040,1443.768867583776,861.8746444332193,1443.1148682985768,861.7800077156417,0.6608109966964618,fitted,compact,False
3159,TYC 3480-00327-1,222.38486667,51.37449750,6.526,1340.4888312198323,1032.1797175454672,1340.4403633444354,1031.9073075097326,0.27668820450894266,fitted,compact,False
3160,TYC 3797-00583-1,124.56586583,54.14376528,6.433,1334.2078760509012,433.9351098484111,1334.2589523861848,433.8471817667303,0.10168647684955658,fitted,compact,False
3161,TYC 5217-01379-1,326.09949000,-4.73088667,6.673,397.2089013660209,977.0009206149375,397.24720098943993,977.0724727597882,0.08115768963426938,fitted,compact,False
3163,TYC 3779-00927-1,106.50505000,59.80185861,6.526,1241.6666123938896,442.07608174419477,1241.8482313275526,442.04578162171964,0.18412912449391042,fitted,compact,False
3164,TYC 6403-00067-1,354.51243028,-15.09485222,6.501,283.97457877964143,703.6006229443713,284.0772704765994,703.5733937709446,0.10624035254837813,fitted,compact,False
3165,TYC 5294-00585-1,46.29692417,-8.27429972,6.426,461.41405251866416,221.05439598837407,461.2585288721637,220.69273715058085,0.39368098706279603,fitted,compact,False
3166,TYC 5212-01709-1,323.56287000,-3.41053778,6.962,414.26224827904235,999.7339310922205,414.4240984334937,999.7745234168226,0.16686284581217495,fitted,compact,False
3167,TYC 7533-00569-1,15.32595444,-38.91664361,5.715,111.16199970069206,505.22104922921494,111.61449143882305,505.4721740147277,0.5175059719226872,fitted,compact,False
3168,TYC 4569-01447-1,268.61143806,75.17121889,6.485,1162.5614814163503,863.5950307444808,1162.3765960680178,863.5518275059732,0.18986603657731815,fitted,compact,False
3169,TYC 4163-00436-1,196.59526583,62.04196806,6.265,1384.6742804740816,839.1759702964392,1384.627812129706,839.3813265670241,0.21054810589869294,fitted,compact,False
3170,TYC 4568-00876-1,253.22979306,75.39282944,6.848,1196.23547142468,862.099722837606,1195.2316626740967,862.018872841893,1.007059446882164,fitted,compact,False
3171,TYC 5782-01504-1,315.28472278,-13.53000472,6.646,349.5578494998866,1082.9049224624432,349.3598217584392,1083.1034607097765,0.2804147322038199,fitted,compact,False
3172,TYC 2746-01766-1,337.43352833,35.72572056,6.564,725.3224599037105,834.5301437978052,725.1376128697434,834.9548278139604,0.46316837062147087,fitted,compact,False
3173,TYC 1719-01870-1,351.07890222,21.41313500,7.476,590.4716790364096,739.448328350319,590.3278318045557,739.0460244665543,0.4272475172592618,fitted,compact,False
3174,TYC 2295-01556-1,18.22075667,32.07546222,7.019,710.8866894115944,537.5888261184094,710.8340806127048,537.3400888860073,0.25423984051223686,fitted,compact,False
3175,TYC 3115-02037-1,272.70836083,44.59833333,6.920,1028.139980467338,1127.2489908926816,1028.0001651126252,1127.3138424060771,0.15412349659670396,fitted,compact,False
3176,TYC 1682-00385-1,334.71858139,16.25797306,6.916,560.311709218995,880.7359441190109,560.0160005591682,880.4691019199491,0.39830688005191606,fitted,compact,False
3177,TYC 3345-02184-1,76.06739583,45.77950028,6.541,1048.6101560897248,321.25245800654864,1048.7077419721345,321.2731749331214,0.09976069111780808,fitted,compact,False
3178,TYC 1176-01420-1,356.40506417,13.15270861,7.156,520.030648252858,692.0943948672812,519.8778440009241,692.0014697778361,0.17884130299637016,fitted,compact,False
3179,TYC 1695-00429-1,336.00201278,15.28150111,6.772,549.595327465826,870.3167959394084,549.6388355187078,870.4702755816791,0.15952727433606173,fitted,compact,False
3180,TYC 1240-00853-1,48.47862444,18.97330917,6.664,708.0241753812116,281.71033555015816,707.9966671557786,281.79806034715574,0.09193662205422679,fitted,compact,False
3181,TYC 6420-00181-1,7.05893194,-29.04020722,6.857,180.25744503968517,579.2327570661072,180.4801794915113,579.4282423981235,0.29635308512622766,fitted,compact,False
3182,TYC 4472-00575-1,312.95917972,74.63912472,7.273,1082.0392441155038,813.6740306401717,1081.6912179136098,813.9030836442657,0.4166383514383891,fitted,compact,False
3183,TYC 0602-01387-1,6.15894556,14.31552306,6.606,537.4788980306625,606.6791676425646,537.5200558069047,606.7480245009727,0.08021988216792536,fitted,compact,False
3184,TYC 2378-01358-1,70.95113028,32.86556556,6.529,942.2442769506055,237.5884907257163,942.381238883869,237.66331819731232,0.15606960520461124,fitted,compact,False
3185,TYC 2257-02707-1,355.00440389,27.51492611,6.774,643.7094578623629,707.4938499234429,643.502223746466,707.561536057241,0.21800777853118178,fitted,compact,False
3186,TYC 5249-01401-1,349.24612000,-7.16088417,6.741,348.93273873098434,756.0578022388062,348.94989700045977,756.1433982518184,0.08729881817634848,fitted,compact,False
3187,TYC 4683-02267-1,18.19888750,-6.78333944,6.680,379.96220417809525,477.7650925555254,380.06885417620555,477.75033186270184,0.10766661576161435,fitted,compact,False
3188,TYC 1126-00413-1,327.96610889,11.09119611,6.679,528.1079772120911,944.9746793321991,528.4165877641797,944.6799672937752,0.42672667886173854,fitted,compact,False
3189,TYC 2127-01185-1,287.00820861,24.72602944,6.591,808.9657773081613,1203.081977124549,808.9425022606994,1202.9111185624654,0.17243658565288963,fitted,compact,False
3190,TYC 2325-00347-1,42.50130222,30.52632333,6.777,774.5351075478698,369.03451499900825,774.626195191768,369.2723942030784,0.25472234805763716,fitted,compact,False
3191,TYC 4638-01422-1,231.79336861,84.82535806,6.982,1205.7187067303257,764.9908441762324,1205.7475995516604,765.0113387903366,0.03542349971360155,fitted,compact,False
3192,TYC 5285-00773-1,39.78728528,-9.83114417,6.759,419.9396484788243,276.25503693246213,419.7244459626091,275.78438819075546,0.5175155660030353,fitted,compact,False
3193,TYC 2151-05895-1,295.70447806,29.33165444,6.566,798.7834721964194,1129.9997134865826,798.699943885373,1129.8508897543043,0.170661893917484,fitted,compact,False
3194,TYC 1749-01315-1,22.42153250,22.82623361,6.781,641.6950080017332,485.0990912238551,641.7759985963756,485.19837985363705,0.12813160587658964,fitted,compact,False
3195,TYC 2175-01538-1,313.22326333,24.91460306,6.842,688.9054661763261,1032.9879750773823,688.943879978726,1032.9283368631789,0.07093896537307966,fitted,compact,False
3196,TYC 6363-01045-1,327.55404222,-16.84489972,6.528,292.0724653681831,966.6125100156231,291.8390020629297,966.7389572005077,0.2655070723447343,fitted,compact,False
3197,TYC 5798-00605-1,322.66822167,-14.29112806,6.759,323.8749369740106,1013.3711556570229,323.5462521569949,1013.4932261430474,0.35062075308645213,fitted,compact,False
3198,TYC 6982-01108-1,359.12476528,-24.73724139,6.417,208.91099681503226,656.578966770704,208.49585906740515,656.6440958879539,0.420215601112879,fitted,compact,False
3199,TYC 3880-02223-1,242.35836083,55.82892083,6.548,1231.0492198906152,1041.2138112534253,1231.2210925494983,1041.4563786234146,0.2972862927466737,fitted,compact,False
3200,TYC 2258-02768-1,358.73492944,29.47561833,6.765,662.3142373776583,679.234564688006,661.9932029013704,679.119568337807,0.34100923084944174,fitted,compact,False
3201,TYC 4648-03536-1,288.78296667,83.46273167,6.515,1159.3942469669933,778.4224901328146,1159.3241767181726,778.5384980707414,0.13552741948340105,fitted,compact,False
3202,TYC 6985-01213-1,357.45670278,-25.33129083,6.454,203.26119327398482,673.0636483812489,203.0084028512423,672.8689072089909,0.3191036226725633,fitted,compact,False
3203,TYC 3724-00484-1,54.93817028,56.38303972,6.522,1012.4125940848098,458.8952319668415,1012.2903464732849,459.1472332845912,0.28008774102259953,fitted,compact,False
3204,TYC 5803-01956-1,332.37423972,-7.54759528,6.618,361.21651145935596,918.7821763566077,361.40881333910596,918.9699880123313,0.2687996111995675,fitted,compact,False
3205,TYC 2229-01549-1,342.86110778,26.39105250,6.993,637.941549228627,803.8961613671496,637.7082746931474,804.1533653065493,0.3472331714366376,fitted,compact,False
3206,TYC 0012-00754-1,14.41521083,1.78558333,7.110,444.56198817098715,520.9742659022287,444.3475923153744,520.6216414103728,0.41268585529494806,fitted,compact,False
3207,TYC 6411-01280-1,359.29222083,-20.83361222,6.553,240.26589118083731,655.5888775562187,239.7099169989832,655.5682437659431,0.5563569395536343,fitted,compact,False
3208,TYC 4678-01065-1,9.00719833,-5.57046889,6.768,373.427161829228,565.8155852255228,373.72091961206394,565.8788215702505,0.3004870550809198,fitted,compact,False
3209,TYC 4382-00847-1,139.98241472,74.01674694,6.526,1289.3726884599937,630.9873799916157,1289.4411046194818,631.198644385523,0.22206624014497753,fitted,compact,False
3210,TYC 3729-01086-1,59.04933917,59.64150917,6.626,1046.388559275447,471.8646122074747,1046.0979293151688,471.79898789212484,0.29794684857616305,fitted,compact,False
3211,TYC 1695-01392-1,336.10391472,16.26300167,6.985,557.5843171701878,868.3495545279023,557.9321492727148,868.6521583856368,0.4610382481574981,fitted,compact,False
3212,TYC 1837-00510-1,67.33261583,27.40429389,6.543,881.4343905148143,216.56089491744223,881.5615819539365,216.41075025435555,0.19677673144812216,fitted,compact,False
3213,TYC 4702-01069-1,40.87043667,-2.53148889,6.586,488.5295079513913,277.7449395001205,488.44532109112373,277.5748293841976,0.18980221015840104,fitted,compact,False
3214,TYC 3947-01193-1,297.06429139,59.42263000,6.709,1012.0821305504821,948.9086477523437,1012.1868330880534,948.6231733334606,0.30406950720266296,fitted,compact,False
3215,TYC 6983-01313-1,354.04023944,-26.87631556,6.603,190.07238618480605,706.0438718200481,189.79817837116855,705.9679820500949,0.28451569771002255,fitted,compact,False
3216,TYC 5247-01101-1,350.33980583,-4.67269389,6.801,368.9678095871767,745.780943662966,369.3071402974208,745.7409775354039,0.3416761950547294,fitted,compact,False
3217,TYC 5825-01276-1,352.02141528,-11.44970222,6.475,313.33986341398025,728.6268062540328,313.449340101664,728.6172441895877,0.10989348580628955,fitted,compact,False
3218,TYC 4274-02379-2,327.90577500,65.75241222,7.280,994.2246588179656,813.924421893855,994.4236632571356,814.2254933813905,0.36089722555900794,fitted,compact,False
3219,TYC 5765-02131-1,313.27322028,-11.57376389,6.463,372.7085079218967,1100.6858006778136,372.6281808610043,1100.9649492803894,0.2904761247187525,fitted,compact,False
3220,TYC 2191-00773-1,322.17609417,25.92138000,6.701,669.7203180333933,964.5909044511106,670.1323283698458,964.6385717397767,0.41475858972724156,fitted,compact,False
3221,TYC 1905-01168-1,101.18943417,28.97098667,5.584,1150.9193799739205,143.21488381651753,1150.6681109793303,143.54491532392876,0.41479742468643344,fitted,compact,False
3222,TYC 4440-00948-1,267.85358056,74.56908917,6.771,1162.8144859191082,869.4783045793697,1162.6933746385378,869.5018195778613,0.12337300124201349,fitted,compact,False
3223,TYC 3431-01099-1,140.18246944,51.26573111,6.186,1416.827698646292,483.31925761147204,1416.3125587488344,483.31630519154714,0.5151483579863863,fitted,compact,False
3224,TYC 6446-01282-1,50.35010333,-23.63509222,5.595,336.15076007042666,172.0124733518117,336.4463112179552,172.1138227798823,0.31244549504782804,fitted,compact,False
3225,TYC 1747-01046-1,17.41302111,23.79431861,6.773,638.0453500852245,526.1912100867808,638.037631038557,526.2032341988544,0.014288560200867254,fitted,compact,False
3226,TYC 1203-00420-1,20.31238861,22.37467194,7.202,632.7774406886728,500.5438483395445,632.5828549785745,500.6679316233834,0.2307818448290562,fitted,compact,False
3227,TYC 6974-01441-1,345.10243611,-25.62674806,6.422,201.1742089369267,793.3387953092694,200.74930858695814,793.5712595938004,0.48433454448958746,fitted,compact,False
3228,TYC 4140-00899-1,152.28189444,63.95242361,6.736,1375.8356970456632,619.2930438572821,1375.537004190343,619.3875778019448,0.31329552903426094,fitted,compact,False
3229,TYC 1746-01093-1,14.76263611,27.65711944,7.137,665.9558471351793,553.9938431344177,665.806334522328,553.8124592784393,0.2350619590899615,fitted,compact,False
3230,TYC 4399-01584-1,183.92293917,72.55125667,6.420,1323.3358289692405,754.1845125368131,1323.3749350048793,754.1966103729045,0.04093457782206273,fitted,compact,False
3231,TYC 5159-02691-1,298.83121278,-6.73463972,6.555,472.28040649260214,1225.5916487125944,472.1114253181841,1225.5560192405806,0.17269654479370627,fitted,compact,False
3232,TYC 1863-02515-1,89.23382306,24.24969694,6.070,1022.4384392723509,116.3914462170873,1022.6304424810071,116.23636614930183,0.2468097639045286,fitted,compact,False
3233,TYC 3963-01007-1,312.32920722,58.74874556,6.854,966.0230646647931,900.6656350223082,966.1831771578986,900.5392878773856,0.20395982809991894,fitted,compact,False
3234,TYC 0596-01294-1,6.42454056,7.69122944,6.916,481.4646454006041,598.7159409341779,481.5011136962145,598.9554228187307,0.24224266679030468,fitted,compact,False
3235,TYC 1872-02488-1,90.25189056,27.57236861,6.067,1050.668644230288,141.54587214495152,1050.543891443261,141.31440475099203,0.2629456452147955,fitted,compact,False
3236,TYC 2447-00329-1,101.05216917,36.10925694,6.377,1176.1545093853952,209.90804704415586,1176.0512723438296,209.81085813658058,0.1417870604352939,fitted,compact,False
3237,TYC 6993-01137-1,3.74254222,-34.90419639,6.316,131.89697643326267,611.9355667216871,131.50465798030348,612.0596901311728,0.4114855882222973,fitted,compact,False
3238,TYC 6931-01019-1,315.43862611,-26.88093611,6.046,232.43077131969795,1078.5965337622308,232.19944807705053,1078.685123245075,0.24770655836998384,fitted,compact,False
3239,TYC 4538-00713-1,101.12626778,82.11545722,6.644,1201.7969284172987,648.5128188456291,1201.6754113945372,648.5841981622965,0.14093045685274908,fitted,compact,False
3240,TYC 1149-01072-1,334.51683361,13.95035861,6.948,540.4217785492481,884.3490469377352,540.4973832593995,884.586117888412,0.24883469985486367,fitted,compact,False
3241,TYC 1217-00481-1,33.46540833,19.61443167,7.004,649.0218853831968,392.85063048087073,648.9582888965472,392.27069841649086,0.5834087010064931,fitted,compact,False
3242,TYC 5226-01038-1,336.77795944,-1.30913917,6.843,406.74914271634026,874.7952987175994,407.31203587014187,874.7755114049564,0.5632408368880525,fitted,compact,False
3244,TYC 5832-01063-1,353.10787194,-10.99877056,6.884,317.1041871783821,718.2515581593265,317.18903589410434,718.0653468932268,0.2046312297332914,fitted,compact,False
3245,TYC 4422-02073-1,241.20395556,70.26165583,6.870,1228.719726566202,903.166672547019,1228.4869473615365,903.1798100079694,0.2331496322213769,fitted,compact,False
3246,TYC 6922-01266-1,313.25460639,-23.78305639,6.572,265.14885257291377,1101.3695430366665,264.98441998348204,1101.420162518327,0.17204769219842408,fitted,compact,False
3247,TYC 3934-02196-1,293.75514194,52.50209861,6.505,977.6855563320089,1005.4434282140498,977.5915873004666,1005.2810696549975,0.18759125935541754,fitted,compact,False
3248,TYC 4519-01223-1,71.31068861,79.65689944,6.670,1162.1581005064138,625.3870034355474,1161.872399946236,625.2977542345363,0.29931627080224815,fitted,compact,False
3249,TYC 2759-02238-1,347.53690139,33.76789889,6.929,699.3586486833921,763.6760740885929,699.2457131363568,764.0448714194824,0.38570183957995957,fitted,compact,False
3250,TYC 4553-01663-1,174.42630472,77.59569417,6.683,1285.9171653708745,723.517389974608,1285.7931542109602,723.6169726220488,0.15904550120831973,fitted,compact,False
3251,TYC 2305-01639-1,23.19879750,35.84279806,6.791,754.6151720509677,513.0009692909262,754.4884839712894,512.7746497748111,0.25936536566610996,fitted,compact,False
3252,TYC 6983-01298-1,353.91665250,-27.49010750,6.788,185.16765396832815,707.0629252318229,184.93953773390592,707.0505249923019,0.22845302000007645,fitted,compact,False
3253,TYC 6967-01376-1,341.38484111,-25.23694000,6.547,206.26996364870774,829.9585885644616,205.90044669868428,829.9999348677808,0.3718229325267709,fitted,compact,False
3254,TYC 1194-01583-1,11.68669139,21.62437194,7.013,608.3342300264153,568.5901074930987,608.2995883185565,568.3454743297902,0.24707373902069174,fitted,compact,False
3255,TYC 2448-01093-1,103.26475111,35.78800750,6.189,1192.6281037501533,208.20156276667845,1192.5353526189624,208.09870951214128,0.13849752454854544,fitted,compact,False
3256,TYC 4380-02247-1,125.53961278,74.82025972,6.497,1261.4708500321683,608.1754911509681,1261.5781076163755,607.9760079804549,0.2264900101284006,fitted,compact,False
3257,TYC 1119-00873-1,322.10347667,8.19570944,6.597,517.5993644637573,999.8877140161815,517.9045371412102,999.6461478086114,0.3892102204510309,fitted,compact,False
3258,TYC 5771-01610-1,316.85951028,-8.23487694,7.051,390.90242750830737,1065.670440623997,390.89608060685384,1065.5973319588177,0.07338364996612046,fitted,compact,False
3259,TYC 3499-02109-1,249.04671611,46.61332472,5.929,1179.9288281819302,1135.4247430201763,1180.0810740642494,1135.369376379842,0.16200084427270867,fitted,compact,False
3260,TYC 0616-00665-1,18.07999778,12.28194056,6.936,540.597769896341,500.9108043715406,541.1120142944159,500.95342822329167,0.516007842662774,fitted,compact,False
3261,TYC 5724-02579-1,295.51208361,-9.19345917,6.446,464.92657218543343,1257.4583652872575,465.0125715323595,1257.702881599891,0.2591989869108703,fitted,compact,False
3262,TYC 4200-01712-1,268.10573500,60.39627778,6.875,1121.8953687184603,1000.3576721915382,1121.8141588250348,1000.2826707186036,0.11054531981286701,fitted,compact,False
3263,TYC 4375-02457-1,128.22197222,69.31995889,6.456,1292.0200410543582,570.5232479210996,1292.1759102996045,570.5739221075291,0.16389964851687291,fitted,compact,False
3264,TYC 0036-01321-1,29.99321917,6.03553167,6.869,521.1568486794943,387.647744122602,521.3469706064027,387.63115546780637,0.19084425733907537,fitted,compact,False
3265,TYC 2247-00668-1,347.38524583,29.66960306,6.715,663.652155791127,766.6199867018125,663.3407481981834,766.9176553948512,0.43079152702702594,fitted,compact,False
3266,TYC 7011-00475-1,39.03864972,-30.04496611,5.843,236.01315640878644,277.3203980221479,236.14321170123037,277.675756282902,0.378409662375111,fitted,compact,False
3267,TYC 5313-02753-1,65.17846528,-7.59249222,5.818,570.9815083971064,67.64377497810698,570.903063647829,67.6524942205881,0.07892783969324384,fitted,compact,False
3268,TYC 3100-02307-1,265.15632667,43.47053611,6.492,1066.6771267729277,1152.613691463512,1066.7670039404443,1152.6267814940525,0.09082540470786189,fitted,compact,False
3269,TYC 3510-00083-1,266.01796056,45.03466528,6.731,1069.2811088315284,1137.900476816007,1069.0175459150123,1137.8411693551145,0.2701532636856214,fitted,compact,False
3270,TYC 3718-00023-1,61.65244750,54.00887528,6.412,1024.073382988783,422.27977045902264,1023.7176686441221,422.49571327732986,0.4161297823707306,fitted,compact,False
3271,TYC 0577-01886-1,348.91734861,1.30837083,6.820,419.1012252471493,759.6467478578045,419.4548136736392,759.4790853756675,0.39132529085652656,fitted,compact,False
3272,TYC 5244-01064-1,352.37635278,-1.03583083,6.958,399.41944592735786,726.8092293365859,399.39186207862,726.5485957046518,0.2620892191722809,fitted,compact,False
3273,TYC 1728-00126-1,358.99323083,21.16591528,6.772,590.099376082491,672.9453116335109,589.9209270162708,672.780172608013,0.2431356966330622,fitted,compact,False
3274,TYC 3745-00195-1,70.82401444,59.52123139,6.544,1088.990434651973,446.47064436254936,1088.9374356376077,446.51728104394124,0.07059656914421697,fitted,compact,False
3275,TYC 3353-00205-1,76.47842556,50.04605667,7.318,1072.108718807291,355.4186370666859,1071.6187871883244,356.0702332904216,0.8152365485243678,fitted,compact,False
3276,TYC 4219-01871-1,279.60101306,63.53282667,6.970,1092.195724619924,957.8074162441458,1091.973993902417,957.7353798855844,0.2331389028903741,fitted,compact,False
3277,TYC 3506-01319-1,254.02682972,50.03890500,6.797,1158.4619560272981,1104.0617089102066,1158.6388871024496,1103.9349907453484,0.2176283498519776,fitted,compact,False
3278,TYC 4682-02796-1,22.00466167,-2.03528667,7.072,429.08635813853266,446.6397202938738,429.09056723134916,446.72499820532556,0.08538172312571357,fitted,compact,False
3279,TYC 3875-01135-1,234.78968278,57.92441556,6.565,1267.008359327624,1008.503877600582,1267.1651297178707,1008.7646990632933,0.30431035254978417,fitted,compact,False
3280,TYC 4167-00701-1,201.50144167,63.26075944,6.574,1366.265666731951,855.3168995124364,1366.0506654571982,855.3153824706106,0.2150066267843498,fitted,compact,False
3281,TYC 4188-00619-1,238.37091444,65.28817389,6.829,1244.078275265379,946.0833504464875,1243.9263925075143,946.23006295461,0.21117038659860443,fitted,compact,False
3282,TYC 3738-00522-1,74.20618972,55.82417167,6.839,1086.6245963651897,409.0930745028704,1086.7465233560936,409.3090395642413,0.24800624759022663,fitted,compact,False
3284,TYC 7490-01840-1,324.20313333,-33.04789250,6.127,162.10414224067347,989.6025051110781,162.24662148612072,989.4470157550566,0.21089636132285824,fitted,compact,False
3285,TYC 2751-01690-1,346.94931778,30.43958278,7.338,670.7471498784857,769.2105560476482,670.2958043320048,769.9325386667479,0.8514527025092015,fitted,compact,False
3286,TYC 6962-01576-1,336.54456889,-23.68244250,6.273,222.699399515849,877.7636280632095,222.56321222382041,877.7947485299046,0.1396977521558645,fitted,compact,False
3287,TYC 3799-02318-1,120.64924972,57.27376222,6.562,1308.2124342563352,448.95891602109094,1308.232376141379,448.828496397115,0.13193542775591188,fitted,compact,False
3288,TYC 3727-02001-1,64.33789472,57.17828639,6.707,1052.1273947359782,440.05021027270385,1052.0787215647745,440.1349964954135,0.09776390518179562,fitted,compact,False
3289,TYC 5194-00478-1,319.16440972,-1.60772306,6.587,441.55956406285617,1038.441242646838,441.6135302276598,1038.480480724906,0.06672311229321802,fitted,compact,False
3290,TYC 2731-01286-1,328.83857306,36.14626861,6.849,742.5146476094582,893.0163769181213,742.6743020662403,893.467247777679,0.4783033321739095,fitted,compact,False
3291,TYC 1743-02013-1,15.70953944,26.29933694,7.258,656.780393346262,543.6754453166756,655.9790331201108,544.0991769682059,0.9064914365650869,fitted,compact,False
3292,TYC 1763-03030-1,30.53280361,28.40022417,6.675,712.6543625144375,440.3408333259699,712.7514777865853,440.3968978508891,0.11213655531873828,fitted,compact,False
3293,TYC 4111-00702-1,107.40742833,60.79219778,6.764,1245.1604252208563,452.79331310925096,1245.1826607114215,452.7611174860106,0.03912767813849221,fitted,compact,False
3294,TYC 4419-02887-1,244.54086111,68.55444194,6.516,1220.3194024037357,922.5714587933996,1220.2856951689116,922.5429566540114,0.04414237906131555,fitted,compact,False
3295,TYC 3502-02256-1,250.61539944,49.93669111,6.530,1178.0540033624457,1104.515892017481,1178.2557563408268,1104.55215643361,0.20498627310830023,fitted,compact,False
3296,TYC 6424-00596-1,15.82400611,-29.52577583,6.386,188.2741423622,495.34886416682644,187.77241206686722,495.3035290136137,0.5037743198809764,fitted,compact,False
3297,TYC 3758-02423-1,87.64121722,56.91894750,6.542,1152.2901102436629,405.18958447075437,1152.1647385143065,405.098781228561,0.15480083757733198,fitted,compact,False
3298,TYC 3106-02121-1,271.17991722,40.08412583,6.577,1011.7729388536691,1166.7817938036428,1011.7340828837124,1166.9501386678462,0.17277088789761966,fitted,compact,False
3300,TYC 4312-01101-1,38.93243833,68.36779806,6.679,1047.0515956893173,582.776681377637,1047.1908396159931,582.7318274108579,0.14628994993478234,fitted,compact,False
3301,TYC 4399-01256-1,178.42989917,73.75633500,6.838,1315.871183184645,736.1000342550071,1316.0370545519936,735.8458067365882,0.30355385292823156,fitted,compact,False
3302,TYC 4379-00137-1,138.51352417,71.65592083,6.627,1301.485942981176,613.1663666621215,1301.3946180618789,613.0215644201933,0.171195590340658,fitted,compact,False
3303,TYC 4701-01095-1,38.83338972,-3.55960778,6.895,471.2661811886564,293.5899145600413,471.08257194103396,293.4059131372341,0.259940145817335,fitted,compact,False
3304,TYC 3087-02290-1,262.66753333,38.88216944,6.489,1060.3538852926042,1195.5536827525232,1060.3610072840243,1195.8318378640956,0.2782462737498465,fitted,compact,False
3305,TYC 0560-01322-1,335.86507806,0.60863639,6.965,424.33398239306723,882.3221297287271,424.7383458417231,882.4690015284291,0.43021055793249563,fitted,compact,False
3306,TYC 3088-02412-1,266.49352028,39.32250417,6.694,1037.435385073184,1184.4260676093509,1037.1906931846047,1184.521830771644,0.2627635887807576,fitted,compact,False
3307,TYC 1198-01155-1,22.10123306,17.07933639,6.655,591.725608854305,475.4932573841492,591.9187286550205,475.61484479113744,0.22820770137416363,fitted,compact,False
3308,TYC 1794-01739-1,44.06643139,29.16411972,6.651,770.2144781048034,353.4557969480146,770.3434509104919,353.6178255597369,0.20709238427284285,fitted,compact,False
3309,TYC 1720-00421-1,352.25924333,16.01254500,7.105,543.8713152011678,728.9997326499926,543.6770172014305,728.9828322167047,0.19503163165810872,fitted,compact,False
3310,TYC 1725-00510-1,358.69816944,18.74679222,7.075,569.0234919978011,674.0331325137481,568.889238518101,674.117821172009,0.15873300113591207,fitted,compact,False
3312,TYC 5830-00014-1,356.64170556,-8.99674333,7.303,334.50815799311357,683.6955528523099,334.41508371294907,683.9803606903799,0.29963031597998985,fitted,compact,False
3313,TYC 1174-00885-1,359.44250806,11.47440028,6.648,506.83047799150654,664.2648157484432,507.0586546458115,664.2815540938743,0.22878976764175943,fitted,compact,False
3314,TYC 7525-00933-1,7.11009667,-39.91490778,5.600,94.71411670158005,581.9499055034942,95.20645598799103,582.0744578983954,0.5078496549366813,fitted,compact,False
3315,TYC 3084-00690-1,256.27058500,43.81223917,6.455,1124.6431764687343,1160.3509196247314,1124.710058493914,1160.4201079533077,0.09623008938638664,fitted,compact,False
3316,TYC 2897-02580-1,70.04607833,40.78906222,6.631,987.1266850505752,298.20761544701344,986.8950733859347,298.25990304358385,0.2374404261129328,fitted,compact,False
3317,TYC 6983-01312-1,352.98329278,-25.74418722,6.689,198.7255919585651,716.5503282883845,198.58685740765554,716.5213277169813,0.14173323095799178,fitted,compact,False
3318,TYC 4231-02035-1,297.59127361,61.20897917,6.757,1022.1388485405064,934.949318724686,1022.2998125079956,935.1344908534188,0.24535304377430037,fitted,compact,False
3319,TYC 4117-01823-1,116.61441278,62.83066111,6.495,1278.7078178343065,488.6555592472309,1278.7949858869706,488.53890716930107,0.1456227203790388,fitted,compact,False
3320,TYC 5226-00795-1,336.14919528,-1.18676083,6.849,408.91619505590256,880.7023731399646,409.1937574067742,880.6517109272673,0.2821480434395435,fitted,compact,False
3321,TYC 4191-00396-1,257.03149250,61.15947750,6.780,1169.7606878446645,998.8222057791259,1169.6189534991709,999.0744989976965,0.289379496214351,fitted,compact,False
3322,TYC 2919-00708-1,86.81116917,42.52695444,6.449,1098.1669225438434,275.12023599353387,1098.2742889411754,274.85332784012206,0.28769342299357814,fitted,compact,False
3323,TYC 7982-01118-1,329.82450889,-38.39509278,5.606,110.63803294502983,930.1823845505124,111.03386590918888,929.7886753180188,0.5582926609455369,fitted,compact,False
3324,TYC 1690-00145-1,334.69583111,19.96226667,6.972,592.128332413938,876.2602776439642,591.9948683604604,876.5044863127705,0.278299348707162,fitted,compact,False
3325,TYC 7520-01017-1,352.00285944,-35.54448639,6.469,122.06779314756362,723.4145534757514,121.90636030543101,723.5546333570468,0.21373566773643576,fitted,compact,False
3326,TYC 4162-01198-1,190.76745139,61.15537417,6.523,1401.6243228239512,814.0956967163014,1401.5535641947504,814.0613520485416,0.07865328861468254,fitted,compact,False
3327,TYC 3234-00967-1,351.14544222,41.11291528,6.710,763.0684113615364,736.2064254078316,763.1386131038643,736.4552416908396,0.258530128448819,fitted,compact,False
3328,TYC 7488-00566-1,328.98168667,-30.60587028,6.518,175.4762824579258,946.6809605356839,175.3600154760345,946.61451703667,0.1339132168208885,fitted,compact,False
3329,TYC 4667-00382-1,3.73247028,-3.02735139,6.840,388.4161681300176,617.4875118408436,388.5251583631932,617.5639148337569,0.13310254788619696,fitted,compact,False
3330,TYC 4388-00058-1,165.86403056,70.03081694,6.580,1344.4889075091205,693.114717102013,1344.6029653106352,693.1391348041042,0.11664221475000741,fitted,compact,False
3331,TYC 4684-00862-1,21.46804528,-3.92732861,6.656,411.55610714965667,449.66283466719125,411.72833501177155,449.67945787500815,0.17302822754332964,fitted,compact,False
3332,TYC 3887-01068-1,258.27608417,54.13915833,6.949,1146.7494231925548,1064.6740649868436,1146.9383120013363,1064.6758704449564,0.1888974371501251,fitted,compact,False
3333,TYC 2343-02195-1,45.37107333,32.41276306,6.959,801.9413370023341,360.4498154920559,801.9041316654649,360.4716791122022,0.043153852405682105,fitted,compact,False
3334,TYC 0551-01309-1,325.20096139,3.89690417,6.997,472.9554725932794,977.9758257647101,473.05801981663507,977.8163637247387,0.18958922756786,fitted,compact,False
3335,TYC 1211-01731-1,24.65520917,21.39823000,6.818,635.2416569033311,464.57170814887746,635.6960730879007,464.58270508054284,0.45454922869238423,fitted,compact,False
3336,TYC 3811-00654-1,136.67982028,59.34455278,6.438,1363.7386839509006,523.7333784325792,1363.7241146603656,523.6525789937166,0.08210245761981065,fitted,compact,False
3337,TYC 4593-02582-1,300.61049889,79.68102722,6.806,1129.3218232782197,800.1450379937731,1129.02847944861,799.5491323016244,0.6641943964724757,fitted,compact,False
3338,TYC 6437-00318-1,42.46247000,-24.56001056,6.266,297.05410382313227,243.5388104196811,297.2709770771256,243.43943974577167,0.23855510711549316,fitted,compact,False
3339,TYC 5855-01766-1,27.94204278,-15.64748472,6.637,329.7430774971831,380.27870247047747,329.4418725189998,379.98565584761167,0.42023893448306054,fitted,compact,False
3340,TYC 1794-01818-1,45.87548083,28.26995722,6.402,771.5943086712033,338.1461980544738,771.1951592607735,338.4173380797736,0.4825320353779738,fitted,compact,False
3341,TYC 5269-01655-1,9.93184056,-11.15048361,6.875,328.83469103623366,554.1208509093497,328.85497409331333,554.2192384717862,0.10045653212558528,fitted,compact,False
3342,TYC 1072-02400-1,302.53259944,8.44380944,6.656,590.6860669035293,1162.2117456124777,590.8110727384242,1162.1418882579726,0.14320093832168052,fitted,compact,False
3343,TYC 0572-01672-1,343.13694806,3.55223833,6.664,441.34704083708743,813.5162283637366,441.47785218442027,813.3750495148449,0.19246577868649065,fitted,compact,False
3344,TYC 4693-01145-1,34.91983611,-4.34558000,6.502,449.2846498825825,326.67920245362876,449.2860329619265,326.6923659943709,0.01323600065509527,fitted,compact,False
3345,TYC 3858-01216-1,212.19241972,59.33769833,6.585,1356.696080771502,925.8952283524791,1356.6737567897853,925.8282984274006,0.0705547661799109,fitted,compact,False
3346,TYC 0620-00417-1,20.49281722,12.60417361,7.085,549.4933832275572,480.7874974752642,549.6314433532615,480.8359228167188,0.1463065685623365,fitted,compact,False
3347,TYC 2750-01347-1,346.15152000,31.30754111,6.810,678.6391332616342,775.2988129153612,678.3319834919498,775.5682711271252,0.4085935742326995,fitted,compact,False
3348,TYC 2858-02106-1,44.70560556,43.36458444,6.757,883.580478771612,418.81207128023044,883.7179429222978,418.92159703426455,0.1757620081829546,fitted,compact,False
3349,TYC 3862-00489-1,214.44953250,55.42537306,6.876,1365.879920443766,965.0066885844118,1365.0765343829908,965.0092531386902,0.8033901540263962,fitted,compact,False
3350,TYC 0645-00789-1,39.00534528,13.75509000,7.322,620.6862343325969,332.4004371804983,620.9724344949059,332.62641996674057,0.3646625187533408,fitted,compact,False
3351,TYC 1809-01349-1,51.64734194,28.71532972,6.595,802.1895770611053,305.7864703433363,802.2123277799519,305.92702685134117,0.14238583900992147,fitted,compact,False
3352,TYC 2214-01318-1,328.47827611,28.34220139,6.800,676.0061401156163,912.2655150378613,675.9849665788885,912.3950989430155,0.1313023500649069,fitted,compact,False
3353,TYC 2410-02668-1,87.85727194,32.12469528,6.498,1056.185076628456,184.26840022438057,1056.2911055248287,183.72579908477508,0.5528635668654487,fitted,compact,False
3354,TYC 3800-00026-1,127.23134944,56.66711556,7.172,1338.24669257349,464.84075029640474,1338.762440284093,465.2152577478927,0.6373786411640544,fitted,compact,False
3356,TYC 1186-01064-1,6.51535333,20.14683250,6.662,588.1340232786016,609.1230865823234,587.9766972284262,609.1769811105744,0.1663012514660637,fitted,compact,False
3357,TYC 5747-01905-1,301.35971278,-12.66504861,6.530,406.4345628371818,1209.9721879430576,406.32550488242003,1210.242472262314,0.2914571164558212,fitted,compact,False
3358,TYC 5834-00395-1,357.52522639,-11.10310194,6.820,317.5021895184633,674.8191858298178,317.5352291345453,674.882037025584,0.07100626056972512,fitted,compact,False
3359,TYC 5254-01146-1,353.23098444,-3.01666861,7.100,382.470317861893,717.9709880149527,382.958917193967,718.1157942979221,0.5096058936968461,fitted,compact,False
3360,TYC 5747-02219-1,301.27256333,-11.59937917,6.433,416.6085891462377,1209.9554846187123,416.5267403216117,1210.1081817540799,0.1732502387938385,fitted,compact,False
3361,TYC 0501-02440-1,306.56380583,2.95717833,6.733,525.3739205267416,1142.0631509572513,525.2674632504476,1142.1599122822859,0.143860716314012,fitted,compact,False
3362,TYC 4388-00552-1,167.09110333,71.95902306,7.094,1329.690426592114,700.17191956397,1329.9382523786903,700.1904048798941,0.2485142398274808,fitted,compact,False
3363,TYC 4330-02034-1,50.02888111,69.73132917,6.578,1078.7598270256024,566.6073981693957,1078.7483745989255,566.7727393456569,0.16573733026760826,fitted,compact,False
3364,TYC 1171-00425-1,358.90709472,8.22329806,6.818,479.1184900303198,667.9928138374441,479.1276372885013,667.739178371249,0.2538003586370439,fitted,compact,False
3365,TYC 1730-02370-1,3.00551444,23.47173944,6.688,613.1308861280748,641.1799812964471,612.8693665219522,641.1398599769175,0.2645793352991497,fitted,compact,False
3366,TYC 4308-00891-1,16.20782750,74.37212889,6.810,1062.0396281988703,667.0543760116315,1062.160197202781,667.1851965880087,0.1779070204002752,fitted,compact,False
3367,TYC 3488-01292-1,228.96118444,50.93856278,6.562,1305.1686520093197,1058.8814736041693,1305.2312754245454,1058.7957117006554,0.10619226068252592,fitted,compact,False
3368,TYC 3079-00253-1,254.45910556,42.51254611,6.501,1131.9211442820222,1173.2369155610666,1131.9636663699484,1173.2587331522714,0.04779262754431658,fitted,compact,False
3369,TYC 4139-00879-1,146.48076750,63.65341167,6.565,1366.183192035089,592.8231563035419,1366.2190716795888,592.7080551994386,0.12056373026419837,fitted,compact,False
3370,TYC 4392-00630-1,168.04540917,68.27185444,6.411,1359.0480432953334,699.0806316859383,1359.2812631372885,699.0216818041015,0.24055474065200738,fitted,compact,False
3371,TYC 4397-01797-1,186.60192306,71.92988194,6.441,1326.4247935791125,764.2146649867115,1326.48850466958,764.0396075052496,0.1862906998868224,fitted,compact,False
3372,TYC 5161-02546-1,303.26843667,-0.33079583,6.670,510.0610332541095,1176.290699786407,510.0879109066744,1176.511743205639,0.2226715100617813,fitted,compact,False
3373,TYC 4170-00152-1,204.26136556,67.03641472,6.807,1336.6608562761348,844.8039568827447,1336.693215350193,844.7295134294687,0.08117226995443244,fitted,compact,False
3374,TYC 0068-01180-1,56.26131833,2.62139500,6.702,610.5522941780213,165.98841059345045,610.5821708986168,165.714678120298,0.275358103733486,fitted,compact,False
3375,TYC 5785-01259-1,321.35376250,-14.27734083,6.842,326.63934784023144,1025.9673640494668,326.7499189066286,1026.0083281398458,0.11791529767075089,fitted,compact,False
3376,TYC 3086-02092-1,261.00942861,38.58270000,6.614,1070.187468591928,1201.1032159153845,1070.243961415437,1201.1741614866453,0.09069020448505437,fitted,compact,False
3377,TYC 4215-01006-1,279.60132694,60.71093278,6.683,1078.7528026308034,981.4875671115484,1078.6493548571452,981.290455921503,0.22260786849510752,fitted,compact,False
3378,TYC 7501-01263-1,341.83001806,-34.16178444,6.424,134.87634335930053,820.7880131031363,134.90840283297337,821.0592148828016,0.2730901227539804,fitted,compact,False
3379,TYC 5857-01466-1,26.91174389,-20.84506500,6.704,282.8541175186534,388.49554192398887,282.412717814668,388.1890682680499,0.5373637506038551,fitted,compact,False
3380,TYC 5290-01089-1,44.55226333,-12.00579694,6.618,420.04593309674027,231.07094077650058,419.85308745172483,230.77984281525409,0.34918113615040136,fitted,compact,False
3381,TYC 5842-01164-1,4.38621222,-19.05108722,6.492,257.9733096387337,606.067193218327,257.82548135931904,605.9463550310278,0.19093210234129976,fitted,compact,False
3382,TYC 4106-00118-3,87.75457861,65.75406250,6.955,1171.781325961129,488.316261351987,1171.7667478418691,488.44629355430743,0.13084683871401664,fitted,compact,False
3383,TYC 0048-01600-1,43.88148639,2.01830139,6.577,541.5123785451616,262.0079279310782,541.4612921992308,261.91111499556973,0.10946487666063394,fitted,compact,False
3384,TYC 3277-00234-1,22.25318306,51.68609222,7.128,885.0476995238241,568.452724629397,885.374708732183,567.8804552753751,0.6591109435475825,fitted,compact,False
3385,TYC 1187-01227-1,8.23246806,16.16717111,6.953,556.2906551226409,590.60415575847,556.0903744911384,590.5850436942044,0.20119046288418993,fitted,compact,False
3386,TYC 1603-01605-1,288.88903889,18.51632750,6.671,747.9799273934073,1222.7765423423741,747.8672241923069,1222.678469846779,0.14939955130620808,fitted,compact,False
3387,TYC 0057-01438-1,50.90127972,0.91030333,6.603,566.1273155786398,202.6316495439655,566.004699017951,202.19079223154966,0.45759151091957695,fitted,compact,False
3388,TYC 6386-01329-1,339.02680361,-16.38794778,6.798,279.4790369721135,854.9647738301261,279.48862815518805,855.289411243077,0.3247790644118216,fitted,compact,False
3389,TYC 1238-00670-1,52.83804278,17.93817750,6.954,721.7694173740688,248.1630229749769,722.0435717997735,248.1849829648225,0.2750325258719773,fitted,compact,False
3390,TYC 1207-01354-1,30.46002694,15.06708222,6.670,600.1204874086957,403.27422171582407,599.9156666708939,403.478056219434,0.28896373387604,fitted,compact,False
3391,TYC 0039-01123-1,36.99973306,1.96092556,6.630,511.7953230680093,319.83193985621136,511.7763566317834,319.56086619081566,0.271736375507903,fitted,compact,False
3392,TYC 4558-02742-1,203.67838833,76.54671056,6.658,1277.3618624606465,790.3699437552367,1276.9914930699983,790.3312168090714,0.37238858990093093,fitted,compact,False
3393,TYC 3402-00652-1,103.35908444,51.51808833,7.001,1223.7904732830518,358.6570733539437,1223.8037519107304,358.56085428796933,0.09713099716365398,fitted,compact,False
3394,TYC 4679-01057-1,10.19783667,-7.23240167,7.117,361.79396149023194,553.4238100104654,361.6549124741603,553.5648175471114,0.19803472993755394,fitted,compact,False
3395,TYC 3902-00324-1,267.25953167,54.19430222,6.634,1102.332362425489,1056.6448358130665,1102.3027803795626,1056.5793504841206,0.07185698120812635,fitted,compact,False
3396,TYC 5269-02449-1,10.71149222,-9.92164139,6.694,340.1186998595737,547.2136164761439,340.15308830139423,547.2510326468096,0.050818645772244105,fitted,compact,False
3397,TYC 6426-00629-1,23.71481611,-23.69971333,6.553,251.34147316614877,418.78012728010094,250.6666611291074,418.5681626136688,0.7073190971206754,fitted,compact,False
3398,TYC 4684-02324-1,21.25240667,-5.94640889,6.834,394.1805713544146,449.81249326297296,394.1422443958445,449.7683894262539,0.0584303360128554,fitted,compact,False
3399,TYC 1162-00373-1,349.95031556,7.98216472,7.025,475.34889886821946,749.5643632318004,475.44791224143324,749.6456068417187,0.12807877352528046,fitted,compact,False
3400,TYC 1178-00835-1,0.63503111,16.25655139,7.237,548.5544695348239,656.2490462509787,548.7320976747968,656.1902218376052,0.18711511889473467,fitted,compact,False
3401,TYC 6914-01943-1,303.81934583,-27.03256333,5.824,263.129983847902,1187.4938173656717,263.407529920854,1186.9617246631037,0.6001287084760939,fitted,compact,False
3402,TYC 4587-02406-1,284.48863417,77.05097194,6.609,1138.5998863658763,836.4747777887275,1138.4209454966995,836.457678386347,0.1797560130385724,fitted,compact,False
3403,TYC 4672-01254-1,9.51902139,-0.50350556,6.786,416.5922581398256,564.185993513308,416.74327868856915,564.252557149427,0.1650391583721669,fitted,compact,False
3404,TYC 5281-01297-1,33.47313833,-9.06467722,6.588,403.67157256771037,333.9232064106987,403.2533531237223,333.71876549403277,0.46551433032386885,fitted,compact,False
3405,TYC 5274-01985-1,20.01238861,-9.88360861,6.694,358.1036078496914,458.4926910582456,358.07876255112876,458.3542882404526,0.14061517995476566,fitted,compact,False
3406,TYC 4621-01357-1,68.85041639,85.52700583,6.609,1174.6275045360912,680.3380149976005,1174.3320488940299,680.3830482264647,0.29886791083659836,fitted,compact,False
3407,TYC 3102-01975-1,272.40685222,38.45887167,6.483,994.565339254076,1176.3384900066226,994.6249457625332,1176.0780930578426,0.2671320025463019,fitted,compact,False
3408,TYC 6393-01236-1,343.87737833,-20.13937028,6.515,245.4010964323207,806.6742281974936,245.31018661788437,807.1146352933591,0.4496921218451496,fitted,compact,False
3409,TYC 5174-02397-1,305.10913556,-6.36151444,6.834,448.2671947494717,1169.5460367069059,448.33657659506616,1170.2567903704507,0.7141320681362671,fitted,compact,False
3410,TYC 3854-01418-1,205.08931583,57.20754500,6.288,1391.9150636236063,907.9076050132832,1391.6598062312967,907.9475428083689,0.2583628529898158,fitted,compact,False
3411,TYC 5865-00237-1,47.81976333,-16.02493972,6.378,397.3396213213529,197.95643049796263,397.277247652507,197.77807765923956,0.18894499105791868,fitted,compact,False
3412,TYC 4586-00324-1,317.39693389,75.22781806,6.959,1080.908192095663,802.0146873248168,1080.6307602873753,802.0877440376632,0.2868896853177382,fitted,compact,False
3413,TYC 4101-00067-1,101.02173833,62.96303583,6.765,1218.5239245703542,465.93496330072753,1218.5338482358854,466.1668066926981,0.23205567766810242,fitted,compact,False
3414,TYC 4375-02456-1,129.29214361,69.69894833,7.233,1292.7932506396915,575.5768719591649,1292.9789884027737,576.070102761626,0.5270437753462144,fitted,compact,False
3415,TYC 6422-01043-1,13.30165722,-24.77697194,6.599,222.76003827516305,518.7428887580709,222.4331165456382,518.6886681399474,0.331387526417664,fitted,compact,False
3416,TYC 2450-02008-1,107.15102389,37.44512806,6.320,1227.774151688502,228.14503820125918,1227.4804068944813,228.31105429691934,0.3374127265418587,fitted,compact,False
3417,TYC 0626-00171-1,28.49077750,10.61469278,6.818,555.2783149677892,409.2937154813782,555.5147990966909,409.53350764996827,0.3367863229698156,fitted,compact,False
3418,TYC 6412-00321-1,0.78258306,-24.14513639,6.576,214.6038160793967,640.6659585739171,214.1663187892217,640.5068196844028,0.46554168993370215,fitted,compact,False
3419,TYC 4136-01760-1,144.40634306,60.21375806,6.510,1382.5299531152518,563.949634153053,1382.3395623578701,563.8478571906589,0.21588698564419823,fitted,compact,False
3420,TYC 6993-00002-1,4.17534222,-32.68837667,6.781,149.18838448404608,607.9297792668743,149.14345277027792,607.60071783137,0.33211487054675193,fitted,compact,False
3421,TYC 0027-01246-1,21.91590389,5.35308889,7.121,491.36125920761447,456.92915796139454,491.5597411152682,457.03350214594366,0.2242382137707227,fitted,compact,False
3422,TYC 5832-01100-1,353.05280750,-11.54452333,6.849,312.70380973042614,718.3137564438674,312.7265603015809,718.5134244603288,0.200959959408551,fitted,compact,False
3423,TYC 4179-00710-1,218.39779944,65.39532417,6.658,1309.3506478228355,901.6445974066355,1309.5202909240681,901.6842944573848,0.17422582367150127,fitted,compact,False
3424,TYC 3498-02103-1,245.10234444,52.03904472,6.635,1213.4681899800119,1080.9978406250984,1213.6303244250864,1080.9186210498535,0.18045309468563406,fitted,compact,False
3425,TYC 4659-00074-1,259.23837639,89.03771694,6.520,1185.2468423609666,731.4132519722812,1184.9263651350475,731.2994322463398,0.3400890800160869,fitted,compact,False
3426,TYC 3508-00260-1,259.96227528,45.30842556,6.690,1106.9025028325973,1143.8499502670288,1107.0144017150742,1143.8642080121094,0.11280356020252429,fitted,compact,False
3427,TYC 1215-00971-1,35.63821333,16.87029389,6.801,633.6420960233526,367.41733629176974,633.8846776347682,367.71222252935127,0.38184254780208826,fitted,compact,False
3428,TYC 2782-00691-1,3.20935028,37.69366306,6.687,737.4180167730382,652.6861793419463,737.2026046629223,652.473523800486,0.302695815131857,fitted,compact,False
3429,TYC 0619-00455-1,19.38741722,14.24274583,7.333,560.8929667679326,492.75625801107685,560.892399793139,492.96757693247196,0.21131968199864154,fitted,compact,False
3430,TYC 7510-00567-1,349.92966278,-33.70796583,6.498,136.30964530533387,744.0376429028079,136.11311915048395,743.9193713105975,0.2293702227057144,fitted,compact,False
3431,TYC 2358-02192-1,62.41172111,31.65195722,6.946,882.0149795640249,265.61555338924484,882.2682626312187,265.8560115722886,0.34924554387968043,fitted,compact,False
3433,TYC 4528-00653-1,82.35690167,77.97754250,6.544,1176.2526928451068,606.0225385149985,1175.9794283076099,606.11029625836,0.28701032903597734,fitted,compact,False
3434,TYC 3487-01099-1,227.08141972,50.05500556,6.444,1317.021801116901,1060.9846601032484,1317.1104155118326,1060.869627295314,0.14520694849188606,fitted,compact,False
3435,TYC 2593-01768-1,252.67972583,32.55356306,6.272,1104.1628631594958,1263.9170299409586,1103.948401380317,1263.7902789339034,0.24911778844171747,fitted,compact,False
3436,TYC 5852-01061-1,22.23931500,-17.93734389,6.706,296.1031475180706,433.5176348022638,295.6242741474978,433.2419037476416,0.5525824097153945,fitted,compact,False
3437,TYC 1730-01641-1,4.22905611,23.25623139,7.070,612.3175772603997,630.7579368142233,612.201488172038,630.9826912246933,0.2529648621101171,fitted,compact,False
3438,TYC 4101-01276-1,100.13080111,61.92248778,6.600,1214.6460358241966,455.38002010003197,1214.758358226318,455.43326526797273,0.12430353948045507,fitted,compact,False
3439,TYC 4203-01438-1,265.07536111,63.67503111,7.084,1144.2632085131638,972.8691243335705,1143.9461456231284,972.7114961506068,0.3540840582433769,fitted,compact,False
3440,TYC 3720-00830-1,56.46067778,55.06387472,6.861,1009.6331015853581,445.23107775624396,1009.6798008157903,445.2375712762015,0.04714853045850827,fitted,compact,False
3441,TYC 5168-02075-1,300.54397389,-4.98978167,6.730,480.5500787774849,1208.030478910594,480.2394722422606,1208.067015939796,0.31274810027710936,fitted,compact,False
3443,TYC 2362-01348-1,61.17944028,32.57122972,6.869,881.7191453866809,277.19487676719837,881.8739727475513,277.30604521582273,0.19060413333304668,fitted,compact,False
3444,TYC 3380-01097-1,96.96239000,47.40492000,6.532,1178.6027552168093,314.91718812809364,1178.9488612811979,314.7279656787025,0.39445474158655175,fitted,compact,False
3445,TYC 4348-01380-1,89.52860583,69.60430944,7.036,1182.8876625276819,524.7876340112255,1182.844221974254,525.2298072089915,0.4443019451957659,fitted,compact,False
3446,TYC 5279-02154-1,26.74309306,-13.88873694,6.697,341.14228707566383,392.3998976599578,341.1256282297082,392.2107629360435,0.18986695588937816,fitted,compact,False
3447,TYC 1130-00233-1,328.59178639,12.75109056,6.611,541.1193644912098,937.2717579307167,541.3185763624995,937.1045626854502,0.26007618057494925,fitted,compact,False
3448,TYC 0047-00258-1,42.40783444,0.92102917,6.925,525.4524671088178,271.71406869063134,525.2758441513365,271.6089792228659,0.2055224205400985,fitted,compact,False
3449,TYC 4681-01160-1,15.16833333,-1.65857861,7.091,416.71521976840995,510.10153015644704,416.8232920973949,510.4509015005049,0.3657047502303602,fitted,compact,False
3450,TYC 4634-01355-1,222.91906556,83.93747917,7.101,1215.8060901095935,767.0228457200237,1215.7146451212489,767.1868750824117,0.1877972779854642,fitted,compact,False
3451,TYC 4122-01574-1,105.08713778,67.33065167,6.633,1231.0411509042074,511.84032515042014,1231.1317614859754,511.87488808477326,0.0969787294175343,fitted,compact,False
3452,TYC 4680-01029-1,14.69059972,-5.88262500,6.705,380.3376965748668,511.5825329822522,380.49791888043285,511.5926811222254,0.16054336468945696,fitted,compact,False
3453,TYC 2757-00377-1,342.77354306,34.38367917,7.398,708.0147409213203,798.0481201973953,707.7271155944592,798.4073448364243,0.4601854734098432,fitted,compact,False
3454,TYC 6341-01731-1,307.38056778,-22.39149444,6.315,294.47135897410146,1157.0472061138728,294.77870199334376,1157.055061949469,0.3074434023196564,fitted,compact,False
3456,TYC 4673-00158-1,12.47892750,-0.22411694,6.781,423.6068305124716,536.7314578429772,423.8780404032318,536.7694411265063,0.2738567776663694,fitted,compact,False
3457,TYC 5816-00168-1,343.19322222,-10.05888444,6.795,328.0053661709053,814.7392328677721,327.9268505402792,814.8933310310417,0.17294781922789768,fitted,compact,False
3458,TYC 6316-00748-1,296.78757972,-17.07811333,7.096,383.9823234021941,1253.3250620696972,384.3809332346135,1253.7637770287788,0.5927567914612355,fitted,compact,False
3459,TYC 3112-01093-1,276.04560333,42.46694972,6.664,997.0724927518581,1134.747100253868,997.0012719553229,1134.8068627504606,0.09297288775820882,fitted,compact,False
3460,TYC 4680-00535-1,12.79458444,-5.03899778,7.036,383.71667830360684,530.2228343470532,384.11077995251685,530.1544106759951,0.3999973855347747,fitted,compact,False
3461,TYC 0659-00402-1,60.44223194,9.99802111,5.690,699.8376714987105,163.51999651462296,699.8643325029337,163.4214421253081,0.10209689906857118,fitted,compact,False
3462,TYC 4570-02411-1,270.71222778,75.79009889,7.030,1159.8761074578729,856.8913893490798,1159.5122977308126,856.8995533767664,0.36390131746356386,fitted,compact,False
3463,TYC 4593-02578-1,309.00288083,79.43037389,6.913,1118.6657005601587,791.4132843275436,1118.665059826778,791.465938640692,0.05265821144320692,fitted,compact,False
3464,TYC 3869-00441-1,231.63405694,54.02032556,6.443,1286.8284601670127,1037.823018495659,1287.0265245934293,1037.800815128006,0.19930505900964937,fitted,compact,False
3465,TYC 5845-00998-1,4.57062306,-21.13843222,6.721,241.29057424486152,603.893716948036,241.18180370399625,603.8152760637358,0.13410444768875185,fitted,compact,False
3466,TYC 5858-01076-1,31.71652278,-19.13878528,6.514,310.54166357253513,343.37037115001107,310.3117685961683,343.20359692127846,0.2840164493969739,fitted,compact,False
3467,TYC 4626-00279-1,102.94701972,86.68458250,6.723,1193.4373335217922,691.5528039105938,1193.199639411945,691.6089531898929,0.24423601581628962,fitted,compact,False
3468,TYC 4352-00264-1,84.46721778,71.65446639,6.724,1171.632044927528,545.125730995121,1171.4881997613422,545.2606769459508,0.19723549751603098,fitted,compact,False
3469,TYC 6399-01109-1,349.62351361,-18.84159472,6.952,253.9691818231433,750.6778081274351,253.70638127776556,750.9377140988837,0.3696149897467082,fitted,compact,False
3470,TYC 4121-01518-1,116.75181389,64.05200917,7.017,1276.449484207025,499.93083996727916,1276.416946105547,499.84025953089986,0.09624730387116082,fitted,compact,False
3471,TYC 3838-00134-1,175.11433111,57.97037611,6.320,1440.7041120566514,729.9787941880617,1440.4412248625792,730.1315394419147,0.3040407692757028,fitted,compact,False
3472,TYC 0606-01511-1,8.54483167,10.29955278,6.860,506.4829809618959,581.7635271535219,506.4774487622083,582.0808479860208,0.3173690532663704,fitted,compact,False
3473,TYC 6391-01374-1,336.45019083,-20.23699444,7.133,251.1033998618558,879.8644415644387,250.70387675942072,879.795277045738,0.4054657075838204,fitted,compact,False
3474,TYC 4126-02447-1,125.68358528,60.63124056,6.524,1318.7387497717905,493.22889966328603,1319.1017225146456,493.2849868520643,0.367280526029971,fitted,compact,False
3475,TYC 4095-02096-1,92.80679917,60.45352611,6.703,1182.753005942901,437.9282204393717,1182.7161615223426,437.86454337015556,0.07356820284767272,fitted,compact,False
3476,TYC 1725-01585-1,357.62594694,17.61126167,7.440,558.7241650529537,683.16503845397,558.5780473483443,682.8234351132738,0.3715416880716717,fitted,compact,False
3477,TYC 0004-00586-1,1.34271194,3.60610639,7.017,441.93190863565354,643.4014982343059,441.85039816848905,643.2416001294724,0.1794752355805953,fitted,compact,False
3478,TYC 3759-02280-1,90.76794444,57.01841861,6.605,1166.9935102108784,405.13092191420105,1167.125457308446,405.18521952721375,0.14268240022988468,fitted,compact,False
3479,TYC 1228-00696-1,47.08786417,18.79508611,6.436,699.5021950249892,290.55119485527086,699.6970881983666,290.63772861942317,0.21324033710225615,fitted,compact,False
3480,TYC 2615-02020-1,266.96691389,34.27788111,6.579,1005.4641299209313,1223.8473499758868,1005.5676421975611,1223.7220480944152,0.1625280065508861,fitted,compact,False
3481,TYC 5883-01617-1,62.32431750,-16.38587694,5.411,466.6263054508884,72.63015213388232,466.82816488457127,73.04909411419749,0.46503721769031775,fitted,compact,False
3482,TYC 1727-01960-1,356.26665389,21.38991333,6.899,590.7743133689715,695.7472067657746,590.6270210719306,695.6617524402063,0.17028641321591048,fitted,compact,False
3483,TYC 4390-00500-1,154.50493306,73.07367222,6.564,1313.3071467025466,664.3508033883232,1313.2836247164364,664.2726765402092,0.08159098128347492,fitted,compact,False
3484,TYC 0009-00007-1,5.02110333,6.29262278,6.966,467.706183044878,610.6007989102226,468.0103397485749,610.7562331597984,0.341571524493708,fitted,compact,False
3485,TYC 4653-00796-1,302.15160611,85.12426694,7.203,1158.618092880169,758.6175076656306,1158.280499830642,758.4245132439156,0.3888649044359777,fitted,compact,False
3486,TYC 0043-00275-1,31.45179083,7.02839639,6.826,534.5399845107524,377.0537001645156,534.7915563045299,377.15691954032366,0.2719238992192495,fitted,compact,False
3487,TYC 3058-02173-1,230.17353056,44.43461611,6.183,1303.0289167388482,1123.6576686436497,1302.8497159259546,1123.461201168776,0.2659180325307544,fitted,compact,False
3488,TYC 6951-01008-1,323.72080250,-29.69608278,6.402,190.99831799006535,997.648332107704,191.0494429933026,997.6131001399185,0.062089109431923466,fitted,compact,False
3489,TYC 0038-01270-1,33.79001028,0.72019389,6.772,488.96232977490195,344.9292941048007,488.9608316780457,344.9148943211474,0.014477501975557968,fitted,compact,False
3491,TYC 5845-00192-1,3.26631083,-22.47020667,6.767,229.74759573536474,616.5116637944358,229.3530151371475,616.4061514441531,0.40844424901280885,fitted,compact,False
3492,TYC 5240-01568-1,340.52494972,-5.10184917,6.706,371.0065499228401,840.2483238994263,371.2414832370467,840.2263387599171,0.23595976030525911,fitted,compact,False
3493,TYC 0005-00788-1,4.53293028,3.79676111,7.231,446.141787951201,613.8021669075955,446.4337645610988,613.6674462243516,0.3215587088248793,fitted,compact,False
3494,TYC 4724-01423-1,58.28485778,-6.63373917,6.539,538.3028136074182,124.095520956941,538.0341333623236,123.99053306582039,0.28846409028865955,fitted,compact,False
3495,TYC 6919-01471-1,306.36175667,-28.66328056,5.980,239.70189373369868,1162.4621764608798,240.4516895477219,1161.785414877139,1.0100495056947878,fitted,compact,False
3496,TYC 6329-02135-1,307.18160472,-15.74149556,6.513,355.8699097026455,1158.8351664960164,355.82860060982057,1159.0924486054462,0.260577291763194,fitted,compact,False
3497,TYC 2249-00658-1,350.52059917,28.69498889,6.780,654.0352881480881,742.7679934027723,653.7828953535304,742.8552092920704,0.2670369526688728,fitted,compact,False
3498,TYC 4672-01256-1,8.37143806,-0.60875333,7.214,414.12041276640133,575.0054458220086,414.20844946679193,574.9630409905874,0.09771709340502273,fitted,compact,False
3499,TYC 4340-02068-1,62.34342694,73.57032333,6.814,1124.9757197327863,577.9812321945045,1124.7946129709721,578.0608027806895,0.19781591786463637,fitted,compact,False
3500,TYC 0561-02086-1,332.28831917,2.73406139,6.634,448.2464609289714,914.3521527540829,448.43027166037956,914.3483580515542,0.1838498973295711,fitted,compact,False
3501,TYC 4153-00579-1,176.78267139,61.40195667,6.617,1413.78481180152,738.3461433594797,1413.521646563305,738.3974036915034,0.26811110429055496,fitted,compact,False
3502,TYC 6949-00556-1,319.72629222,-28.76567000,6.499,206.39933369271913,1036.5416215221826,206.42992990985715,1036.4349152772627,0.1110060863559477,fitted,compact,False
3503,TYC 4456-02108-1,293.79253861,74.37744528,7.100,1109.680551154665,848.5404001136546,1109.6240927778347,847.905866439326,0.6370404478298785,fitted,compact,False
3504,TYC 4678-01066-1,8.61338028,-6.50370778,6.961,365.48875738488596,568.9977222808078,365.4238890283292,569.1391499006484,0.155594586461546,fitted,compact,False
3505,TYC 1198-01596-1,23.01274028,16.94767944,6.882,593.2037651334902,467.93998450090425,593.2320593004818,467.911962225729,0.03982220224631675,fitted,compact,False
3506,TYC 0649-00766-1,49.35956250,7.65582083,7.438,617.1676092519333,234.1666690615582,616.964350894525,234.2469506538838,0.2185385410463632,fitted,compact,False
3507,TYC 2082-02132-1,261.50359722,26.87868750,6.390,1001.6793713321892,1296.3089005468523,1001.5316899248768,1296.0168663162551,0.32725187532891775,fitted,compact,False
3508,TYC 5806-00285-1,332.63226167,-10.82046167,6.760,333.65950361906414,917.3167061872771,333.5860540453512,917.3035446936418,0.07461946658428369,fitted,compact,False
3509,TYC 0024-00917-1,20.68118139,4.73828806,6.976,483.18055417054717,467.1362040344727,483.18685877420285,467.1610173173268,0.025601699811782817,fitted,compact,False
3510,TYC 2205-02173-1,334.16792417,22.89614139,6.937,618.0682037404058,877.0509760850396,618.2193411895482,877.1545944877341,0.18324656043225493,fitted,compact,False
3511,TYC 3863-01546-1,218.56547306,57.06579639,6.525,1341.7361958020697,968.7847717098657,1341.520209400193,968.7932519949115,0.2161528186957755,fitted,compact,False
3512,TYC 1074-01222-1,306.15957111,8.59750361,6.768,576.2228164237396,1132.9040875911915,576.3117231362066,1132.7734956144063,0.15798312543543475,fitted,compact,False
3513,TYC 3834-01091-1,184.37318306,53.19143556,5.948,1470.0006990179143,798.9172614146433,1469.172725550311,798.8114163419764,0.8347114725836511,fitted,compact,False
3514,TYC 1288-01591-1,73.74302000,19.48545472,6.390,867.0621539283293,137.26323720657268,867.1646441822854,136.79454756543862,0.4797647672165727,fitted,compact,False
3515,TYC 5265-00967-1,7.13815583,-11.23722111,6.942,324.6720483673297,581.0927099394622,324.4324649125798,581.2339366825152,0.2781100946446029,fitted,compact,False
3516,TYC 5281-01540-1,31.76046417,-8.60630861,6.742,401.5472471725999,350.02260761383593,401.4922215644725,349.8638577237355,0.16801590745128908,fitted,compact,False
3517,TYC 4162-01199-1,189.89472528,60.88475278,7.153,1404.6035527436395,809.8704813760947,1404.8935595035832,810.4395455725326,0.6387002273997207,fitted,compact,False
3518,TYC 1118-01680-1,320.89743306,14.05019556,6.735,571.6906577268085,1000.2436176473142,571.6561038054615,1000.0394087670559,0.2071116613250059,fitted,compact,False
3519,TYC 7005-02271-1,25.51255889,-36.83226694,5.697,144.25913697349384,409.1847472236619,144.49480971160665,409.35444696032704,0.2904128786982702,fitted,compact,False
3520,TYC 6393-01237-1,343.72810583,-22.36848139,6.817,227.68870063285843,808.0750156752599,227.4562243218511,808.0219279970354,0.23846076565936136,fitted,compact,False
3521,TYC 4204-01652-1,267.26647667,62.79867333,6.736,1133.2114415230792,979.4008475728065,1133.1381891677988,979.2287236432555,0.18706296982079954,fitted,compact,False
3522,TYC 2610-01740-1,264.70652806,32.73938694,6.685,1012.587616403844,1241.6894234605004,1012.5613741885585,1241.7117946221028,0.034483658949320845,fitted,compact,False
3523,TYC 3882-02121-1,251.40888667,55.31403472,7.002,1184.3572946780619,1053.6871446642556,1184.7370443671398,1053.8408737610307,0.40968580833374796,fitted,compact,False
3524,TYC 0603-00449-1,7.90566667,9.16121694,7.142,496.31239508286603,587.2416408434813,495.90850578702714,586.7775075253305,0.6152611643122431,fitted,compact,False
3525,TYC 3857-00600-1,207.61569278,58.53942917,6.456,1376.420894276293,911.4795954697211,1376.201315966789,911.4282901482162,0.22549250546156277,fitted,compact,False
3526,TYC 5861-00440-1,35.30736167,-19.91534694,6.642,314.9442197234644,309.8008171419485,314.6543884003434,309.5051415920686,0.4140365040173166,fitted,compact,False
3527,TYC 8009-01347-1,347.54049833,-40.59144083,6.127,83.15264424567161,763.2418746828022,83.31815632396945,763.2659217888249,0.16724984714653324,fitted,compact,False
3528,TYC 4716-00998-1,52.76663194,-0.48114972,6.654,563.595687681954,184.22163703131378,563.4896799133005,183.59605988593887,0.6344953993767893,fitted,compact,False
3529,TYC 7515-00386-1,354.27230167,-31.87113306,6.692,150.8516634411434,702.7281700682604,150.68897560881192,702.7304740855656,0.16270414648820547,fitted,compact,False
3530,TYC 0071-01225-1,55.11682667,5.12589278,6.773,626.0608277607062,182.67885819230582,626.0915284229902,182.5691224822799,0.11394936032980583,fitted,compact,False
3531,TYC 2111-00459-1,280.09066000,26.13086028,6.849,861.9241803866499,1230.7248200953863,862.1056325973001,1230.936292544051,0.27864942363843453,fitted,compact,False
3532,TYC 5778-01803-1,314.97851028,-13.05163500,6.624,354.5764288770132,1085.7125630952835,354.4452608967041,1085.790833439424,0.1527458209910823,fitted,compact,False
3533,TYC 2384-00664-1,66.82617000,36.52035472,6.892,941.302128019616,278.7379028871294,941.4012539126965,278.8918432242963,0.18309442942386242,fitted,compact,False
3534,TYC 3511-00312-1,269.27118972,45.85570111,6.884,1054.0528222968799,1124.884767919655,1054.0798763649957,1124.8079294811523,0.08146206622184642,fitted,compact,False
3535,TYC 0641-00024-1,43.44246000,9.33587056,6.816,602.7407428099217,285.00323587670215,602.7074939486585,285.0592404997078,0.06513067306046355,fitted,compact,False
3536,TYC 1227-01178-1,45.13128167,18.00503306,6.804,683.5503697054198,301.0502265883483,683.8141501006173,301.33033737150066,0.3847624562360075,fitted,compact,False
3537,TYC 5842-01159-1,5.01221111,-17.70041694,6.874,269.55681822021336,600.5649599829851,269.35102348676867,600.0836991756025,0.5234151669908823,fitted,compact,False
3538,TYC 1179-00669-1,4.45773222,16.33107889,7.255,553.2331715297054,623.209456980673,552.8140376313861,623.1909152713356,0.41954382334324253,fitted,compact,False
3539,TYC 3849-00162-1,195.66855917,59.71632944,6.513,1402.1648477926233,845.5626177759831,1402.0997659933757,845.5279079738795,0.07375914150374953,fitted,compact,False
3540,TYC 6433-00793-1,37.55699333,-25.18651389,6.551,275.48738500455755,288.953875535882,275.176072841443,288.7052020795999,0.39843914311013207,fitted,compact,False
3541,TYC 0572-01131-1,342.65973806,4.06835194,7.247,445.8167567444203,817.7733359432184,446.22928628697287,817.6582877686301,0.4282717664693201,fitted,compact,False
3542,TYC 4565-00800-1,217.34396083,80.81015806,6.974,1236.980295590248,785.2584383559508,1236.6632409072297,785.1202012328029,0.34588028888632677,fitted,compact,False
3543,TYC 7002-01248-1,21.77026139,-30.23582167,6.901,192.23469334761242,439.5368334009216,192.21392371962963,439.005659755948,0.5315795505482455,fitted,compact,False
3544,TYC 6953-01530-1,327.85165694,-23.27041083,6.913,237.9792667794445,962.220572029697,237.63842761144303,962.3110078295124,0.3526329144197577,fitted,compact,False
3545,TYC 0627-01377-1,23.71505889,12.55866611,7.330,557.8156820927434,453.1964868039982,557.7593850303351,453.48613103351323,0.29506463516856046,fitted,compact,False
3546,TYC 3791-01910-1,119.11134444,56.50450444,6.710,1302.6008527832296,437.51187283133703,1302.9382186496582,437.4821156604236,0.3386756812230702,fitted,compact,False
3547,TYC 6979-00107-1,348.93597222,-29.84749750,6.646,166.63929738448238,754.9477470235653,166.34349814060238,754.8261208906556,0.3198282490439862,fitted,compact,False
3548,TYC 1204-01859-1,23.70417778,20.17283417,6.768,622.7425080702902,469.09085221487356,622.608410166207,469.23253789222565,0.1950822366240146,fitted,compact,False
3549,TYC 3787-01191-1,118.15187611,55.20954111,6.354,1300.772853761229,422.849661102766,1300.8451727570985,422.9781712158687,0.14746147406435903,fitted,compact,False
3550,TYC 6931-00553-1,315.79236611,-27.73150861,6.363,224.018087976054,1074.586155004973,223.93766137777789,1074.6059293529959,0.08282187241299742,fitted,compact,False
3551,TYC 0011-01301-1,11.29505639,0.25340667,7.061,425.70239403625504,548.21672622602,425.8781940492124,548.2021421639239,0.17640390988591662,fitted,compact,False
3552,TYC 5283-01309-1,31.05181972,-11.85976222,6.608,371.3944656335999,353.5428955756478,371.15534662732557,353.3563132812737,0.3032999369197527,fitted,compact,False
3553,TYC 1754-00192-1,21.30148722,28.56707778,7.178,688.0149645387254,506.9650605498158,687.9072364845467,506.94509372715004,0.109562802376023,fitted,compact,False
3554,TYC 5849-02453-1,9.63264111,-20.29659667,6.701,253.98844980852604,554.5256728855848,253.6317702554137,554.5239751251909,0.35668359367761215,fitted,compact,False
3555,TYC 0637-00807-1,34.71692500,12.99219028,7.014,597.4413988545816,363.9631982776736,597.499086614283,364.1825851235797,0.22684458507091598,fitted,compact,False
3556,TYC 3861-00337-1,224.89398722,53.86020333,6.858,1321.6934102261298,1019.00970760151,1321.7188518309995,1019.0945281559152,0.08855394800889631,fitted,compact,False
3557,TYC 6426-01899-1,22.42830194,-25.61777750,6.496,232.2753729653071,431.448130206871,231.85678719738678,431.1155811814238,0.5346053679409812,fitted,compact,False
3558,TYC 2615-01378-1,266.20737750,35.21763861,6.758,1016.3106496791263,1218.2143423574148,1016.3168287953762,1218.2760534079093,0.062019635848391874,fitted,compact,False
3559,TYC 1759-01891-1,27.36322833,26.47267000,6.889,686.7743134298338,457.0862724875492,686.6460384212232,457.25193730926117,0.2095216241510595,fitted,compact,False
3560,TYC 0622-00686-1,27.16919861,7.68397472,7.182,526.1431133828438,414.78867408282895,526.3618327147468,414.98688915726757,0.29517344372894444,fitted,compact,False
3561,TYC 4374-02925-1,122.58420250,69.72481000,6.613,1276.4478332120507,561.3406137370481,1276.474693927802,561.286238472264,0.06064789749871282,fitted,compact,False
3562,TYC 6433-02414-1,34.74431806,-25.94672611,6.414,260.0810170592588,315.1668883417655,259.8938612568295,315.0504560751571,0.22041725678929955,fitted,compact,False
3564,TYC 3810-01472-1,142.44942722,55.74533111,6.533,1401.892298586501,526.2476246783491,1401.8693105842594,526.2700514758152,0.032115564632214384,fitted,compact,False
3565,TYC 4117-01759-1,118.87804778,62.04390722,7.170,1288.8627019189878,486.61396474360197,1289.193368852822,486.6745233615562,0.33616657677384704,fitted,compact,False
3566,TYC 4160-00244-1,179.15670250,65.24295139,6.626,1382.6533341537954,746.9548046291237,1382.7672971455431,747.074910534045,0.16556869234564658,fitted,compact,False
3567,TYC 0642-00472-1,39.76427111,10.63717528,6.792,597.4791474926654,317.5648288392247,597.6376643620721,317.7096446341143,0.2147072712694918,fitted,compact,False
3568,TYC 1752-00264-1,24.35509694,25.16826750,7.100,666.7266279759094,476.05833064509244,666.9232526303405,476.01350364739477,0.201669815422923,fitted,compact,False
3569,TYC 2088-02273-1,264.03375306,28.18502333,6.555,989.8271442181488,1278.7311758751732,989.8717613959866,1279.0364104941236,0.30847830582394886,fitted,compact,False
3570,TYC 1657-00562-1,317.44119278,19.21070389,7.004,626.0631996855597,1016.9636177019219,626.3528388737425,1016.8584878019262,0.3081284719143974,fitted,compact,False
3571,TYC 4407-00522-1,198.38312167,72.79913028,6.573,1308.4299283983037,796.2807861934565,1308.5730391880766,796.2432233899942,0.14795831289037217,fitted,compact,False
3572,TYC 5805-00526-1,331.82543972,-10.44686806,7.095,338.07227197422645,925.130330373016,337.9966424075249,925.0007030660913,0.15007688049800832,fitted,compact,False
3573,TYC 0547-00376-1,326.20081583,2.99212667,7.189,462.6987185179837,969.8155980354932,462.96142810818924,969.7468651992497,0.2715520789167962,fitted,compact,False
3574,TYC 0543-01080-1,325.91448861,0.53511194,7.138,442.1750410186216,974.7455162801393,442.60107461752364,974.7231168502921,0.4266220362931539,fitted,compact,False
3575,TYC 0610-00389-1,12.26941417,14.80919722,7.103,550.705892112943,554.3400582311058,550.8894726881764,554.3975022978332,0.1923581253942445,fitted,compact,False
3576,TYC 4697-01118-1,35.84268083,-6.19266306,7.032,436.65152777289296,316.1173203452731,436.6161376605487,315.8183702514878,0.3010375701236613,fitted,compact,False
3577,TYC 4105-01054-1,100.24838306,64.98689778,7.477,1216.1401438698213,485.2507665846166,1215.6676728488424,484.9700006658348,0.5495983686422651,fitted,compact,False
3578,TYC 4564-00588-1,207.75177306,80.76793139,6.781,1245.6669237747517,773.5735442883164,1245.5633698590736,773.6881012395313,0.15442379519981533,fitted,compact,False
3580,TYC 2627-00049-1,275.33164000,32.93959972,7.374,940.8530005322405,1206.716855307165,941.1060601228028,1206.7719249351385,0.25898227796649614,fitted,compact,False
3581,TYC 6430-01948-1,32.39508389,-24.34569194,6.490,267.48106625626303,336.8964466087039,267.1296102861014,336.5870073418872,0.4682669738624564,fitted,compact,False
3582,TYC 7002-00289-1,18.09703611,-30.80196361,6.585,181.17445474712633,474.24314274589256,181.04127022571572,474.1315566868642,0.17375144693743796,fitted,compact,False
3583,TYC 4353-00091-1,95.17526194,72.14599444,6.749,1200.091031940269,550.736275859253,1199.8542844109584,550.9722773157914,0.33428442997379304,fitted,compact,False
3584,TYC 3846-00925-1,198.40373139,56.70831222,6.883,1414.8329784531159,875.3745137848863,1414.7981208003007,875.1737656228288,0.20375200742383892,fitted,compact,False
3585,TYC 4171-01430-1,209.38373083,61.49235611,6.611,1355.3183804481637,899.1343682011106,1355.1844352933435,899.1247484597332,0.13429014827589172,fitted,compact,False
3586,TYC 2364-01919-1,57.55514778,34.82029361,6.801,878.5755384625639,308.26846524278915,878.5190078915996,308.15234099320435,0.1291531911924322,fitted,compact,False
3587,TYC 1076-02593-1,301.95975833,9.39976417,6.601,601.7429619630334,1164.0739325462062,601.761932448288,1163.9892721890205,0.08675975674004,fitted,compact,False
3589,TYC 5267-01135-1,5.04384167,-13.06149111,6.954,307.16528665021536,600.8205042235455,307.12751577072396,600.9733398577708,0.1574337016861622,fitted,compact,False
3590,TYC 4081-01041-1,82.46459306,60.26859528,6.867,1138.7343022064347,438.72852527346805,1138.694462753937,439.1733041759393,0.446559575038796,fitted,compact,False
3591,TYC 5851-01822-1,19.99053000,-15.81408944,7.397,308.5808861790266,455.70631258761915,308.3831164205436,455.44848638403306,0.3249418849979753,fitted,compact,False
3593,TYC 4114-01875-1,105.48723333,63.67696972,6.767,1235.499451411964,477.55430665489206,1235.5690198983839,477.6299336343503,0.10275803776222033,fitted,compact,False
3594,TYC 6892-01997-1,300.34934333,-22.73727917,6.108,315.9275113652924,1221.9891303683457,315.9690498569699,1221.6703879015745,0.3214377177841241,fitted,compact,False
3595,TYC 8018-01389-1,358.65980056,-40.30013139,6.079,86.66886166513149,660.2831317266837,87.0343798089375,660.38564364261,0.3796211352892333,fitted,compact,False
3596,TYC 5270-02274-1,12.83284972,-9.40556389,6.932,347.93053216242225,526.9817039162144,347.8311013491969,527.1202330894375,0.17051926123617905,fitted,compact,False
3597,TYC 0577-00085-1,348.42098528,2.20348722,7.223,426.91149573092645,764.0511859354673,427.11847941023433,764.1222264242417,0.21883554223466065,fitted,compact,False
3598,TYC 0048-00271-1,43.40934917,1.96966750,6.844,538.993392279278,265.9573953092569,538.894650447618,265.69232419449395,0.2828650653602665,fitted,compact,False
3599,TYC 0008-00542-1,3.91083333,5.84383806,7.102,462.6994631585332,620.6851283780485,463.03046903393624,620.6627415802114,0.3317620506759735,fitted,compact,False
3600,TYC 6990-01102-1,5.80247472,-31.03578167,6.537,163.77951690752195,591.948720137515,163.4968892993445,591.7745678744988,0.33197496233569823,fitted,compact,False
3601,TYC 3870-01563-1,237.79202111,52.90699667,6.894,1254.6085661583147,1061.9305761490302,1254.7975164381487,1062.0657397589143,0.23231747606722286,fitted,compact,False
3602,TYC 4412-01654-1,238.40231722,68.72018917,6.814,1238.9687672276345,914.0941296104095,1238.9110145390591,914.3062413799103,0.21983351836888138,fitted,compact,False
3603,TYC 3895-01483-1,257.97798778,57.96747750,7.197,1158.619644116757,1028.925719601628,1158.4866774721133,1029.0436382866474,0.17772153742428998,fitted,compact,False
3604,TYC 6431-00397-1,26.50416056,-27.34872722,6.427,226.6373794516851,393.13070989901354,226.29486221594618,392.9059794455548,0.40966063209685144,fitted,compact,False
3605,TYC 4656-00978-1,273.86948389,86.65768722,6.726,1178.9988443314796,753.7363622828327,1178.777400052357,753.7436851435355,0.22156532455461206,fitted,compact,False
3606,TYC 3471-01252-1,210.74905917,50.97182556,6.151,1400.5397402138453,981.0987605913342,1399.9128888014648,981.0303453379785,0.6305738181174753,fitted,compact,False
3607,TYC 3904-00457-1,273.81594278,54.14091861,6.938,1071.0670242654332,1046.79057320626,1071.0754048845524,1046.7590562104838,0.03261220323096599,fitted,compact,False
3608,TYC 5150-02952-1,296.46763917,-2.88345139,6.462,518.4847092509566,1239.0178532321122,518.7553924753488,1238.6617050071384,0.4473376421891664,fitted,compact,False
3609,TYC 3823-01031-1,163.13380333,52.50372500,6.556,1475.6567008828945,642.0212982357576,1474.903159201884,642.1931342480835,0.7728859425247124,fitted,compact,False
3610,TYC 1829-00914-1,68.68923333,22.69238000,6.821,855.698613121912,181.1718481935751,855.7951724365724,180.78850261353853,0.3953195352892075,fitted,compact,False
3611,TYC 0617-00122-1,22.92772472,10.88938139,7.139,541.0186180779467,456.9427656595005,541.3717885390595,457.1187594081045,0.3945924152214512,fitted,compact,False
3612,TYC 0005-00548-1,3.98871139,4.25114833,7.124,449.3186779237118,618.627822524954,449.68591053700874,618.9869002801645,0.5136113575028326,fitted,compact,False
3613,TYC 0600-00248-1,0.98354889,14.37891556,7.115,532.8990253714898,652.0406239714831,532.913629716743,652.0892198181896,0.0507429129770255,fitted,compact,False
3614,TYC 3504-01136-1,256.84335417,48.39921944,6.787,1137.0213735851735,1118.0924237810157,1137.2227430251194,1118.2816954230007,0.27635738782202984,fitted,compact,False
3615,TYC 4685-02078-1,25.19315556,-2.62178250,6.866,432.6660268378775,416.7101222459894,432.67443031877343,416.81663604291,0.106844781929709,fitted,compact,False
3616,TYC 1249-01065-1,58.61628750,16.61644500,6.905,744.3754939005912,205.02976620497125,743.9689607330236,204.87584284879568,0.43469715424528027,fitted,compact,False
3617,TYC 0553-00899-1,329.61898000,3.77723111,7.030,462.04983971014667,938.0339209941793,462.3252973125741,937.9409124211479,0.2907361095433469,fitted,compact,False
3618,TYC 6994-00696-2,8.43268750,-35.00088500,6.638,134.63561736751382,567.7695658830104,134.7664030517334,567.6332918797807,0.1888795890323437,fitted,compact,False
3619,TYC 3815-01655-1,155.12992944,54.21685250,6.139,1448.3951486300314,592.8272561952577,1447.777801601917,592.7453866437995,0.6227519382367783,fitted,compact,False
3620,TYC 5275-01885-1,18.50486306,-13.47532389,6.899,324.89123229967953,470.6423741680915,324.7374934600594,470.6664374819833,0.15561064836057348,fitted,compact,False
3621,TYC 2251-00867-1,354.70617333,23.30842083,7.192,606.7810690475582,708.9513159842089,606.8433178425939,709.0874745286937,0.14971326500892468,fitted,compact,False
3622,TYC 1843-00857-1,72.07938139,29.23587417,6.953,925.2420980638099,208.29647920589778,925.422034206362,208.0651020586884,0.29310817055704097,fitted,compact,False
3623,TYC 6378-00594-1,334.36322389,-15.97976778,7.181,288.321776270412,900.7235681418347,288.2143815853038,900.809526478719,0.13755891126863806,fitted,compact,False
3624,TYC 5151-01938-1,299.92298611,-1.97033139,6.720,510.60981877462774,1207.6911552869326,510.4430696540281,1207.9446698369416,0.30343845551776233,fitted,compact,False
3626,TYC 5727-02381-1,294.68067444,-10.15658944,6.792,459.959154927185,1265.964419640022,459.996986561569,1266.162341187492,0.20150476796618205,fitted,compact,False
3627,TYC 6961-00630-1,334.83272361,-28.20857667,7.019,188.21436104216778,892.4121000709927,187.73098255294144,892.1741387536099,0.5387767185182388,fitted,compact,False
3628,TYC 0606-00990-1,7.87633611,11.53230806,7.201,515.8234531616246,589.1139310861449,516.0211004326909,589.157537463956,0.202400493936581,fitted,compact,False
3629,TYC 5874-01097-1,55.04766278,-15.22650361,6.441,438.81035698233484,135.96099922641818,439.0228248408477,135.6633684738349,0.3656865540108486,fitted,compact,False
3631,TYC 6369-01183-1,322.49814750,-19.14772417,6.618,282.7458091290168,1014.7225636497295,282.55199045901225,1015.1129716387343,0.4358716264234965,fitted,compact,False
3632,TYC 2972-01385-1,119.56889056,43.97736361,6.472,1323.3319553691822,323.0028670570321,1323.0885493030191,322.908982492923,0.26088469564721656,fitted,compact,False
3633,TYC 1254-00637-1,61.16506556,17.51757917,6.776,766.6699052856695,193.74767510296076,766.763586742351,193.4936469719487,0.2707517436166215,fitted,compact,False
3634,TYC 4668-00082-1,7.41256500,-2.84033222,7.052,394.01361785238635,582.7611724069931,394.2796463673123,582.6333903214299,0.2951261292135418,fitted,compact,False
3635,TYC 2385-00695-1,69.15805250,36.95292222,6.765,957.9723874281564,273.06462953956355,957.8911275314512,273.2419599626928,0.1950621690121998,fitted,compact,False
3636,TYC 6982-00802-1,358.17033972,-24.98519722,6.912,206.59290326503836,665.8650831682463,206.0602285858174,665.9419769321167,0.5381960282325572,fitted,compact,False
3637,TYC 6423-01970-1,10.13887111,-29.42087917,6.851,181.2096564439457,550.1187302656308,180.83097526197787,549.8050634465546,0.49171771471639464,fitted,compact,False
3638,TYC 3529-01648-1,274.15453139,48.10524944,7.064,1038.7589316167064,1096.0592100911917,1039.0476804412028,1095.7153482779604,0.4490176279911838,fitted,compact,False
3640,TYC 5829-00826-1,354.55160417,-8.62751306,6.994,336.7592837254309,704.3063142390259,336.8306673030484,704.3985472528557,0.11662994466941284,fitted,compact,False
3641,TYC 5724-02578-1,295.76360917,-8.30727194,7.108,472.06981620441184,1253.9989202180373,472.08814320350166,1254.2579172171706,0.25964461183652204,fitted,compact,False
3642,TYC 4541-01130-1,139.25583917,77.07416556,6.985,1269.3260064906842,648.2728400128359,1269.4403994286654,648.046183616956,0.2538875066899286,fitted,compact,False
3643,TYC 1750-02134-1,19.02097278,25.76936389,7.079,658.529636672881,517.6505613067391,658.5624962661317,517.7213735939499,0.07806492739145832,fitted,compact,False
3644,TYC 5232-01728-1,336.52834167,-5.17787806,7.314,374.68132356207946,878.607887290259,375.16493570708485,878.5200228078863,0.4915291182212234,fitted,compact,False
3645,TYC 3498-00800-1,246.11001806,52.28936694,6.830,1208.3416717013056,1079.2691020970194,1208.299806764799,1079.4774751626378,0.21253707296351526,fitted,compact,False
3647,TYC 0609-01620-1,7.92295389,12.91386306,7.356,528.2003165911358,590.013597351989,527.8570928939407,590.0369601213507,0.34401791422613825,fitted,compact,False
3648,TYC 0658-00081-1,57.12802889,9.64592361,6.824,676.9925977302144,185.02098395227463,676.8171822009103,184.6581373222981,0.40302392584849644,fitted,broad_blob,False
3649,TYC 2447-00643-1,100.40737194,35.93198583,6.538,1170.259701119988,208.31914599983529,1170.4125790674907,207.91731165430156,0.42993314373651065,fitted,compact,False
3650,TYC 4396-00795-1,180.21957083,70.23782389,6.750,1342.7297834784342,745.3026069640347,1343.2699794883924,745.5072384018282,0.5776553942518095,fitted,compact,False
3651,TYC 6976-01261-1,351.55110222,-27.42462833,6.695,185.55115911727015,729.9954526447439,185.23190032310424,730.1138410519629,0.3405025588980735,fitted,compact,False
3652,TYC 6433-01252-1,36.08374361,-25.84749639,6.583,264.90552822981726,302.73736139186434,264.75074131372355,302.56281514927855,0.23329247779261927,fitted,compact,False
3653,TYC 6379-00096-1,329.19166222,-17.89705750,6.761,280.3759929969194,950.6238764823939,280.1405117578706,950.821366090725,0.3073329779615133,fitted,compact,False
3654,TYC 0662-00633-1,59.91841667,10.33041083,6.393,699.4957700313339,168.75390654184244,699.4518895588278,168.3471248729818,0.4091415671725492,fitted,compact,False
3655,TYC 1162-00750-1,351.61428833,8.64436028,7.166,480.6288563833798,734.4527732158616,480.8260845690449,734.4346350021491,0.19806047565687304,fitted,compact,False
3656,TYC 2966-01590-1,113.98332306,43.03108056,6.615,1285.3107138504934,296.52573509448274,1285.1419703620863,296.5606763797644,0.17232312177100195,fitted,compact,False
3657,TYC 0562-00290-1,333.07338250,2.73379694,7.182,446.7752238241486,907.0132166795125,447.0778158153063,907.1171279202097,0.31993664850401227,fitted,compact,False
3658,TYC 6954-01064-1,329.82382278,-23.83333389,7.035,230.11101812174311,942.7285160122713,229.85763657197754,942.9968335436957,0.3690481099143258,fitted,compact,False
3659,TYC 6943-01013-1,323.13842056,-24.59043333,6.454,235.49479010997337,1006.6211406485919,235.08731011664725,1007.0053205939263,0.5600305128813814,fitted,compact,False
3660,TYC 3063-01552-1,248.42435694,38.09087278,6.636,1160.0180983786172,1214.772431632224,1159.6989802336493,1214.9469194227493,0.36370644686359854,fitted,compact,False
3661,TYC 5762-02423-1,307.20024806,-11.72651333,7.374,392.2956439478674,1156.8280700322614,391.9958172317013,1156.8486354824317,0.3005311921708705,fitted,compact,False
3662,TYC 4192-02237-1,242.34801889,63.40767167,6.873,1230.6828207723456,969.2397419231095,1230.8059351379247,969.1915009618349,0.1322283530739291,fitted,compact,False
3663,TYC 3381-00160-1,100.66765361,47.73576583,7.343,1201.8865764629818,320.1515775830586,1202.5593736525377,319.7471939839206,0.7849727087779163,fitted,compact,False
3664,TYC 6912-01922-1,309.46743333,-25.10918167,6.415,263.8866331868802,1136.302331687083,263.7628420887843,1136.1346170662591,0.20845246461944916,fitted,compact,False
3665,TYC 0629-01412-1,30.60388611,12.68518333,6.985,579.7053325992024,396.4837945323026,580.1420049979884,396.6223456579493,0.4581257450520009,fitted,compact,False
3666,TYC 2067-01165-1,255.29013056,27.19666444,6.611,1054.6039487023672,1306.9866476808475,1054.6755819033276,1306.6859424803313,0.30911960969389163,fitted,compact,False
3667,TYC 6307-02679-1,294.10859694,-18.85289167,6.156,378.96103894904564,1278.5888788192508,379.10674754914106,1278.1615259154255,0.4515102441248458,fitted,compact,False
3668,TYC 6975-01194-1,347.21515361,-25.83051917,6.796,198.6199137444286,772.976156727064,198.39239337703407,772.8701341131055,0.2510105819481433,fitted,compact,False
3669,TYC 5830-00151-1,355.20283028,-7.91411722,7.202,342.66024170376267,698.22598980958,342.8452055783098,698.2045630451647,0.18620080859328417,fitted,compact,False
3670,TYC 0614-01265-1,20.77827611,9.18772861,7.464,521.0075418831619,472.7101744399754,521.2538676746051,472.8241978239297,0.2714364154244737,fitted,compact,False
3671,TYC 4681-01242-1,16.79563111,-1.73208500,7.430,419.305279511721,494.7723056732457,419.519770629934,495.2228191261708,0.4989677455094481,fitted,compact,False
3672,TYC 5254-01165-1,353.81101611,-3.85384389,7.271,376.2911452482444,712.4516595114851,376.08204327934254,712.4130064524819,0.2126445211354714,fitted,compact,False
3673,TYC 4726-01762-1,63.40894333,-1.14972500,6.403,620.0476514315853,100.49358588707477,620.1638702069488,100.20084622107322,0.31496557875056774,fitted,compact,False
3674,TYC 0629-00007-1,28.37477583,12.68247944,7.108,572.5338934177321,414.60922984256297,572.7616872911433,414.9090178203012,0.37651411707935944,fitted,compact,False
3675,TYC 1215-01013-1,36.88367222,16.64360417,7.293,636.5016134401666,357.4814273752135,636.814945814549,357.5214348464221,0.3158762013647524,fitted,compact,False
3676,TYC 6425-00624-1,18.97378111,-23.97314917,7.180,238.7400344164109,464.4431020516875,238.5993874303084,463.9641887915625,0.49913874366080097,fitted,compact,False
3677,TYC 4726-00565-1,62.88185222,-0.42249583,6.698,623.5395845911576,106.71529360307213,623.4444433472538,106.49026132264748,0.24431820137817906,fitted,compact,False
3678,TYC 4638-01685-1,218.32413917,85.93840417,7.331,1208.2207735205238,749.9778683546011,1207.6826751470187,749.9760278119136,0.5381015212450689,fitted,compact,False
3679,TYC 4552-01145-1,169.03791917,78.30898306,7.031,1280.0096578022412,712.2475941877815,1279.7546014527577,712.3572374632785,0.27762454731809166,fitted,compact,False
3680,TYC 5810-00937-1,335.83524222,-14.95087222,7.071,294.6647824946383,886.6256987650914,294.8160484906315,886.5359485080808,0.1758877772254033,fitted,compact,False
3681,TYC 3863-01547-1,221.59766833,56.61640250,6.722,1329.8791901785498,983.8671047349629,1329.939650784847,983.6704563796986,0.20573298360244147,fitted,compact,False
3682,TYC 6943-01014-1,322.96389306,-25.41269000,7.248,229.10907935548144,1008.0412590980354,228.48096431824547,1008.1914684774198,0.6458261048122645,fitted,compact,False
3683,TYC 1768-00103-1,41.81417361,22.96038139,7.294,709.9749486858166,342.7981824389119,710.0044389520934,343.09391940774066,0.2972036852683638,fitted,compact,False
3685,TYC 3407-02585-1,118.01621278,45.93309361,6.528,1311.8030114138842,336.18067807998403,1311.5658657949302,336.1557088373425,0.2384565110604904,fitted,compact,False
3686,TYC 5884-00108-1,58.30386694,-18.43444750,6.315,424.61891019137965,104.33807685170295,424.500545085921,104.64068791874399,0.3249365416292266,fitted,compact,False
3687,TYC 6964-00971-1,342.32154250,-23.09254250,7.057,222.6105869000163,821.5322455773892,222.47956229095985,821.5839406668263,0.14085393303101298,fitted,compact,False
3688,TYC 4686-02423-1,27.90141750,-2.63778139,7.213,440.38122087224576,392.32146433533455,440.49138982998113,392.15293354862354,0.20134504046022983,fitted,compact,False
