source_sha256,source_group,selected_order,radial_bin,detections,baseline_matches,selected_matches,net_gain,common,changed,gained,lost,unmatched
00c1641e84c7166db924b04aac01c0c3f1258b9efa23cd17fbe0817d58b70829,3672x3672|/home/pth/skrivebord/fisheeyeimagesnotrailser/subaru_maunakea_<date>t#z.jpg,0,0.00-0.25,1598,1499,1499,0,1499,0,0,0,99
00c1641e84c7166db924b04aac01c0c3f1258b9efa23cd17fbe0817d58b70829,3672x3672|/home/pth/skrivebord/fisheeyeimagesnotrailser/subaru_maunakea_<date>t#z.jpg,0,0.25-0.50,3286,3126,3126,0,3126,0,0,0,160
00c1641e84c7166db924b04aac01c0c3f1258b9efa23cd17fbe0817d58b70829,3672x3672|/home/pth/skrivebord/fisheeyeimagesnotrailser/subaru_maunakea_<date>t#z.jpg,0,0.50-0.75,1425,673,673,0,673,0,0,0,752
00e0142b586522bfab20873549fab680bbd0c8ca0ba5d276294a97239470e485,3672x3672|/home/pth/skrivebord/fisheeyeimagesnotrailser/subaru_maunakea_<date>t#z.jpg,0,0.00-0.25,1362,1297,1297,0,1297,0,0,0,65
00e0142b586522bfab20873549fab680bbd0c8ca0ba5d276294a97239470e485,3672x3672|/home/pth/skrivebord/fisheeyeimagesnotrailser/subaru_maunakea_<date>t#z.jpg,0,0.25-0.50,2597,2518,2518,0,2518,0,0,0,79
00e0142b586522bfab20873549fab680bbd0c8ca0ba5d276294a97239470e485,3672x3672|/home/pth/skrivebord/fisheeyeimagesnotrailser/subaru_maunakea_<date>t#z.jpg,0,0.50-0.75,1154,683,683,0,683,0,0,0,471
01055e8cde552f69f66e3887f64f923dd466fb4090bc987fc497d1304fb0b5b7,1411x1422|/home/pth/workshop/wide-field-solver/raw_allsky_samples/mmto/mmto-skycam/<date>/<date>__#_#_#.fits.bz#,0,0.00-0.25,189,183,183,0,183,0,0,0,6
01055e8cde552f69f66e3887f64f923dd466fb4090bc987fc497d1304fb0b5b7,1411x1422|/home/pth/workshop/wide-field-solver/raw_allsky_samples/mmto/mmto-skycam/<date>/<date>__#_#_#.fits.bz#,0,0.25-0.50,532,517,517,0,517,0,0,0,15
01055e8cde552f69f66e3887f64f923dd466fb4090bc987fc497d1304fb0b5b7,1411x1422|/home/pth/workshop/wide-field-solver/raw_allsky_samples/mmto/mmto-skycam/<date>/<date>__#_#_#.fits.bz#,0,0.50-0.75,190,128,128,0,128,0,0,0,62
0110785777cb67860df64350aa990d412f2d082c21b39f75bed24bacac9c7fa2,488x652|/home/pth/workshop/wide-field-solver/data/zenodo-#/all/r_darksubtracted_jd#.#<date>#.fits,0,0.00-0.25,30,29,29,0,29,0,0,0,1
0110785777cb67860df64350aa990d412f2d082c21b39f75bed24bacac9c7fa2,488x652|/home/pth/workshop/wide-field-solver/data/zenodo-#/all/r_darksubtracted_jd#.#<date>#.fits,0,0.25-0.50,85,80,80,0,80,0,0,0,5
0110785777cb67860df64350aa990d412f2d082c21b39f75bed24bacac9c7fa2,488x652|/home/pth/workshop/wide-field-solver/data/zenodo-#/all/r_darksubtracted_jd#.#<date>#.fits,0,0.50-0.75,35,28,28,0,28,0,0,0,7
0110785777cb67860df64350aa990d412f2d082c21b39f75bed24bacac9c7fa2,488x652|/home/pth/workshop/wide-field-solver/data/zenodo-#/all/r_darksubtracted_jd#.#<date>#.fits,0,0.75-1.00,2,0,0,0,0,0,0,0,2
0110ae82ec865017c89e99f3d94dd294997cb34a97ecb7a6f77a4ca7fb08ee84,4096x4096|/home/pth/workshop/wide-field-solver/eso_downloads/trial/apicam.<date>t#:#:#.#.fits,0,0.00-0.25,2931,1775,1775,0,1775,0,0,0,1156
0110ae82ec865017c89e99f3d94dd294997cb34a97ecb7a6f77a4ca7fb08ee84,4096x4096|/home/pth/workshop/wide-field-solver/eso_downloads/trial/apicam.<date>t#:#:#.#.fits,0,0.25-0.50,7261,5574,5574,0,5574,0,0,0,1687
0110ae82ec865017c89e99f3d94dd294997cb34a97ecb7a6f77a4ca7fb08ee84,4096x4096|/home/pth/workshop/wide-field-solver/eso_downloads/trial/apicam.<date>t#:#:#.#.fits,0,0.50-0.75,2716,2566,2566,0,2566,0,0,0,150
01b4edc12a3bc2a07c05c417fcc5e7c87e17d1639b8ddcac7515ce8bb17f0d68,1411x1422|/home/pth/workshop/wide-field-solver/raw_allsky_samples/mmto/mmto-skycam/<date>/<date>__#_#_#.fits.bz#,0,0.00-0.25,202,196,196,0,196,0,0,0,6
01b4edc12a3bc2a07c05c417fcc5e7c87e17d1639b8ddcac7515ce8bb17f0d68,1411x1422|/home/pth/workshop/wide-field-solver/raw_allsky_samples/mmto/mmto-skycam/<date>/<date>__#_#_#.fits.bz#,0,0.25-0.50,508,493,493,0,493,0,0,0,15
01b4edc12a3bc2a07c05c417fcc5e7c87e17d1639b8ddcac7515ce8bb17f0d68,1411x1422|/home/pth/workshop/wide-field-solver/raw_allsky_samples/mmto/mmto-skycam/<date>/<date>__#_#_#.fits.bz#,0,0.50-0.75,201,136,136,0,136,0,0,0,65
01cc1f79d3e22637a6f3c923939320d289e63f1455b532131d327d59f30d6f5d,1411x1422|/home/pth/workshop/wide-field-solver/raw_allsky_samples/mmto/mmto-skycam/<date>/<date>__#_#_#.fits.bz#,0,0.00-0.25,91,22,22,0,22,0,0,0,69
01cc1f79d3e22637a6f3c923939320d289e63f1455b532131d327d59f30d6f5d,1411x1422|/home/pth/workshop/wide-field-solver/raw_allsky_samples/mmto/mmto-skycam/<date>/<date>__#_#_#.fits.bz#,0,0.25-0.50,139,16,16,0,16,0,0,0,123
01cc1f79d3e22637a6f3c923939320d289e63f1455b532131d327d59f30d6f5d,1411x1422|/home/pth/workshop/wide-field-solver/raw_allsky_samples/mmto/mmto-skycam/<date>/<date>__#_#_#.fits.bz#,0,0.50-0.75,19,4,4,0,4,0,0,0,15
030065a209f023f445a348a662739cff6c6efbd25c34cedd0a43d585766cdfc0,1411x1422|/home/pth/workshop/wide-field-solver/raw_allsky_samples/mmto/mmto-skycam/<date>/<date>__#_#_#.fits.bz#,0,0.00-0.25,285,278,278,0,278,0,0,0,7
030065a209f023f445a348a662739cff6c6efbd25c34cedd0a43d585766cdfc0,1411x1422|/home/pth/workshop/wide-field-solver/raw_allsky_samples/mmto/mmto-skycam/<date>/<date>__#_#_#.fits.bz#,0,0.25-0.50,866,848,848,0,848,0,0,0,18
030065a209f023f445a348a662739cff6c6efbd25c34cedd0a43d585766cdfc0,1411x1422|/home/pth/workshop/wide-field-solver/raw_allsky_samples/mmto/mmto-skycam/<date>/<date>__#_#_#.fits.bz#,0,0.50-0.75,375,283,283,0,283,0,0,0,92
03f548ece61ed96ae496c6e704c4782a7d2b35e825c4cc3f0c0d68949497cddf,1411x1422|/home/pth/workshop/wide-field-solver/raw_allsky_samples/mmto/mmto-skycam/<date>/<date>__#_#_#.fits.bz#,5,0.00-0.25,334,325,326,1,322,3,1,0,8
03f548ece61ed96ae496c6e704c4782a7d2b35e825c4cc3f0c0d68949497cddf,1411x1422|/home/pth/workshop/wide-field-solver/raw_allsky_samples/mmto/mmto-skycam/<date>/<date>__#_#_#.fits.bz#,5,0.25-0.50,912,888,886,-2,864,22,0,2,24
03f548ece61ed96ae496c6e704c4782a7d2b35e825c4cc3f0c0d68949497cddf,1411x1422|/home/pth/workshop/wide-field-solver/raw_allsky_samples/mmto/mmto-skycam/<date>/<date>__#_#_#.fits.bz#,5,0.50-0.75,362,271,293,22,267,2,24,2,67
04411e4e4f2a6b9b3703813366e855183be56385a50cceaafe270554e4f2855b,4096x4096|/home/pth/workshop/wide-field-solver/eso_downloads/trial/apicam.<date>t#:#:#.#.fits,0,0.00-0.25,2908,2114,2114,0,2114,0,0,0,794
04411e4e4f2a6b9b3703813366e855183be56385a50cceaafe270554e4f2855b,4096x4096|/home/pth/workshop/wide-field-solver/eso_downloads/trial/apicam.<date>t#:#:#.#.fits,0,0.25-0.50,6993,5534,5534,0,5534,0,0,0,1459
04411e4e4f2a6b9b3703813366e855183be56385a50cceaafe270554e4f2855b,4096x4096|/home/pth/workshop/wide-field-solver/eso_downloads/trial/apicam.<date>t#:#:#.#.fits,0,0.50-0.75,2283,2141,2141,0,2141,0,0,0,142
045d84af6cfc773c2174ec756f36dfa22fdc1f4999a779b8c4bd7eacf8a7f4fd,1411x1422|/home/pth/workshop/wide-field-solver/raw_allsky_samples/mmto/mmto-skycam/<date>/<date>__#_#_#.fits.bz#,0,0.00-0.25,284,275,275,0,275,0,0,0,9
045d84af6cfc773c2174ec756f36dfa22fdc1f4999a779b8c4bd7eacf8a7f4fd,1411x1422|/home/pth/workshop/wide-field-solver/raw_allsky_samples/mmto/mmto-skycam/<date>/<date>__#_#_#.fits.bz#,0,0.25-0.50,880,851,851,0,851,0,0,0,29
045d84af6cfc773c2174ec756f36dfa22fdc1f4999a779b8c4bd7eacf8a7f4fd,1411x1422|/home/pth/workshop/wide-field-solver/raw_allsky_samples/mmto/mmto-skycam/<date>/<date>__#_#_#.fits.bz#,0,0.50-0.75,347,259,259,0,259,0,0,0,88
0496633e2db232272b487568d1b5715261fd4a80b8972aea0680ca5b6de79d4a,1411x1422|/home/pth/workshop/wide-field-solver/raw_allsky_samples/mmto/mmto-skycam/<date>/<date>__#_#_#.fits.bz#,4,0.00-0.25,266,259,261,2,252,7,2,0,5
0496633e2db232272b487568d1b5715261fd4a80b8972aea0680ca5b6de79d4a,1411x1422|/home/pth/workshop/wide-field-solver/raw_allsky_samples/mmto/mmto-skycam/<date>/<date>__#_#_#.fits.bz#,4,0.25-0.50,811,795,795,0,785,10,0,0,16
0496633e2db232272b487568d1b5715261fd4a80b8972aea0680ca5b6de79d4a,1411x1422|/home/pth/workshop/wide-field-solver/raw_allsky_samples/mmto/mmto-skycam/<date>/<date>__#_#_#.fits.bz#,4,0.50-0.75,316,241,258,17,240,1,17,0,58
058eed8617ff7c8d04933a9edc38977177c4f3dc03f84a43f4b4e2d2e412d220,1411x1422|/home/pth/workshop/wide-field-solver/raw_allsky_samples/mmto/mmto-skycam/<date>/<date>__#_#_#.fits.bz#,0,0.00-0.25,113,83,83,0,83,0,0,0,30
058eed8617ff7c8d04933a9edc38977177c4f3dc03f84a43f4b4e2d2e412d220,1411x1422|/home/pth/workshop/wide-field-solver/raw_allsky_samples/mmto/mmto-skycam/<date>/<date>__#_#_#.fits.bz#,0,0.25-0.50,223,177,177,0,177,0,0,0,46
058eed8617ff7c8d04933a9edc38977177c4f3dc03f84a43f4b4e2d2e412d220,1411x1422|/home/pth/workshop/wide-field-solver/raw_allsky_samples/mmto/mmto-skycam/<date>/<date>__#_#_#.fits.bz#,0,0.50-0.75,29,2,2,0,2,0,0,0,27
05dd28e9632ea96defd5fbc54e1b25b3a9bf19c075b7a6616f82f50f21255c27,1411x1422|/home/pth/workshop/wide-field-solver/raw_allsky_samples/mmto/mmto-skycam/<date>/<date>__#_#_#.fits.bz#,0,0.00-0.25,166,162,162,0,162,0,0,0,4
05dd28e9632ea96defd5fbc54e1b25b3a9bf19c075b7a6616f82f50f21255c27,1411x1422|/home/pth/workshop/wide-field-solver/raw_allsky_samples/mmto/mmto-skycam/<date>/<date>__#_#_#.fits.bz#,0,0.25-0.50,457,436,436,0,436,0,0,0,21
05dd28e9632ea96defd5fbc54e1b25b3a9bf19c075b7a6616f82f50f21255c27,1411x1422|/home/pth/workshop/wide-field-solver/raw_allsky_samples/mmto/mmto-skycam/<date>/<date>__#_#_#.fits.bz#,0,0.50-0.75,136,74,74,0,74,0,0,0,62
0624ff9d47d2cf04ae1a84cde02b397a91767429fb21b177eba18b23aefe0f66,1411x1422|/home/pth/workshop/wide-field-solver/raw_allsky_samples/mmto/mmto-skycam/<date>/<date>__#_#_#.fits.bz#,0,0.00-0.25,293,284,284,0,284,0,0,0,9
0624ff9d47d2cf04ae1a84cde02b397a91767429fb21b177eba18b23aefe0f66,1411x1422|/home/pth/workshop/wide-field-solver/raw_allsky_samples/mmto/mmto-skycam/<date>/<date>__#_#_#.fits.bz#,0,0.25-0.50,880,864,864,0,864,0,0,0,16
0624ff9d47d2cf04ae1a84cde02b397a91767429fb21b177eba18b23aefe0f66,1411x1422|/home/pth/workshop/wide-field-solver/raw_allsky_samples/mmto/mmto-skycam/<date>/<date>__#_#_#.fits.bz#,0,0.50-0.75,385,309,309,0,309,0,0,0,76
06df9ff9310431e4df9f523fb4b5d74576711d641f5f5e8431c42c0bca19e736,1411x1422|/home/pth/workshop/wide-field-solver/raw_allsky_samples/mmto/mmto-skycam/<date>/<date>__#_#_#.fits.bz#,0,0.00-0.25,186,183,183,0,183,0,0,0,3
06df9ff9310431e4df9f523fb4b5d74576711d641f5f5e8431c42c0bca19e736,1411x1422|/home/pth/workshop/wide-field-solver/raw_allsky_samples/mmto/mmto-skycam/<date>/<date>__#_#_#.fits.bz#,0,0.25-0.50,368,349,349,0,349,0,0,0,19
06df9ff9310431e4df9f523fb4b5d74576711d641f5f5e8431c42c0bca19e736,1411x1422|/home/pth/workshop/wide-field-solver/raw_allsky_samples/mmto/mmto-skycam/<date>/<date>__#_#_#.fits.bz#,0,0.50-0.75,93,36,36,0,36,0,0,0,57
074e797a98fd92ad13fe2ca142ba752d57f77a529f2ee416d1dcb9948bea6ccf,4096x4096|/home/pth/workshop/wide-field-solver/eso_downloads/trial/apicam.<date>t#:#:#.#.fits,0,0.00-0.25,3234,2169,2169,0,2169,0,0,0,1065
074e797a98fd92ad13fe2ca142ba752d57f77a529f2ee416d1dcb9948bea6ccf,4096x4096|/home/pth/workshop/wide-field-solver/eso_downloads/trial/apicam.<date>t#:#:#.#.fits,0,0.25-0.50,7247,5585,5585,0,5585,0,0,0,1662
074e797a98fd92ad13fe2ca142ba752d57f77a529f2ee416d1dcb9948bea6ccf,4096x4096|/home/pth/workshop/wide-field-solver/eso_downloads/trial/apicam.<date>t#:#:#.#.fits,0,0.50-0.75,2533,2351,2351,0,2351,0,0,0,182
082c80f6fa8ed0f3255e6ea03497b43525cc0972be8ee446002571a8028bb237,4096x4096|/home/pth/workshop/wide-field-solver/eso_downloads/trial/apicam.<date>t#:#:#.#.fits,0,0.00-0.25,3253,2128,2128,0,2128,0,0,0,1125
082c80f6fa8ed0f3255e6ea03497b43525cc0972be8ee446002571a8028bb237,4096x4096|/home/pth/workshop/wide-field-solver/eso_downloads/trial/apicam.<date>t#:#:#.#.fits,0,0.25-0.50,7506,5813,5813,0,5813,0,0,0,1693
082c80f6fa8ed0f3255e6ea03497b43525cc0972be8ee446002571a8028bb237,4096x4096|/home/pth/workshop/wide-field-solver/eso_downloads/trial/apicam.<date>t#:#:#.#.fits,0,0.50-0.75,2790,2588,2588,0,2588,0,0,0,202
093f34eb3d7cd8562e962ec49f29a54641d6e132883e71b346fc826c0491292b,1411x1422|/home/pth/workshop/wide-field-solver/raw_allsky_samples/mmto/mmto-skycam/<date>/<date>__#_#_#.fits.bz#,0,0.00-0.25,276,267,267,0,267,0,0,0,9
093f34eb3d7cd8562e962ec49f29a54641d6e132883e71b346fc826c0491292b,1411x1422|/home/pth/workshop/wide-field-solver/raw_allsky_samples/mmto/mmto-skycam/<date>/<date>__#_#_#.fits.bz#,0,0.25-0.50,860,828,828,0,828,0,0,0,32
093f34eb3d7cd8562e962ec49f29a54641d6e132883e71b346fc826c0491292b,1411x1422|/home/pth/workshop/wide-field-solver/raw_allsky_samples/mmto/mmto-skycam/<date>/<date>__#_#_#.fits.bz#,0,0.50-0.75,353,251,251,0,251,0,0,0,102
09c208b28b3dc83f9694098233ef0cb2a663fa4f5ecaa20d7405953f16ee8c3e,1411x1422|/home/pth/workshop/wide-field-solver/raw_allsky_samples/mmto/mmto-skycam/<date>/<date>__#_#_#.fits.bz#,0,0.00-0.25,191,184,184,0,184,0,0,0,7
09c208b28b3dc83f9694098233ef0cb2a663fa4f5ecaa20d7405953f16ee8c3e,1411x1422|/home/pth/workshop/wide-field-solver/raw_allsky_samples/mmto/mmto-skycam/<date>/<date>__#_#_#.fits.bz#,0,0.25-0.50,431,402,402,0,402,0,0,0,29
09c208b28b3dc83f9694098233ef0cb2a663fa4f5ecaa20d7405953f16ee8c3e,1411x1422|/home/pth/workshop/wide-field-solver/raw_allsky_samples/mmto/mmto-skycam/<date>/<date>__#_#_#.fits.bz#,0,0.50-0.75,120,47,47,0,47,0,0,0,73
09f3c681782c2dfc630496350c5a30fb39a6e1199372efd7b36ef46f7f9d762b,1411x1422|/home/pth/workshop/wide-field-solver/raw_allsky_samples/mmto/mmto-skycam/<date>/<date>__#_#_#.fits.bz#,0,0.00-0.25,293,287,287,0,287,0,0,0,6
09f3c681782c2dfc630496350c5a30fb39a6e1199372efd7b36ef46f7f9d762b,1411x1422|/home/pth/workshop/wide-field-solver/raw_allsky_samples/mmto/mmto-skycam/<date>/<date>__#_#_#.fits.bz#,0,0.25-0.50,870,850,850,0,850,0,0,0,20
09f3c681782c2dfc630496350c5a30fb39a6e1199372efd7b36ef46f7f9d762b,1411x1422|/home/pth/workshop/wide-field-solver/raw_allsky_samples/mmto/mmto-skycam/<date>/<date>__#_#_#.fits.bz#,0,0.50-0.75,363,286,286,0,286,0,0,0,77
0a7a63a3edcad526812ec705b23393871f44cb076b8f5463a1ec861206116a20,4096x4096|/home/pth/workshop/wide-field-solver/eso_downloads/trial/apicam.<date>t#:#:#.#.fits,0,0.00-0.25,3209,1874,1874,0,1874,0,0,0,1335
0a7a63a3edcad526812ec705b23393871f44cb076b8f5463a1ec861206116a20,4096x4096|/home/pth/workshop/wide-field-solver/eso_downloads/trial/apicam.<date>t#:#:#.#.fits,0,0.25-0.50,7521,5810,5810,0,5810,0,0,0,1711
0a7a63a3edcad526812ec705b23393871f44cb076b8f5463a1ec861206116a20,4096x4096|/home/pth/workshop/wide-field-solver/eso_downloads/trial/apicam.<date>t#:#:#.#.fits,0,0.50-0.75,2832,2603,2603,0,2603,0,0,0,229
0b73b53768b6f8dbfff80b90d89a02023be3415fe76f04fd9419b2baad61cf57,4096x4096|/home/pth/workshop/wide-field-solver/eso_downloads/trial/apicam.<date>t#:#:#.#.fits,0,0.00-0.25,3274,2082,2082,0,2082,0,0,0,1192
0b73b53768b6f8dbfff80b90d89a02023be3415fe76f04fd9419b2baad61cf57,4096x4096|/home/pth/workshop/wide-field-solver/eso_downloads/trial/apicam.<date>t#:#:#.#.fits,0,0.25-0.50,7523,5811,5811,0,5811,0,0,0,1712
0b73b53768b6f8dbfff80b90d89a02023be3415fe76f04fd9419b2baad61cf57,4096x4096|/home/pth/workshop/wide-field-solver/eso_downloads/trial/apicam.<date>t#:#:#.#.fits,0,0.50-0.75,2823,2622,2622,0,2622,0,0,0,201
0bd063b64d6e200f635f02ba06feef36645f3bfb4d0f1cd64702ba6b80c4366f,1411x1422|/home/pth/workshop/wide-field-solver/raw_allsky_samples/mmto/mmto-skycam/<date>/<date>__#_#_#.fits.bz#,1,0.00-0.25,115,76,77,1,76,0,1,0,38
0bd063b64d6e200f635f02ba06feef36645f3bfb4d0f1cd64702ba6b80c4366f,1411x1422|/home/pth/workshop/wide-field-solver/raw_allsky_samples/mmto/mmto-skycam/<date>/<date>__#_#_#.fits.bz#,1,0.25-0.50,209,143,141,-2,140,0,1,3,65
0bd063b64d6e200f635f02ba06feef36645f3bfb4d0f1cd64702ba6b80c4366f,1411x1422|/home/pth/workshop/wide-field-solver/raw_allsky_samples/mmto/mmto-skycam/<date>/<date>__#_#_#.fits.bz#,1,0.50-0.75,30,7,7,0,7,0,0,0,23
0c319f23d92f3af5f70a54231baeb802d9f4fcf8d1c5527fb7e6e0233e932bbc,488x652|/home/pth/workshop/wide-field-solver/data/zenodo-#/all/r_darksubtracted_jd#.#<date>#.fits,0,0.00-0.25,22,21,21,0,21,0,0,0,1
0c319f23d92f3af5f70a54231baeb802d9f4fcf8d1c5527fb7e6e0233e932bbc,488x652|/home/pth/workshop/wide-field-solver/data/zenodo-#/all/r_darksubtracted_jd#.#<date>#.fits,0,0.25-0.50,70,66,66,0,66,0,0,0,4
0c319f23d92f3af5f70a54231baeb802d9f4fcf8d1c5527fb7e6e0233e932bbc,488x652|/home/pth/workshop/wide-field-solver/data/zenodo-#/all/r_darksubtracted_jd#.#<date>#.fits,0,0.50-0.75,30,23,23,0,23,0,0,0,7
0f600259966e97dd504979a681fb7b548d5429834fa7d133f42ecc0df69c5c6c,4096x4096|/home/pth/workshop/wide-field-solver/eso_downloads/trial/apicam.<date>t#:#:#.#.fits,0,0.00-0.25,2569,2146,2146,0,2146,0,0,0,423
0f600259966e97dd504979a681fb7b548d5429834fa7d133f42ecc0df69c5c6c,4096x4096|/home/pth/workshop/wide-field-solver/eso_downloads/trial/apicam.<date>t#:#:#.#.fits,0,0.25-0.50,5280,4774,4774,0,4774,0,0,0,506
0f600259966e97dd504979a681fb7b548d5429834fa7d133f42ecc0df69c5c6c,4096x4096|/home/pth/workshop/wide-field-solver/eso_downloads/trial/apicam.<date>t#:#:#.#.fits,0,0.50-0.75,1671,1626,1626,0,1626,0,0,0,45
10590f833e326f6fb95f7d7c70498e4c3a733d27d00468fc3aff45dd040620eb,3672x3672|/home/pth/skrivebord/fisheeyeimagesnotrailser/subaru_maunakea_<date>t#z.jpg,0,0.00-0.25,1426,1353,1353,0,1353,0,0,0,73
10590f833e326f6fb95f7d7c70498e4c3a733d27d00468fc3aff45dd040620eb,3672x3672|/home/pth/skrivebord/fisheeyeimagesnotrailser/subaru_maunakea_<date>t#z.jpg,0,0.25-0.50,2217,2150,2150,0,2150,0,0,0,67
10590f833e326f6fb95f7d7c70498e4c3a733d27d00468fc3aff45dd040620eb,3672x3672|/home/pth/skrivebord/fisheeyeimagesnotrailser/subaru_maunakea_<date>t#z.jpg,0,0.50-0.75,721,376,376,0,376,0,0,0,345
1066c366b7d7a959a78478e255a587de2e52dd7cc0747bdb9c5075b7c2efb7f6,4096x4096|/home/pth/workshop/wide-field-solver/eso_downloads/trial/apicam.<date>t#:#:#.#.fits,0,0.00-0.25,2795,2169,2169,0,2169,0,0,0,626
1066c366b7d7a959a78478e255a587de2e52dd7cc0747bdb9c5075b7c2efb7f6,4096x4096|/home/pth/workshop/wide-field-solver/eso_downloads/trial/apicam.<date>t#:#:#.#.fits,0,0.25-0.50,6333,5202,5202,0,5202,0,0,0,1131
1066c366b7d7a959a78478e255a587de2e52dd7cc0747bdb9c5075b7c2efb7f6,4096x4096|/home/pth/workshop/wide-field-solver/eso_downloads/trial/apicam.<date>t#:#:#.#.fits,0,0.50-0.75,2202,2067,2067,0,2067,0,0,0,135
10d408c309e57ded9965ecec9ca749b97db6556dfee77afcf351117258de7661,1411x1422|/home/pth/workshop/wide-field-solver/raw_allsky_samples/mmto/mmto-skycam/<date>/<date>__#_#_#.fits.bz#,0,0.00-0.25,153,148,148,0,148,0,0,0,5
10d408c309e57ded9965ecec9ca749b97db6556dfee77afcf351117258de7661,1411x1422|/home/pth/workshop/wide-field-solver/raw_allsky_samples/mmto/mmto-skycam/<date>/<date>__#_#_#.fits.bz#,0,0.25-0.50,367,356,356,0,356,0,0,0,11
10d408c309e57ded9965ecec9ca749b97db6556dfee77afcf351117258de7661,1411x1422|/home/pth/workshop/wide-field-solver/raw_allsky_samples/mmto/mmto-skycam/<date>/<date>__#_#_#.fits.bz#,0,0.50-0.75,148,113,113,0,113,0,0,0,35
1166152431557ba997ad56ecf97b92b5898d24214101bee4426be51f77465ec2,488x652|/home/pth/workshop/wide-field-solver/data/zenodo-#/all/g_darksubtracted_jd#.#<date>#.fits,0,0.00-0.25,29,28,28,0,28,0,0,0,1
1166152431557ba997ad56ecf97b92b5898d24214101bee4426be51f77465ec2,488x652|/home/pth/workshop/wide-field-solver/data/zenodo-#/all/g_darksubtracted_jd#.#<date>#.fits,0,0.25-0.50,68,66,66,0,66,0,0,0,2
1166152431557ba997ad56ecf97b92b5898d24214101bee4426be51f77465ec2,488x652|/home/pth/workshop/wide-field-solver/data/zenodo-#/all/g_darksubtracted_jd#.#<date>#.fits,0,0.50-0.75,28,21,21,0,21,0,0,0,7
11d67b550e46c96687ca45deb96ae581cbb973ab6dd604d84a7bad749d2c5a1f,4096x4096|/home/pth/workshop/wide-field-solver/eso_downloads/trial/apicam.<date>t#:#:#.#.fits,0,0.00-0.25,3211,1812,1812,0,1812,0,0,0,1399
11d67b550e46c96687ca45deb96ae581cbb973ab6dd604d84a7bad749d2c5a1f,4096x4096|/home/pth/workshop/wide-field-solver/eso_downloads/trial/apicam.<date>t#:#:#.#.fits,0,0.25-0.50,7742,5673,5673,0,5673,0,0,0,2069
11d67b550e46c96687ca45deb96ae581cbb973ab6dd604d84a7bad749d2c5a1f,4096x4096|/home/pth/workshop/wide-field-solver/eso_downloads/trial/apicam.<date>t#:#:#.#.fits,0,0.50-0.75,2740,2586,2586,0,2586,0,0,0,154
121687f4dc5b986a5c353124d918e9fb4362ec206fc6e936b07c31e0e0e3c655,488x652|/home/pth/workshop/wide-field-solver/data/zenodo-#/all/r_darksubtracted_jd#.#<date>#.fits,0,0.00-0.25,15,13,13,0,13,0,0,0,2
121687f4dc5b986a5c353124d918e9fb4362ec206fc6e936b07c31e0e0e3c655,488x652|/home/pth/workshop/wide-field-solver/data/zenodo-#/all/r_darksubtracted_jd#.#<date>#.fits,0,0.25-0.50,48,44,44,0,44,0,0,0,4
121687f4dc5b986a5c353124d918e9fb4362ec206fc6e936b07c31e0e0e3c655,488x652|/home/pth/workshop/wide-field-solver/data/zenodo-#/all/r_darksubtracted_jd#.#<date>#.fits,0,0.50-0.75,33,14,14,0,14,0,0,0,19
121687f4dc5b986a5c353124d918e9fb4362ec206fc6e936b07c31e0e0e3c655,488x652|/home/pth/workshop/wide-field-solver/data/zenodo-#/all/r_darksubtracted_jd#.#<date>#.fits,0,0.75-1.00,7,0,0,0,0,0,0,0,7
121819508a532c1a254a05569c6d7ce30599dfd827a66425d04a8bb5b2c09e65,4096x4096|/home/pth/workshop/wide-field-solver/eso_downloads/trial/apicam.<date>t#:#:#.#.fits,0,0.00-0.25,3098,2143,2143,0,2143,0,0,0,955
121819508a532c1a254a05569c6d7ce30599dfd827a66425d04a8bb5b2c09e65,4096x4096|/home/pth/workshop/wide-field-solver/eso_downloads/trial/apicam.<date>t#:#:#.#.fits,0,0.25-0.50,7053,5535,5535,0,5535,0,0,0,1518
121819508a532c1a254a05569c6d7ce30599dfd827a66425d04a8bb5b2c09e65,4096x4096|/home/pth/workshop/wide-field-solver/eso_downloads/trial/apicam.<date>t#:#:#.#.fits,0,0.50-0.75,2516,2346,2346,0,2346,0,0,0,170
14339ab539d5d637cfa4dcdb0150370b76192023639394e64738d179c82f6799,1411x1422|/home/pth/workshop/wide-field-solver/raw_allsky_samples/mmto/mmto-skycam/<date>/<date>__#_#_#.fits.bz#,0,0.00-0.25,323,317,317,0,317,0,0,0,6
14339ab539d5d637cfa4dcdb0150370b76192023639394e64738d179c82f6799,1411x1422|/home/pth/workshop/wide-field-solver/raw_allsky_samples/mmto/mmto-skycam/<date>/<date>__#_#_#.fits.bz#,0,0.25-0.50,905,887,887,0,887,0,0,0,18
14339ab539d5d637cfa4dcdb0150370b76192023639394e64738d179c82f6799,1411x1422|/home/pth/workshop/wide-field-solver/raw_allsky_samples/mmto/mmto-skycam/<date>/<date>__#_#_#.fits.bz#,0,0.50-0.75,384,304,304,0,304,0,0,0,80
14a8bd7e0225bafd8f46a9fbfab45ad5da72bc79a76a076c83117a43f652d707,4096x4096|/home/pth/workshop/wide-field-solver/eso_downloads/trial/apicam.<date>t#:#:#.#.fits,0,0.00-0.25,3226,1916,1916,0,1916,0,0,0,1310
14a8bd7e0225bafd8f46a9fbfab45ad5da72bc79a76a076c83117a43f652d707,4096x4096|/home/pth/workshop/wide-field-solver/eso_downloads/trial/apicam.<date>t#:#:#.#.fits,0,0.25-0.50,7465,5797,5797,0,5797,0,0,0,1668
14a8bd7e0225bafd8f46a9fbfab45ad5da72bc79a76a076c83117a43f652d707,4096x4096|/home/pth/workshop/wide-field-solver/eso_downloads/trial/apicam.<date>t#:#:#.#.fits,0,0.50-0.75,2772,2590,2590,0,2590,0,0,0,182
153e4eae1e2ae1036e69269b730a34c2125d69800720b6f7ccd692f5fe5f6791,915x915|/home/pth/skrivebord/fisheeyeimagesnotrailser/fisheye#-#w_espenak.jpg,4,0.00-0.25,127,124,124,0,111,13,0,0,3
153e4eae1e2ae1036e69269b730a34c2125d69800720b6f7ccd692f5fe5f6791,915x915|/home/pth/skrivebord/fisheeyeimagesnotrailser/fisheye#-#w_espenak.jpg,4,0.25-0.50,616,608,611,3,575,33,3,0,5
153e4eae1e2ae1036e69269b730a34c2125d69800720b6f7ccd692f5fe5f6791,915x915|/home/pth/skrivebord/fisheeyeimagesnotrailser/fisheye#-#w_espenak.jpg,4,0.50-0.75,434,341,378,37,325,12,41,4,52
16b666727d4aabb147a855710499d6c9a0261c164c886105d4d33e9992f25c4e,1411x1422|/home/pth/workshop/wide-field-solver/raw_allsky_samples/mmto/mmto-skycam/<date>/<date>__#_#_#.fits.bz#,1,0.00-0.25,340,332,332,0,324,8,0,0,8
16b666727d4aabb147a855710499d6c9a0261c164c886105d4d33e9992f25c4e,1411x1422|/home/pth/workshop/wide-field-solver/raw_allsky_samples/mmto/mmto-skycam/<date>/<date>__#_#_#.fits.bz#,1,0.25-0.50,874,853,854,1,832,21,1,0,20
16b666727d4aabb147a855710499d6c9a0261c164c886105d4d33e9992f25c4e,1411x1422|/home/pth/workshop/wide-field-solver/raw_allsky_samples/mmto/mmto-skycam/<date>/<date>__#_#_#.fits.bz#,1,0.50-0.75,365,269,287,18,263,2,22,4,74
16c7951d0f296ad243c8b8e0bf1ac96438e96c7e928a13a869fcfd9e17ebaa8a,1411x1422|/home/pth/workshop/wide-field-solver/raw_allsky_samples/mmto/mmto-skycam/<date>/<date>__#_#_#.fits.bz#,0,0.00-0.25,188,184,184,0,184,0,0,0,4
16c7951d0f296ad243c8b8e0bf1ac96438e96c7e928a13a869fcfd9e17ebaa8a,1411x1422|/home/pth/workshop/wide-field-solver/raw_allsky_samples/mmto/mmto-skycam/<date>/<date>__#_#_#.fits.bz#,0,0.25-0.50,448,433,433,0,433,0,0,0,15
16c7951d0f296ad243c8b8e0bf1ac96438e96c7e928a13a869fcfd9e17ebaa8a,1411x1422|/home/pth/workshop/wide-field-solver/raw_allsky_samples/mmto/mmto-skycam/<date>/<date>__#_#_#.fits.bz#,0,0.50-0.75,178,129,129,0,129,0,0,0,49
16dc6d0e6f3b3f9954dbcf90dd802fe53cc10c6b0ec0690a022d53382f2d81cf,1411x1422|/home/pth/workshop/wide-field-solver/raw_allsky_samples/mmto/mmto-skycam/<date>/<date>__#_#_#.fits.bz#,4,0.00-0.25,136,131,131,0,126,5,0,0,5
16dc6d0e6f3b3f9954dbcf90dd802fe53cc10c6b0ec0690a022d53382f2d81cf,1411x1422|/home/pth/workshop/wide-field-solver/raw_allsky_samples/mmto/mmto-skycam/<date>/<date>__#_#_#.fits.bz#,4,0.25-0.50,313,289,289,0,282,7,0,0,24
16dc6d0e6f3b3f9954dbcf90dd802fe53cc10c6b0ec0690a022d53382f2d81cf,1411x1422|/home/pth/workshop/wide-field-solver/raw_allsky_samples/mmto/mmto-skycam/<date>/<date>__#_#_#.fits.bz#,4,0.50-0.75,121,71,72,1,70,1,1,0,49
1715da29de6de67e8e2d7ab25ed5d5aad6a7d9411c897266cf7d2a6b4637842e,3672x3672|/home/pth/skrivebord/fisheeyeimagesnotrailser/subaru_maunakea_<date>t#z.jpg,0,0.00-0.25,1348,1278,1278,0,1278,0,0,0,70
1715da29de6de67e8e2d7ab25ed5d5aad6a7d9411c897266cf7d2a6b4637842e,3672x3672|/home/pth/skrivebord/fisheeyeimagesnotrailser/subaru_maunakea_<date>t#z.jpg,0,0.25-0.50,2147,2078,2078,0,2078,0,0,0,69
1715da29de6de67e8e2d7ab25ed5d5aad6a7d9411c897266cf7d2a6b4637842e,3672x3672|/home/pth/skrivebord/fisheeyeimagesnotrailser/subaru_maunakea_<date>t#z.jpg,0,0.50-0.75,630,345,345,0,345,0,0,0,285
17651d6cbc81fcfeca48d77f27a4d766259b410131b7f3281d8f749327b4216e,1411x1422|/home/pth/workshop/wide-field-solver/raw_allsky_samples/mmto/mmto-skycam/<date>/<date>__#_#_#.fits.bz#,0,0.00-0.25,130,124,124,0,124,0,0,0,6
17651d6cbc81fcfeca48d77f27a4d766259b410131b7f3281d8f749327b4216e,1411x1422|/home/pth/workshop/wide-field-solver/raw_allsky_samples/mmto/mmto-skycam/<date>/<date>__#_#_#.fits.bz#,0,0.25-0.50,293,283,283,0,283,0,0,0,10
17651d6cbc81fcfeca48d77f27a4d766259b410131b7f3281d8f749327b4216e,1411x1422|/home/pth/workshop/wide-field-solver/raw_allsky_samples/mmto/mmto-skycam/<date>/<date>__#_#_#.fits.bz#,0,0.50-0.75,114,84,84,0,84,0,0,0,30
17cdca28ec3a0fc85ecc5c43f63b5df3893f30e469963b749c7abafcc068a8c1,915x915|/home/pth/junk/wide-field-solver/results/runs/fisheye#-#w_espenak-v#.#.#-<date>t#z-t#n#mc/analysis/solution.fits,4,0.00-0.25,128,125,125,0,111,14,0,0,3
17cdca28ec3a0fc85ecc5c43f63b5df3893f30e469963b749c7abafcc068a8c1,915x915|/home/pth/junk/wide-field-solver/results/runs/fisheye#-#w_espenak-v#.#.#-<date>t#z-t#n#mc/analysis/solution.fits,4,0.25-0.50,613,605,608,3,572,33,3,0,5
17cdca28ec3a0fc85ecc5c43f63b5df3893f30e469963b749c7abafcc068a8c1,915x915|/home/pth/junk/wide-field-solver/results/runs/fisheye#-#w_espenak-v#.#.#-<date>t#z-t#n#mc/analysis/solution.fits,4,0.50-0.75,434,342,378,36,324,13,41,5,51
17f285dbe7957c992934b5df45b67aa048a0fd51f3546fd7142b91062234295e,1411x1422|/home/pth/workshop/wide-field-solver/raw_allsky_samples/mmto/mmto-skycam/<date>/<date>__#_#_#.fits.bz#,0,0.00-0.25,171,165,165,0,165,0,0,0,6
17f285dbe7957c992934b5df45b67aa048a0fd51f3546fd7142b91062234295e,1411x1422|/home/pth/workshop/wide-field-solver/raw_allsky_samples/mmto/mmto-skycam/<date>/<date>__#_#_#.fits.bz#,0,0.25-0.50,468,452,452,0,452,0,0,0,16
17f285dbe7957c992934b5df45b67aa048a0fd51f3546fd7142b91062234295e,1411x1422|/home/pth/workshop/wide-field-solver/raw_allsky_samples/mmto/mmto-skycam/<date>/<date>__#_#_#.fits.bz#,0,0.50-0.75,191,125,125,0,125,0,0,0,66
18d75cf1a53114fbd213f48eb74b6211506d14fe2032854962d5cfee1a4e40fa,4096x4096|/home/pth/workshop/wide-field-solver/eso_downloads/trial/apicam.<date>t#:#:#.#.fits,0,0.00-0.25,2931,2128,2128,0,2128,0,0,0,803
18d75cf1a53114fbd213f48eb74b6211506d14fe2032854962d5cfee1a4e40fa,4096x4096|/home/pth/workshop/wide-field-solver/eso_downloads/trial/apicam.<date>t#:#:#.#.fits,0,0.25-0.50,6989,5525,5525,0,5525,0,0,0,1464
18d75cf1a53114fbd213f48eb74b6211506d14fe2032854962d5cfee1a4e40fa,4096x4096|/home/pth/workshop/wide-field-solver/eso_downloads/trial/apicam.<date>t#:#:#.#.fits,0,0.50-0.75,2267,2136,2136,0,2136,0,0,0,131
196e6e9a549695574b599666eb0740f90fecb96c210521ab624145c064c3d7df,3672x3672|/home/pth/skrivebord/fisheeyeimagesnotrailser/subaru_maunakea_<date>t#z.jpg,0,0.00-0.25,1678,1581,1581,0,1581,0,0,0,97
196e6e9a549695574b599666eb0740f90fecb96c210521ab624145c064c3d7df,3672x3672|/home/pth/skrivebord/fisheeyeimagesnotrailser/subaru_maunakea_<date>t#z.jpg,0,0.25-0.50,3457,3267,3267,0,3267,0,0,0,190
196e6e9a549695574b599666eb0740f90fecb96c210521ab624145c064c3d7df,3672x3672|/home/pth/skrivebord/fisheeyeimagesnotrailser/subaru_maunakea_<date>t#z.jpg,0,0.50-0.75,1272,694,694,0,694,0,0,0,578
1a1a5923d5e2b1723450cc28ad1cdb1af2ce106d5b69e9d098415236ec7e02cb,4096x4096|/home/pth/workshop/wide-field-solver/eso_downloads/trial/apicam.<date>t#:#:#.#.fits,0,0.00-0.25,2326,2021,2021,0,2021,0,0,0,305
1a1a5923d5e2b1723450cc28ad1cdb1af2ce106d5b69e9d098415236ec7e02cb,4096x4096|/home/pth/workshop/wide-field-solver/eso_downloads/trial/apicam.<date>t#:#:#.#.fits,0,0.25-0.50,4856,4467,4467,0,4467,0,0,0,389
1a1a5923d5e2b1723450cc28ad1cdb1af2ce106d5b69e9d098415236ec7e02cb,4096x4096|/home/pth/workshop/wide-field-solver/eso_downloads/trial/apicam.<date>t#:#:#.#.fits,0,0.50-0.75,1595,1544,1544,0,1544,0,0,0,51
1b506bb910143c29d3adbb219a750153361b7a897dbb832acc86a9553d6f0cd3,1411x1422|/home/pth/workshop/wide-field-solver/raw_allsky_samples/mmto/mmto-skycam/<date>/<date>__#_#_#.fits.bz#,0,0.00-0.25,344,334,334,0,334,0,0,0,10
1b506bb910143c29d3adbb219a750153361b7a897dbb832acc86a9553d6f0cd3,1411x1422|/home/pth/workshop/wide-field-solver/raw_allsky_samples/mmto/mmto-skycam/<date>/<date>__#_#_#.fits.bz#,0,0.25-0.50,898,873,873,0,873,0,0,0,25
1b506bb910143c29d3adbb219a750153361b7a897dbb832acc86a9553d6f0cd3,1411x1422|/home/pth/workshop/wide-field-solver/raw_allsky_samples/mmto/mmto-skycam/<date>/<date>__#_#_#.fits.bz#,0,0.50-0.75,360,277,277,0,277,0,0,0,83
1bd9cbe441f79633bd3225384cda1017a56904e44b59de31d939900a7b69dc8c,488x652|/home/pth/workshop/wide-field-solver/data/zenodo-#/all/g_darksubtracted_jd#.#<date>#.fits,0,0.00-0.25,35,32,32,0,32,0,0,0,3
1bd9cbe441f79633bd3225384cda1017a56904e44b59de31d939900a7b69dc8c,488x652|/home/pth/workshop/wide-field-solver/data/zenodo-#/all/g_darksubtracted_jd#.#<date>#.fits,0,0.25-0.50,75,73,73,0,73,0,0,0,2
1bd9cbe441f79633bd3225384cda1017a56904e44b59de31d939900a7b69dc8c,488x652|/home/pth/workshop/wide-field-solver/data/zenodo-#/all/g_darksubtracted_jd#.#<date>#.fits,0,0.50-0.75,27,22,22,0,22,0,0,0,5
1bf3a681c9d9ac8e11fee917ad5ca569f40131c5d9a26108fcc04e3f57547ba3,1411x1422|/home/pth/workshop/wide-field-solver/raw_allsky_samples/mmto/mmto-skycam/<date>/<date>__#_#_#.fits.bz#,0,0.00-0.25,194,191,191,0,191,0,0,0,3
1bf3a681c9d9ac8e11fee917ad5ca569f40131c5d9a26108fcc04e3f57547ba3,1411x1422|/home/pth/workshop/wide-field-solver/raw_allsky_samples/mmto/mmto-skycam/<date>/<date>__#_#_#.fits.bz#,0,0.25-0.50,337,326,326,0,326,0,0,0,11
1bf3a681c9d9ac8e11fee917ad5ca569f40131c5d9a26108fcc04e3f57547ba3,1411x1422|/home/pth/workshop/wide-field-solver/raw_allsky_samples/mmto/mmto-skycam/<date>/<date>__#_#_#.fits.bz#,0,0.50-0.75,92,31,31,0,31,0,0,0,61
1c09747f99f842a65c60be406cff1b6bbaec93a4a9c1bcac2d2e556e8f4119cf,4096x4096|/home/pth/workshop/wide-field-solver/eso_downloads/trial/apicam.<date>t#:#:#.#.fits,0,0.00-0.25,3097,2184,2184,0,2184,0,0,0,913
1c09747f99f842a65c60be406cff1b6bbaec93a4a9c1bcac2d2e556e8f4119cf,4096x4096|/home/pth/workshop/wide-field-solver/eso_downloads/trial/apicam.<date>t#:#:#.#.fits,0,0.25-0.50,7165,5605,5605,0,5605,0,0,0,1560
1c09747f99f842a65c60be406cff1b6bbaec93a4a9c1bcac2d2e556e8f4119cf,4096x4096|/home/pth/workshop/wide-field-solver/eso_downloads/trial/apicam.<date>t#:#:#.#.fits,0,0.50-0.75,2414,2251,2251,0,2251,0,0,0,163
1c2bb842a36424a968f75cd6f0f824025f97ca151241bc8edea15f00b135dd13,1411x1422|/home/pth/workshop/wide-field-solver/raw_allsky_samples/mmto/mmto-skycam/<date>/<date>__#_#_#.fits.bz#,0,0.00-0.25,220,217,217,0,217,0,0,0,3
1c2bb842a36424a968f75cd6f0f824025f97ca151241bc8edea15f00b135dd13,1411x1422|/home/pth/workshop/wide-field-solver/raw_allsky_samples/mmto/mmto-skycam/<date>/<date>__#_#_#.fits.bz#,0,0.25-0.50,589,572,572,0,572,0,0,0,17
1c2bb842a36424a968f75cd6f0f824025f97ca151241bc8edea15f00b135dd13,1411x1422|/home/pth/workshop/wide-field-solver/raw_allsky_samples/mmto/mmto-skycam/<date>/<date>__#_#_#.fits.bz#,0,0.50-0.75,240,173,173,0,173,0,0,0,67
1f46083f12cc43820fd83eb5e46be297e3f774127723bc176c06a45451fdb659,1411x1422|/home/pth/workshop/wide-field-solver/raw_allsky_samples/mmto/mmto-skycam/<date>/<date>__#_#_#.fits.bz#,0,0.00-0.25,298,287,287,0,287,0,0,0,11
1f46083f12cc43820fd83eb5e46be297e3f774127723bc176c06a45451fdb659,1411x1422|/home/pth/workshop/wide-field-solver/raw_allsky_samples/mmto/mmto-skycam/<date>/<date>__#_#_#.fits.bz#,0,0.25-0.50,872,838,838,0,838,0,0,0,34
1f46083f12cc43820fd83eb5e46be297e3f774127723bc176c06a45451fdb659,1411x1422|/home/pth/workshop/wide-field-solver/raw_allsky_samples/mmto/mmto-skycam/<date>/<date>__#_#_#.fits.bz#,0,0.50-0.75,353,269,269,0,269,0,0,0,84
1f48db2bcaed9aa70879079044240b7bf764d914eee8113df669f7e24dc09ced,1411x1422|/home/pth/workshop/wide-field-solver/raw_allsky_samples/mmto/mmto-skycam/<date>/<date>__#_#_#.fits.bz#,0,0.00-0.25,101,81,81,0,81,0,0,0,20
1f48db2bcaed9aa70879079044240b7bf764d914eee8113df669f7e24dc09ced,1411x1422|/home/pth/workshop/wide-field-solver/raw_allsky_samples/mmto/mmto-skycam/<date>/<date>__#_#_#.fits.bz#,0,0.25-0.50,189,121,121,0,121,0,0,0,68
1f48db2bcaed9aa70879079044240b7bf764d914eee8113df669f7e24dc09ced,1411x1422|/home/pth/workshop/wide-field-solver/raw_allsky_samples/mmto/mmto-skycam/<date>/<date>__#_#_#.fits.bz#,0,0.50-0.75,28,7,7,0,7,0,0,0,21
219ebe1862f1d51e04a270520e733c83f98f90bd55846befb1b3d72174db290b,3672x3672|/home/pth/skrivebord/fisheeyeimagesnotrailser/subaru_maunakea_<date>t#z.jpg,0,0.00-0.25,1186,1143,1143,0,1143,0,0,0,43
219ebe1862f1d51e04a270520e733c83f98f90bd55846befb1b3d72174db290b,3672x3672|/home/pth/skrivebord/fisheeyeimagesnotrailser/subaru_maunakea_<date>t#z.jpg,0,0.25-0.50,2749,2672,2672,0,2672,0,0,0,77
219ebe1862f1d51e04a270520e733c83f98f90bd55846befb1b3d72174db290b,3672x3672|/home/pth/skrivebord/fisheeyeimagesnotrailser/subaru_maunakea_<date>t#z.jpg,0,0.50-0.75,1200,653,653,0,653,0,0,0,547
21bd26fb3970a3734a43eec8aae2ee8fc0911452e8cef5a66c28554d1899994a,1411x1422|/home/pth/workshop/wide-field-solver/raw_allsky_samples/mmto/mmto-skycam/<date>/<date>__#_#_#.fits.bz#,0,0.00-0.25,343,334,334,0,334,0,0,0,9
21bd26fb3970a3734a43eec8aae2ee8fc0911452e8cef5a66c28554d1899994a,1411x1422|/home/pth/workshop/wide-field-solver/raw_allsky_samples/mmto/mmto-skycam/<date>/<date>__#_#_#.fits.bz#,0,0.25-0.50,801,784,784,0,784,0,0,0,17
21bd26fb3970a3734a43eec8aae2ee8fc0911452e8cef5a66c28554d1899994a,1411x1422|/home/pth/workshop/wide-field-solver/raw_allsky_samples/mmto/mmto-skycam/<date>/<date>__#_#_#.fits.bz#,0,0.50-0.75,342,247,247,0,247,0,0,0,95
221e51ffbae3a67bdb51e26af7c822804090f36d3b4367d99093bf9a0e176a50,1411x1422|/home/pth/workshop/wide-field-solver/raw_allsky_samples/mmto/mmto-skycam/<date>/<date>__#_#_#.fits.bz#,4,0.00-0.25,212,204,205,1,197,7,1,0,7
221e51ffbae3a67bdb51e26af7c822804090f36d3b4367d99093bf9a0e176a50,1411x1422|/home/pth/workshop/wide-field-solver/raw_allsky_samples/mmto/mmto-skycam/<date>/<date>__#_#_#.fits.bz#,4,0.25-0.50,698,680,678,-2,670,8,0,2,18
221e51ffbae3a67bdb51e26af7c822804090f36d3b4367d99093bf9a0e176a50,1411x1422|/home/pth/workshop/wide-field-solver/raw_allsky_samples/mmto/mmto-skycam/<date>/<date>__#_#_#.fits.bz#,4,0.50-0.75,199,133,142,9,127,5,10,1,56
22f397dceedf6dd92f957a0fe0cc57547fb7b251b20984ed1e67ce1fa8782c95,4096x4096|/home/pth/workshop/wide-field-solver/eso_downloads/trial/apicam.<date>t#:#:#.#.fits,0,0.00-0.25,3392,2100,2100,0,2100,0,0,0,1292
22f397dceedf6dd92f957a0fe0cc57547fb7b251b20984ed1e67ce1fa8782c95,4096x4096|/home/pth/workshop/wide-field-solver/eso_downloads/trial/apicam.<date>t#:#:#.#.fits,0,0.25-0.50,7656,5854,5854,0,5854,0,0,0,1802
22f397dceedf6dd92f957a0fe0cc57547fb7b251b20984ed1e67ce1fa8782c95,4096x4096|/home/pth/workshop/wide-field-solver/eso_downloads/trial/apicam.<date>t#:#:#.#.fits,0,0.50-0.75,2784,2588,2588,0,2588,0,0,0,196
2325eaa695bf8aa196b3cf01e5aac1dd333a9c47759582baa4beda8a39eb0aef,1411x1422|/home/pth/workshop/wide-field-solver/raw_allsky_samples/mmto/mmto-skycam/<date>/<date>__#_#_#.fits.bz#,0,0.00-0.25,160,117,117,0,117,0,0,0,43
2325eaa695bf8aa196b3cf01e5aac1dd333a9c47759582baa4beda8a39eb0aef,1411x1422|/home/pth/workshop/wide-field-solver/raw_allsky_samples/mmto/mmto-skycam/<date>/<date>__#_#_#.fits.bz#,0,0.25-0.50,229,166,166,0,166,0,0,0,63
2325eaa695bf8aa196b3cf01e5aac1dd333a9c47759582baa4beda8a39eb0aef,1411x1422|/home/pth/workshop/wide-field-solver/raw_allsky_samples/mmto/mmto-skycam/<date>/<date>__#_#_#.fits.bz#,0,0.50-0.75,35,8,8,0,8,0,0,0,27
236379d1ca9204ba5c30b2e0da4dfa1d6f08b793ba27547a6019537635e83597,4096x4096|/home/pth/workshop/wide-field-solver/eso_downloads/trial/apicam.<date>t#:#:#.#.fits,0,0.00-0.25,3106,1820,1820,0,1820,0,0,0,1286
236379d1ca9204ba5c30b2e0da4dfa1d6f08b793ba27547a6019537635e83597,4096x4096|/home/pth/workshop/wide-field-solver/eso_downloads/trial/apicam.<date>t#:#:#.#.fits,0,0.25-0.50,7432,5706,5706,0,5706,0,0,0,1726
236379d1ca9204ba5c30b2e0da4dfa1d6f08b793ba27547a6019537635e83597,4096x4096|/home/pth/workshop/wide-field-solver/eso_downloads/trial/apicam.<date>t#:#:#.#.fits,0,0.50-0.75,2838,2592,2592,0,2592,0,0,0,246
23d3cc2a2ed1843ed5d72b9720e6f34c534a3132aafd50ca3f53af1dd78d0e67,1411x1422|/home/pth/workshop/wide-field-solver/raw_allsky_samples/mmto/mmto-skycam/<date>/<date>__#_#_#.fits.bz#,0,0.00-0.25,53,51,51,0,51,0,0,0,2
23d3cc2a2ed1843ed5d72b9720e6f34c534a3132aafd50ca3f53af1dd78d0e67,1411x1422|/home/pth/workshop/wide-field-solver/raw_allsky_samples/mmto/mmto-skycam/<date>/<date>__#_#_#.fits.bz#,0,0.25-0.50,68,65,65,0,65,0,0,0,3
23d3cc2a2ed1843ed5d72b9720e6f34c534a3132aafd50ca3f53af1dd78d0e67,1411x1422|/home/pth/workshop/wide-field-solver/raw_allsky_samples/mmto/mmto-skycam/<date>/<date>__#_#_#.fits.bz#,0,0.50-0.75,22,6,6,0,6,0,0,0,16
252e0125269e3f85a18321eb452ea16e33bc14b022953d534d5fac7d8e68cdc7,1411x1422|/home/pth/workshop/wide-field-solver/raw_allsky_samples/mmto/mmto-skycam/<date>/<date>__#_#_#.fits.bz#,0,0.00-0.25,268,260,260,0,260,0,0,0,8
252e0125269e3f85a18321eb452ea16e33bc14b022953d534d5fac7d8e68cdc7,1411x1422|/home/pth/workshop/wide-field-solver/raw_allsky_samples/mmto/mmto-skycam/<date>/<date>__#_#_#.fits.bz#,0,0.25-0.50,627,609,609,0,609,0,0,0,18
252e0125269e3f85a18321eb452ea16e33bc14b022953d534d5fac7d8e68cdc7,1411x1422|/home/pth/workshop/wide-field-solver/raw_allsky_samples/mmto/mmto-skycam/<date>/<date>__#_#_#.fits.bz#,0,0.50-0.75,234,181,181,0,181,0,0,0,53
25abd5b00fc80970307439d1b9c9e501362319408b70eb11bf5c7496fd3e2413,4096x4096|/home/pth/workshop/wide-field-solver/eso_downloads/trial/apicam.<date>t#:#:#.#.fits,0,0.00-0.25,3036,2134,2134,0,2134,0,0,0,902
25abd5b00fc80970307439d1b9c9e501362319408b70eb11bf5c7496fd3e2413,4096x4096|/home/pth/workshop/wide-field-solver/eso_downloads/trial/apicam.<date>t#:#:#.#.fits,0,0.25-0.50,6968,5483,5483,0,5483,0,0,0,1485
25abd5b00fc80970307439d1b9c9e501362319408b70eb11bf5c7496fd3e2413,4096x4096|/home/pth/workshop/wide-field-solver/eso_downloads/trial/apicam.<date>t#:#:#.#.fits,0,0.50-0.75,2492,2302,2302,0,2302,0,0,0,190
25d780da6333ce85198a57e30de885afae1e3cc7de27fd618322995a68ed46e6,1411x1422|/home/pth/workshop/wide-field-solver/raw_allsky_samples/mmto/mmto-skycam/<date>/<date>__#_#_#.fits.bz#,0,0.00-0.25,222,216,216,0,216,0,0,0,6
25d780da6333ce85198a57e30de885afae1e3cc7de27fd618322995a68ed46e6,1411x1422|/home/pth/workshop/wide-field-solver/raw_allsky_samples/mmto/mmto-skycam/<date>/<date>__#_#_#.fits.bz#,0,0.25-0.50,489,476,476,0,476,0,0,0,13
25d780da6333ce85198a57e30de885afae1e3cc7de27fd618322995a68ed46e6,1411x1422|/home/pth/workshop/wide-field-solver/raw_allsky_samples/mmto/mmto-skycam/<date>/<date>__#_#_#.fits.bz#,0,0.50-0.75,202,150,150,0,150,0,0,0,52
2691380cdc884bdc0292638f95222d0ccb215feed88d21b8669e52943412fbae,1411x1422|/home/pth/workshop/wide-field-solver/raw_allsky_samples/mmto/mmto-skycam/<date>/<date>__#_#_#.fits.bz#,4,0.00-0.25,293,285,284,-1,274,10,0,1,8
2691380cdc884bdc0292638f95222d0ccb215feed88d21b8669e52943412fbae,1411x1422|/home/pth/workshop/wide-field-solver/raw_allsky_samples/mmto/mmto-skycam/<date>/<date>__#_#_#.fits.bz#,4,0.25-0.50,668,639,639,0,633,6,0,0,29
2691380cdc884bdc0292638f95222d0ccb215feed88d21b8669e52943412fbae,1411x1422|/home/pth/workshop/wide-field-solver/raw_allsky_samples/mmto/mmto-skycam/<date>/<date>__#_#_#.fits.bz#,4,0.50-0.75,150,101,102,1,99,1,2,1,47
26d46f405930786b627387f89ca7ca9b83f56a8d8af7252218ce4010592586cc,488x652|/home/pth/workshop/wide-field-solver/data/zenodo-#/all/r_darksubtracted_jd#.#<date>#.fits,0,0.00-0.25,22,20,20,0,20,0,0,0,2
26d46f405930786b627387f89ca7ca9b83f56a8d8af7252218ce4010592586cc,488x652|/home/pth/workshop/wide-field-solver/data/zenodo-#/all/r_darksubtracted_jd#.#<date>#.fits,0,0.25-0.50,53,49,49,0,49,0,0,0,4
26d46f405930786b627387f89ca7ca9b83f56a8d8af7252218ce4010592586cc,488x652|/home/pth/workshop/wide-field-solver/data/zenodo-#/all/r_darksubtracted_jd#.#<date>#.fits,0,0.50-0.75,29,18,18,0,18,0,0,0,11
27434dae14ff3d7109840af41832f0e271a50de20df9b866ce2fef6d4e378c78,1411x1422|/home/pth/workshop/wide-field-solver/raw_allsky_samples/mmto/mmto-skycam/<date>/<date>__#_#_#.fits.bz#,0,0.00-0.25,303,296,296,0,296,0,0,0,7
27434dae14ff3d7109840af41832f0e271a50de20df9b866ce2fef6d4e378c78,1411x1422|/home/pth/workshop/wide-field-solver/raw_allsky_samples/mmto/mmto-skycam/<date>/<date>__#_#_#.fits.bz#,0,0.25-0.50,873,852,852,0,852,0,0,0,21
27434dae14ff3d7109840af41832f0e271a50de20df9b866ce2fef6d4e378c78,1411x1422|/home/pth/workshop/wide-field-solver/raw_allsky_samples/mmto/mmto-skycam/<date>/<date>__#_#_#.fits.bz#,0,0.50-0.75,367,283,283,0,283,0,0,0,84
279fc46ce0678ac6c5e0bd73224a35b236bba44254f1b5bc6d29cea8c32d80b6,4096x4096|/home/pth/workshop/wide-field-solver/eso_downloads/trial/apicam.<date>t#:#:#.#.fits,0,0.00-0.25,3337,1963,1963,0,1963,0,0,0,1374
279fc46ce0678ac6c5e0bd73224a35b236bba44254f1b5bc6d29cea8c32d80b6,4096x4096|/home/pth/workshop/wide-field-solver/eso_downloads/trial/apicam.<date>t#:#:#.#.fits,0,0.25-0.50,7704,5872,5872,0,5872,0,0,0,1832
279fc46ce0678ac6c5e0bd73224a35b236bba44254f1b5bc6d29cea8c32d80b6,4096x4096|/home/pth/workshop/wide-field-solver/eso_downloads/trial/apicam.<date>t#:#:#.#.fits,0,0.50-0.75,2806,2623,2623,0,2623,0,0,0,183
29a607f91d6f1a3ed556d1ce4ac353af9e902b554bd651fe6891ef88792d18e8,1411x1422|/home/pth/workshop/wide-field-solver/raw_allsky_samples/mmto/mmto-skycam/<date>/<date>__#_#_#.fits.bz#,0,0.00-0.25,173,170,170,0,170,0,0,0,3
29a607f91d6f1a3ed556d1ce4ac353af9e902b554bd651fe6891ef88792d18e8,1411x1422|/home/pth/workshop/wide-field-solver/raw_allsky_samples/mmto/mmto-skycam/<date>/<date>__#_#_#.fits.bz#,0,0.25-0.50,357,344,344,0,344,0,0,0,13
29a607f91d6f1a3ed556d1ce4ac353af9e902b554bd651fe6891ef88792d18e8,1411x1422|/home/pth/workshop/wide-field-solver/raw_allsky_samples/mmto/mmto-skycam/<date>/<date>__#_#_#.fits.bz#,0,0.50-0.75,87,35,35,0,35,0,0,0,52
2a59c4c212146204c88b2b0f4d1c6130b3479aa0593a851b653f45d29497b145,488x652|/home/pth/workshop/wide-field-solver/data/zenodo-#/all/r_darksubtracted_jd#.#<date>#.fits,0,0.00-0.25,32,31,31,0,31,0,0,0,1
2a59c4c212146204c88b2b0f4d1c6130b3479aa0593a851b653f45d29497b145,488x652|/home/pth/workshop/wide-field-solver/data/zenodo-#/all/r_darksubtracted_jd#.#<date>#.fits,0,0.25-0.50,82,79,79,0,79,0,0,0,3
2a59c4c212146204c88b2b0f4d1c6130b3479aa0593a851b653f45d29497b145,488x652|/home/pth/workshop/wide-field-solver/data/zenodo-#/all/r_darksubtracted_jd#.#<date>#.fits,0,0.50-0.75,30,23,23,0,23,0,0,0,7
2a59c4c212146204c88b2b0f4d1c6130b3479aa0593a851b653f45d29497b145,488x652|/home/pth/workshop/wide-field-solver/data/zenodo-#/all/r_darksubtracted_jd#.#<date>#.fits,0,0.75-1.00,2,0,0,0,0,0,0,0,2
2a933641cb36e23149c3e92ea9884ffa4e0ab43599ef9519420b58b593518e02,1411x1422|/home/pth/workshop/wide-field-solver/raw_allsky_samples/mmto/mmto-skycam/<date>/<date>__#_#_#.fits.bz#,0,0.00-0.25,205,201,201,0,201,0,0,0,4
2a933641cb36e23149c3e92ea9884ffa4e0ab43599ef9519420b58b593518e02,1411x1422|/home/pth/workshop/wide-field-solver/raw_allsky_samples/mmto/mmto-skycam/<date>/<date>__#_#_#.fits.bz#,0,0.25-0.50,387,371,371,0,371,0,0,0,16
2a933641cb36e23149c3e92ea9884ffa4e0ab43599ef9519420b58b593518e02,1411x1422|/home/pth/workshop/wide-field-solver/raw_allsky_samples/mmto/mmto-skycam/<date>/<date>__#_#_#.fits.bz#,0,0.50-0.75,100,49,49,0,49,0,0,0,51
2aa8bfc2d5f0d7dace7670ca49e93c5fcdc0e79788c09811849070a83b219816,3672x3672|/home/pth/skrivebord/fisheeyeimagesnotrailser/subaru_maunakea_<date>t#z.jpg,0,0.00-0.25,1345,1276,1276,0,1276,0,0,0,69
2aa8bfc2d5f0d7dace7670ca49e93c5fcdc0e79788c09811849070a83b219816,3672x3672|/home/pth/skrivebord/fisheeyeimagesnotrailser/subaru_maunakea_<date>t#z.jpg,0,0.25-0.50,2500,2433,2433,0,2433,0,0,0,67
2aa8bfc2d5f0d7dace7670ca49e93c5fcdc0e79788c09811849070a83b219816,3672x3672|/home/pth/skrivebord/fisheeyeimagesnotrailser/subaru_maunakea_<date>t#z.jpg,0,0.50-0.75,1135,674,674,0,674,0,0,0,461
2b226f7de9c3b73f75ee45c20f3080d5ca8d59fc4db80a9c55173c5de256cd1c,4096x4096|/home/pth/workshop/wide-field-solver/eso_downloads/trial/apicam.<date>t#:#:#.#.fits,0,0.00-0.25,3127,1770,1770,0,1770,0,0,0,1357
2b226f7de9c3b73f75ee45c20f3080d5ca8d59fc4db80a9c55173c5de256cd1c,4096x4096|/home/pth/workshop/wide-field-solver/eso_downloads/trial/apicam.<date>t#:#:#.#.fits,0,0.25-0.50,7649,5634,5634,0,5634,0,0,0,2015
2b226f7de9c3b73f75ee45c20f3080d5ca8d59fc4db80a9c55173c5de256cd1c,4096x4096|/home/pth/workshop/wide-field-solver/eso_downloads/trial/apicam.<date>t#:#:#.#.fits,0,0.50-0.75,2852,2677,2677,0,2677,0,0,0,175
2c0e54cba166b558ab9bde7d5687c27a69cbd46f0f79f6d236a919bd3c6d387c,1411x1422|/home/pth/workshop/wide-field-solver/raw_allsky_samples/mmto/mmto-skycam/<date>/<date>__#_#_#.fits.bz#,0,0.00-0.25,341,334,334,0,334,0,0,0,7
2c0e54cba166b558ab9bde7d5687c27a69cbd46f0f79f6d236a919bd3c6d387c,1411x1422|/home/pth/workshop/wide-field-solver/raw_allsky_samples/mmto/mmto-skycam/<date>/<date>__#_#_#.fits.bz#,0,0.25-0.50,868,849,849,0,849,0,0,0,19
2c0e54cba166b558ab9bde7d5687c27a69cbd46f0f79f6d236a919bd3c6d387c,1411x1422|/home/pth/workshop/wide-field-solver/raw_allsky_samples/mmto/mmto-skycam/<date>/<date>__#_#_#.fits.bz#,0,0.50-0.75,375,285,285,0,285,0,0,0,90
2c4b757f5af9448684d0fb07a9f2d325eb779ff4eca58fdfa1c9825b62d34356,3672x3672|/home/pth/skrivebord/fisheeyeimagesnotrailser/subaru_maunakea_<date>t#z.jpg,0,0.00-0.25,1374,1310,1310,0,1310,0,0,0,64
2c4b757f5af9448684d0fb07a9f2d325eb779ff4eca58fdfa1c9825b62d34356,3672x3672|/home/pth/skrivebord/fisheeyeimagesnotrailser/subaru_maunakea_<date>t#z.jpg,0,0.25-0.50,2217,2142,2142,0,2142,0,0,0,75
2c4b757f5af9448684d0fb07a9f2d325eb779ff4eca58fdfa1c9825b62d34356,3672x3672|/home/pth/skrivebord/fisheeyeimagesnotrailser/subaru_maunakea_<date>t#z.jpg,0,0.50-0.75,652,386,386,0,386,0,0,0,266
2d28261011a0a232492151c724d5f49251116bb02d608280b36ed40ab7578fec,4096x4096|/home/pth/workshop/wide-field-solver/eso_downloads/trial/apicam.<date>t#:#:#.#.fits,0,0.00-0.25,2841,2105,2105,0,2105,0,0,0,736
2d28261011a0a232492151c724d5f49251116bb02d608280b36ed40ab7578fec,4096x4096|/home/pth/workshop/wide-field-solver/eso_downloads/trial/apicam.<date>t#:#:#.#.fits,0,0.25-0.50,6686,5409,5409,0,5409,0,0,0,1277
2d28261011a0a232492151c724d5f49251116bb02d608280b36ed40ab7578fec,4096x4096|/home/pth/workshop/wide-field-solver/eso_downloads/trial/apicam.<date>t#:#:#.#.fits,0,0.50-0.75,2252,2104,2104,0,2104,0,0,0,148
2d3b20cbc2d99160e604654ca7771fd8bca6d2184327ff3552b5f9cb93a515b7,4096x4096|/home/pth/workshop/wide-field-solver/eso_downloads/trial/apicam.<date>t#:#:#.#.fits,0,0.00-0.25,3268,2148,2148,0,2148,0,0,0,1120
2d3b20cbc2d99160e604654ca7771fd8bca6d2184327ff3552b5f9cb93a515b7,4096x4096|/home/pth/workshop/wide-field-solver/eso_downloads/trial/apicam.<date>t#:#:#.#.fits,0,0.25-0.50,7160,5569,5569,0,5569,0,0,0,1591
2d3b20cbc2d99160e604654ca7771fd8bca6d2184327ff3552b5f9cb93a515b7,4096x4096|/home/pth/workshop/wide-field-solver/eso_downloads/trial/apicam.<date>t#:#:#.#.fits,0,0.50-0.75,2672,2498,2498,0,2498,0,0,0,174
2d4abe213f109b17155b101beb86bb64c5f3cc03b0299f46a3887fab030bebb9,1411x1422|/home/pth/workshop/wide-field-solver/raw_allsky_samples/mmto/mmto-skycam/<date>/<date>__#_#_#.fits.bz#,0,0.00-0.25,171,164,164,0,164,0,0,0,7
2d4abe213f109b17155b101beb86bb64c5f3cc03b0299f46a3887fab030bebb9,1411x1422|/home/pth/workshop/wide-field-solver/raw_allsky_samples/mmto/mmto-skycam/<date>/<date>__#_#_#.fits.bz#,0,0.25-0.50,402,388,388,0,388,0,0,0,14
2d4abe213f109b17155b101beb86bb64c5f3cc03b0299f46a3887fab030bebb9,1411x1422|/home/pth/workshop/wide-field-solver/raw_allsky_samples/mmto/mmto-skycam/<date>/<date>__#_#_#.fits.bz#,0,0.50-0.75,185,115,115,0,115,0,0,0,70
303d40b4249f9b2a217953460b89b4150e6f4a7c6f2918efd095d014fbba832b,1411x1422|/home/pth/workshop/wide-field-solver/raw_allsky_samples/mmto/mmto-skycam/<date>/<date>__#_#_#.fits.bz#,5,0.00-0.25,242,236,237,1,231,5,1,0,5
303d40b4249f9b2a217953460b89b4150e6f4a7c6f2918efd095d014fbba832b,1411x1422|/home/pth/workshop/wide-field-solver/raw_allsky_samples/mmto/mmto-skycam/<date>/<date>__#_#_#.fits.bz#,5,0.25-0.50,674,657,657,0,651,6,0,0,17
303d40b4249f9b2a217953460b89b4150e6f4a7c6f2918efd095d014fbba832b,1411x1422|/home/pth/workshop/wide-field-solver/raw_allsky_samples/mmto/mmto-skycam/<date>/<date>__#_#_#.fits.bz#,5,0.50-0.75,250,182,195,13,176,6,13,0,55
30cf546851f1cc5ff0e0e9b7e49a1099c1d4edad254fcdec66423e5f898e8f47,1411x1422|/home/pth/workshop/wide-field-solver/raw_allsky_samples/mmto/mmto-skycam/<date>/<date>__#_#_#.fits.bz#,0,0.00-0.25,286,281,281,0,281,0,0,0,5
30cf546851f1cc5ff0e0e9b7e49a1099c1d4edad254fcdec66423e5f898e8f47,1411x1422|/home/pth/workshop/wide-field-solver/raw_allsky_samples/mmto/mmto-skycam/<date>/<date>__#_#_#.fits.bz#,0,0.25-0.50,757,735,735,0,735,0,0,0,22
30cf546851f1cc5ff0e0e9b7e49a1099c1d4edad254fcdec66423e5f898e8f47,1411x1422|/home/pth/workshop/wide-field-solver/raw_allsky_samples/mmto/mmto-skycam/<date>/<date>__#_#_#.fits.bz#,0,0.50-0.75,308,235,235,0,235,0,0,0,73
3126e4f2810b9bf373875e74cd83ba66f0e5a7ebf73d97b9ea9dc9f24b944db9,1411x1422|/home/pth/workshop/wide-field-solver/raw_allsky_samples/mmto/mmto-skycam/<date>/<date>__#_#_#.fits.bz#,2,0.00-0.25,24,20,20,0,20,0,0,0,4
3126e4f2810b9bf373875e74cd83ba66f0e5a7ebf73d97b9ea9dc9f24b944db9,1411x1422|/home/pth/workshop/wide-field-solver/raw_allsky_samples/mmto/mmto-skycam/<date>/<date>__#_#_#.fits.bz#,2,0.25-0.50,30,24,24,0,23,1,0,0,6
3126e4f2810b9bf373875e74cd83ba66f0e5a7ebf73d97b9ea9dc9f24b944db9,1411x1422|/home/pth/workshop/wide-field-solver/raw_allsky_samples/mmto/mmto-skycam/<date>/<date>__#_#_#.fits.bz#,2,0.50-0.75,19,6,6,0,6,0,0,0,13
3126e9bfa19e7aefb942ef316035d5ea28aed32c59e28572b05adea99e334e94,4096x4096|/home/pth/workshop/wide-field-solver/eso_downloads/trial/apicam.<date>t#:#:#.#.fits,0,0.00-0.25,2982,1794,1794,0,1794,0,0,0,1188
3126e9bfa19e7aefb942ef316035d5ea28aed32c59e28572b05adea99e334e94,4096x4096|/home/pth/workshop/wide-field-solver/eso_downloads/trial/apicam.<date>t#:#:#.#.fits,0,0.25-0.50,7231,5567,5567,0,5567,0,0,0,1664
3126e9bfa19e7aefb942ef316035d5ea28aed32c59e28572b05adea99e334e94,4096x4096|/home/pth/workshop/wide-field-solver/eso_downloads/trial/apicam.<date>t#:#:#.#.fits,0,0.50-0.75,2807,2665,2665,0,2665,0,0,0,142
316c57cc2d12fcb5d92992badb601e65689fb941869746c658f75b5e5be9165c,1411x1422|/home/pth/workshop/wide-field-solver/raw_allsky_samples/mmto/mmto-skycam/<date>/<date>__#_#_#.fits.bz#,0,0.00-0.25,255,250,250,0,250,0,0,0,5
316c57cc2d12fcb5d92992badb601e65689fb941869746c658f75b5e5be9165c,1411x1422|/home/pth/workshop/wide-field-solver/raw_allsky_samples/mmto/mmto-skycam/<date>/<date>__#_#_#.fits.bz#,0,0.25-0.50,849,829,829,0,829,0,0,0,20
316c57cc2d12fcb5d92992badb601e65689fb941869746c658f75b5e5be9165c,1411x1422|/home/pth/workshop/wide-field-solver/raw_allsky_samples/mmto/mmto-skycam/<date>/<date>__#_#_#.fits.bz#,0,0.50-0.75,325,245,245,0,245,0,0,0,80
3218d3e041640515feedecedb5bdb3424affbd79d48bd1cf8a64bd4944bbd0fa,1411x1422|/home/pth/workshop/wide-field-solver/raw_allsky_samples/mmto/mmto-skycam/<date>/<date>__#_#_#.fits.bz#,0,0.00-0.25,248,238,238,0,238,0,0,0,10
3218d3e041640515feedecedb5bdb3424affbd79d48bd1cf8a64bd4944bbd0fa,1411x1422|/home/pth/workshop/wide-field-solver/raw_allsky_samples/mmto/mmto-skycam/<date>/<date>__#_#_#.fits.bz#,0,0.25-0.50,662,631,631,0,631,0,0,0,31
3218d3e041640515feedecedb5bdb3424affbd79d48bd1cf8a64bd4944bbd0fa,1411x1422|/home/pth/workshop/wide-field-solver/raw_allsky_samples/mmto/mmto-skycam/<date>/<date>__#_#_#.fits.bz#,0,0.50-0.75,188,110,110,0,110,0,0,0,78
326869644eeab23255c039c68e46e594971e6f74db9819506af028111659a8b2,1411x1422|/home/pth/workshop/wide-field-solver/raw_allsky_samples/mmto/mmto-skycam/<date>/<date>__#_#_#.fits.bz#,0,0.00-0.25,178,170,170,0,170,0,0,0,8
326869644eeab23255c039c68e46e594971e6f74db9819506af028111659a8b2,1411x1422|/home/pth/workshop/wide-field-solver/raw_allsky_samples/mmto/mmto-skycam/<date>/<date>__#_#_#.fits.bz#,0,0.25-0.50,399,378,378,0,378,0,0,0,21
326869644eeab23255c039c68e46e594971e6f74db9819506af028111659a8b2,1411x1422|/home/pth/workshop/wide-field-solver/raw_allsky_samples/mmto/mmto-skycam/<date>/<date>__#_#_#.fits.bz#,0,0.50-0.75,176,106,106,0,106,0,0,0,70
32689842d6ae38bdaee2d0f8b90e63c9ab5a7ebfe6b89b87f02894758e6d5119,1411x1422|/home/pth/workshop/wide-field-solver/raw_allsky_samples/mmto/mmto-skycam/<date>/<date>__#_#_#.fits.bz#,0,0.00-0.25,266,257,257,0,257,0,0,0,9
32689842d6ae38bdaee2d0f8b90e63c9ab5a7ebfe6b89b87f02894758e6d5119,1411x1422|/home/pth/workshop/wide-field-solver/raw_allsky_samples/mmto/mmto-skycam/<date>/<date>__#_#_#.fits.bz#,0,0.25-0.50,822,791,791,0,791,0,0,0,31
32689842d6ae38bdaee2d0f8b90e63c9ab5a7ebfe6b89b87f02894758e6d5119,1411x1422|/home/pth/workshop/wide-field-solver/raw_allsky_samples/mmto/mmto-skycam/<date>/<date>__#_#_#.fits.bz#,0,0.50-0.75,336,246,246,0,246,0,0,0,90
333b868310658de7c6f20f6a169a900519704b956095b8e25f68dafae3a19afb,1411x1422|/home/pth/workshop/wide-field-solver/raw_allsky_samples/mmto/mmto-skycam/<date>/<date>__#_#_#.fits.bz#,0,0.00-0.25,65,63,63,0,63,0,0,0,2
333b868310658de7c6f20f6a169a900519704b956095b8e25f68dafae3a19afb,1411x1422|/home/pth/workshop/wide-field-solver/raw_allsky_samples/mmto/mmto-skycam/<date>/<date>__#_#_#.fits.bz#,0,0.25-0.50,53,38,38,0,38,0,0,0,15
333b868310658de7c6f20f6a169a900519704b956095b8e25f68dafae3a19afb,1411x1422|/home/pth/workshop/wide-field-solver/raw_allsky_samples/mmto/mmto-skycam/<date>/<date>__#_#_#.fits.bz#,0,0.50-0.75,49,6,6,0,6,0,0,0,43
33606598548bf299bb35b160df7bc8465b505746d343c7917b983d778cce30ce,1411x1422|/home/pth/workshop/wide-field-solver/raw_allsky_samples/mmto/mmto-skycam/<date>/<date>__#_#_#.fits.bz#,0,0.00-0.25,357,351,351,0,351,0,0,0,6
33606598548bf299bb35b160df7bc8465b505746d343c7917b983d778cce30ce,1411x1422|/home/pth/workshop/wide-field-solver/raw_allsky_samples/mmto/mmto-skycam/<date>/<date>__#_#_#.fits.bz#,0,0.25-0.50,879,861,861,0,861,0,0,0,18
33606598548bf299bb35b160df7bc8465b505746d343c7917b983d778cce30ce,1411x1422|/home/pth/workshop/wide-field-solver/raw_allsky_samples/mmto/mmto-skycam/<date>/<date>__#_#_#.fits.bz#,0,0.50-0.75,345,261,261,0,261,0,0,0,84
336de2fba0640ed11fc548b486cf14f2bae4e333eac3802d946f288d816598ae,1411x1422|/home/pth/workshop/wide-field-solver/raw_allsky_samples/mmto/mmto-skycam/<date>/<date>__#_#_#.fits.bz#,5,0.00-0.25,212,205,205,0,202,3,0,0,7
336de2fba0640ed11fc548b486cf14f2bae4e333eac3802d946f288d816598ae,1411x1422|/home/pth/workshop/wide-field-solver/raw_allsky_samples/mmto/mmto-skycam/<date>/<date>__#_#_#.fits.bz#,5,0.25-0.50,361,343,343,0,342,1,0,0,18
336de2fba0640ed11fc548b486cf14f2bae4e333eac3802d946f288d816598ae,1411x1422|/home/pth/workshop/wide-field-solver/raw_allsky_samples/mmto/mmto-skycam/<date>/<date>__#_#_#.fits.bz#,5,0.50-0.75,125,72,79,7,71,1,7,0,46
3371c220f6253f59980f274279ba81971142bd564e28fec05085f98e6b822966,1411x1422|/home/pth/workshop/wide-field-solver/raw_allsky_samples/mmto/mmto-skycam/<date>/<date>__#_#_#.fits.bz#,0,0.00-0.25,139,135,135,0,135,0,0,0,4
3371c220f6253f59980f274279ba81971142bd564e28fec05085f98e6b822966,1411x1422|/home/pth/workshop/wide-field-solver/raw_allsky_samples/mmto/mmto-skycam/<date>/<date>__#_#_#.fits.bz#,0,0.25-0.50,261,232,232,0,232,0,0,0,29
3371c220f6253f59980f274279ba81971142bd564e28fec05085f98e6b822966,1411x1422|/home/pth/workshop/wide-field-solver/raw_allsky_samples/mmto/mmto-skycam/<date>/<date>__#_#_#.fits.bz#,0,0.50-0.75,132,81,81,0,81,0,0,0,51
33ebd70917520821d010c494b0dfbe2bf3a25e8f6ab8a1e52f2011171f3f1e6c,488x652|/home/pth/workshop/wide-field-solver/data/zenodo-#/all/r_darksubtracted_jd#.#<date>#.fits,0,0.00-0.25,30,28,28,0,28,0,0,0,2
33ebd70917520821d010c494b0dfbe2bf3a25e8f6ab8a1e52f2011171f3f1e6c,488x652|/home/pth/workshop/wide-field-solver/data/zenodo-#/all/r_darksubtracted_jd#.#<date>#.fits,0,0.25-0.50,79,72,72,0,72,0,0,0,7
33ebd70917520821d010c494b0dfbe2bf3a25e8f6ab8a1e52f2011171f3f1e6c,488x652|/home/pth/workshop/wide-field-solver/data/zenodo-#/all/r_darksubtracted_jd#.#<date>#.fits,0,0.50-0.75,32,24,24,0,24,0,0,0,8
33ebd70917520821d010c494b0dfbe2bf3a25e8f6ab8a1e52f2011171f3f1e6c,488x652|/home/pth/workshop/wide-field-solver/data/zenodo-#/all/r_darksubtracted_jd#.#<date>#.fits,0,0.75-1.00,1,0,0,0,0,0,0,0,1
3594e5e846de64c321ffae032f54e993ee8159c888edc936017024ad6e4d99d5,4096x4096|/home/pth/workshop/wide-field-solver/eso_downloads/trial/apicam.<date>t#:#:#.#.fits,0,0.00-0.25,3157,1947,1947,0,1947,0,0,0,1210
3594e5e846de64c321ffae032f54e993ee8159c888edc936017024ad6e4d99d5,4096x4096|/home/pth/workshop/wide-field-solver/eso_downloads/trial/apicam.<date>t#:#:#.#.fits,0,0.25-0.50,7471,5755,5755,0,5755,0,0,0,1716
3594e5e846de64c321ffae032f54e993ee8159c888edc936017024ad6e4d99d5,4096x4096|/home/pth/workshop/wide-field-solver/eso_downloads/trial/apicam.<date>t#:#:#.#.fits,0,0.50-0.75,2842,2633,2633,0,2633,0,0,0,209
35dada79110fedf0419aa4874705dd7a997d444ae23fbe0faff4a74671c45b89,4096x4096|/home/pth/workshop/wide-field-solver/eso_downloads/trial/apicam.<date>t#:#:#.#.fits,0,0.00-0.25,3082,2171,2171,0,2171,0,0,0,911
35dada79110fedf0419aa4874705dd7a997d444ae23fbe0faff4a74671c45b89,4096x4096|/home/pth/workshop/wide-field-solver/eso_downloads/trial/apicam.<date>t#:#:#.#.fits,0,0.25-0.50,7000,5558,5558,0,5558,0,0,0,1442
35dada79110fedf0419aa4874705dd7a997d444ae23fbe0faff4a74671c45b89,4096x4096|/home/pth/workshop/wide-field-solver/eso_downloads/trial/apicam.<date>t#:#:#.#.fits,0,0.50-0.75,2427,2280,2280,0,2280,0,0,0,147
35f27eaa66ff703df849c5fbeafc7a25f07d63ad23c42003cfe1213776d51485,1411x1422|/home/pth/workshop/wide-field-solver/raw_allsky_samples/mmto/mmto-skycam/<date>/<date>__#_#_#.fits.bz#,0,0.00-0.25,218,212,212,0,212,0,0,0,6
35f27eaa66ff703df849c5fbeafc7a25f07d63ad23c42003cfe1213776d51485,1411x1422|/home/pth/workshop/wide-field-solver/raw_allsky_samples/mmto/mmto-skycam/<date>/<date>__#_#_#.fits.bz#,0,0.25-0.50,531,516,516,0,516,0,0,0,15
35f27eaa66ff703df849c5fbeafc7a25f07d63ad23c42003cfe1213776d51485,1411x1422|/home/pth/workshop/wide-field-solver/raw_allsky_samples/mmto/mmto-skycam/<date>/<date>__#_#_#.fits.bz#,0,0.50-0.75,224,156,156,0,156,0,0,0,68
364e05365496842f55bfbc7957a2f777f68b617f66fb56d1417d31881071034a,4096x4096|/home/pth/workshop/wide-field-solver/eso_downloads/trial/apicam.<date>t#:#:#.#.fits,0,0.00-0.25,3175,1829,1829,0,1829,0,0,0,1346
364e05365496842f55bfbc7957a2f777f68b617f66fb56d1417d31881071034a,4096x4096|/home/pth/workshop/wide-field-solver/eso_downloads/trial/apicam.<date>t#:#:#.#.fits,0,0.25-0.50,7426,5762,5762,0,5762,0,0,0,1664
364e05365496842f55bfbc7957a2f777f68b617f66fb56d1417d31881071034a,4096x4096|/home/pth/workshop/wide-field-solver/eso_downloads/trial/apicam.<date>t#:#:#.#.fits,0,0.50-0.75,2852,2614,2614,0,2614,0,0,0,238
36e514bd2b883d3e7111306da670a8a7729ca745ba3ece71340f21127ce86e42,1411x1422|/home/pth/workshop/wide-field-solver/raw_allsky_samples/mmto/mmto-skycam/<date>/<date>__#_#_#.fits.bz#,0,0.00-0.25,26,22,22,0,22,0,0,0,4
36e514bd2b883d3e7111306da670a8a7729ca745ba3ece71340f21127ce86e42,1411x1422|/home/pth/workshop/wide-field-solver/raw_allsky_samples/mmto/mmto-skycam/<date>/<date>__#_#_#.fits.bz#,0,0.25-0.50,33,20,20,0,20,0,0,0,13
36e514bd2b883d3e7111306da670a8a7729ca745ba3ece71340f21127ce86e42,1411x1422|/home/pth/workshop/wide-field-solver/raw_allsky_samples/mmto/mmto-skycam/<date>/<date>__#_#_#.fits.bz#,0,0.50-0.75,41,2,2,0,2,0,0,0,39
379be9b28c11806e56f6f87ed26fa4fb4d7284e6c3e1a300776d0eb9543aab86,4096x4096|/home/pth/workshop/wide-field-solver/eso_downloads/trial/apicam.<date>t#:#:#.#.fits,0,0.00-0.25,2648,2172,2172,0,2172,0,0,0,476
379be9b28c11806e56f6f87ed26fa4fb4d7284e6c3e1a300776d0eb9543aab86,4096x4096|/home/pth/workshop/wide-field-solver/eso_downloads/trial/apicam.<date>t#:#:#.#.fits,0,0.25-0.50,5457,4893,4893,0,4893,0,0,0,564
379be9b28c11806e56f6f87ed26fa4fb4d7284e6c3e1a300776d0eb9543aab86,4096x4096|/home/pth/workshop/wide-field-solver/eso_downloads/trial/apicam.<date>t#:#:#.#.fits,0,0.50-0.75,1712,1660,1660,0,1660,0,0,0,52
37f9747df1ee9d1fcd4b08df3cdaf6a119f4c68c309870de41f99b9c0d0e57a6,3672x3672|/home/pth/skrivebord/fisheeyeimagesnotrailser/subaru_maunakea_<date>t#z.jpg,0,0.00-0.25,1266,1229,1229,0,1229,0,0,0,37
37f9747df1ee9d1fcd4b08df3cdaf6a119f4c68c309870de41f99b9c0d0e57a6,3672x3672|/home/pth/skrivebord/fisheeyeimagesnotrailser/subaru_maunakea_<date>t#z.jpg,0,0.25-0.50,2213,2143,2143,0,2143,0,0,0,70
37f9747df1ee9d1fcd4b08df3cdaf6a119f4c68c309870de41f99b9c0d0e57a6,3672x3672|/home/pth/skrivebord/fisheeyeimagesnotrailser/subaru_maunakea_<date>t#z.jpg,0,0.50-0.75,562,293,293,0,293,0,0,0,269
398ad31c70dfb8d5a47e5ba226e39b34db7733028e9889cd382687e4a7472836,1411x1422|/home/pth/workshop/wide-field-solver/raw_allsky_samples/mmto/mmto-skycam/<date>/<date>__#_#_#.fits.bz#,0,0.00-0.25,129,123,123,0,123,0,0,0,6
398ad31c70dfb8d5a47e5ba226e39b34db7733028e9889cd382687e4a7472836,1411x1422|/home/pth/workshop/wide-field-solver/raw_allsky_samples/mmto/mmto-skycam/<date>/<date>__#_#_#.fits.bz#,0,0.25-0.50,306,285,285,0,285,0,0,0,21
398ad31c70dfb8d5a47e5ba226e39b34db7733028e9889cd382687e4a7472836,1411x1422|/home/pth/workshop/wide-field-solver/raw_allsky_samples/mmto/mmto-skycam/<date>/<date>__#_#_#.fits.bz#,0,0.50-0.75,133,73,73,0,73,0,0,0,60
39c0b7bb7f71958aeb4a12b46b91abee0447a729b72e87c99a5e0d27857160c6,1411x1422|/home/pth/workshop/wide-field-solver/raw_allsky_samples/mmto/mmto-skycam/<date>/<date>__#_#_#.fits.bz#,2,0.00-0.25,34,30,30,0,30,0,0,0,4
39c0b7bb7f71958aeb4a12b46b91abee0447a729b72e87c99a5e0d27857160c6,1411x1422|/home/pth/workshop/wide-field-solver/raw_allsky_samples/mmto/mmto-skycam/<date>/<date>__#_#_#.fits.bz#,2,0.25-0.50,42,26,26,0,25,1,0,0,16
39c0b7bb7f71958aeb4a12b46b91abee0447a729b72e87c99a5e0d27857160c6,1411x1422|/home/pth/workshop/wide-field-solver/raw_allsky_samples/mmto/mmto-skycam/<date>/<date>__#_#_#.fits.bz#,2,0.50-0.75,48,8,9,1,8,0,1,0,39
3b72278b044df1f9c17e2768983d5c2fbd99d202ee288c6a6d7220aad6c1eb3e,488x652|/home/pth/workshop/wide-field-solver/data/zenodo-#/all/r_darksubtracted_jd#.#<date>#.fits,0,0.00-0.25,32,29,29,0,29,0,0,0,3
3b72278b044df1f9c17e2768983d5c2fbd99d202ee288c6a6d7220aad6c1eb3e,488x652|/home/pth/workshop/wide-field-solver/data/zenodo-#/all/r_darksubtracted_jd#.#<date>#.fits,0,0.25-0.50,65,62,62,0,62,0,0,0,3
3b72278b044df1f9c17e2768983d5c2fbd99d202ee288c6a6d7220aad6c1eb3e,488x652|/home/pth/workshop/wide-field-solver/data/zenodo-#/all/r_darksubtracted_jd#.#<date>#.fits,0,0.50-0.75,35,25,25,0,25,0,0,0,10
3d13aefca428239d975eca6d58ca63acb2b48b30267afbe20cd83fbfb118e4fa,4096x4096|/home/pth/workshop/wide-field-solver/eso_downloads/trial/apicam.<date>t#:#:#.#.fits,0,0.00-0.25,3300,1884,1884,0,1884,0,0,0,1416
3d13aefca428239d975eca6d58ca63acb2b48b30267afbe20cd83fbfb118e4fa,4096x4096|/home/pth/workshop/wide-field-solver/eso_downloads/trial/apicam.<date>t#:#:#.#.fits,0,0.25-0.50,7751,5893,5893,0,5893,0,0,0,1858
3d13aefca428239d975eca6d58ca63acb2b48b30267afbe20cd83fbfb118e4fa,4096x4096|/home/pth/workshop/wide-field-solver/eso_downloads/trial/apicam.<date>t#:#:#.#.fits,0,0.50-0.75,2825,2600,2600,0,2600,0,0,0,225
3d64d006481a95a4d0b5864b8511eb0a9a206ec5ccb3a3e1d89911a82f9531aa,488x652|/home/pth/workshop/wide-field-solver/data/zenodo-#/all/r_darksubtracted_jd#.#<date>#.fits,0,0.00-0.25,15,13,13,0,13,0,0,0,2
3d64d006481a95a4d0b5864b8511eb0a9a206ec5ccb3a3e1d89911a82f9531aa,488x652|/home/pth/workshop/wide-field-solver/data/zenodo-#/all/r_darksubtracted_jd#.#<date>#.fits,0,0.25-0.50,50,40,40,0,40,0,0,0,10
3d64d006481a95a4d0b5864b8511eb0a9a206ec5ccb3a3e1d89911a82f9531aa,488x652|/home/pth/workshop/wide-field-solver/data/zenodo-#/all/r_darksubtracted_jd#.#<date>#.fits,0,0.50-0.75,31,11,11,0,11,0,0,0,20
3d64d006481a95a4d0b5864b8511eb0a9a206ec5ccb3a3e1d89911a82f9531aa,488x652|/home/pth/workshop/wide-field-solver/data/zenodo-#/all/r_darksubtracted_jd#.#<date>#.fits,0,0.75-1.00,4,0,0,0,0,0,0,0,4
3db664704f5bba18444fa77093701fb2316b5fe8cad601d24543fe349c41a87a,488x652|/home/pth/workshop/wide-field-solver/data/zenodo-#/all/r_darksubtracted_jd#.#<date>#.fits,0,0.00-0.25,29,27,27,0,27,0,0,0,2
3db664704f5bba18444fa77093701fb2316b5fe8cad601d24543fe349c41a87a,488x652|/home/pth/workshop/wide-field-solver/data/zenodo-#/all/r_darksubtracted_jd#.#<date>#.fits,0,0.25-0.50,77,72,72,0,72,0,0,0,5
3db664704f5bba18444fa77093701fb2316b5fe8cad601d24543fe349c41a87a,488x652|/home/pth/workshop/wide-field-solver/data/zenodo-#/all/r_darksubtracted_jd#.#<date>#.fits,0,0.50-0.75,33,25,25,0,25,0,0,0,8
3db664704f5bba18444fa77093701fb2316b5fe8cad601d24543fe349c41a87a,488x652|/home/pth/workshop/wide-field-solver/data/zenodo-#/all/r_darksubtracted_jd#.#<date>#.fits,0,0.75-1.00,1,1,1,0,1,0,0,0,0
3e6ff57a9fdb7f30f6cbdfd56dc1255cd6409bd3e80746a1528a1bd072c8bc60,4096x4096|/home/pth/workshop/wide-field-solver/eso_downloads/trial/apicam.<date>t#:#:#.#.fits,0,0.00-0.25,3180,1835,1835,0,1835,0,0,0,1345
3e6ff57a9fdb7f30f6cbdfd56dc1255cd6409bd3e80746a1528a1bd072c8bc60,4096x4096|/home/pth/workshop/wide-field-solver/eso_downloads/trial/apicam.<date>t#:#:#.#.fits,0,0.25-0.50,7448,5743,5743,0,5743,0,0,0,1705
3e6ff57a9fdb7f30f6cbdfd56dc1255cd6409bd3e80746a1528a1bd072c8bc60,4096x4096|/home/pth/workshop/wide-field-solver/eso_downloads/trial/apicam.<date>t#:#:#.#.fits,0,0.50-0.75,2846,2633,2633,0,2633,0,0,0,213
3f1ebdd0e54bd6a47915f9bbdad013974998c460a05007a4e098a2dbae19b9f4,1411x1422|/home/pth/workshop/wide-field-solver/raw_allsky_samples/mmto/mmto-skycam/<date>/<date>__#_#_#.fits.bz#,0,0.00-0.25,308,300,300,0,300,0,0,0,8
3f1ebdd0e54bd6a47915f9bbdad013974998c460a05007a4e098a2dbae19b9f4,1411x1422|/home/pth/workshop/wide-field-solver/raw_allsky_samples/mmto/mmto-skycam/<date>/<date>__#_#_#.fits.bz#,0,0.25-0.50,910,889,889,0,889,0,0,0,21
3f1ebdd0e54bd6a47915f9bbdad013974998c460a05007a4e098a2dbae19b9f4,1411x1422|/home/pth/workshop/wide-field-solver/raw_allsky_samples/mmto/mmto-skycam/<date>/<date>__#_#_#.fits.bz#,0,0.50-0.75,375,298,298,0,298,0,0,0,77
42d6771f7b53a676e63b733836dcfccc80f5a3acefa5459bbbc70cda871c5994,1411x1422|/home/pth/workshop/wide-field-solver/raw_allsky_samples/mmto/mmto-skycam/<date>/<date>__#_#_#.fits.bz#,0,0.00-0.25,267,257,257,0,257,0,0,0,10
42d6771f7b53a676e63b733836dcfccc80f5a3acefa5459bbbc70cda871c5994,1411x1422|/home/pth/workshop/wide-field-solver/raw_allsky_samples/mmto/mmto-skycam/<date>/<date>__#_#_#.fits.bz#,0,0.25-0.50,723,694,694,0,694,0,0,0,29
42d6771f7b53a676e63b733836dcfccc80f5a3acefa5459bbbc70cda871c5994,1411x1422|/home/pth/workshop/wide-field-solver/raw_allsky_samples/mmto/mmto-skycam/<date>/<date>__#_#_#.fits.bz#,0,0.50-0.75,228,149,149,0,149,0,0,0,79
43050cc4dd5929c798f01aca598e46c565689198a21f5c956bbb1be829dc4b3e,488x652|/home/pth/workshop/wide-field-solver/data/zenodo-#/all/r_darksubtracted_jd#.#<date>#.fits,0,0.00-0.25,33,30,30,0,30,0,0,0,3
43050cc4dd5929c798f01aca598e46c565689198a21f5c956bbb1be829dc4b3e,488x652|/home/pth/workshop/wide-field-solver/data/zenodo-#/all/r_darksubtracted_jd#.#<date>#.fits,0,0.25-0.50,89,83,83,0,83,0,0,0,6
43050cc4dd5929c798f01aca598e46c565689198a21f5c956bbb1be829dc4b3e,488x652|/home/pth/workshop/wide-field-solver/data/zenodo-#/all/r_darksubtracted_jd#.#<date>#.fits,0,0.50-0.75,37,26,26,0,26,0,0,0,11
45557ff27e93113035c42466227c32c078bd33ab0fb231eb4544dfa14b47d642,4096x4096|/home/pth/workshop/wide-field-solver/eso_downloads/trial/apicam.<date>t#:#:#.#.fits,0,0.00-0.25,3149,2176,2176,0,2176,0,0,0,973
45557ff27e93113035c42466227c32c078bd33ab0fb231eb4544dfa14b47d642,4096x4096|/home/pth/workshop/wide-field-solver/eso_downloads/trial/apicam.<date>t#:#:#.#.fits,0,0.25-0.50,7184,5615,5615,0,5615,0,0,0,1569
45557ff27e93113035c42466227c32c078bd33ab0fb231eb4544dfa14b47d642,4096x4096|/home/pth/workshop/wide-field-solver/eso_downloads/trial/apicam.<date>t#:#:#.#.fits,0,0.50-0.75,2413,2261,2261,0,2261,0,0,0,152
459365a525558bd7156d33476c3a33a93678a6378b2519a2d8e74ac0c337d0aa,1411x1422|/home/pth/workshop/wide-field-solver/raw_allsky_samples/mmto/mmto-skycam/<date>/<date>__#_#_#.fits.bz#,0,0.00-0.25,284,269,269,0,269,0,0,0,15
459365a525558bd7156d33476c3a33a93678a6378b2519a2d8e74ac0c337d0aa,1411x1422|/home/pth/workshop/wide-field-solver/raw_allsky_samples/mmto/mmto-skycam/<date>/<date>__#_#_#.fits.bz#,0,0.25-0.50,742,710,710,0,710,0,0,0,32
459365a525558bd7156d33476c3a33a93678a6378b2519a2d8e74ac0c337d0aa,1411x1422|/home/pth/workshop/wide-field-solver/raw_allsky_samples/mmto/mmto-skycam/<date>/<date>__#_#_#.fits.bz#,0,0.50-0.75,301,213,213,0,213,0,0,0,88
460864a13226a1ad9e0535de9bbd7f4dfd78e947ef6c86d2b539294a7a684fbe,4096x4096|/home/pth/workshop/wide-field-solver/eso_downloads/trial/apicam.<date>t#:#:#.#.fits,0,0.00-0.25,3199,1836,1836,0,1836,0,0,0,1363
460864a13226a1ad9e0535de9bbd7f4dfd78e947ef6c86d2b539294a7a684fbe,4096x4096|/home/pth/workshop/wide-field-solver/eso_downloads/trial/apicam.<date>t#:#:#.#.fits,0,0.25-0.50,7512,5670,5670,0,5670,0,0,0,1842
460864a13226a1ad9e0535de9bbd7f4dfd78e947ef6c86d2b539294a7a684fbe,4096x4096|/home/pth/workshop/wide-field-solver/eso_downloads/trial/apicam.<date>t#:#:#.#.fits,0,0.50-0.75,2848,2684,2684,0,2684,0,0,0,164
46397fb04cd6574e1aaa9237890947b02e3285d08c32803e44c06add300aa386,4096x4096|/home/pth/workshop/wide-field-solver/eso_downloads/trial/apicam.<date>t#:#:#.#.fits,0,0.00-0.25,3230,1872,1872,0,1872,0,0,0,1358
46397fb04cd6574e1aaa9237890947b02e3285d08c32803e44c06add300aa386,4096x4096|/home/pth/workshop/wide-field-solver/eso_downloads/trial/apicam.<date>t#:#:#.#.fits,0,0.25-0.50,7644,5856,5856,0,5856,0,0,0,1788
46397fb04cd6574e1aaa9237890947b02e3285d08c32803e44c06add300aa386,4096x4096|/home/pth/workshop/wide-field-solver/eso_downloads/trial/apicam.<date>t#:#:#.#.fits,0,0.50-0.75,2794,2594,2594,0,2594,0,0,0,200
466e7843ba3845a5611bdfd2ef1dc16103f7fe90ecc8e360d663ceedffa6abea,4096x4096|/home/pth/workshop/wide-field-solver/eso_downloads/trial/apicam.<date>t#:#:#.#.fits,0,0.00-0.25,2696,2188,2188,0,2188,0,0,0,508
466e7843ba3845a5611bdfd2ef1dc16103f7fe90ecc8e360d663ceedffa6abea,4096x4096|/home/pth/workshop/wide-field-solver/eso_downloads/trial/apicam.<date>t#:#:#.#.fits,0,0.25-0.50,5310,4804,4804,0,4804,0,0,0,506
466e7843ba3845a5611bdfd2ef1dc16103f7fe90ecc8e360d663ceedffa6abea,4096x4096|/home/pth/workshop/wide-field-solver/eso_downloads/trial/apicam.<date>t#:#:#.#.fits,0,0.50-0.75,1702,1645,1645,0,1645,0,0,0,57
4788b0dbfe0f6517507b2b8855e814b68517222871936e73cc36fda70116b00e,1411x1422|/home/pth/workshop/wide-field-solver/raw_allsky_samples/mmto/mmto-skycam/<date>/<date>__#_#_#.fits.bz#,0,0.00-0.25,268,262,262,0,262,0,0,0,6
4788b0dbfe0f6517507b2b8855e814b68517222871936e73cc36fda70116b00e,1411x1422|/home/pth/workshop/wide-field-solver/raw_allsky_samples/mmto/mmto-skycam/<date>/<date>__#_#_#.fits.bz#,0,0.25-0.50,752,730,730,0,730,0,0,0,22
4788b0dbfe0f6517507b2b8855e814b68517222871936e73cc36fda70116b00e,1411x1422|/home/pth/workshop/wide-field-solver/raw_allsky_samples/mmto/mmto-skycam/<date>/<date>__#_#_#.fits.bz#,0,0.50-0.75,300,223,223,0,223,0,0,0,77
47dd809a8810a60907f27455c1d3f2e533b6e5b5a08f7115859b2a711cf52832,925x925|/home/pth/skrivebord/fisheeyeimagesnotrailser/fisheye#-#w_espenak.jpg,4,0.00-0.25,149,143,145,2,128,15,2,0,4
47dd809a8810a60907f27455c1d3f2e533b6e5b5a08f7115859b2a711cf52832,925x925|/home/pth/skrivebord/fisheeyeimagesnotrailser/fisheye#-#w_espenak.jpg,4,0.25-0.50,588,578,577,-1,555,22,0,1,10
47dd809a8810a60907f27455c1d3f2e533b6e5b5a08f7115859b2a711cf52832,925x925|/home/pth/skrivebord/fisheeyeimagesnotrailser/fisheye#-#w_espenak.jpg,4,0.50-0.75,486,363,425,62,340,19,66,4,57
48a6b9e30552c3cf57572d90d9644007816610c80f5147e3ac72abf6e7aca1fe,4096x4096|/home/pth/workshop/wide-field-solver/eso_downloads/trial/apicam.<date>t#:#:#.#.fits,0,0.00-0.25,3371,2045,2045,0,2045,0,0,0,1326
48a6b9e30552c3cf57572d90d9644007816610c80f5147e3ac72abf6e7aca1fe,4096x4096|/home/pth/workshop/wide-field-solver/eso_downloads/trial/apicam.<date>t#:#:#.#.fits,0,0.25-0.50,7685,5875,5875,0,5875,0,0,0,1810
48a6b9e30552c3cf57572d90d9644007816610c80f5147e3ac72abf6e7aca1fe,4096x4096|/home/pth/workshop/wide-field-solver/eso_downloads/trial/apicam.<date>t#:#:#.#.fits,0,0.50-0.75,2773,2588,2588,0,2588,0,0,0,185
491fd04b094767251f9a783524f4218ef41ca9ff6466a06b463e3f6beadd7f54,1411x1422|/home/pth/workshop/wide-field-solver/raw_allsky_samples/mmto/mmto-skycam/<date>/<date>__#_#_#.fits.bz#,0,0.00-0.25,169,162,162,0,162,0,0,0,7
491fd04b094767251f9a783524f4218ef41ca9ff6466a06b463e3f6beadd7f54,1411x1422|/home/pth/workshop/wide-field-solver/raw_allsky_samples/mmto/mmto-skycam/<date>/<date>__#_#_#.fits.bz#,0,0.25-0.50,398,386,386,0,386,0,0,0,12
491fd04b094767251f9a783524f4218ef41ca9ff6466a06b463e3f6beadd7f54,1411x1422|/home/pth/workshop/wide-field-solver/raw_allsky_samples/mmto/mmto-skycam/<date>/<date>__#_#_#.fits.bz#,0,0.50-0.75,149,92,92,0,92,0,0,0,57
49d3cdd8f3aa14ed326e65c22da41121f20a1e90bb81814ba2962bcc3807788f,1411x1422|/home/pth/workshop/wide-field-solver/raw_allsky_samples/mmto/mmto-skycam/<date>/<date>__#_#_#.fits.bz#,0,0.00-0.25,60,44,44,0,44,0,0,0,16
49d3cdd8f3aa14ed326e65c22da41121f20a1e90bb81814ba2962bcc3807788f,1411x1422|/home/pth/workshop/wide-field-solver/raw_allsky_samples/mmto/mmto-skycam/<date>/<date>__#_#_#.fits.bz#,0,0.25-0.50,66,38,38,0,38,0,0,0,28
49d3cdd8f3aa14ed326e65c22da41121f20a1e90bb81814ba2962bcc3807788f,1411x1422|/home/pth/workshop/wide-field-solver/raw_allsky_samples/mmto/mmto-skycam/<date>/<date>__#_#_#.fits.bz#,0,0.50-0.75,26,5,5,0,5,0,0,0,21
49e90a24c4294311d601449d374da3f4578f21a1f4f6627045362d7b1195f5b3,4096x4096|/home/pth/workshop/wide-field-solver/eso_downloads/trial/apicam.<date>t#:#:#.#.fits,0,0.00-0.25,3309,2041,2041,0,2041,0,0,0,1268
49e90a24c4294311d601449d374da3f4578f21a1f4f6627045362d7b1195f5b3,4096x4096|/home/pth/workshop/wide-field-solver/eso_downloads/trial/apicam.<date>t#:#:#.#.fits,0,0.25-0.50,7511,5786,5786,0,5786,0,0,0,1725
49e90a24c4294311d601449d374da3f4578f21a1f4f6627045362d7b1195f5b3,4096x4096|/home/pth/workshop/wide-field-solver/eso_downloads/trial/apicam.<date>t#:#:#.#.fits,0,0.50-0.75,2808,2625,2625,0,2625,0,0,0,183
4a7fec13d55ebd5fda86a442e9a372d2f9bfcd3b70232c152c160bfa8cbda487,488x652|/home/pth/workshop/wide-field-solver/data/zenodo-#/all/r_darksubtracted_jd#.#<date>#.fits,0,0.00-0.25,31,31,31,0,31,0,0,0,0
4a7fec13d55ebd5fda86a442e9a372d2f9bfcd3b70232c152c160bfa8cbda487,488x652|/home/pth/workshop/wide-field-solver/data/zenodo-#/all/r_darksubtracted_jd#.#<date>#.fits,0,0.25-0.50,91,86,86,0,86,0,0,0,5
4a7fec13d55ebd5fda86a442e9a372d2f9bfcd3b70232c152c160bfa8cbda487,488x652|/home/pth/workshop/wide-field-solver/data/zenodo-#/all/r_darksubtracted_jd#.#<date>#.fits,0,0.50-0.75,30,22,22,0,22,0,0,0,8
4a83b5a3c15d0a8e15618737179c18747a63a49fdd8d91d04a2b837f87186cd7,3672x3672|/home/pth/skrivebord/fisheeyeimagesnotrailser/subaru_maunakea_<date>t#z.jpg,0,0.00-0.25,1407,1336,1336,0,1336,0,0,0,71
4a83b5a3c15d0a8e15618737179c18747a63a49fdd8d91d04a2b837f87186cd7,3672x3672|/home/pth/skrivebord/fisheeyeimagesnotrailser/subaru_maunakea_<date>t#z.jpg,0,0.25-0.50,2437,2352,2352,0,2352,0,0,0,85
4a83b5a3c15d0a8e15618737179c18747a63a49fdd8d91d04a2b837f87186cd7,3672x3672|/home/pth/skrivebord/fisheeyeimagesnotrailser/subaru_maunakea_<date>t#z.jpg,0,0.50-0.75,842,407,407,0,407,0,0,0,435
4bf85ecfacc8fd78629d81230316b6459577dfc168d5b319c6f4fc761fd658a7,4096x4096|/home/pth/workshop/wide-field-solver/eso_downloads/trial/apicam.<date>t#:#:#.#.fits,0,0.00-0.25,2963,2157,2157,0,2157,0,0,0,806
4bf85ecfacc8fd78629d81230316b6459577dfc168d5b319c6f4fc761fd658a7,4096x4096|/home/pth/workshop/wide-field-solver/eso_downloads/trial/apicam.<date>t#:#:#.#.fits,0,0.25-0.50,6926,5519,5519,0,5519,0,0,0,1407
4bf85ecfacc8fd78629d81230316b6459577dfc168d5b319c6f4fc761fd658a7,4096x4096|/home/pth/workshop/wide-field-solver/eso_downloads/trial/apicam.<date>t#:#:#.#.fits,0,0.50-0.75,2363,2219,2219,0,2219,0,0,0,144
4c2fe96070384bbc2a5923c3047c65376ab9bae5ea2d1490a74cefc39df96a85,1411x1422|/home/pth/workshop/wide-field-solver/raw_allsky_samples/mmto/mmto-skycam/<date>/<date>__#_#_#.fits.bz#,0,0.00-0.25,145,142,142,0,142,0,0,0,3
4c2fe96070384bbc2a5923c3047c65376ab9bae5ea2d1490a74cefc39df96a85,1411x1422|/home/pth/workshop/wide-field-solver/raw_allsky_samples/mmto/mmto-skycam/<date>/<date>__#_#_#.fits.bz#,0,0.25-0.50,307,299,299,0,299,0,0,0,8
4c2fe96070384bbc2a5923c3047c65376ab9bae5ea2d1490a74cefc39df96a85,1411x1422|/home/pth/workshop/wide-field-solver/raw_allsky_samples/mmto/mmto-skycam/<date>/<date>__#_#_#.fits.bz#,0,0.50-0.75,119,82,82,0,82,0,0,0,37
4c49a4ebf4d043c2835d37c0b7d5738b5039c96fc678537122b49858303866d2,1411x1422|/home/pth/workshop/wide-field-solver/raw_allsky_samples/mmto/mmto-skycam/<date>/<date>__#_#_#.fits.bz#,0,0.00-0.25,153,147,147,0,147,0,0,0,6
4c49a4ebf4d043c2835d37c0b7d5738b5039c96fc678537122b49858303866d2,1411x1422|/home/pth/workshop/wide-field-solver/raw_allsky_samples/mmto/mmto-skycam/<date>/<date>__#_#_#.fits.bz#,0,0.25-0.50,394,379,379,0,379,0,0,0,15
4c49a4ebf4d043c2835d37c0b7d5738b5039c96fc678537122b49858303866d2,1411x1422|/home/pth/workshop/wide-field-solver/raw_allsky_samples/mmto/mmto-skycam/<date>/<date>__#_#_#.fits.bz#,0,0.50-0.75,170,104,104,0,104,0,0,0,66
4cfd9107406de26614521fa37244326ba3b7fd92417eb711f1e33b43c529793f,1411x1422|/home/pth/workshop/wide-field-solver/raw_allsky_samples/mmto/mmto-skycam/<date>/<date>__#_#_#.fits.bz#,5,0.00-0.25,199,193,194,1,187,6,1,0,5
4cfd9107406de26614521fa37244326ba3b7fd92417eb711f1e33b43c529793f,1411x1422|/home/pth/workshop/wide-field-solver/raw_allsky_samples/mmto/mmto-skycam/<date>/<date>__#_#_#.fits.bz#,5,0.25-0.50,563,549,549,0,538,11,0,0,14
4cfd9107406de26614521fa37244326ba3b7fd92417eb711f1e33b43c529793f,1411x1422|/home/pth/workshop/wide-field-solver/raw_allsky_samples/mmto/mmto-skycam/<date>/<date>__#_#_#.fits.bz#,5,0.50-0.75,242,166,175,9,163,2,10,1,66
4deedb690ad790a4672a292b08a5cb2297d6a142121224bd4c526796f2afcf7d,4096x4096|/home/pth/workshop/wide-field-solver/eso_downloads/trial/apicam.<date>t#:#:#.#.fits,0,0.00-0.25,3216,1830,1830,0,1830,0,0,0,1386
4deedb690ad790a4672a292b08a5cb2297d6a142121224bd4c526796f2afcf7d,4096x4096|/home/pth/workshop/wide-field-solver/eso_downloads/trial/apicam.<date>t#:#:#.#.fits,0,0.25-0.50,7482,5656,5656,0,5656,0,0,0,1826
4deedb690ad790a4672a292b08a5cb2297d6a142121224bd4c526796f2afcf7d,4096x4096|/home/pth/workshop/wide-field-solver/eso_downloads/trial/apicam.<date>t#:#:#.#.fits,0,0.50-0.75,2757,2600,2600,0,2600,0,0,0,157
4e082e3590eacbc6323c3128fc491db87afda2c14a4bb10f9b55a2c970d06e0f,1411x1422|/home/pth/workshop/wide-field-solver/raw_allsky_samples/mmto/mmto-skycam/<date>/<date>__#_#_#.fits.bz#,4,0.00-0.25,234,227,227,0,220,7,0,0,7
4e082e3590eacbc6323c3128fc491db87afda2c14a4bb10f9b55a2c970d06e0f,1411x1422|/home/pth/workshop/wide-field-solver/raw_allsky_samples/mmto/mmto-skycam/<date>/<date>__#_#_#.fits.bz#,4,0.25-0.50,521,501,501,0,490,11,0,0,20
4e082e3590eacbc6323c3128fc491db87afda2c14a4bb10f9b55a2c970d06e0f,1411x1422|/home/pth/workshop/wide-field-solver/raw_allsky_samples/mmto/mmto-skycam/<date>/<date>__#_#_#.fits.bz#,4,0.50-0.75,145,92,97,5,88,3,6,1,47
4e491c8ecdc42cf2dc31bef0d17f9a980b40b5bd894e56f4d9a807101c1ac6b7,488x652|/home/pth/workshop/wide-field-solver/data/zenodo-#/all/r_darksubtracted_jd#.#<date>#.fits,0,0.00-0.25,32,30,30,0,30,0,0,0,2
4e491c8ecdc42cf2dc31bef0d17f9a980b40b5bd894e56f4d9a807101c1ac6b7,488x652|/home/pth/workshop/wide-field-solver/data/zenodo-#/all/r_darksubtracted_jd#.#<date>#.fits,0,0.25-0.50,84,78,78,0,78,0,0,0,6
4e491c8ecdc42cf2dc31bef0d17f9a980b40b5bd894e56f4d9a807101c1ac6b7,488x652|/home/pth/workshop/wide-field-solver/data/zenodo-#/all/r_darksubtracted_jd#.#<date>#.fits,0,0.50-0.75,27,20,20,0,20,0,0,0,7
4e491c8ecdc42cf2dc31bef0d17f9a980b40b5bd894e56f4d9a807101c1ac6b7,488x652|/home/pth/workshop/wide-field-solver/data/zenodo-#/all/r_darksubtracted_jd#.#<date>#.fits,0,0.75-1.00,2,1,1,0,1,0,0,0,1
4f53f9a45a786b55627c19658c0a01e45089b3a7f4902190b4714e60dbdd15f2,1411x1422|/home/pth/workshop/wide-field-solver/raw_allsky_samples/mmto/mmto-skycam/<date>/<date>__#_#_#.fits.bz#,2,0.00-0.25,135,130,130,0,129,1,0,0,5
4f53f9a45a786b55627c19658c0a01e45089b3a7f4902190b4714e60dbdd15f2,1411x1422|/home/pth/workshop/wide-field-solver/raw_allsky_samples/mmto/mmto-skycam/<date>/<date>__#_#_#.fits.bz#,2,0.25-0.50,109,92,92,0,89,3,0,0,17
4f53f9a45a786b55627c19658c0a01e45089b3a7f4902190b4714e60dbdd15f2,1411x1422|/home/pth/workshop/wide-field-solver/raw_allsky_samples/mmto/mmto-skycam/<date>/<date>__#_#_#.fits.bz#,2,0.50-0.75,44,3,3,0,3,0,0,0,41
501083705c952db2416c5b3e0a45c4856cf5af618c46729a7cae329f803e20f2,4096x4096|/home/pth/workshop/wide-field-solver/eso_downloads/trial/apicam.<date>t#:#:#.#.fits,0,0.00-0.25,3155,1905,1905,0,1905,0,0,0,1250
501083705c952db2416c5b3e0a45c4856cf5af618c46729a7cae329f803e20f2,4096x4096|/home/pth/workshop/wide-field-solver/eso_downloads/trial/apicam.<date>t#:#:#.#.fits,0,0.25-0.50,7442,5745,5745,0,5745,0,0,0,1697
501083705c952db2416c5b3e0a45c4856cf5af618c46729a7cae329f803e20f2,4096x4096|/home/pth/workshop/wide-field-solver/eso_downloads/trial/apicam.<date>t#:#:#.#.fits,0,0.50-0.75,2736,2548,2548,0,2548,0,0,0,188
5036b1d28fa675f131f8f368fbe1e92cd84895e4d163bff417edefc7c09c0bb3,1411x1422|/home/pth/workshop/wide-field-solver/raw_allsky_samples/mmto/mmto-skycam/<date>/<date>__#_#_#.fits.bz#,0,0.00-0.25,275,269,269,0,269,0,0,0,6
5036b1d28fa675f131f8f368fbe1e92cd84895e4d163bff417edefc7c09c0bb3,1411x1422|/home/pth/workshop/wide-field-solver/raw_allsky_samples/mmto/mmto-skycam/<date>/<date>__#_#_#.fits.bz#,0,0.25-0.50,858,839,839,0,839,0,0,0,19
5036b1d28fa675f131f8f368fbe1e92cd84895e4d163bff417edefc7c09c0bb3,1411x1422|/home/pth/workshop/wide-field-solver/raw_allsky_samples/mmto/mmto-skycam/<date>/<date>__#_#_#.fits.bz#,0,0.50-0.75,368,289,289,0,289,0,0,0,79
504fc2b087c7f1574007cea2b402cd31fa1f4c13c41b2f5bd331d350becac72c,1411x1422|/home/pth/workshop/wide-field-solver/raw_allsky_samples/mmto/mmto-skycam/<date>/<date>__#_#_#.fits.bz#,0,0.00-0.25,248,240,240,0,240,0,0,0,8
504fc2b087c7f1574007cea2b402cd31fa1f4c13c41b2f5bd331d350becac72c,1411x1422|/home/pth/workshop/wide-field-solver/raw_allsky_samples/mmto/mmto-skycam/<date>/<date>__#_#_#.fits.bz#,0,0.25-0.50,572,547,547,0,547,0,0,0,25
504fc2b087c7f1574007cea2b402cd31fa1f4c13c41b2f5bd331d350becac72c,1411x1422|/home/pth/workshop/wide-field-solver/raw_allsky_samples/mmto/mmto-skycam/<date>/<date>__#_#_#.fits.bz#,0,0.50-0.75,174,98,98,0,98,0,0,0,76
50a15b608d929508062516f7820892343c79620f140bdf6b623e27408e63eca6,1411x1422|/home/pth/workshop/wide-field-solver/raw_allsky_samples/mmto/mmto-skycam/<date>/<date>__#_#_#.fits.bz#,1,0.00-0.25,35,28,28,0,28,0,0,0,7
50a15b608d929508062516f7820892343c79620f140bdf6b623e27408e63eca6,1411x1422|/home/pth/workshop/wide-field-solver/raw_allsky_samples/mmto/mmto-skycam/<date>/<date>__#_#_#.fits.bz#,1,0.25-0.50,40,23,24,1,22,1,1,0,16
50a15b608d929508062516f7820892343c79620f140bdf6b623e27408e63eca6,1411x1422|/home/pth/workshop/wide-field-solver/raw_allsky_samples/mmto/mmto-skycam/<date>/<date>__#_#_#.fits.bz#,1,0.50-0.75,43,5,5,0,5,0,0,0,38
50e7a8245493c06f52cc2c2d123b12b8a3578fbc774cae4188e7b65d4a9b1e30,1411x1422|/home/pth/workshop/wide-field-solver/raw_allsky_samples/mmto/mmto-skycam/<date>/<date>__#_#_#.fits.bz#,0,0.00-0.25,207,202,202,0,202,0,0,0,5
50e7a8245493c06f52cc2c2d123b12b8a3578fbc774cae4188e7b65d4a9b1e30,1411x1422|/home/pth/workshop/wide-field-solver/raw_allsky_samples/mmto/mmto-skycam/<date>/<date>__#_#_#.fits.bz#,0,0.25-0.50,506,490,490,0,490,0,0,0,16
50e7a8245493c06f52cc2c2d123b12b8a3578fbc774cae4188e7b65d4a9b1e30,1411x1422|/home/pth/workshop/wide-field-solver/raw_allsky_samples/mmto/mmto-skycam/<date>/<date>__#_#_#.fits.bz#,0,0.50-0.75,217,154,154,0,154,0,0,0,63
50e7d5cb2fd7757cfea00efd2dd87557dd43e97f2b72104ebbbcb0bcb28330c5,4096x4096|/home/pth/workshop/wide-field-solver/eso_downloads/trial/apicam.<date>t#:#:#.#.fits,0,0.00-0.25,3346,2084,2084,0,2084,0,0,0,1262
50e7d5cb2fd7757cfea00efd2dd87557dd43e97f2b72104ebbbcb0bcb28330c5,4096x4096|/home/pth/workshop/wide-field-solver/eso_downloads/trial/apicam.<date>t#:#:#.#.fits,0,0.25-0.50,7559,5838,5838,0,5838,0,0,0,1721
50e7d5cb2fd7757cfea00efd2dd87557dd43e97f2b72104ebbbcb0bcb28330c5,4096x4096|/home/pth/workshop/wide-field-solver/eso_downloads/trial/apicam.<date>t#:#:#.#.fits,0,0.50-0.75,2807,2606,2606,0,2606,0,0,0,201
50f619d2659a96909f2b084424d989a98f5cef209582af0dd94cefd61bf3e032,4096x4096|/home/pth/workshop/wide-field-solver/eso_downloads/trial/apicam.<date>t#:#:#.#.fits,0,0.00-0.25,3067,1788,1788,0,1788,0,0,0,1279
50f619d2659a96909f2b084424d989a98f5cef209582af0dd94cefd61bf3e032,4096x4096|/home/pth/workshop/wide-field-solver/eso_downloads/trial/apicam.<date>t#:#:#.#.fits,0,0.25-0.50,7297,5560,5560,0,5560,0,0,0,1737
50f619d2659a96909f2b084424d989a98f5cef209582af0dd94cefd61bf3e032,4096x4096|/home/pth/workshop/wide-field-solver/eso_downloads/trial/apicam.<date>t#:#:#.#.fits,0,0.50-0.75,2845,2696,2696,0,2696,0,0,0,149
514a3b8a168e4eb17a25da74567f95508732fbb02bb811cf687c8cb15e378d9e,1411x1422|/home/pth/workshop/wide-field-solver/raw_allsky_samples/mmto/mmto-skycam/<date>/<date>__#_#_#.fits.bz#,0,0.00-0.25,295,288,288,0,288,0,0,0,7
514a3b8a168e4eb17a25da74567f95508732fbb02bb811cf687c8cb15e378d9e,1411x1422|/home/pth/workshop/wide-field-solver/raw_allsky_samples/mmto/mmto-skycam/<date>/<date>__#_#_#.fits.bz#,0,0.25-0.50,843,832,832,0,832,0,0,0,11
514a3b8a168e4eb17a25da74567f95508732fbb02bb811cf687c8cb15e378d9e,1411x1422|/home/pth/workshop/wide-field-solver/raw_allsky_samples/mmto/mmto-skycam/<date>/<date>__#_#_#.fits.bz#,0,0.50-0.75,392,306,306,0,306,0,0,0,86
5154e5583026d78e00fd6e7c141f59fa2439f31ef39238d00095ad7d72467346,4096x4096|/home/pth/workshop/wide-field-solver/eso_downloads/trial/apicam.<date>t#:#:#.#.fits,0,0.00-0.25,3235,2306,2306,0,2306,0,0,0,929
5154e5583026d78e00fd6e7c141f59fa2439f31ef39238d00095ad7d72467346,4096x4096|/home/pth/workshop/wide-field-solver/eso_downloads/trial/apicam.<date>t#:#:#.#.fits,0,0.25-0.50,7248,5726,5726,0,5726,0,0,0,1522
5154e5583026d78e00fd6e7c141f59fa2439f31ef39238d00095ad7d72467346,4096x4096|/home/pth/workshop/wide-field-solver/eso_downloads/trial/apicam.<date>t#:#:#.#.fits,0,0.50-0.75,2376,2221,2221,0,2221,0,0,0,155
52e95978df845b8ebe214cfca883774bc5d9ee3ab2a4363f544070bcf774c2ba,1411x1422|/home/pth/workshop/wide-field-solver/raw_allsky_samples/mmto/mmto-skycam/<date>/<date>__#_#_#.fits.bz#,0,0.00-0.25,146,94,94,0,94,0,0,0,52
52e95978df845b8ebe214cfca883774bc5d9ee3ab2a4363f544070bcf774c2ba,1411x1422|/home/pth/workshop/wide-field-solver/raw_allsky_samples/mmto/mmto-skycam/<date>/<date>__#_#_#.fits.bz#,0,0.25-0.50,216,160,160,0,160,0,0,0,56
52e95978df845b8ebe214cfca883774bc5d9ee3ab2a4363f544070bcf774c2ba,1411x1422|/home/pth/workshop/wide-field-solver/raw_allsky_samples/mmto/mmto-skycam/<date>/<date>__#_#_#.fits.bz#,0,0.50-0.75,27,4,4,0,4,0,0,0,23
52f92f2aa7f0d8697ec08cc64c91608c805390f898a0b709decbd245dc5a9f6d,4096x4096|/home/pth/workshop/wide-field-solver/eso_downloads/trial/apicam.<date>t#:#:#.#.fits,0,0.00-0.25,3173,1793,1793,0,1793,0,0,0,1380
52f92f2aa7f0d8697ec08cc64c91608c805390f898a0b709decbd245dc5a9f6d,4096x4096|/home/pth/workshop/wide-field-solver/eso_downloads/trial/apicam.<date>t#:#:#.#.fits,0,0.25-0.50,7574,5618,5618,0,5618,0,0,0,1956
52f92f2aa7f0d8697ec08cc64c91608c805390f898a0b709decbd245dc5a9f6d,4096x4096|/home/pth/workshop/wide-field-solver/eso_downloads/trial/apicam.<date>t#:#:#.#.fits,0,0.50-0.75,2781,2632,2632,0,2632,0,0,0,149
53c370e1a012391007f87bacfbe71be1239f5f512d92294336067cfe2d88eff0,1411x1422|/home/pth/workshop/wide-field-solver/raw_allsky_samples/mmto/mmto-skycam/<date>/<date>__#_#_#.fits.bz#,0,0.00-0.25,235,232,232,0,232,0,0,0,3
53c370e1a012391007f87bacfbe71be1239f5f512d92294336067cfe2d88eff0,1411x1422|/home/pth/workshop/wide-field-solver/raw_allsky_samples/mmto/mmto-skycam/<date>/<date>__#_#_#.fits.bz#,0,0.25-0.50,590,575,575,0,575,0,0,0,15
53c370e1a012391007f87bacfbe71be1239f5f512d92294336067cfe2d88eff0,1411x1422|/home/pth/workshop/wide-field-solver/raw_allsky_samples/mmto/mmto-skycam/<date>/<date>__#_#_#.fits.bz#,0,0.50-0.75,241,175,175,0,175,0,0,0,66
549c60cd3c7aac3429d9472efe5f2a705bdde15e0ed1f7b7b579f924522d44ae,1411x1422|/home/pth/workshop/wide-field-solver/raw_allsky_samples/mmto/mmto-skycam/<date>/<date>__#_#_#.fits.bz#,0,0.00-0.25,23,21,21,0,21,0,0,0,2
549c60cd3c7aac3429d9472efe5f2a705bdde15e0ed1f7b7b579f924522d44ae,1411x1422|/home/pth/workshop/wide-field-solver/raw_allsky_samples/mmto/mmto-skycam/<date>/<date>__#_#_#.fits.bz#,0,0.25-0.50,43,37,37,0,37,0,0,0,6
549c60cd3c7aac3429d9472efe5f2a705bdde15e0ed1f7b7b579f924522d44ae,1411x1422|/home/pth/workshop/wide-field-solver/raw_allsky_samples/mmto/mmto-skycam/<date>/<date>__#_#_#.fits.bz#,0,0.50-0.75,14,1,1,0,1,0,0,0,13
5508f4baee98ddeec2234684cf7c7c79383cd18716f0595d2c103e384049c69e,4096x4096|/home/pth/workshop/wide-field-solver/eso_downloads/trial/apicam.<date>t#:#:#.#.fits,0,0.00-0.25,3214,2131,2131,0,2131,0,0,0,1083
5508f4baee98ddeec2234684cf7c7c79383cd18716f0595d2c103e384049c69e,4096x4096|/home/pth/workshop/wide-field-solver/eso_downloads/trial/apicam.<date>t#:#:#.#.fits,0,0.25-0.50,7105,5556,5556,0,5556,0,0,0,1549
5508f4baee98ddeec2234684cf7c7c79383cd18716f0595d2c103e384049c69e,4096x4096|/home/pth/workshop/wide-field-solver/eso_downloads/trial/apicam.<date>t#:#:#.#.fits,0,0.50-0.75,2650,2469,2469,0,2469,0,0,0,181
5552203ad7daab4330b9cf3b2bf0ae2df72ce32fc741a9a6c7a1e636381e7ce5,1411x1422|/home/pth/workshop/wide-field-solver/raw_allsky_samples/mmto/mmto-skycam/<date>/<date>__#_#_#.fits.bz#,0,0.00-0.25,303,293,293,0,293,0,0,0,10
5552203ad7daab4330b9cf3b2bf0ae2df72ce32fc741a9a6c7a1e636381e7ce5,1411x1422|/home/pth/workshop/wide-field-solver/raw_allsky_samples/mmto/mmto-skycam/<date>/<date>__#_#_#.fits.bz#,0,0.25-0.50,895,880,880,0,880,0,0,0,15
5552203ad7daab4330b9cf3b2bf0ae2df72ce32fc741a9a6c7a1e636381e7ce5,1411x1422|/home/pth/workshop/wide-field-solver/raw_allsky_samples/mmto/mmto-skycam/<date>/<date>__#_#_#.fits.bz#,0,0.50-0.75,401,303,303,0,303,0,0,0,98
567d2b7347f8cd5a587af037ed70dc7797bdc6aa6b80cc2afcc6f76d8d27a5e1,1411x1422|/home/pth/workshop/wide-field-solver/raw_allsky_samples/mmto/mmto-skycam/<date>/<date>__#_#_#.fits.bz#,0,0.00-0.25,185,179,179,0,179,0,0,0,6
567d2b7347f8cd5a587af037ed70dc7797bdc6aa6b80cc2afcc6f76d8d27a5e1,1411x1422|/home/pth/workshop/wide-field-solver/raw_allsky_samples/mmto/mmto-skycam/<date>/<date>__#_#_#.fits.bz#,0,0.25-0.50,430,419,419,0,419,0,0,0,11
567d2b7347f8cd5a587af037ed70dc7797bdc6aa6b80cc2afcc6f76d8d27a5e1,1411x1422|/home/pth/workshop/wide-field-solver/raw_allsky_samples/mmto/mmto-skycam/<date>/<date>__#_#_#.fits.bz#,0,0.50-0.75,186,128,128,0,128,0,0,0,58
5698ebfe9a33fc8f6ac10a481a2b04ba9c3103ce274c26c14460cec4d22f3fd2,1411x1422|/home/pth/workshop/wide-field-solver/raw_allsky_samples/mmto/mmto-skycam/<date>/<date>__#_#_#.fits.bz#,0,0.00-0.25,79,73,73,0,73,0,0,0,6
5698ebfe9a33fc8f6ac10a481a2b04ba9c3103ce274c26c14460cec4d22f3fd2,1411x1422|/home/pth/workshop/wide-field-solver/raw_allsky_samples/mmto/mmto-skycam/<date>/<date>__#_#_#.fits.bz#,0,0.25-0.50,63,46,46,0,46,0,0,0,17
5698ebfe9a33fc8f6ac10a481a2b04ba9c3103ce274c26c14460cec4d22f3fd2,1411x1422|/home/pth/workshop/wide-field-solver/raw_allsky_samples/mmto/mmto-skycam/<date>/<date>__#_#_#.fits.bz#,0,0.50-0.75,52,5,5,0,5,0,0,0,47
571737baec2a6f426bfcbe69e5c73474f2916fd7bfb3f162cabbf1bb2cb2eb93,488x652|/home/pth/workshop/wide-field-solver/data/zenodo-#/all/r_darksubtracted_jd#.#<date>#.fits,0,0.00-0.25,24,23,23,0,23,0,0,0,1
571737baec2a6f426bfcbe69e5c73474f2916fd7bfb3f162cabbf1bb2cb2eb93,488x652|/home/pth/workshop/wide-field-solver/data/zenodo-#/all/r_darksubtracted_jd#.#<date>#.fits,0,0.25-0.50,55,52,52,0,52,0,0,0,3
571737baec2a6f426bfcbe69e5c73474f2916fd7bfb3f162cabbf1bb2cb2eb93,488x652|/home/pth/workshop/wide-field-solver/data/zenodo-#/all/r_darksubtracted_jd#.#<date>#.fits,0,0.50-0.75,31,27,27,0,27,0,0,0,4
571737baec2a6f426bfcbe69e5c73474f2916fd7bfb3f162cabbf1bb2cb2eb93,488x652|/home/pth/workshop/wide-field-solver/data/zenodo-#/all/r_darksubtracted_jd#.#<date>#.fits,0,0.75-1.00,1,1,1,0,1,0,0,0,0
572f60cdbab72531891ab4d2bfb03e5d2a0410b6c35203ac48cddaec59426a79,4096x4096|/home/pth/workshop/wide-field-solver/eso_downloads/trial/apicam.<date>t#:#:#.#.fits,0,0.00-0.25,3273,1836,1836,0,1836,0,0,0,1437
572f60cdbab72531891ab4d2bfb03e5d2a0410b6c35203ac48cddaec59426a79,4096x4096|/home/pth/workshop/wide-field-solver/eso_downloads/trial/apicam.<date>t#:#:#.#.fits,0,0.25-0.50,7844,5869,5869,0,5869,0,0,0,1975
572f60cdbab72531891ab4d2bfb03e5d2a0410b6c35203ac48cddaec59426a79,4096x4096|/home/pth/workshop/wide-field-solver/eso_downloads/trial/apicam.<date>t#:#:#.#.fits,0,0.50-0.75,2884,2677,2677,0,2677,0,0,0,207
583a2000866908a4ea4842c756a89f75a7a4b91fd51e364fcced737aae4068f8,3672x3672|/home/pth/skrivebord/fisheeyeimagesnotrailser/subaru_maunakea_<date>t#z.jpg,0,0.00-0.25,1321,1272,1272,0,1272,0,0,0,49
583a2000866908a4ea4842c756a89f75a7a4b91fd51e364fcced737aae4068f8,3672x3672|/home/pth/skrivebord/fisheeyeimagesnotrailser/subaru_maunakea_<date>t#z.jpg,0,0.25-0.50,1852,1800,1800,0,1800,0,0,0,52
583a2000866908a4ea4842c756a89f75a7a4b91fd51e364fcced737aae4068f8,3672x3672|/home/pth/skrivebord/fisheeyeimagesnotrailser/subaru_maunakea_<date>t#z.jpg,0,0.50-0.75,541,310,310,0,310,0,0,0,231
583c9c25d6448a052ed2f72c979d2747cc13c46e2b6aeeb8b0cafef450427061,4096x4096|/home/pth/workshop/wide-field-solver/eso_downloads/trial/apicam.<date>t#:#:#.#.fits,0,0.00-0.25,3370,2047,2047,0,2047,0,0,0,1323
583c9c25d6448a052ed2f72c979d2747cc13c46e2b6aeeb8b0cafef450427061,4096x4096|/home/pth/workshop/wide-field-solver/eso_downloads/trial/apicam.<date>t#:#:#.#.fits,0,0.25-0.50,7712,5856,5856,0,5856,0,0,0,1856
583c9c25d6448a052ed2f72c979d2747cc13c46e2b6aeeb8b0cafef450427061,4096x4096|/home/pth/workshop/wide-field-solver/eso_downloads/trial/apicam.<date>t#:#:#.#.fits,0,0.50-0.75,2811,2621,2621,0,2621,0,0,0,190
585cb0cc86e46d8befc8830e4ad0635b1dc954de80943b1ffa34efb43ad09d7f,3672x3672|/home/pth/skrivebord/fisheeyeimagesnotrailser/subaru_maunakea_<date>t#z.jpg,0,0.00-0.25,1341,1279,1279,0,1279,0,0,0,62
585cb0cc86e46d8befc8830e4ad0635b1dc954de80943b1ffa34efb43ad09d7f,3672x3672|/home/pth/skrivebord/fisheeyeimagesnotrailser/subaru_maunakea_<date>t#z.jpg,0,0.25-0.50,2339,2266,2266,0,2266,0,0,0,73
585cb0cc86e46d8befc8830e4ad0635b1dc954de80943b1ffa34efb43ad09d7f,3672x3672|/home/pth/skrivebord/fisheeyeimagesnotrailser/subaru_maunakea_<date>t#z.jpg,0,0.50-0.75,1036,608,608,0,608,0,0,0,428
58c3e2b3302ff18f4fe7d66a401a514fc61de3ba0993f4c3c514cd08910858db,3672x3672|/home/pth/skrivebord/fisheeyeimagesnotrailser/subaru_maunakea_<date>t#z.jpg,0,0.00-0.25,1152,1108,1108,0,1108,0,0,0,44
58c3e2b3302ff18f4fe7d66a401a514fc61de3ba0993f4c3c514cd08910858db,3672x3672|/home/pth/skrivebord/fisheeyeimagesnotrailser/subaru_maunakea_<date>t#z.jpg,0,0.25-0.50,1660,1598,1598,0,1598,0,0,0,62
58c3e2b3302ff18f4fe7d66a401a514fc61de3ba0993f4c3c514cd08910858db,3672x3672|/home/pth/skrivebord/fisheeyeimagesnotrailser/subaru_maunakea_<date>t#z.jpg,0,0.50-0.75,426,250,250,0,250,0,0,0,176
5a9393ffc85052d2b951c7562860938ac9ada2bfe1a78240ce95479183e60049,4096x4096|/home/pth/workshop/wide-field-solver/eso_downloads/trial/apicam.<date>t#:#:#.#.fits,0,0.00-0.25,3257,2071,2071,0,2071,0,0,0,1186
5a9393ffc85052d2b951c7562860938ac9ada2bfe1a78240ce95479183e60049,4096x4096|/home/pth/workshop/wide-field-solver/eso_downloads/trial/apicam.<date>t#:#:#.#.fits,0,0.25-0.50,7445,5775,5775,0,5775,0,0,0,1670
5a9393ffc85052d2b951c7562860938ac9ada2bfe1a78240ce95479183e60049,4096x4096|/home/pth/workshop/wide-field-solver/eso_downloads/trial/apicam.<date>t#:#:#.#.fits,0,0.50-0.75,2799,2571,2571,0,2571,0,0,0,228
5b05062fc0adc4926cab72da414135a6485468044c9e18035bf1fedeca027127,488x652|/home/pth/workshop/wide-field-solver/data/zenodo-#/all/r_darksubtracted_jd#.#<date>#.fits,0,0.00-0.25,24,22,22,0,22,0,0,0,2
5b05062fc0adc4926cab72da414135a6485468044c9e18035bf1fedeca027127,488x652|/home/pth/workshop/wide-field-solver/data/zenodo-#/all/r_darksubtracted_jd#.#<date>#.fits,0,0.25-0.50,55,52,52,0,52,0,0,0,3
5b05062fc0adc4926cab72da414135a6485468044c9e18035bf1fedeca027127,488x652|/home/pth/workshop/wide-field-solver/data/zenodo-#/all/r_darksubtracted_jd#.#<date>#.fits,0,0.50-0.75,30,20,20,0,20,0,0,0,10
5b05062fc0adc4926cab72da414135a6485468044c9e18035bf1fedeca027127,488x652|/home/pth/workshop/wide-field-solver/data/zenodo-#/all/r_darksubtracted_jd#.#<date>#.fits,0,0.75-1.00,1,1,1,0,1,0,0,0,0
5bfa40dcddea5e0ce2dd1c5a2bcb8147853500c7693be322cd16d7b0eb700ba2,1411x1422|/home/pth/workshop/wide-field-solver/raw_allsky_samples/mmto/mmto-skycam/<date>/<date>__#_#_#.fits.bz#,0,0.00-0.25,43,40,40,0,40,0,0,0,3
5bfa40dcddea5e0ce2dd1c5a2bcb8147853500c7693be322cd16d7b0eb700ba2,1411x1422|/home/pth/workshop/wide-field-solver/raw_allsky_samples/mmto/mmto-skycam/<date>/<date>__#_#_#.fits.bz#,0,0.25-0.50,41,26,26,0,26,0,0,0,15
5bfa40dcddea5e0ce2dd1c5a2bcb8147853500c7693be322cd16d7b0eb700ba2,1411x1422|/home/pth/workshop/wide-field-solver/raw_allsky_samples/mmto/mmto-skycam/<date>/<date>__#_#_#.fits.bz#,0,0.50-0.75,47,5,5,0,5,0,0,0,42
5c74d93cc6ff0c6bb8e39dece3667bc18943a1d68b3abc4e3d0c3d7fdd470c4f,488x652|/home/pth/workshop/wide-field-solver/data/zenodo-#/all/r_darksubtracted_jd#.#<date>#.fits,0,0.00-0.25,32,30,30,0,30,0,0,0,2
5c74d93cc6ff0c6bb8e39dece3667bc18943a1d68b3abc4e3d0c3d7fdd470c4f,488x652|/home/pth/workshop/wide-field-solver/data/zenodo-#/all/r_darksubtracted_jd#.#<date>#.fits,0,0.25-0.50,86,82,82,0,82,0,0,0,4
5c74d93cc6ff0c6bb8e39dece3667bc18943a1d68b3abc4e3d0c3d7fdd470c4f,488x652|/home/pth/workshop/wide-field-solver/data/zenodo-#/all/r_darksubtracted_jd#.#<date>#.fits,0,0.50-0.75,32,24,24,0,24,0,0,0,8
5db03d9a9d6c69923334c6cfaf5634179d024e5956d820232b4ab63fe45b033a,1411x1422|/home/pth/workshop/wide-field-solver/raw_allsky_samples/mmto/mmto-skycam/<date>/<date>__#_#_#.fits.bz#,0,0.00-0.25,306,297,297,0,297,0,0,0,9
5db03d9a9d6c69923334c6cfaf5634179d024e5956d820232b4ab63fe45b033a,1411x1422|/home/pth/workshop/wide-field-solver/raw_allsky_samples/mmto/mmto-skycam/<date>/<date>__#_#_#.fits.bz#,0,0.25-0.50,876,862,862,0,862,0,0,0,14
5db03d9a9d6c69923334c6cfaf5634179d024e5956d820232b4ab63fe45b033a,1411x1422|/home/pth/workshop/wide-field-solver/raw_allsky_samples/mmto/mmto-skycam/<date>/<date>__#_#_#.fits.bz#,0,0.50-0.75,383,297,297,0,297,0,0,0,86
5dc3f76792264307c2386d36822bb92cbd258acf6d766898f74b9fdeae84d564,4096x4096|/home/pth/workshop/wide-field-solver/eso_downloads/trial/apicam.<date>t#:#:#.#.fits,0,0.00-0.25,3170,1841,1841,0,1841,0,0,0,1329
5dc3f76792264307c2386d36822bb92cbd258acf6d766898f74b9fdeae84d564,4096x4096|/home/pth/workshop/wide-field-solver/eso_downloads/trial/apicam.<date>t#:#:#.#.fits,0,0.25-0.50,7520,5780,5780,0,5780,0,0,0,1740
5dc3f76792264307c2386d36822bb92cbd258acf6d766898f74b9fdeae84d564,4096x4096|/home/pth/workshop/wide-field-solver/eso_downloads/trial/apicam.<date>t#:#:#.#.fits,0,0.50-0.75,2805,2573,2573,0,2573,0,0,0,232
5e79103c029f9d6fcfd801b3658566aeea0dceaa8c1896850e30678c19e48e94,3672x3672|/home/pth/skrivebord/fisheeyeimagesnotrailser/subaru_maunakea_<date>t#z.jpg,0,0.00-0.25,1321,1274,1274,0,1274,0,0,0,47
5e79103c029f9d6fcfd801b3658566aeea0dceaa8c1896850e30678c19e48e94,3672x3672|/home/pth/skrivebord/fisheeyeimagesnotrailser/subaru_maunakea_<date>t#z.jpg,0,0.25-0.50,2032,1967,1967,0,1967,0,0,0,65
5e79103c029f9d6fcfd801b3658566aeea0dceaa8c1896850e30678c19e48e94,3672x3672|/home/pth/skrivebord/fisheeyeimagesnotrailser/subaru_maunakea_<date>t#z.jpg,0,0.50-0.75,716,409,409,0,409,0,0,0,307
5f37411bab6ae4738038e265358aafb5431b96e596dd11556fad352fd7df4b75,488x652|/home/pth/workshop/wide-field-solver/data/zenodo-#/all/r_darksubtracted_jd#.#<date>#.fits,0,0.00-0.25,26,24,24,0,24,0,0,0,2
5f37411bab6ae4738038e265358aafb5431b96e596dd11556fad352fd7df4b75,488x652|/home/pth/workshop/wide-field-solver/data/zenodo-#/all/r_darksubtracted_jd#.#<date>#.fits,0,0.25-0.50,54,50,50,0,50,0,0,0,4
5f37411bab6ae4738038e265358aafb5431b96e596dd11556fad352fd7df4b75,488x652|/home/pth/workshop/wide-field-solver/data/zenodo-#/all/r_darksubtracted_jd#.#<date>#.fits,0,0.50-0.75,33,26,26,0,26,0,0,0,7
6005d73ca633f8ad187b8551bfe2d2a81fe081467f9604d7d2a20ccd860e7ba7,1411x1422|/home/pth/workshop/wide-field-solver/raw_allsky_samples/mmto/mmto-skycam/<date>/<date>__#_#_#.fits.bz#,0,0.00-0.25,297,291,291,0,291,0,0,0,6
6005d73ca633f8ad187b8551bfe2d2a81fe081467f9604d7d2a20ccd860e7ba7,1411x1422|/home/pth/workshop/wide-field-solver/raw_allsky_samples/mmto/mmto-skycam/<date>/<date>__#_#_#.fits.bz#,0,0.25-0.50,439,420,420,0,420,0,0,0,19
6005d73ca633f8ad187b8551bfe2d2a81fe081467f9604d7d2a20ccd860e7ba7,1411x1422|/home/pth/workshop/wide-field-solver/raw_allsky_samples/mmto/mmto-skycam/<date>/<date>__#_#_#.fits.bz#,0,0.50-0.75,107,48,48,0,48,0,0,0,59
60f9ed6ea772056807fe66b8158810714d1de95a6929e8946b918ade2a01f2ff,1411x1422|/home/pth/workshop/wide-field-solver/raw_allsky_samples/mmto/mmto-skycam/<date>/<date>__#_#_#.fits.bz#,0,0.00-0.25,300,292,292,0,292,0,0,0,8
60f9ed6ea772056807fe66b8158810714d1de95a6929e8946b918ade2a01f2ff,1411x1422|/home/pth/workshop/wide-field-solver/raw_allsky_samples/mmto/mmto-skycam/<date>/<date>__#_#_#.fits.bz#,0,0.25-0.50,772,740,740,0,740,0,0,0,32
60f9ed6ea772056807fe66b8158810714d1de95a6929e8946b918ade2a01f2ff,1411x1422|/home/pth/workshop/wide-field-solver/raw_allsky_samples/mmto/mmto-skycam/<date>/<date>__#_#_#.fits.bz#,0,0.50-0.75,311,222,222,0,222,0,0,0,89
61020ace536750910ae5883913f24ee91f079f6d58e1ec3670aa7ef0bff27cb0,488x652|/home/pth/workshop/wide-field-solver/data/zenodo-#/all/r_darksubtracted_jd#.#<date>#.fits,0,0.00-0.25,27,25,25,0,25,0,0,0,2
61020ace536750910ae5883913f24ee91f079f6d58e1ec3670aa7ef0bff27cb0,488x652|/home/pth/workshop/wide-field-solver/data/zenodo-#/all/r_darksubtracted_jd#.#<date>#.fits,0,0.25-0.50,65,60,60,0,60,0,0,0,5
61020ace536750910ae5883913f24ee91f079f6d58e1ec3670aa7ef0bff27cb0,488x652|/home/pth/workshop/wide-field-solver/data/zenodo-#/all/r_darksubtracted_jd#.#<date>#.fits,0,0.50-0.75,35,27,27,0,27,0,0,0,8
61020ace536750910ae5883913f24ee91f079f6d58e1ec3670aa7ef0bff27cb0,488x652|/home/pth/workshop/wide-field-solver/data/zenodo-#/all/r_darksubtracted_jd#.#<date>#.fits,0,0.75-1.00,1,0,0,0,0,0,0,0,1
6114fda9906ce27d43bcc59cc5f18bf432fff6780010d897c4d364805d0da843,4096x4096|/home/pth/workshop/wide-field-solver/eso_downloads/trial/apicam.<date>t#:#:#.#.fits,0,0.00-0.25,3135,1821,1821,0,1821,0,0,0,1314
6114fda9906ce27d43bcc59cc5f18bf432fff6780010d897c4d364805d0da843,4096x4096|/home/pth/workshop/wide-field-solver/eso_downloads/trial/apicam.<date>t#:#:#.#.fits,0,0.25-0.50,7552,5664,5664,0,5664,0,0,0,1888
6114fda9906ce27d43bcc59cc5f18bf432fff6780010d897c4d364805d0da843,4096x4096|/home/pth/workshop/wide-field-solver/eso_downloads/trial/apicam.<date>t#:#:#.#.fits,0,0.50-0.75,2821,2619,2619,0,2619,0,0,0,202
61b9883c184101bb5210b1d7efb17e3a3c4c6ff3a517371442e412d37949823e,1411x1422|/home/pth/workshop/wide-field-solver/raw_allsky_samples/mmto/mmto-skycam/<date>__#_#_#.fits.bz#,0,0.00-0.25,275,269,269,0,269,0,0,0,6
61b9883c184101bb5210b1d7efb17e3a3c4c6ff3a517371442e412d37949823e,1411x1422|/home/pth/workshop/wide-field-solver/raw_allsky_samples/mmto/mmto-skycam/<date>__#_#_#.fits.bz#,0,0.25-0.50,757,742,742,0,742,0,0,0,15
61b9883c184101bb5210b1d7efb17e3a3c4c6ff3a517371442e412d37949823e,1411x1422|/home/pth/workshop/wide-field-solver/raw_allsky_samples/mmto/mmto-skycam/<date>__#_#_#.fits.bz#,0,0.50-0.75,386,300,300,0,300,0,0,0,86
61dc347020eb6209828dce07b76fc0e6ed01dd09fc51383d514b99197157a73d,1411x1422|/home/pth/workshop/wide-field-solver/raw_allsky_samples/mmto/mmto-skycam/<date>/<date>__#_#_#.fits.bz#,4,0.00-0.25,280,271,270,-1,263,7,0,1,9
61dc347020eb6209828dce07b76fc0e6ed01dd09fc51383d514b99197157a73d,1411x1422|/home/pth/workshop/wide-field-solver/raw_allsky_samples/mmto/mmto-skycam/<date>/<date>__#_#_#.fits.bz#,4,0.25-0.50,858,841,841,0,826,15,0,0,17
61dc347020eb6209828dce07b76fc0e6ed01dd09fc51383d514b99197157a73d,1411x1422|/home/pth/workshop/wide-field-solver/raw_allsky_samples/mmto/mmto-skycam/<date>/<date>__#_#_#.fits.bz#,4,0.50-0.75,361,288,301,13,286,0,15,2,58
6226234dd47e08b49b7b3ea48a1949dd8e5ad70bc8d3d7df4b8d49f7e73c473e,3672x3672|/home/pth/skrivebord/fisheeyeimagesnotrailser/subaru_maunakea_<date>t#z.jpg,0,0.00-0.25,1843,1731,1731,0,1731,0,0,0,112
6226234dd47e08b49b7b3ea48a1949dd8e5ad70bc8d3d7df4b8d49f7e73c473e,3672x3672|/home/pth/skrivebord/fisheeyeimagesnotrailser/subaru_maunakea_<date>t#z.jpg,0,0.25-0.50,3827,3625,3625,0,3625,0,0,0,202
6226234dd47e08b49b7b3ea48a1949dd8e5ad70bc8d3d7df4b8d49f7e73c473e,3672x3672|/home/pth/skrivebord/fisheeyeimagesnotrailser/subaru_maunakea_<date>t#z.jpg,0,0.50-0.75,1724,894,894,0,894,0,0,0,830
62ad2e20284e4c488909cba1d596d55b537bc87df7bf64b98e30a621b773726b,1411x1422|/home/pth/workshop/wide-field-solver/raw_allsky_samples/mmto/mmto-skycam/<date>/<date>__#_#_#.fits.bz#,0,0.00-0.25,284,281,281,0,281,0,0,0,3
62ad2e20284e4c488909cba1d596d55b537bc87df7bf64b98e30a621b773726b,1411x1422|/home/pth/workshop/wide-field-solver/raw_allsky_samples/mmto/mmto-skycam/<date>/<date>__#_#_#.fits.bz#,0,0.25-0.50,789,769,769,0,769,0,0,0,20
62ad2e20284e4c488909cba1d596d55b537bc87df7bf64b98e30a621b773726b,1411x1422|/home/pth/workshop/wide-field-solver/raw_allsky_samples/mmto/mmto-skycam/<date>/<date>__#_#_#.fits.bz#,0,0.50-0.75,336,265,265,0,265,0,0,0,71
64aa13ebb6e2dc93da763919c4c444c3bf903f5f85d01ecfef736c795d33fae7,1411x1422|/home/pth/workshop/wide-field-solver/raw_allsky_samples/mmto/mmto-skycam/<date>/<date>__#_#_#.fits.bz#,0,0.00-0.25,277,271,271,0,271,0,0,0,6
64aa13ebb6e2dc93da763919c4c444c3bf903f5f85d01ecfef736c795d33fae7,1411x1422|/home/pth/workshop/wide-field-solver/raw_allsky_samples/mmto/mmto-skycam/<date>/<date>__#_#_#.fits.bz#,0,0.25-0.50,791,770,770,0,770,0,0,0,21
64aa13ebb6e2dc93da763919c4c444c3bf903f5f85d01ecfef736c795d33fae7,1411x1422|/home/pth/workshop/wide-field-solver/raw_allsky_samples/mmto/mmto-skycam/<date>/<date>__#_#_#.fits.bz#,0,0.50-0.75,252,168,168,0,168,0,0,0,84
6588e8a68d163ec18e5710ed717ed3d0d1e16a61453e7683ce8020137e4bc043,4096x4096|/home/pth/workshop/wide-field-solver/eso_downloads/trial/apicam.<date>t#:#:#.#.fits,0,0.00-0.25,2862,2109,2109,0,2109,0,0,0,753
6588e8a68d163ec18e5710ed717ed3d0d1e16a61453e7683ce8020137e4bc043,4096x4096|/home/pth/workshop/wide-field-solver/eso_downloads/trial/apicam.<date>t#:#:#.#.fits,0,0.25-0.50,6886,5516,5516,0,5516,0,0,0,1370
6588e8a68d163ec18e5710ed717ed3d0d1e16a61453e7683ce8020137e4bc043,4096x4096|/home/pth/workshop/wide-field-solver/eso_downloads/trial/apicam.<date>t#:#:#.#.fits,0,0.50-0.75,2271,2132,2132,0,2132,0,0,0,139
662fafb66caf13786e8ecf0d018116f75f361f1aff2ed6b16bbe407fedb25703,1411x1422|/home/pth/workshop/wide-field-solver/raw_allsky_samples/mmto/mmto-skycam/<date>/<date>__#_#_#.fits.bz#,0,0.00-0.25,32,29,29,0,29,0,0,0,3
662fafb66caf13786e8ecf0d018116f75f361f1aff2ed6b16bbe407fedb25703,1411x1422|/home/pth/workshop/wide-field-solver/raw_allsky_samples/mmto/mmto-skycam/<date>/<date>__#_#_#.fits.bz#,0,0.25-0.50,32,29,29,0,29,0,0,0,3
662fafb66caf13786e8ecf0d018116f75f361f1aff2ed6b16bbe407fedb25703,1411x1422|/home/pth/workshop/wide-field-solver/raw_allsky_samples/mmto/mmto-skycam/<date>/<date>__#_#_#.fits.bz#,0,0.50-0.75,21,6,6,0,6,0,0,0,15
665d076d6e8cdebbbabe214a82862a214087a1f08ffac373911bd7bd5c22863a,1411x1422|/home/pth/workshop/wide-field-solver/raw_allsky_samples/mmto/mmto-skycam/<date>/<date>__#_#_#.fits.bz#,0,0.00-0.25,233,223,223,0,223,0,0,0,10
665d076d6e8cdebbbabe214a82862a214087a1f08ffac373911bd7bd5c22863a,1411x1422|/home/pth/workshop/wide-field-solver/raw_allsky_samples/mmto/mmto-skycam/<date>/<date>__#_#_#.fits.bz#,0,0.25-0.50,530,501,501,0,501,0,0,0,29
665d076d6e8cdebbbabe214a82862a214087a1f08ffac373911bd7bd5c22863a,1411x1422|/home/pth/workshop/wide-field-solver/raw_allsky_samples/mmto/mmto-skycam/<date>/<date>__#_#_#.fits.bz#,0,0.50-0.75,141,75,75,0,75,0,0,0,66
66df97563940545f6d4d81776998e2ce926a686fd678d0cc6b95285add662f9f,1411x1422|/home/pth/workshop/wide-field-solver/raw_allsky_samples/mmto/mmto-skycam/<date>/<date>__#_#_#.fits.bz#,2,0.00-0.25,203,197,198,1,193,4,1,0,5
66df97563940545f6d4d81776998e2ce926a686fd678d0cc6b95285add662f9f,1411x1422|/home/pth/workshop/wide-field-solver/raw_allsky_samples/mmto/mmto-skycam/<date>/<date>__#_#_#.fits.bz#,2,0.25-0.50,464,451,450,-1,445,5,0,1,13
66df97563940545f6d4d81776998e2ce926a686fd678d0cc6b95285add662f9f,1411x1422|/home/pth/workshop/wide-field-solver/raw_allsky_samples/mmto/mmto-skycam/<date>/<date>__#_#_#.fits.bz#,2,0.50-0.75,212,113,116,3,112,0,4,1,95
673662c908f2dc8a7ad1cbc4e793ab705be3a54446fe642653d899a11ffd2135,4096x4096|/home/pth/workshop/wide-field-solver/eso_downloads/trial/apicam.<date>t#:#:#.#.fits,0,0.00-0.25,3204,1836,1836,0,1836,0,0,0,1368
673662c908f2dc8a7ad1cbc4e793ab705be3a54446fe642653d899a11ffd2135,4096x4096|/home/pth/workshop/wide-field-solver/eso_downloads/trial/apicam.<date>t#:#:#.#.fits,0,0.25-0.50,7654,5757,5757,0,5757,0,0,0,1897
673662c908f2dc8a7ad1cbc4e793ab705be3a54446fe642653d899a11ffd2135,4096x4096|/home/pth/workshop/wide-field-solver/eso_downloads/trial/apicam.<date>t#:#:#.#.fits,0,0.50-0.75,2741,2529,2529,0,2529,0,0,0,212
67fc9a3e9be38c3c9da75ef82b1945e81c26140e457c4fbe2b415fa612d62031,1411x1422|/home/pth/workshop/wide-field-solver/raw_allsky_samples/mmto/mmto-skycam/<date>/<date>__#_#_#.fits.bz#,0,0.00-0.25,255,248,248,0,248,0,0,0,7
67fc9a3e9be38c3c9da75ef82b1945e81c26140e457c4fbe2b415fa612d62031,1411x1422|/home/pth/workshop/wide-field-solver/raw_allsky_samples/mmto/mmto-skycam/<date>/<date>__#_#_#.fits.bz#,0,0.25-0.50,505,478,478,0,478,0,0,0,27
67fc9a3e9be38c3c9da75ef82b1945e81c26140e457c4fbe2b415fa612d62031,1411x1422|/home/pth/workshop/wide-field-solver/raw_allsky_samples/mmto/mmto-skycam/<date>/<date>__#_#_#.fits.bz#,0,0.50-0.75,114,53,53,0,53,0,0,0,61
68493aa903674d4724ef6110c9e32b7dfe593a7b6c18a3b82aecd2827d3dadcb,488x652|/home/pth/workshop/wide-field-solver/data/zenodo-#/all/r_darksubtracted_jd#.#<date>#.fits,0,0.00-0.25,28,26,26,0,26,0,0,0,2
68493aa903674d4724ef6110c9e32b7dfe593a7b6c18a3b82aecd2827d3dadcb,488x652|/home/pth/workshop/wide-field-solver/data/zenodo-#/all/r_darksubtracted_jd#.#<date>#.fits,0,0.25-0.50,62,57,57,0,57,0,0,0,5
68493aa903674d4724ef6110c9e32b7dfe593a7b6c18a3b82aecd2827d3dadcb,488x652|/home/pth/workshop/wide-field-solver/data/zenodo-#/all/r_darksubtracted_jd#.#<date>#.fits,0,0.50-0.75,32,25,25,0,25,0,0,0,7
68493aa903674d4724ef6110c9e32b7dfe593a7b6c18a3b82aecd2827d3dadcb,488x652|/home/pth/workshop/wide-field-solver/data/zenodo-#/all/r_darksubtracted_jd#.#<date>#.fits,0,0.75-1.00,1,1,1,0,1,0,0,0,0
69961a84633b022de53d946f97cf2e494e46b64a77cf3f1cc204a31f9fb7f64c,1411x1422|/home/pth/workshop/wide-field-solver/raw_allsky_samples/mmto/mmto-skycam/<date>/<date>__#_#_#.fits.bz#,0,0.00-0.25,331,324,324,0,324,0,0,0,7
69961a84633b022de53d946f97cf2e494e46b64a77cf3f1cc204a31f9fb7f64c,1411x1422|/home/pth/workshop/wide-field-solver/raw_allsky_samples/mmto/mmto-skycam/<date>/<date>__#_#_#.fits.bz#,0,0.25-0.50,863,844,844,0,844,0,0,0,19
69961a84633b022de53d946f97cf2e494e46b64a77cf3f1cc204a31f9fb7f64c,1411x1422|/home/pth/workshop/wide-field-solver/raw_allsky_samples/mmto/mmto-skycam/<date>/<date>__#_#_#.fits.bz#,0,0.50-0.75,342,262,262,0,262,0,0,0,80
6ad7ff0c33d6fe62906e38df2c148ced20b92c18151875ac74ff4297a9975fca,1411x1422|/home/pth/workshop/wide-field-solver/raw_allsky_samples/mmto/mmto-skycam/<date>/<date>__#_#_#.fits.bz#,0,0.00-0.25,309,302,302,0,302,0,0,0,7
6ad7ff0c33d6fe62906e38df2c148ced20b92c18151875ac74ff4297a9975fca,1411x1422|/home/pth/workshop/wide-field-solver/raw_allsky_samples/mmto/mmto-skycam/<date>/<date>__#_#_#.fits.bz#,0,0.25-0.50,869,849,849,0,849,0,0,0,20
6ad7ff0c33d6fe62906e38df2c148ced20b92c18151875ac74ff4297a9975fca,1411x1422|/home/pth/workshop/wide-field-solver/raw_allsky_samples/mmto/mmto-skycam/<date>/<date>__#_#_#.fits.bz#,0,0.50-0.75,362,271,271,0,271,0,0,0,91
6ad828ec1c45c9426f2fa199617953ef42fa5030fae2877186e54c4d8d64f3d0,488x652|/home/pth/workshop/wide-field-solver/data/zenodo-#/all/r_darksubtracted_jd#.#<date>#.fits,0,0.00-0.25,27,26,26,0,26,0,0,0,1
6ad828ec1c45c9426f2fa199617953ef42fa5030fae2877186e54c4d8d64f3d0,488x652|/home/pth/workshop/wide-field-solver/data/zenodo-#/all/r_darksubtracted_jd#.#<date>#.fits,0,0.25-0.50,74,70,70,0,70,0,0,0,4
6ad828ec1c45c9426f2fa199617953ef42fa5030fae2877186e54c4d8d64f3d0,488x652|/home/pth/workshop/wide-field-solver/data/zenodo-#/all/r_darksubtracted_jd#.#<date>#.fits,0,0.50-0.75,36,26,26,0,26,0,0,0,10
6af52a4ae5e04b200225cd1f8a2241a012bcd9991d14f9d68aa408d36813943c,488x652|/home/pth/workshop/wide-field-solver/data/zenodo-#/all/r_darksubtracted_jd#.#<date>#.fits,0,0.00-0.25,30,28,28,0,28,0,0,0,2
6af52a4ae5e04b200225cd1f8a2241a012bcd9991d14f9d68aa408d36813943c,488x652|/home/pth/workshop/wide-field-solver/data/zenodo-#/all/r_darksubtracted_jd#.#<date>#.fits,0,0.25-0.50,73,71,71,0,71,0,0,0,2
6af52a4ae5e04b200225cd1f8a2241a012bcd9991d14f9d68aa408d36813943c,488x652|/home/pth/workshop/wide-field-solver/data/zenodo-#/all/r_darksubtracted_jd#.#<date>#.fits,0,0.50-0.75,33,24,24,0,24,0,0,0,9
6af52a4ae5e04b200225cd1f8a2241a012bcd9991d14f9d68aa408d36813943c,488x652|/home/pth/workshop/wide-field-solver/data/zenodo-#/all/r_darksubtracted_jd#.#<date>#.fits,0,0.75-1.00,1,0,0,0,0,0,0,0,1
6d5539157c2f91463c6dbab2060d9030e7b3cb5cacbc821420d648f6adf7261a,1411x1422|/home/pth/workshop/wide-field-solver/raw_allsky_samples/mmto/mmto-skycam/<date>/<date>__#_#_#.fits.bz#,0,0.00-0.25,34,27,27,0,27,0,0,0,7
6d5539157c2f91463c6dbab2060d9030e7b3cb5cacbc821420d648f6adf7261a,1411x1422|/home/pth/workshop/wide-field-solver/raw_allsky_samples/mmto/mmto-skycam/<date>/<date>__#_#_#.fits.bz#,0,0.25-0.50,48,29,29,0,29,0,0,0,19
6d5539157c2f91463c6dbab2060d9030e7b3cb5cacbc821420d648f6adf7261a,1411x1422|/home/pth/workshop/wide-field-solver/raw_allsky_samples/mmto/mmto-skycam/<date>/<date>__#_#_#.fits.bz#,0,0.50-0.75,34,6,6,0,6,0,0,0,28
6f01418fb181f7a7d5a02fb161953435b3576f16270c33e22888de46c00e2163,1411x1422|/home/pth/workshop/wide-field-solver/raw_allsky_samples/mmto/mmto-skycam/<date>/<date>__#_#_#.fits.bz#,0,0.00-0.25,186,181,181,0,181,0,0,0,5
6f01418fb181f7a7d5a02fb161953435b3576f16270c33e22888de46c00e2163,1411x1422|/home/pth/workshop/wide-field-solver/raw_allsky_samples/mmto/mmto-skycam/<date>/<date>__#_#_#.fits.bz#,0,0.25-0.50,423,408,408,0,408,0,0,0,15
6f01418fb181f7a7d5a02fb161953435b3576f16270c33e22888de46c00e2163,1411x1422|/home/pth/workshop/wide-field-solver/raw_allsky_samples/mmto/mmto-skycam/<date>/<date>__#_#_#.fits.bz#,0,0.50-0.75,170,126,126,0,126,0,0,0,44
6f57653ce67215ae3f8a58397f1bfe02c41773cd1a71039d459d300e0931f2c9,4096x4096|/home/pth/workshop/wide-field-solver/eso_downloads/trial/apicam.<date>t#:#:#.#.fits,0,0.00-0.25,2757,2209,2209,0,2209,0,0,0,548
6f57653ce67215ae3f8a58397f1bfe02c41773cd1a71039d459d300e0931f2c9,4096x4096|/home/pth/workshop/wide-field-solver/eso_downloads/trial/apicam.<date>t#:#:#.#.fits,0,0.25-0.50,5652,5050,5050,0,5050,0,0,0,602
6f57653ce67215ae3f8a58397f1bfe02c41773cd1a71039d459d300e0931f2c9,4096x4096|/home/pth/workshop/wide-field-solver/eso_downloads/trial/apicam.<date>t#:#:#.#.fits,0,0.50-0.75,1772,1715,1715,0,1715,0,0,0,57
70416f47c98dbfe639749526c20a1f442e48ef67ae6153bc20bbedc38acaf758,4096x4096|/home/pth/workshop/wide-field-solver/eso_downloads/trial/apicam.<date>t#:#:#.#.fits,0,0.00-0.25,3325,2150,2150,0,2150,0,0,0,1175
70416f47c98dbfe639749526c20a1f442e48ef67ae6153bc20bbedc38acaf758,4096x4096|/home/pth/workshop/wide-field-solver/eso_downloads/trial/apicam.<date>t#:#:#.#.fits,0,0.25-0.50,7513,5810,5810,0,5810,0,0,0,1703
70416f47c98dbfe639749526c20a1f442e48ef67ae6153bc20bbedc38acaf758,4096x4096|/home/pth/workshop/wide-field-solver/eso_downloads/trial/apicam.<date>t#:#:#.#.fits,0,0.50-0.75,2788,2594,2594,0,2594,0,0,0,194
70b38e57cfd62c6ae2d42d05a73fd90ab8fd403960a42046ffb8f320d8f3ab6f,1411x1422|/home/pth/workshop/wide-field-solver/raw_allsky_samples/mmto/mmto-skycam/<date>/<date>__#_#_#.fits.bz#,0,0.00-0.25,234,227,227,0,227,0,0,0,7
70b38e57cfd62c6ae2d42d05a73fd90ab8fd403960a42046ffb8f320d8f3ab6f,1411x1422|/home/pth/workshop/wide-field-solver/raw_allsky_samples/mmto/mmto-skycam/<date>/<date>__#_#_#.fits.bz#,0,0.25-0.50,634,619,619,0,619,0,0,0,15
70b38e57cfd62c6ae2d42d05a73fd90ab8fd403960a42046ffb8f320d8f3ab6f,1411x1422|/home/pth/workshop/wide-field-solver/raw_allsky_samples/mmto/mmto-skycam/<date>/<date>__#_#_#.fits.bz#,0,0.50-0.75,257,189,189,0,189,0,0,0,68
71cefdeef7dc421af0d0f40da713ac20afa140bc114a268c790aea03203636a5,4096x4096|/home/pth/workshop/wide-field-solver/eso_downloads/trial/apicam.<date>t#:#:#.#.fits,0,0.00-0.25,3412,2165,2165,0,2165,0,0,0,1247
71cefdeef7dc421af0d0f40da713ac20afa140bc114a268c790aea03203636a5,4096x4096|/home/pth/workshop/wide-field-solver/eso_downloads/trial/apicam.<date>t#:#:#.#.fits,0,0.25-0.50,7672,5853,5853,0,5853,0,0,0,1819
71cefdeef7dc421af0d0f40da713ac20afa140bc114a268c790aea03203636a5,4096x4096|/home/pth/workshop/wide-field-solver/eso_downloads/trial/apicam.<date>t#:#:#.#.fits,0,0.50-0.75,2813,2605,2605,0,2605,0,0,0,208
71fb51555b193894a78b01b33bcb8adff66ab62bc4d7bc72f49013f3939d552b,1411x1422|/home/pth/workshop/wide-field-solver/raw_allsky_samples/mmto/mmto-skycam/<date>/<date>__#_#_#.fits.bz#,0,0.00-0.25,196,193,193,0,193,0,0,0,3
71fb51555b193894a78b01b33bcb8adff66ab62bc4d7bc72f49013f3939d552b,1411x1422|/home/pth/workshop/wide-field-solver/raw_allsky_samples/mmto/mmto-skycam/<date>/<date>__#_#_#.fits.bz#,0,0.25-0.50,346,332,332,0,332,0,0,0,14
71fb51555b193894a78b01b33bcb8adff66ab62bc4d7bc72f49013f3939d552b,1411x1422|/home/pth/workshop/wide-field-solver/raw_allsky_samples/mmto/mmto-skycam/<date>/<date>__#_#_#.fits.bz#,0,0.50-0.75,94,36,36,0,36,0,0,0,58
721a175c2ca002a35bda60f6fd2732efb27456f78978d5b9d6586d85a9c77996,3672x3672|/home/pth/skrivebord/fisheeyeimagesnotrailser/subaru_maunakea_<date>t#z.jpg,0,0.00-0.25,1422,1347,1347,0,1347,0,0,0,75
721a175c2ca002a35bda60f6fd2732efb27456f78978d5b9d6586d85a9c77996,3672x3672|/home/pth/skrivebord/fisheeyeimagesnotrailser/subaru_maunakea_<date>t#z.jpg,0,0.25-0.50,2255,2182,2182,0,2182,0,0,0,73
721a175c2ca002a35bda60f6fd2732efb27456f78978d5b9d6586d85a9c77996,3672x3672|/home/pth/skrivebord/fisheeyeimagesnotrailser/subaru_maunakea_<date>t#z.jpg,0,0.50-0.75,595,357,357,0,357,0,0,0,238
7233a1ec1405998d5ab56a660545e37e20b4d8b05604a9904bde825d82acc099,4096x4096|/home/pth/workshop/wide-field-solver/eso_downloads/trial/apicam.<date>t#:#:#.#.fits,0,0.00-0.25,3076,1768,1768,0,1768,0,0,0,1308
7233a1ec1405998d5ab56a660545e37e20b4d8b05604a9904bde825d82acc099,4096x4096|/home/pth/workshop/wide-field-solver/eso_downloads/trial/apicam.<date>t#:#:#.#.fits,0,0.25-0.50,7648,5604,5604,0,5604,0,0,0,2044
7233a1ec1405998d5ab56a660545e37e20b4d8b05604a9904bde825d82acc099,4096x4096|/home/pth/workshop/wide-field-solver/eso_downloads/trial/apicam.<date>t#:#:#.#.fits,0,0.50-0.75,2779,2604,2604,0,2604,0,0,0,175
7287154ca0fbea3ce65536b4a6a21c3aa66423da242e7f241b73b1805321975a,4096x4096|/home/pth/workshop/wide-field-solver/eso_downloads/trial/apicam.<date>t#:#:#.#.fits,0,0.00-0.25,3267,1832,1832,0,1832,0,0,0,1435
7287154ca0fbea3ce65536b4a6a21c3aa66423da242e7f241b73b1805321975a,4096x4096|/home/pth/workshop/wide-field-solver/eso_downloads/trial/apicam.<date>t#:#:#.#.fits,0,0.25-0.50,7839,5861,5861,0,5861,0,0,0,1978
7287154ca0fbea3ce65536b4a6a21c3aa66423da242e7f241b73b1805321975a,4096x4096|/home/pth/workshop/wide-field-solver/eso_downloads/trial/apicam.<date>t#:#:#.#.fits,0,0.50-0.75,2801,2628,2628,0,2628,0,0,0,173
7397fd9bc5dcd3f428aad89ecc5017966c97807500b1db529fbd6e3918b833ba,4096x4096|/home/pth/workshop/wide-field-solver/eso_downloads/trial/apicam.<date>t#:#:#.#.fits,0,0.00-0.25,2591,2139,2139,0,2139,0,0,0,452
7397fd9bc5dcd3f428aad89ecc5017966c97807500b1db529fbd6e3918b833ba,4096x4096|/home/pth/workshop/wide-field-solver/eso_downloads/trial/apicam.<date>t#:#:#.#.fits,0,0.25-0.50,5243,4744,4744,0,4744,0,0,0,499
7397fd9bc5dcd3f428aad89ecc5017966c97807500b1db529fbd6e3918b833ba,4096x4096|/home/pth/workshop/wide-field-solver/eso_downloads/trial/apicam.<date>t#:#:#.#.fits,0,0.50-0.75,1717,1666,1666,0,1666,0,0,0,51
73b3045430b8fdd9122e1eac6aa553470148bce9e7008469af1b3aff9a1d4861,1411x1422|/home/pth/workshop/wide-field-solver/raw_allsky_samples/mmto/mmto-skycam/<date>/<date>__#_#_#.fits.bz#,0,0.00-0.25,194,189,189,0,189,0,0,0,5
73b3045430b8fdd9122e1eac6aa553470148bce9e7008469af1b3aff9a1d4861,1411x1422|/home/pth/workshop/wide-field-solver/raw_allsky_samples/mmto/mmto-skycam/<date>/<date>__#_#_#.fits.bz#,0,0.25-0.50,370,355,355,0,355,0,0,0,15
73b3045430b8fdd9122e1eac6aa553470148bce9e7008469af1b3aff9a1d4861,1411x1422|/home/pth/workshop/wide-field-solver/raw_allsky_samples/mmto/mmto-skycam/<date>/<date>__#_#_#.fits.bz#,0,0.50-0.75,116,71,71,0,71,0,0,0,45
740bc40241aebeef3570daa9c6333bc495305b4cf17f41719cc180d6554f65e6,3672x3672|/home/pth/skrivebord/fisheeyeimagesnotrailser/subaru_maunakea_<date>t#z.jpg,0,0.00-0.25,1225,1188,1188,0,1188,0,0,0,37
740bc40241aebeef3570daa9c6333bc495305b4cf17f41719cc180d6554f65e6,3672x3672|/home/pth/skrivebord/fisheeyeimagesnotrailser/subaru_maunakea_<date>t#z.jpg,0,0.25-0.50,3051,2933,2933,0,2933,0,0,0,118
740bc40241aebeef3570daa9c6333bc495305b4cf17f41719cc180d6554f65e6,3672x3672|/home/pth/skrivebord/fisheeyeimagesnotrailser/subaru_maunakea_<date>t#z.jpg,0,0.50-0.75,1251,758,758,0,758,0,0,0,493
74e3bee6665b7b23ba597ea5035d9260d24eec86294c1c000e51955606410d4e,1411x1422|/home/pth/workshop/wide-field-solver/raw_allsky_samples/mmto/mmto-skycam/<date>/<date>__#_#_#.fits.bz#,1,0.00-0.25,294,289,289,0,284,5,0,0,5
74e3bee6665b7b23ba597ea5035d9260d24eec86294c1c000e51955606410d4e,1411x1422|/home/pth/workshop/wide-field-solver/raw_allsky_samples/mmto/mmto-skycam/<date>/<date>__#_#_#.fits.bz#,1,0.25-0.50,880,858,858,0,851,7,0,0,22
74e3bee6665b7b23ba597ea5035d9260d24eec86294c1c000e51955606410d4e,1411x1422|/home/pth/workshop/wide-field-solver/raw_allsky_samples/mmto/mmto-skycam/<date>/<date>__#_#_#.fits.bz#,1,0.50-0.75,337,256,278,22,252,3,23,1,58
761d115daffdc00fc595d55617b8cf0824f8422195743c1cc2946bd5475b3c73,4096x4096|/home/pth/workshop/wide-field-solver/eso_downloads/trial/apicam.<date>t#:#:#.#.fits,0,0.00-0.25,3205,2024,2024,0,2024,0,0,0,1181
761d115daffdc00fc595d55617b8cf0824f8422195743c1cc2946bd5475b3c73,4096x4096|/home/pth/workshop/wide-field-solver/eso_downloads/trial/apicam.<date>t#:#:#.#.fits,0,0.25-0.50,7499,5797,5797,0,5797,0,0,0,1702
761d115daffdc00fc595d55617b8cf0824f8422195743c1cc2946bd5475b3c73,4096x4096|/home/pth/workshop/wide-field-solver/eso_downloads/trial/apicam.<date>t#:#:#.#.fits,0,0.50-0.75,2797,2591,2591,0,2591,0,0,0,206
76a4daeb250e9f79291b2ea8012414ce7acdc93eab26eed43c43083487cf4cfc,488x652|/home/pth/workshop/wide-field-solver/data/zenodo-#/all/g_darksubtracted_jd#.#<date>#.fits,0,0.00-0.25,12,12,12,0,12,0,0,0,0
76a4daeb250e9f79291b2ea8012414ce7acdc93eab26eed43c43083487cf4cfc,488x652|/home/pth/workshop/wide-field-solver/data/zenodo-#/all/g_darksubtracted_jd#.#<date>#.fits,0,0.25-0.50,44,43,43,0,43,0,0,0,1
76a4daeb250e9f79291b2ea8012414ce7acdc93eab26eed43c43083487cf4cfc,488x652|/home/pth/workshop/wide-field-solver/data/zenodo-#/all/g_darksubtracted_jd#.#<date>#.fits,0,0.50-0.75,14,14,14,0,14,0,0,0,0
76ad93fbb30d62ccc7407207ecfe40bf78c3cecc9e2aaa23601ce4c2e35664a0,488x652|/home/pth/workshop/wide-field-solver/data/zenodo-#/all/r_darksubtracted_jd#.#<date>#.fits,0,0.00-0.25,25,24,24,0,24,0,0,0,1
76ad93fbb30d62ccc7407207ecfe40bf78c3cecc9e2aaa23601ce4c2e35664a0,488x652|/home/pth/workshop/wide-field-solver/data/zenodo-#/all/r_darksubtracted_jd#.#<date>#.fits,0,0.25-0.50,70,65,65,0,65,0,0,0,5
76ad93fbb30d62ccc7407207ecfe40bf78c3cecc9e2aaa23601ce4c2e35664a0,488x652|/home/pth/workshop/wide-field-solver/data/zenodo-#/all/r_darksubtracted_jd#.#<date>#.fits,0,0.50-0.75,29,21,21,0,21,0,0,0,8
76e331b772333affaa93183e65ffc7be497180460ea7ad1de6db8124c431984b,1411x1422|/home/pth/workshop/wide-field-solver/raw_allsky_samples/mmto/mmto-skycam/<date>/<date>__#_#_#.fits.bz#,0,0.00-0.25,130,100,100,0,100,0,0,0,30
76e331b772333affaa93183e65ffc7be497180460ea7ad1de6db8124c431984b,1411x1422|/home/pth/workshop/wide-field-solver/raw_allsky_samples/mmto/mmto-skycam/<date>/<date>__#_#_#.fits.bz#,0,0.25-0.50,205,137,137,0,137,0,0,0,68
76e331b772333affaa93183e65ffc7be497180460ea7ad1de6db8124c431984b,1411x1422|/home/pth/workshop/wide-field-solver/raw_allsky_samples/mmto/mmto-skycam/<date>/<date>__#_#_#.fits.bz#,0,0.50-0.75,40,6,6,0,6,0,0,0,34
77093c392be8091348da6c1a80ce79fa12d985363baa4b1b03f32de803042a66,1411x1422|/home/pth/workshop/wide-field-solver/raw_allsky_samples/mmto/mmto-skycam/<date>/<date>__#_#_#.fits.bz#,0,0.00-0.25,302,295,295,0,295,0,0,0,7
77093c392be8091348da6c1a80ce79fa12d985363baa4b1b03f32de803042a66,1411x1422|/home/pth/workshop/wide-field-solver/raw_allsky_samples/mmto/mmto-skycam/<date>/<date>__#_#_#.fits.bz#,0,0.25-0.50,900,880,880,0,880,0,0,0,20
77093c392be8091348da6c1a80ce79fa12d985363baa4b1b03f32de803042a66,1411x1422|/home/pth/workshop/wide-field-solver/raw_allsky_samples/mmto/mmto-skycam/<date>/<date>__#_#_#.fits.bz#,0,0.50-0.75,413,335,335,0,335,0,0,0,78
7758baadb78ace8ae4a0bef40cdf2cc884c69903b5ba9fd0d8d8d15702fa4c1e,3672x3672|/home/pth/skrivebord/fisheeyeimagesnotrailser/subaru_maunakea_<date>t#z.jpg,0,0.00-0.25,1362,1304,1304,0,1304,0,0,0,58
7758baadb78ace8ae4a0bef40cdf2cc884c69903b5ba9fd0d8d8d15702fa4c1e,3672x3672|/home/pth/skrivebord/fisheeyeimagesnotrailser/subaru_maunakea_<date>t#z.jpg,0,0.25-0.50,2146,2074,2074,0,2074,0,0,0,72
7758baadb78ace8ae4a0bef40cdf2cc884c69903b5ba9fd0d8d8d15702fa4c1e,3672x3672|/home/pth/skrivebord/fisheeyeimagesnotrailser/subaru_maunakea_<date>t#z.jpg,0,0.50-0.75,870,490,490,0,490,0,0,0,380
77a9ca7117e5ed24a5eb725491bce6f305f9ef1b2ea513fd3a65cf454ae19aee,1411x1422|/home/pth/workshop/wide-field-solver/raw_allsky_samples/mmto/mmto-skycam/<date>/<date>__#_#_#.fits.bz#,0,0.00-0.25,78,75,75,0,75,0,0,0,3
77a9ca7117e5ed24a5eb725491bce6f305f9ef1b2ea513fd3a65cf454ae19aee,1411x1422|/home/pth/workshop/wide-field-solver/raw_allsky_samples/mmto/mmto-skycam/<date>/<date>__#_#_#.fits.bz#,0,0.25-0.50,26,16,16,0,16,0,0,0,10
77a9ca7117e5ed24a5eb725491bce6f305f9ef1b2ea513fd3a65cf454ae19aee,1411x1422|/home/pth/workshop/wide-field-solver/raw_allsky_samples/mmto/mmto-skycam/<date>/<date>__#_#_#.fits.bz#,0,0.50-0.75,49,5,5,0,5,0,0,0,44
781be3347c3b964c41bfea67f53bfc2b7656c65bd0f75035f1c1df43476e0533,488x652|/home/pth/workshop/wide-field-solver/data/zenodo-#/all/r_darksubtracted_jd#.#<date>#.fits,0,0.00-0.25,32,31,31,0,31,0,0,0,1
781be3347c3b964c41bfea67f53bfc2b7656c65bd0f75035f1c1df43476e0533,488x652|/home/pth/workshop/wide-field-solver/data/zenodo-#/all/r_darksubtracted_jd#.#<date>#.fits,0,0.25-0.50,84,79,79,0,79,0,0,0,5
781be3347c3b964c41bfea67f53bfc2b7656c65bd0f75035f1c1df43476e0533,488x652|/home/pth/workshop/wide-field-solver/data/zenodo-#/all/r_darksubtracted_jd#.#<date>#.fits,0,0.50-0.75,32,21,21,0,21,0,0,0,11
781be3347c3b964c41bfea67f53bfc2b7656c65bd0f75035f1c1df43476e0533,488x652|/home/pth/workshop/wide-field-solver/data/zenodo-#/all/r_darksubtracted_jd#.#<date>#.fits,0,0.75-1.00,3,1,1,0,1,0,0,0,2
782101f61ed3517cddac0074e3eda279c170b281f936f2474586b74072dd902c,1411x1422|/home/pth/workshop/wide-field-solver/raw_allsky_samples/mmto/mmto-skycam/<date>/<date>__#_#_#.fits.bz#,0,0.00-0.25,237,233,233,0,233,0,0,0,4
782101f61ed3517cddac0074e3eda279c170b281f936f2474586b74072dd902c,1411x1422|/home/pth/workshop/wide-field-solver/raw_allsky_samples/mmto/mmto-skycam/<date>/<date>__#_#_#.fits.bz#,0,0.25-0.50,603,586,586,0,586,0,0,0,17
782101f61ed3517cddac0074e3eda279c170b281f936f2474586b74072dd902c,1411x1422|/home/pth/workshop/wide-field-solver/raw_allsky_samples/mmto/mmto-skycam/<date>/<date>__#_#_#.fits.bz#,0,0.50-0.75,226,164,164,0,164,0,0,0,62
7868f475c178b74ef31f31f9344491eaa02f880cd5a5c5bf53972b4f5775a3b3,4096x4096|/home/pth/workshop/wide-field-solver/eso_downloads/trial/apicam.<date>t#:#:#.#.fits,0,0.00-0.25,3147,1755,1755,0,1755,0,0,0,1392
7868f475c178b74ef31f31f9344491eaa02f880cd5a5c5bf53972b4f5775a3b3,4096x4096|/home/pth/workshop/wide-field-solver/eso_downloads/trial/apicam.<date>t#:#:#.#.fits,0,0.25-0.50,7832,5639,5639,0,5639,0,0,0,2193
7868f475c178b74ef31f31f9344491eaa02f880cd5a5c5bf53972b4f5775a3b3,4096x4096|/home/pth/workshop/wide-field-solver/eso_downloads/trial/apicam.<date>t#:#:#.#.fits,0,0.50-0.75,2866,2687,2687,0,2687,0,0,0,179
78d7dc8d8b45971ccf3a82dd1762f79249ca9fa973d79967b0b08529f95b5898,1411x1422|/home/pth/workshop/wide-field-solver/raw_allsky_samples/mmto/mmto-skycam/<date>/<date>__#_#_#.fits.bz#,0,0.00-0.25,340,331,331,0,331,0,0,0,9
78d7dc8d8b45971ccf3a82dd1762f79249ca9fa973d79967b0b08529f95b5898,1411x1422|/home/pth/workshop/wide-field-solver/raw_allsky_samples/mmto/mmto-skycam/<date>/<date>__#_#_#.fits.bz#,0,0.25-0.50,703,676,676,0,676,0,0,0,27
78d7dc8d8b45971ccf3a82dd1762f79249ca9fa973d79967b0b08529f95b5898,1411x1422|/home/pth/workshop/wide-field-solver/raw_allsky_samples/mmto/mmto-skycam/<date>/<date>__#_#_#.fits.bz#,0,0.50-0.75,143,78,78,0,78,0,0,0,65
796234a574326d346be7d00bdda76c8545de885f2a5a7f14492959fed35de9c9,488x652|/home/pth/workshop/wide-field-solver/data/zenodo-#/all/r_darksubtracted_jd#.#<date>#.fits,0,0.00-0.25,26,24,24,0,24,0,0,0,2
796234a574326d346be7d00bdda76c8545de885f2a5a7f14492959fed35de9c9,488x652|/home/pth/workshop/wide-field-solver/data/zenodo-#/all/r_darksubtracted_jd#.#<date>#.fits,0,0.25-0.50,55,49,49,0,49,0,0,0,6
796234a574326d346be7d00bdda76c8545de885f2a5a7f14492959fed35de9c9,488x652|/home/pth/workshop/wide-field-solver/data/zenodo-#/all/r_darksubtracted_jd#.#<date>#.fits,0,0.50-0.75,39,32,32,0,32,0,0,0,7
796234a574326d346be7d00bdda76c8545de885f2a5a7f14492959fed35de9c9,488x652|/home/pth/workshop/wide-field-solver/data/zenodo-#/all/r_darksubtracted_jd#.#<date>#.fits,0,0.75-1.00,1,1,1,0,1,0,0,0,0
79e0f13abf36dc400224ec48680ec34121701f102448b6deb6c39300e502a991,3672x3672|/home/pth/skrivebord/fisheeyeimagesnotrailser/subaru_maunakea_<date>t#z.jpg,0,0.00-0.25,1195,1153,1153,0,1153,0,0,0,42
79e0f13abf36dc400224ec48680ec34121701f102448b6deb6c39300e502a991,3672x3672|/home/pth/skrivebord/fisheeyeimagesnotrailser/subaru_maunakea_<date>t#z.jpg,0,0.25-0.50,1610,1561,1561,0,1561,0,0,0,49
79e0f13abf36dc400224ec48680ec34121701f102448b6deb6c39300e502a991,3672x3672|/home/pth/skrivebord/fisheeyeimagesnotrailser/subaru_maunakea_<date>t#z.jpg,0,0.50-0.75,354,196,196,0,196,0,0,0,158
7a04c015add3f36e32bba4994304b77f3d829883657aed50ddc97b1140a68011,488x652|/home/pth/workshop/wide-field-solver/data/zenodo-#/all/r_darksubtracted_jd#.#<date>#.fits,0,0.00-0.25,27,24,24,0,24,0,0,0,3
7a04c015add3f36e32bba4994304b77f3d829883657aed50ddc97b1140a68011,488x652|/home/pth/workshop/wide-field-solver/data/zenodo-#/all/r_darksubtracted_jd#.#<date>#.fits,0,0.25-0.50,92,86,86,0,86,0,0,0,6
7a04c015add3f36e32bba4994304b77f3d829883657aed50ddc97b1140a68011,488x652|/home/pth/workshop/wide-field-solver/data/zenodo-#/all/r_darksubtracted_jd#.#<date>#.fits,0,0.50-0.75,29,23,23,0,23,0,0,0,6
7a04c015add3f36e32bba4994304b77f3d829883657aed50ddc97b1140a68011,488x652|/home/pth/workshop/wide-field-solver/data/zenodo-#/all/r_darksubtracted_jd#.#<date>#.fits,0,0.75-1.00,1,0,0,0,0,0,0,0,1
7a60313ccce68afad46d981cd96895c96776b61e48b6692afa333a84260d5b00,1411x1422|/home/pth/workshop/wide-field-solver/raw_allsky_samples/mmto/mmto-skycam/<date>/<date>__#_#_#.fits.bz#,0,0.00-0.25,217,215,215,0,215,0,0,0,2
7a60313ccce68afad46d981cd96895c96776b61e48b6692afa333a84260d5b00,1411x1422|/home/pth/workshop/wide-field-solver/raw_allsky_samples/mmto/mmto-skycam/<date>/<date>__#_#_#.fits.bz#,0,0.25-0.50,645,631,631,0,631,0,0,0,14
7a60313ccce68afad46d981cd96895c96776b61e48b6692afa333a84260d5b00,1411x1422|/home/pth/workshop/wide-field-solver/raw_allsky_samples/mmto/mmto-skycam/<date>/<date>__#_#_#.fits.bz#,0,0.50-0.75,259,189,189,0,189,0,0,0,70
7aeed4c3bdc8b7a82780a952484e9efec7a9d04af20750073d1d7d6115913114,1411x1422|/home/pth/workshop/wide-field-solver/raw_allsky_samples/mmto/mmto-skycam/<date>/<date>__#_#_#.fits.bz#,0,0.00-0.25,194,191,191,0,191,0,0,0,3
7aeed4c3bdc8b7a82780a952484e9efec7a9d04af20750073d1d7d6115913114,1411x1422|/home/pth/workshop/wide-field-solver/raw_allsky_samples/mmto/mmto-skycam/<date>/<date>__#_#_#.fits.bz#,0,0.25-0.50,308,294,294,0,294,0,0,0,14
7aeed4c3bdc8b7a82780a952484e9efec7a9d04af20750073d1d7d6115913114,1411x1422|/home/pth/workshop/wide-field-solver/raw_allsky_samples/mmto/mmto-skycam/<date>/<date>__#_#_#.fits.bz#,0,0.50-0.75,98,40,40,0,40,0,0,0,58
7b96798ced90479f5f17b3c630ba37313840828717db3a755d637c879ff7f5c5,1411x1422|/home/pth/workshop/wide-field-solver/raw_allsky_samples/mmto/mmto-skycam/<date>/<date>__#_#_#.fits.bz#,0,0.00-0.25,308,300,300,0,300,0,0,0,8
7b96798ced90479f5f17b3c630ba37313840828717db3a755d637c879ff7f5c5,1411x1422|/home/pth/workshop/wide-field-solver/raw_allsky_samples/mmto/mmto-skycam/<date>/<date>__#_#_#.fits.bz#,0,0.25-0.50,897,883,883,0,883,0,0,0,14
7b96798ced90479f5f17b3c630ba37313840828717db3a755d637c879ff7f5c5,1411x1422|/home/pth/workshop/wide-field-solver/raw_allsky_samples/mmto/mmto-skycam/<date>/<date>__#_#_#.fits.bz#,0,0.50-0.75,389,300,300,0,300,0,0,0,89
7bfb71d56c28e3bd171a15accf07b50bd6217892cba832b0c00e51a18715d28f,1411x1422|/home/pth/workshop/wide-field-solver/raw_allsky_samples/mmto/mmto-skycam/<date>/<date>__#_#_#.fits.bz#,4,0.00-0.25,294,283,282,-1,276,6,0,1,11
7bfb71d56c28e3bd171a15accf07b50bd6217892cba832b0c00e51a18715d28f,1411x1422|/home/pth/workshop/wide-field-solver/raw_allsky_samples/mmto/mmto-skycam/<date>/<date>__#_#_#.fits.bz#,4,0.25-0.50,858,822,820,-2,800,20,0,2,36
7bfb71d56c28e3bd171a15accf07b50bd6217892cba832b0c00e51a18715d28f,1411x1422|/home/pth/workshop/wide-field-solver/raw_allsky_samples/mmto/mmto-skycam/<date>/<date>__#_#_#.fits.bz#,4,0.50-0.75,347,258,275,17,256,2,17,0,72
7d195d571288680d749bc9206372bd928668a2692c662365addf96114f9be828,1411x1422|/home/pth/workshop/wide-field-solver/raw_allsky_samples/mmto/mmto-skycam/<date>/<date>__#_#_#.fits.bz#,0,0.00-0.25,14,13,13,0,13,0,0,0,1
7d195d571288680d749bc9206372bd928668a2692c662365addf96114f9be828,1411x1422|/home/pth/workshop/wide-field-solver/raw_allsky_samples/mmto/mmto-skycam/<date>/<date>__#_#_#.fits.bz#,0,0.25-0.50,7,6,6,0,6,0,0,0,1
7d195d571288680d749bc9206372bd928668a2692c662365addf96114f9be828,1411x1422|/home/pth/workshop/wide-field-solver/raw_allsky_samples/mmto/mmto-skycam/<date>/<date>__#_#_#.fits.bz#,0,0.50-0.75,12,1,1,0,1,0,0,0,11
7e9f648932f00e6aa1ea9947b723887a019e7bccbabb7da967bc51ec8fa6ab1d,1411x1422|/home/pth/workshop/wide-field-solver/raw_allsky_samples/mmto/mmto-skycam/<date>/<date>__#_#_#.fits.bz#,0,0.00-0.25,240,232,232,0,232,0,0,0,8
7e9f648932f00e6aa1ea9947b723887a019e7bccbabb7da967bc51ec8fa6ab1d,1411x1422|/home/pth/workshop/wide-field-solver/raw_allsky_samples/mmto/mmto-skycam/<date>/<date>__#_#_#.fits.bz#,0,0.25-0.50,576,549,549,0,549,0,0,0,27
7e9f648932f00e6aa1ea9947b723887a019e7bccbabb7da967bc51ec8fa6ab1d,1411x1422|/home/pth/workshop/wide-field-solver/raw_allsky_samples/mmto/mmto-skycam/<date>/<date>__#_#_#.fits.bz#,0,0.50-0.75,157,97,97,0,97,0,0,0,60
7f16ccb637ba5e38d81285dcf2d92540b49458c0a4b204fe1530225425c0d2ac,1411x1422|/home/pth/workshop/wide-field-solver/raw_allsky_samples/mmto/mmto-skycam/<date>/<date>__#_#_#.fits.bz#,0,0.00-0.25,179,173,173,0,173,0,0,0,6
7f16ccb637ba5e38d81285dcf2d92540b49458c0a4b204fe1530225425c0d2ac,1411x1422|/home/pth/workshop/wide-field-solver/raw_allsky_samples/mmto/mmto-skycam/<date>/<date>__#_#_#.fits.bz#,0,0.25-0.50,298,279,279,0,279,0,0,0,19
7f16ccb637ba5e38d81285dcf2d92540b49458c0a4b204fe1530225425c0d2ac,1411x1422|/home/pth/workshop/wide-field-solver/raw_allsky_samples/mmto/mmto-skycam/<date>/<date>__#_#_#.fits.bz#,0,0.50-0.75,114,66,66,0,66,0,0,0,48
8048ba1565f3c851647e816d110f60faf1a602b8fb31e78e3f42e3be225b0842,1411x1422|/home/pth/workshop/wide-field-solver/raw_allsky_samples/mmto/mmto-skycam/<date>/<date>__#_#_#.fits.bz#,0,0.00-0.25,155,151,151,0,151,0,0,0,4
8048ba1565f3c851647e816d110f60faf1a602b8fb31e78e3f42e3be225b0842,1411x1422|/home/pth/workshop/wide-field-solver/raw_allsky_samples/mmto/mmto-skycam/<date>/<date>__#_#_#.fits.bz#,0,0.25-0.50,298,279,279,0,279,0,0,0,19
8048ba1565f3c851647e816d110f60faf1a602b8fb31e78e3f42e3be225b0842,1411x1422|/home/pth/workshop/wide-field-solver/raw_allsky_samples/mmto/mmto-skycam/<date>/<date>__#_#_#.fits.bz#,0,0.50-0.75,160,114,114,0,114,0,0,0,46
80a0f674b667328a80a4c5e749e75573b5e65b871fc276977d2bb2671471f8ee,4096x4096|/home/pth/workshop/wide-field-solver/eso_downloads/trial/apicam.<date>t#:#:#.#.fits,0,0.00-0.25,3204,2166,2166,0,2166,0,0,0,1038
80a0f674b667328a80a4c5e749e75573b5e65b871fc276977d2bb2671471f8ee,4096x4096|/home/pth/workshop/wide-field-solver/eso_downloads/trial/apicam.<date>t#:#:#.#.fits,0,0.25-0.50,7230,5582,5582,0,5582,0,0,0,1648
80a0f674b667328a80a4c5e749e75573b5e65b871fc276977d2bb2671471f8ee,4096x4096|/home/pth/workshop/wide-field-solver/eso_downloads/trial/apicam.<date>t#:#:#.#.fits,0,0.50-0.75,2551,2384,2384,0,2384,0,0,0,167
80d26b40daf8d21745114465c91692a33bd6a4c0c403b64a6b91be984c8fc24d,4096x4096|/home/pth/workshop/wide-field-solver/eso_downloads/trial/apicam.<date>t#:#:#.#.fits,0,0.00-0.25,2765,2203,2203,0,2203,0,0,0,562
80d26b40daf8d21745114465c91692a33bd6a4c0c403b64a6b91be984c8fc24d,4096x4096|/home/pth/workshop/wide-field-solver/eso_downloads/trial/apicam.<date>t#:#:#.#.fits,0,0.25-0.50,5679,5046,5046,0,5046,0,0,0,633
80d26b40daf8d21745114465c91692a33bd6a4c0c403b64a6b91be984c8fc24d,4096x4096|/home/pth/workshop/wide-field-solver/eso_downloads/trial/apicam.<date>t#:#:#.#.fits,0,0.50-0.75,1725,1678,1678,0,1678,0,0,0,47
80f6f4774841c9c575271b67aebca130e9b64c9b7bf48b90d10c4d89beb55da3,4096x4096|/home/pth/workshop/wide-field-solver/eso_downloads/trial/apicam.<date>t#:#:#.#.fits,0,0.00-0.25,2046,1857,1857,0,1857,0,0,0,189
80f6f4774841c9c575271b67aebca130e9b64c9b7bf48b90d10c4d89beb55da3,4096x4096|/home/pth/workshop/wide-field-solver/eso_downloads/trial/apicam.<date>t#:#:#.#.fits,0,0.25-0.50,4565,4215,4215,0,4215,0,0,0,350
80f6f4774841c9c575271b67aebca130e9b64c9b7bf48b90d10c4d89beb55da3,4096x4096|/home/pth/workshop/wide-field-solver/eso_downloads/trial/apicam.<date>t#:#:#.#.fits,0,0.50-0.75,1533,1484,1484,0,1484,0,0,0,49
8101beccaae972c117048b710db15eab815382e30726eaa54ea233c4fad36742,1411x1422|/home/pth/workshop/wide-field-solver/raw_allsky_samples/mmto/mmto-skycam/<date>/<date>__#_#_#.fits.bz#,0,0.00-0.25,193,189,189,0,189,0,0,0,4
8101beccaae972c117048b710db15eab815382e30726eaa54ea233c4fad36742,1411x1422|/home/pth/workshop/wide-field-solver/raw_allsky_samples/mmto/mmto-skycam/<date>/<date>__#_#_#.fits.bz#,0,0.25-0.50,339,325,325,0,325,0,0,0,14
8101beccaae972c117048b710db15eab815382e30726eaa54ea233c4fad36742,1411x1422|/home/pth/workshop/wide-field-solver/raw_allsky_samples/mmto/mmto-skycam/<date>/<date>__#_#_#.fits.bz#,0,0.50-0.75,109,49,49,0,49,0,0,0,60
81f8e8c4284f1020772f12f9f14accadf24f3049e462cd4c23b84f19de0ce58a,488x652|/home/pth/workshop/wide-field-solver/data/zenodo-#/all/g_darksubtracted_jd#.#<date>#.fits,0,0.00-0.25,29,27,27,0,27,0,0,0,2
81f8e8c4284f1020772f12f9f14accadf24f3049e462cd4c23b84f19de0ce58a,488x652|/home/pth/workshop/wide-field-solver/data/zenodo-#/all/g_darksubtracted_jd#.#<date>#.fits,0,0.25-0.50,86,84,84,0,84,0,0,0,2
81f8e8c4284f1020772f12f9f14accadf24f3049e462cd4c23b84f19de0ce58a,488x652|/home/pth/workshop/wide-field-solver/data/zenodo-#/all/g_darksubtracted_jd#.#<date>#.fits,0,0.50-0.75,23,20,20,0,20,0,0,0,3
82039f290057b731f312242b500f8409012ab98ad5bd346da0c3b8fd52f58cce,1411x1422|/home/pth/workshop/wide-field-solver/raw_allsky_samples/mmto/mmto-skycam/<date>/<date>__#_#_#.fits.bz#,1,0.00-0.25,301,292,292,0,290,2,0,0,9
82039f290057b731f312242b500f8409012ab98ad5bd346da0c3b8fd52f58cce,1411x1422|/home/pth/workshop/wide-field-solver/raw_allsky_samples/mmto/mmto-skycam/<date>/<date>__#_#_#.fits.bz#,1,0.25-0.50,943,924,921,-3,900,21,0,3,19
82039f290057b731f312242b500f8409012ab98ad5bd346da0c3b8fd52f58cce,1411x1422|/home/pth/workshop/wide-field-solver/raw_allsky_samples/mmto/mmto-skycam/<date>/<date>__#_#_#.fits.bz#,1,0.50-0.75,382,298,321,23,293,4,24,1,60
822b01f30d3cf43173ce14b546ca12975f52ff9be0855e9b4f36f5e886afc346,1411x1422|/home/pth/workshop/wide-field-solver/raw_allsky_samples/mmto/mmto-skycam/<date>/<date>__#_#_#.fits.bz#,4,0.00-0.25,231,225,225,0,219,6,0,0,6
822b01f30d3cf43173ce14b546ca12975f52ff9be0855e9b4f36f5e886afc346,1411x1422|/home/pth/workshop/wide-field-solver/raw_allsky_samples/mmto/mmto-skycam/<date>/<date>__#_#_#.fits.bz#,4,0.25-0.50,498,480,480,0,471,8,1,1,17
822b01f30d3cf43173ce14b546ca12975f52ff9be0855e9b4f36f5e886afc346,1411x1422|/home/pth/workshop/wide-field-solver/raw_allsky_samples/mmto/mmto-skycam/<date>/<date>__#_#_#.fits.bz#,4,0.50-0.75,163,101,110,9,96,4,10,1,52
8326a502fdc9f602172228f34e8ad22e402eecf0b4ee84fcb8a747250da995c0,1411x1422|/home/pth/workshop/wide-field-solver/raw_allsky_samples/mmto/mmto-skycam/<date>/<date>__#_#_#.fits.bz#,0,0.00-0.25,219,213,213,0,213,0,0,0,6
8326a502fdc9f602172228f34e8ad22e402eecf0b4ee84fcb8a747250da995c0,1411x1422|/home/pth/workshop/wide-field-solver/raw_allsky_samples/mmto/mmto-skycam/<date>/<date>__#_#_#.fits.bz#,0,0.25-0.50,654,640,640,0,640,0,0,0,14
8326a502fdc9f602172228f34e8ad22e402eecf0b4ee84fcb8a747250da995c0,1411x1422|/home/pth/workshop/wide-field-solver/raw_allsky_samples/mmto/mmto-skycam/<date>/<date>__#_#_#.fits.bz#,0,0.50-0.75,253,168,168,0,168,0,0,0,85
83a2e4dd192c09e408db5d8bcbfaff32073d760f44c1df076f8d8baa6c8e9a80,1411x1422|/home/pth/workshop/wide-field-solver/raw_allsky_samples/mmto/mmto-skycam/<date>/<date>__#_#_#.fits.bz#,0,0.00-0.25,151,145,145,0,145,0,0,0,6
83a2e4dd192c09e408db5d8bcbfaff32073d760f44c1df076f8d8baa6c8e9a80,1411x1422|/home/pth/workshop/wide-field-solver/raw_allsky_samples/mmto/mmto-skycam/<date>/<date>__#_#_#.fits.bz#,0,0.25-0.50,265,253,253,0,253,0,0,0,12
83a2e4dd192c09e408db5d8bcbfaff32073d760f44c1df076f8d8baa6c8e9a80,1411x1422|/home/pth/workshop/wide-field-solver/raw_allsky_samples/mmto/mmto-skycam/<date>/<date>__#_#_#.fits.bz#,0,0.50-0.75,128,71,71,0,71,0,0,0,57
84253381385e8fd1d3e451c36464700ff1749dd1945d0625e10c0db10ff5be2a,4096x4096|/home/pth/workshop/wide-field-solver/eso_downloads/trial/apicam.<date>t#:#:#.#.fits,0,0.00-0.25,3265,1875,1875,0,1875,0,0,0,1390
84253381385e8fd1d3e451c36464700ff1749dd1945d0625e10c0db10ff5be2a,4096x4096|/home/pth/workshop/wide-field-solver/eso_downloads/trial/apicam.<date>t#:#:#.#.fits,0,0.25-0.50,7688,5855,5855,0,5855,0,0,0,1833
84253381385e8fd1d3e451c36464700ff1749dd1945d0625e10c0db10ff5be2a,4096x4096|/home/pth/workshop/wide-field-solver/eso_downloads/trial/apicam.<date>t#:#:#.#.fits,0,0.50-0.75,2819,2567,2567,0,2567,0,0,0,252
85816c7d36a54342b5b31bf54fccd86c8c9bda38c9f9e469411445a7c341ce86,1411x1422|/home/pth/workshop/wide-field-solver/raw_allsky_samples/mmto/mmto-skycam/<date>/<date>__#_#_#.fits.bz#,0,0.00-0.25,305,298,298,0,298,0,0,0,7
85816c7d36a54342b5b31bf54fccd86c8c9bda38c9f9e469411445a7c341ce86,1411x1422|/home/pth/workshop/wide-field-solver/raw_allsky_samples/mmto/mmto-skycam/<date>/<date>__#_#_#.fits.bz#,0,0.25-0.50,878,856,856,0,856,0,0,0,22
85816c7d36a54342b5b31bf54fccd86c8c9bda38c9f9e469411445a7c341ce86,1411x1422|/home/pth/workshop/wide-field-solver/raw_allsky_samples/mmto/mmto-skycam/<date>/<date>__#_#_#.fits.bz#,0,0.50-0.75,374,291,291,0,291,0,0,0,83
86218dc5d674cf67cf92a7d50fa43fce0704b75caafcadda1221588019d4f7db,1411x1422|/home/pth/workshop/wide-field-solver/raw_allsky_samples/mmto/mmto-skycam/<date>/<date>__#_#_#.fits.bz#,0,0.00-0.25,264,256,256,0,256,0,0,0,8
86218dc5d674cf67cf92a7d50fa43fce0704b75caafcadda1221588019d4f7db,1411x1422|/home/pth/workshop/wide-field-solver/raw_allsky_samples/mmto/mmto-skycam/<date>/<date>__#_#_#.fits.bz#,0,0.25-0.50,833,818,818,0,818,0,0,0,15
86218dc5d674cf67cf92a7d50fa43fce0704b75caafcadda1221588019d4f7db,1411x1422|/home/pth/workshop/wide-field-solver/raw_allsky_samples/mmto/mmto-skycam/<date>/<date>__#_#_#.fits.bz#,0,0.50-0.75,307,248,248,0,248,0,0,0,59
86616c57a846f3571825c489913a50906787b6c2b4a027c748666b5af0128eec,1411x1422|/home/pth/workshop/wide-field-solver/raw_allsky_samples/mmto/mmto-skycam/<date>/<date>__#_#_#.fits.bz#,0,0.00-0.25,97,72,72,0,72,0,0,0,25
86616c57a846f3571825c489913a50906787b6c2b4a027c748666b5af0128eec,1411x1422|/home/pth/workshop/wide-field-solver/raw_allsky_samples/mmto/mmto-skycam/<date>/<date>__#_#_#.fits.bz#,0,0.25-0.50,125,92,92,0,92,0,0,0,33
86616c57a846f3571825c489913a50906787b6c2b4a027c748666b5af0128eec,1411x1422|/home/pth/workshop/wide-field-solver/raw_allsky_samples/mmto/mmto-skycam/<date>/<date>__#_#_#.fits.bz#,0,0.50-0.75,28,6,6,0,6,0,0,0,22
871802cb37ad7a6db2b63444121b379bee5b725c3ece23453aad861077495d40,488x652|/home/pth/workshop/wide-field-solver/data/zenodo-#/all/r_darksubtracted_jd#.#<date>#.fits,0,0.00-0.25,27,25,25,0,25,0,0,0,2
871802cb37ad7a6db2b63444121b379bee5b725c3ece23453aad861077495d40,488x652|/home/pth/workshop/wide-field-solver/data/zenodo-#/all/r_darksubtracted_jd#.#<date>#.fits,0,0.25-0.50,67,63,63,0,63,0,0,0,4
871802cb37ad7a6db2b63444121b379bee5b725c3ece23453aad861077495d40,488x652|/home/pth/workshop/wide-field-solver/data/zenodo-#/all/r_darksubtracted_jd#.#<date>#.fits,0,0.50-0.75,29,22,22,0,22,0,0,0,7
8770ad80e6d016475fd0968ccc188b15241f1c4f13f2125017cf7cd747346212,4096x4096|/home/pth/workshop/wide-field-solver/eso_downloads/trial/apicam.<date>t#:#:#.#.fits,0,0.00-0.25,3458,2116,2116,0,2116,0,0,0,1342
8770ad80e6d016475fd0968ccc188b15241f1c4f13f2125017cf7cd747346212,4096x4096|/home/pth/workshop/wide-field-solver/eso_downloads/trial/apicam.<date>t#:#:#.#.fits,0,0.25-0.50,7645,5852,5852,0,5852,0,0,0,1793
8770ad80e6d016475fd0968ccc188b15241f1c4f13f2125017cf7cd747346212,4096x4096|/home/pth/workshop/wide-field-solver/eso_downloads/trial/apicam.<date>t#:#:#.#.fits,0,0.50-0.75,2800,2607,2607,0,2607,0,0,0,193
8782049dfeaaa09d58082960c4754f9dddb8a4539fd671d02bca966bf3751730,488x652|/home/pth/workshop/wide-field-solver/data/zenodo-#/all/r_darksubtracted_jd#.#<date>#.fits,0,0.00-0.25,27,26,26,0,26,0,0,0,1
8782049dfeaaa09d58082960c4754f9dddb8a4539fd671d02bca966bf3751730,488x652|/home/pth/workshop/wide-field-solver/data/zenodo-#/all/r_darksubtracted_jd#.#<date>#.fits,0,0.25-0.50,81,76,76,0,76,0,0,0,5
8782049dfeaaa09d58082960c4754f9dddb8a4539fd671d02bca966bf3751730,488x652|/home/pth/workshop/wide-field-solver/data/zenodo-#/all/r_darksubtracted_jd#.#<date>#.fits,0,0.50-0.75,28,22,22,0,22,0,0,0,6
87e0d0c1a02575e67e157a5b4837dde16dc1abf2ebcf8305f821decc64f8b229,488x652|/home/pth/workshop/wide-field-solver/data/zenodo-#/all/r_darksubtracted_jd#.#<date>#.fits,0,0.00-0.25,26,24,24,0,24,0,0,0,2
87e0d0c1a02575e67e157a5b4837dde16dc1abf2ebcf8305f821decc64f8b229,488x652|/home/pth/workshop/wide-field-solver/data/zenodo-#/all/r_darksubtracted_jd#.#<date>#.fits,0,0.25-0.50,79,73,73,0,73,0,0,0,6
87e0d0c1a02575e67e157a5b4837dde16dc1abf2ebcf8305f821decc64f8b229,488x652|/home/pth/workshop/wide-field-solver/data/zenodo-#/all/r_darksubtracted_jd#.#<date>#.fits,0,0.50-0.75,30,25,25,0,25,0,0,0,5
88b81be04b20c543800d6bfc990bc78156c1809876a1b2b66ac27a061b3acbc6,1411x1422|/home/pth/workshop/wide-field-solver/raw_allsky_samples/mmto/mmto-skycam/<date>/<date>__#_#_#.fits.bz#,0,0.00-0.25,314,306,306,0,306,0,0,0,8
88b81be04b20c543800d6bfc990bc78156c1809876a1b2b66ac27a061b3acbc6,1411x1422|/home/pth/workshop/wide-field-solver/raw_allsky_samples/mmto/mmto-skycam/<date>/<date>__#_#_#.fits.bz#,0,0.25-0.50,890,874,874,0,874,0,0,0,16
88b81be04b20c543800d6bfc990bc78156c1809876a1b2b66ac27a061b3acbc6,1411x1422|/home/pth/workshop/wide-field-solver/raw_allsky_samples/mmto/mmto-skycam/<date>/<date>__#_#_#.fits.bz#,0,0.50-0.75,379,297,297,0,297,0,0,0,82
89cbd9c49e39ff949e82bb58cfe90f851481ffb685a4c7160e0690fe65f29228,4096x4096|/home/pth/workshop/wide-field-solver/eso_downloads/trial/apicam.<date>t#:#:#.#.fits,0,0.00-0.25,3237,1950,1950,0,1950,0,0,0,1287
89cbd9c49e39ff949e82bb58cfe90f851481ffb685a4c7160e0690fe65f29228,4096x4096|/home/pth/workshop/wide-field-solver/eso_downloads/trial/apicam.<date>t#:#:#.#.fits,0,0.25-0.50,7559,5826,5826,0,5826,0,0,0,1733
89cbd9c49e39ff949e82bb58cfe90f851481ffb685a4c7160e0690fe65f29228,4096x4096|/home/pth/workshop/wide-field-solver/eso_downloads/trial/apicam.<date>t#:#:#.#.fits,0,0.50-0.75,2817,2643,2643,0,2643,0,0,0,174
89cd4c35e9c6a18d452caa1acf5da91905c3fceb5e427c0b5be977ae532f67a3,925x925|/home/pth/skrivebord/fisheeyeimagesnotrailser/fisheye#-#w_espenak.jpg,4,0.00-0.25,120,110,109,-1,98,11,0,1,10
89cd4c35e9c6a18d452caa1acf5da91905c3fceb5e427c0b5be977ae532f67a3,925x925|/home/pth/skrivebord/fisheeyeimagesnotrailser/fisheye#-#w_espenak.jpg,4,0.25-0.50,506,497,497,0,476,20,1,1,8
89cd4c35e9c6a18d452caa1acf5da91905c3fceb5e427c0b5be977ae532f67a3,925x925|/home/pth/skrivebord/fisheeyeimagesnotrailser/fisheye#-#w_espenak.jpg,4,0.50-0.75,474,339,384,45,318,15,51,6,84
89d18355111e2616ff458269641a973365f1a95912991092e8878ff87cbb29f4,1411x1422|/home/pth/workshop/wide-field-solver/raw_allsky_samples/mmto/mmto-skycam/<date>/<date>__#_#_#.fits.bz#,0,0.00-0.25,296,289,289,0,289,0,0,0,7
89d18355111e2616ff458269641a973365f1a95912991092e8878ff87cbb29f4,1411x1422|/home/pth/workshop/wide-field-solver/raw_allsky_samples/mmto/mmto-skycam/<date>/<date>__#_#_#.fits.bz#,0,0.25-0.50,854,829,829,0,829,0,0,0,25
89d18355111e2616ff458269641a973365f1a95912991092e8878ff87cbb29f4,1411x1422|/home/pth/workshop/wide-field-solver/raw_allsky_samples/mmto/mmto-skycam/<date>/<date>__#_#_#.fits.bz#,0,0.50-0.75,359,274,274,0,274,0,0,0,85
8ab29cbe27c74954d5b3739544526d4ffba7504ac72fd8bef10e1a7f42f9c128,1411x1422|/home/pth/workshop/wide-field-solver/raw_allsky_samples/mmto/mmto-skycam/<date>/<date>__#_#_#.fits.bz#,0,0.00-0.25,259,246,246,0,246,0,0,0,13
8ab29cbe27c74954d5b3739544526d4ffba7504ac72fd8bef10e1a7f42f9c128,1411x1422|/home/pth/workshop/wide-field-solver/raw_allsky_samples/mmto/mmto-skycam/<date>/<date>__#_#_#.fits.bz#,0,0.25-0.50,782,759,759,0,759,0,0,0,23
8ab29cbe27c74954d5b3739544526d4ffba7504ac72fd8bef10e1a7f42f9c128,1411x1422|/home/pth/workshop/wide-field-solver/raw_allsky_samples/mmto/mmto-skycam/<date>/<date>__#_#_#.fits.bz#,0,0.50-0.75,219,140,140,0,140,0,0,0,79
8aed9a594227eaf7479814af938899e44233a414827200e2f83a6b2f254f31dd,3672x3672|/home/pth/skrivebord/fisheeyeimagesnotrailser/subaru_maunakea_<date>t#z.jpg,0,0.00-0.25,1428,1369,1369,0,1369,0,0,0,59
8aed9a594227eaf7479814af938899e44233a414827200e2f83a6b2f254f31dd,3672x3672|/home/pth/skrivebord/fisheeyeimagesnotrailser/subaru_maunakea_<date>t#z.jpg,0,0.25-0.50,2290,2218,2218,0,2218,0,0,0,72
8aed9a594227eaf7479814af938899e44233a414827200e2f83a6b2f254f31dd,3672x3672|/home/pth/skrivebord/fisheeyeimagesnotrailser/subaru_maunakea_<date>t#z.jpg,0,0.50-0.75,630,358,358,0,358,0,0,0,272
8aef82b31b65dcbe93ab61b53973f8be2530cabd7d201d8f4b4afb8e5922a8b8,1411x1422|/home/pth/workshop/wide-field-solver/raw_allsky_samples/mmto/mmto-skycam/<date>/<date>__#_#_#.fits.bz#,0,0.00-0.25,77,71,71,0,71,0,0,0,6
8aef82b31b65dcbe93ab61b53973f8be2530cabd7d201d8f4b4afb8e5922a8b8,1411x1422|/home/pth/workshop/wide-field-solver/raw_allsky_samples/mmto/mmto-skycam/<date>/<date>__#_#_#.fits.bz#,0,0.25-0.50,81,67,67,0,67,0,0,0,14
8aef82b31b65dcbe93ab61b53973f8be2530cabd7d201d8f4b4afb8e5922a8b8,1411x1422|/home/pth/workshop/wide-field-solver/raw_allsky_samples/mmto/mmto-skycam/<date>/<date>__#_#_#.fits.bz#,0,0.50-0.75,80,32,32,0,32,0,0,0,48
8af164b9c20b20ee99c645d6b73d64bcc7788bb7fb1b6c5011fb5fa91107f89a,1411x1422|/home/pth/workshop/wide-field-solver/raw_allsky_samples/mmto/mmto-skycam/<date>/<date>__#_#_#.fits.bz#,5,0.00-0.25,307,299,299,0,289,10,0,0,8
8af164b9c20b20ee99c645d6b73d64bcc7788bb7fb1b6c5011fb5fa91107f89a,1411x1422|/home/pth/workshop/wide-field-solver/raw_allsky_samples/mmto/mmto-skycam/<date>/<date>__#_#_#.fits.bz#,5,0.25-0.50,867,843,843,0,833,9,1,1,23
8af164b9c20b20ee99c645d6b73d64bcc7788bb7fb1b6c5011fb5fa91107f89a,1411x1422|/home/pth/workshop/wide-field-solver/raw_allsky_samples/mmto/mmto-skycam/<date>/<date>__#_#_#.fits.bz#,5,0.50-0.75,362,279,294,15,274,4,16,1,67
8b73442b11860efce2c341218b322947053ba33ccc8a13b097d7dec921d0094b,4096x4096|/home/pth/workshop/wide-field-solver/eso_downloads/trial/apicam.<date>t#:#:#.#.fits,0,0.00-0.25,2756,2067,2067,0,2067,0,0,0,689
8b73442b11860efce2c341218b322947053ba33ccc8a13b097d7dec921d0094b,4096x4096|/home/pth/workshop/wide-field-solver/eso_downloads/trial/apicam.<date>t#:#:#.#.fits,0,0.25-0.50,6727,5407,5407,0,5407,0,0,0,1320
8b73442b11860efce2c341218b322947053ba33ccc8a13b097d7dec921d0094b,4096x4096|/home/pth/workshop/wide-field-solver/eso_downloads/trial/apicam.<date>t#:#:#.#.fits,0,0.50-0.75,2250,2093,2093,0,2093,0,0,0,157
8cf0788fbfd19c2901ad190f80e6320cd3c372764531fc57d736c99d22e5ec78,1411x1422|/home/pth/workshop/wide-field-solver/raw_allsky_samples/mmto/mmto-skycam/<date>/<date>__#_#_#.fits.bz#,0,0.00-0.25,41,40,40,0,40,0,0,0,1
8cf0788fbfd19c2901ad190f80e6320cd3c372764531fc57d736c99d22e5ec78,1411x1422|/home/pth/workshop/wide-field-solver/raw_allsky_samples/mmto/mmto-skycam/<date>/<date>__#_#_#.fits.bz#,0,0.25-0.50,97,89,89,0,89,0,0,0,8
8cf0788fbfd19c2901ad190f80e6320cd3c372764531fc57d736c99d22e5ec78,1411x1422|/home/pth/workshop/wide-field-solver/raw_allsky_samples/mmto/mmto-skycam/<date>/<date>__#_#_#.fits.bz#,0,0.50-0.75,44,21,21,0,21,0,0,0,23
8ef30eeda118477f4b7147835bf32134fdc3655f4589de41e28bdc1ccb9fef1c,4096x4096|/home/pth/workshop/wide-field-solver/eso_downloads/trial/apicam.<date>t#:#:#.#.fits,0,0.00-0.25,2939,2142,2142,0,2142,0,0,0,797
8ef30eeda118477f4b7147835bf32134fdc3655f4589de41e28bdc1ccb9fef1c,4096x4096|/home/pth/workshop/wide-field-solver/eso_downloads/trial/apicam.<date>t#:#:#.#.fits,0,0.25-0.50,6877,5465,5465,0,5465,0,0,0,1412
8ef30eeda118477f4b7147835bf32134fdc3655f4589de41e28bdc1ccb9fef1c,4096x4096|/home/pth/workshop/wide-field-solver/eso_downloads/trial/apicam.<date>t#:#:#.#.fits,0,0.50-0.75,2359,2190,2190,0,2190,0,0,0,169
9099917c27a77be787da4b9262db3a433eca4a1399930c18243560350fa5b7a8,3672x3672|/home/pth/skrivebord/fisheeyeimagesnotrailser/subaru_maunakea_<date>t#z.jpg,0,0.00-0.25,706,645,645,0,645,0,0,0,61
9099917c27a77be787da4b9262db3a433eca4a1399930c18243560350fa5b7a8,3672x3672|/home/pth/skrivebord/fisheeyeimagesnotrailser/subaru_maunakea_<date>t#z.jpg,0,0.25-0.50,2216,2031,2031,0,2031,0,0,0,185
9099917c27a77be787da4b9262db3a433eca4a1399930c18243560350fa5b7a8,3672x3672|/home/pth/skrivebord/fisheeyeimagesnotrailser/subaru_maunakea_<date>t#z.jpg,0,0.50-0.75,1030,456,456,0,456,0,0,0,574
92702a602f4153c7540f5462f42f672dac1d07fff6cb6093c5787b5cc4d871e9,488x652|/home/pth/workshop/wide-field-solver/data/zenodo-#/all/r_darksubtracted_jd#.#<date>#.fits,0,0.00-0.25,25,23,23,0,23,0,0,0,2
92702a602f4153c7540f5462f42f672dac1d07fff6cb6093c5787b5cc4d871e9,488x652|/home/pth/workshop/wide-field-solver/data/zenodo-#/all/r_darksubtracted_jd#.#<date>#.fits,0,0.25-0.50,71,66,66,0,66,0,0,0,5
92702a602f4153c7540f5462f42f672dac1d07fff6cb6093c5787b5cc4d871e9,488x652|/home/pth/workshop/wide-field-solver/data/zenodo-#/all/r_darksubtracted_jd#.#<date>#.fits,0,0.50-0.75,33,25,25,0,25,0,0,0,8
92702a602f4153c7540f5462f42f672dac1d07fff6cb6093c5787b5cc4d871e9,488x652|/home/pth/workshop/wide-field-solver/data/zenodo-#/all/r_darksubtracted_jd#.#<date>#.fits,0,0.75-1.00,1,1,1,0,1,0,0,0,0
934544e05fa5f4385ad9dcb197826bf11068bd1026d502df16e1616144d60e06,1411x1422|/home/pth/workshop/wide-field-solver/raw_allsky_samples/mmto/mmto-skycam/<date>/<date>__#_#_#.fits.bz#,0,0.00-0.25,327,319,319,0,319,0,0,0,8
934544e05fa5f4385ad9dcb197826bf11068bd1026d502df16e1616144d60e06,1411x1422|/home/pth/workshop/wide-field-solver/raw_allsky_samples/mmto/mmto-skycam/<date>/<date>__#_#_#.fits.bz#,0,0.25-0.50,812,790,790,0,790,0,0,0,22
934544e05fa5f4385ad9dcb197826bf11068bd1026d502df16e1616144d60e06,1411x1422|/home/pth/workshop/wide-field-solver/raw_allsky_samples/mmto/mmto-skycam/<date>/<date>__#_#_#.fits.bz#,0,0.50-0.75,321,241,241,0,241,0,0,0,80
93b88d1624009d3036daee1524e89ab169d693792bb994d484408b464299dcc5,1411x1422|/home/pth/workshop/wide-field-solver/raw_allsky_samples/mmto/mmto-skycam/<date>/<date>__#_#_#.fits.bz#,0,0.00-0.25,218,213,213,0,213,0,0,0,5
93b88d1624009d3036daee1524e89ab169d693792bb994d484408b464299dcc5,1411x1422|/home/pth/workshop/wide-field-solver/raw_allsky_samples/mmto/mmto-skycam/<date>/<date>__#_#_#.fits.bz#,0,0.25-0.50,550,539,539,0,539,0,0,0,11
93b88d1624009d3036daee1524e89ab169d693792bb994d484408b464299dcc5,1411x1422|/home/pth/workshop/wide-field-solver/raw_allsky_samples/mmto/mmto-skycam/<date>/<date>__#_#_#.fits.bz#,0,0.50-0.75,225,145,145,0,145,0,0,0,80
940646bf81c22bba725ef707d0b928298e2ecbf4af8f7d1e455b168a05017743,1411x1422|/home/pth/workshop/wide-field-solver/raw_allsky_samples/mmto/mmto-skycam/<date>/<date>__#_#_#.fits.bz#,0,0.00-0.25,181,175,175,0,175,0,0,0,6
940646bf81c22bba725ef707d0b928298e2ecbf4af8f7d1e455b168a05017743,1411x1422|/home/pth/workshop/wide-field-solver/raw_allsky_samples/mmto/mmto-skycam/<date>/<date>__#_#_#.fits.bz#,0,0.25-0.50,460,443,443,0,443,0,0,0,17
940646bf81c22bba725ef707d0b928298e2ecbf4af8f7d1e455b168a05017743,1411x1422|/home/pth/workshop/wide-field-solver/raw_allsky_samples/mmto/mmto-skycam/<date>/<date>__#_#_#.fits.bz#,0,0.50-0.75,218,149,149,0,149,0,0,0,69
9452eaa869b82ebf4ff7ab6bc4d93fc3da440e415168c57bf8f575124f18154c,1411x1422|/home/pth/workshop/wide-field-solver/raw_allsky_samples/mmto/mmto-skycam/<date>/<date>__#_#_#.fits.bz#,0,0.00-0.25,25,23,23,0,23,0,0,0,2
9452eaa869b82ebf4ff7ab6bc4d93fc3da440e415168c57bf8f575124f18154c,1411x1422|/home/pth/workshop/wide-field-solver/raw_allsky_samples/mmto/mmto-skycam/<date>/<date>__#_#_#.fits.bz#,0,0.25-0.50,41,33,33,0,33,0,0,0,8
9452eaa869b82ebf4ff7ab6bc4d93fc3da440e415168c57bf8f575124f18154c,1411x1422|/home/pth/workshop/wide-field-solver/raw_allsky_samples/mmto/mmto-skycam/<date>/<date>__#_#_#.fits.bz#,0,0.50-0.75,14,2,2,0,2,0,0,0,12
9478ce0bdd55aac31dbfe756bf8d3454956ee6bebfc381bdab6b9952e6133159,488x652|/home/pth/workshop/wide-field-solver/data/zenodo-#/all/r_darksubtracted_jd#.#<date>#.fits,0,0.00-0.25,26,24,24,0,24,0,0,0,2
9478ce0bdd55aac31dbfe756bf8d3454956ee6bebfc381bdab6b9952e6133159,488x652|/home/pth/workshop/wide-field-solver/data/zenodo-#/all/r_darksubtracted_jd#.#<date>#.fits,0,0.25-0.50,83,78,78,0,78,0,0,0,5
9478ce0bdd55aac31dbfe756bf8d3454956ee6bebfc381bdab6b9952e6133159,488x652|/home/pth/workshop/wide-field-solver/data/zenodo-#/all/r_darksubtracted_jd#.#<date>#.fits,0,0.50-0.75,29,24,24,0,24,0,0,0,5
9478ce0bdd55aac31dbfe756bf8d3454956ee6bebfc381bdab6b9952e6133159,488x652|/home/pth/workshop/wide-field-solver/data/zenodo-#/all/r_darksubtracted_jd#.#<date>#.fits,0,0.75-1.00,1,1,1,0,1,0,0,0,0
964ee44dba87e56df67c3a90ab65b0e0b59ce58ef1052bb938e92ecbedcf45be,4096x4096|/home/pth/workshop/wide-field-solver/eso_downloads/trial/apicam.<date>t#:#:#.#.fits,0,0.00-0.25,3218,1916,1916,0,1916,0,0,0,1302
964ee44dba87e56df67c3a90ab65b0e0b59ce58ef1052bb938e92ecbedcf45be,4096x4096|/home/pth/workshop/wide-field-solver/eso_downloads/trial/apicam.<date>t#:#:#.#.fits,0,0.25-0.50,7390,5745,5745,0,5745,0,0,0,1645
964ee44dba87e56df67c3a90ab65b0e0b59ce58ef1052bb938e92ecbedcf45be,4096x4096|/home/pth/workshop/wide-field-solver/eso_downloads/trial/apicam.<date>t#:#:#.#.fits,0,0.50-0.75,2780,2612,2612,0,2612,0,0,0,168
968e6e04bad1d1d6420627678578fc63f6cdd8b8af54b7cef03beebb6131879c,1200x900|/home/pth/skrivebord/fisheeyeimagesnotrailser/milkyway_gc#-#-#_with_planets_no_trails.jpg,0,0.00-0.25,103,99,99,0,99,0,0,0,4
968e6e04bad1d1d6420627678578fc63f6cdd8b8af54b7cef03beebb6131879c,1200x900|/home/pth/skrivebord/fisheeyeimagesnotrailser/milkyway_gc#-#-#_with_planets_no_trails.jpg,0,0.25-0.50,170,168,168,0,168,0,0,0,2
968e6e04bad1d1d6420627678578fc63f6cdd8b8af54b7cef03beebb6131879c,1200x900|/home/pth/skrivebord/fisheeyeimagesnotrailser/milkyway_gc#-#-#_with_planets_no_trails.jpg,0,0.50-0.75,107,104,104,0,104,0,0,0,3
968e6e04bad1d1d6420627678578fc63f6cdd8b8af54b7cef03beebb6131879c,1200x900|/home/pth/skrivebord/fisheeyeimagesnotrailser/milkyway_gc#-#-#_with_planets_no_trails.jpg,0,0.75-1.00,8,8,8,0,8,0,0,0,0
96db5b71f6feada034d97e071a896c6a1f71ab9fea48abd7752c10009412c9ad,1411x1422|/home/pth/workshop/wide-field-solver/raw_allsky_samples/mmto/mmto-skycam/<date>/<date>__#_#_#.fits.bz#,5,0.00-0.25,96,89,89,0,85,4,0,0,7
96db5b71f6feada034d97e071a896c6a1f71ab9fea48abd7752c10009412c9ad,1411x1422|/home/pth/workshop/wide-field-solver/raw_allsky_samples/mmto/mmto-skycam/<date>/<date>__#_#_#.fits.bz#,5,0.25-0.50,199,184,184,0,175,9,0,0,15
96db5b71f6feada034d97e071a896c6a1f71ab9fea48abd7752c10009412c9ad,1411x1422|/home/pth/workshop/wide-field-solver/raw_allsky_samples/mmto/mmto-skycam/<date>/<date>__#_#_#.fits.bz#,5,0.50-0.75,138,74,78,4,73,0,5,1,59
96e0cbe69b318387d2326fb898581060832a342ab1557652fad5206f377230ab,4096x4096|/home/pth/workshop/wide-field-solver/eso_downloads/trial/apicam.<date>t#:#:#.#.fits,0,0.00-0.25,3163,2189,2189,0,2189,0,0,0,974
96e0cbe69b318387d2326fb898581060832a342ab1557652fad5206f377230ab,4096x4096|/home/pth/workshop/wide-field-solver/eso_downloads/trial/apicam.<date>t#:#:#.#.fits,0,0.25-0.50,7189,5597,5597,0,5597,0,0,0,1592
96e0cbe69b318387d2326fb898581060832a342ab1557652fad5206f377230ab,4096x4096|/home/pth/workshop/wide-field-solver/eso_downloads/trial/apicam.<date>t#:#:#.#.fits,0,0.50-0.75,2452,2290,2290,0,2290,0,0,0,162
9703f9ef6b6433dc96edf538c2c2fb81344d1ccb266a5a305da94fb37eed2e28,3672x3672|/home/pth/skrivebord/fisheeyeimagesnotrailser/subaru_maunakea_<date>t#z.jpg,0,0.00-0.25,1484,1418,1418,0,1418,0,0,0,66
9703f9ef6b6433dc96edf538c2c2fb81344d1ccb266a5a305da94fb37eed2e28,3672x3672|/home/pth/skrivebord/fisheeyeimagesnotrailser/subaru_maunakea_<date>t#z.jpg,0,0.25-0.50,2753,2526,2526,0,2526,0,0,0,227
9703f9ef6b6433dc96edf538c2c2fb81344d1ccb266a5a305da94fb37eed2e28,3672x3672|/home/pth/skrivebord/fisheeyeimagesnotrailser/subaru_maunakea_<date>t#z.jpg,0,0.50-0.75,905,441,441,0,441,0,0,0,464
972593e3571c6a9f0ba66289163427e26809e02c746d0251373c58d5c0475fa5,1411x1422|/home/pth/workshop/wide-field-solver/raw_allsky_samples/mmto/mmto-skycam/<date>/<date>__#_#_#.fits.bz#,0,0.00-0.25,88,84,84,0,84,0,0,0,4
972593e3571c6a9f0ba66289163427e26809e02c746d0251373c58d5c0475fa5,1411x1422|/home/pth/workshop/wide-field-solver/raw_allsky_samples/mmto/mmto-skycam/<date>/<date>__#_#_#.fits.bz#,0,0.25-0.50,108,92,92,0,92,0,0,0,16
972593e3571c6a9f0ba66289163427e26809e02c746d0251373c58d5c0475fa5,1411x1422|/home/pth/workshop/wide-field-solver/raw_allsky_samples/mmto/mmto-skycam/<date>/<date>__#_#_#.fits.bz#,0,0.50-0.75,42,6,6,0,6,0,0,0,36
972fba46f47b236c5d3f687c12e8cbd5c51fab983b3e171af43762bf3425b6ed,1411x1422|/home/pth/workshop/wide-field-solver/raw_allsky_samples/mmto/mmto-skycam/<date>/<date>__#_#_#.fits.bz#,0,0.00-0.25,212,210,210,0,210,0,0,0,2
972fba46f47b236c5d3f687c12e8cbd5c51fab983b3e171af43762bf3425b6ed,1411x1422|/home/pth/workshop/wide-field-solver/raw_allsky_samples/mmto/mmto-skycam/<date>/<date>__#_#_#.fits.bz#,0,0.25-0.50,528,512,512,0,512,0,0,0,16
972fba46f47b236c5d3f687c12e8cbd5c51fab983b3e171af43762bf3425b6ed,1411x1422|/home/pth/workshop/wide-field-solver/raw_allsky_samples/mmto/mmto-skycam/<date>/<date>__#_#_#.fits.bz#,0,0.50-0.75,236,165,165,0,165,0,0,0,71
973ce4ea04090fff94f659a94493868ab329c39edfbb1628981abe7862f345ae,1411x1422|/home/pth/workshop/wide-field-solver/raw_allsky_samples/mmto/mmto-skycam/<date>/<date>__#_#_#.fits.bz#,0,0.00-0.25,83,82,82,0,82,0,0,0,1
973ce4ea04090fff94f659a94493868ab329c39edfbb1628981abe7862f345ae,1411x1422|/home/pth/workshop/wide-field-solver/raw_allsky_samples/mmto/mmto-skycam/<date>/<date>__#_#_#.fits.bz#,0,0.25-0.50,181,160,160,0,160,0,0,0,21
973ce4ea04090fff94f659a94493868ab329c39edfbb1628981abe7862f345ae,1411x1422|/home/pth/workshop/wide-field-solver/raw_allsky_samples/mmto/mmto-skycam/<date>/<date>__#_#_#.fits.bz#,0,0.50-0.75,81,56,56,0,56,0,0,0,25
9771397c6a7be1a89d30616229a9333f47878b2490150315838dd53405c43b98,1411x1422|/home/pth/workshop/wide-field-solver/raw_allsky_samples/mmto/mmto-skycam/<date>/<date>__#_#_#.fits.bz#,1,0.00-0.25,195,189,189,0,187,2,0,0,6
9771397c6a7be1a89d30616229a9333f47878b2490150315838dd53405c43b98,1411x1422|/home/pth/workshop/wide-field-solver/raw_allsky_samples/mmto/mmto-skycam/<date>/<date>__#_#_#.fits.bz#,1,0.25-0.50,516,505,506,1,501,4,1,0,10
9771397c6a7be1a89d30616229a9333f47878b2490150315838dd53405c43b98,1411x1422|/home/pth/workshop/wide-field-solver/raw_allsky_samples/mmto/mmto-skycam/<date>/<date>__#_#_#.fits.bz#,1,0.50-0.75,205,126,133,7,124,1,8,1,71
9876d22f5d83c3549e4320980373982cf44d129d5511e2aaa79f02d4e7a7851b,1411x1422|/home/pth/workshop/wide-field-solver/raw_allsky_samples/mmto/mmto-skycam/<date>/<date>__#_#_#.fits.bz#,0,0.00-0.25,162,159,159,0,159,0,0,0,3
9876d22f5d83c3549e4320980373982cf44d129d5511e2aaa79f02d4e7a7851b,1411x1422|/home/pth/workshop/wide-field-solver/raw_allsky_samples/mmto/mmto-skycam/<date>/<date>__#_#_#.fits.bz#,0,0.25-0.50,348,335,335,0,335,0,0,0,13
9876d22f5d83c3549e4320980373982cf44d129d5511e2aaa79f02d4e7a7851b,1411x1422|/home/pth/workshop/wide-field-solver/raw_allsky_samples/mmto/mmto-skycam/<date>/<date>__#_#_#.fits.bz#,0,0.50-0.75,138,95,95,0,95,0,0,0,43
99e9ceff20ca34fe85d6561b8400bc1f1adcd57f23f23d914d6f033f8d26ad90,3672x3672|/home/pth/skrivebord/fisheeyeimagesnotrailser/subaru_maunakea_<date>t#z.jpg,0,0.00-0.25,1400,1339,1339,0,1339,0,0,0,61
99e9ceff20ca34fe85d6561b8400bc1f1adcd57f23f23d914d6f033f8d26ad90,3672x3672|/home/pth/skrivebord/fisheeyeimagesnotrailser/subaru_maunakea_<date>t#z.jpg,0,0.25-0.50,2245,2169,2169,0,2169,0,0,0,76
99e9ceff20ca34fe85d6561b8400bc1f1adcd57f23f23d914d6f033f8d26ad90,3672x3672|/home/pth/skrivebord/fisheeyeimagesnotrailser/subaru_maunakea_<date>t#z.jpg,0,0.50-0.75,581,357,357,0,357,0,0,0,224
9a069c7d180e6b11c4133551e91d3cb5015d3fb22806bf016d1e86b48e22d8ea,488x652|/home/pth/workshop/wide-field-solver/data/zenodo-#/all/g_darksubtracted_jd#.#<date>#.fits,0,0.00-0.25,28,26,26,0,26,0,0,0,2
9a069c7d180e6b11c4133551e91d3cb5015d3fb22806bf016d1e86b48e22d8ea,488x652|/home/pth/workshop/wide-field-solver/data/zenodo-#/all/g_darksubtracted_jd#.#<date>#.fits,0,0.25-0.50,84,80,80,0,80,0,0,0,4
9a069c7d180e6b11c4133551e91d3cb5015d3fb22806bf016d1e86b48e22d8ea,488x652|/home/pth/workshop/wide-field-solver/data/zenodo-#/all/g_darksubtracted_jd#.#<date>#.fits,0,0.50-0.75,26,23,23,0,23,0,0,0,3
9a0f3660fd9e80be5aad26bb15de52fb5df19886cb7d81981156f796cb2b15b9,1411x1422|/home/pth/workshop/wide-field-solver/raw_allsky_samples/mmto/mmto-skycam/<date>/<date>__#_#_#.fits.bz#,0,0.00-0.25,279,271,271,0,271,0,0,0,8
9a0f3660fd9e80be5aad26bb15de52fb5df19886cb7d81981156f796cb2b15b9,1411x1422|/home/pth/workshop/wide-field-solver/raw_allsky_samples/mmto/mmto-skycam/<date>/<date>__#_#_#.fits.bz#,0,0.25-0.50,828,808,808,0,808,0,0,0,20
9a0f3660fd9e80be5aad26bb15de52fb5df19886cb7d81981156f796cb2b15b9,1411x1422|/home/pth/workshop/wide-field-solver/raw_allsky_samples/mmto/mmto-skycam/<date>/<date>__#_#_#.fits.bz#,0,0.50-0.75,339,255,255,0,255,0,0,0,84
9a8ee7968fea65dea2bd160095087795726c6bf88d56b77d146633eaf3de12ba,480x640|/home/pth/skrivebord/fisheeyeimagesnotrailser/allskycurrentimage.jpeg,0,0.00-0.25,24,24,24,0,24,0,0,0,0
9a8ee7968fea65dea2bd160095087795726c6bf88d56b77d146633eaf3de12ba,480x640|/home/pth/skrivebord/fisheeyeimagesnotrailser/allskycurrentimage.jpeg,0,0.25-0.50,92,90,90,0,90,0,0,0,2
9a8ee7968fea65dea2bd160095087795726c6bf88d56b77d146633eaf3de12ba,480x640|/home/pth/skrivebord/fisheeyeimagesnotrailser/allskycurrentimage.jpeg,0,0.50-0.75,64,62,62,0,62,0,0,0,2
9a8ee7968fea65dea2bd160095087795726c6bf88d56b77d146633eaf3de12ba,480x640|/home/pth/skrivebord/fisheeyeimagesnotrailser/allskycurrentimage.jpeg,0,0.75-1.00,5,0,0,0,0,0,0,0,5
9b10dd0eacbff0a5db5715682d36e49b1556a2c3357133d439ec382637ce112b,1411x1422|/home/pth/workshop/wide-field-solver/raw_allsky_samples/mmto/mmto-skycam/<date>/<date>__#_#_#.fits.bz#,0,0.00-0.25,181,175,175,0,175,0,0,0,6
9b10dd0eacbff0a5db5715682d36e49b1556a2c3357133d439ec382637ce112b,1411x1422|/home/pth/workshop/wide-field-solver/raw_allsky_samples/mmto/mmto-skycam/<date>/<date>__#_#_#.fits.bz#,0,0.25-0.50,264,245,245,0,245,0,0,0,19
9b10dd0eacbff0a5db5715682d36e49b1556a2c3357133d439ec382637ce112b,1411x1422|/home/pth/workshop/wide-field-solver/raw_allsky_samples/mmto/mmto-skycam/<date>/<date>__#_#_#.fits.bz#,0,0.50-0.75,85,44,44,0,44,0,0,0,41
9b301d74370e98385b1d0e319e91c95f4aa99fae8bfbfa001f8055fc38dc7090,1411x1422|/home/pth/workshop/wide-field-solver/raw_allsky_samples/mmto/mmto-skycam/<date>/<date>__#_#_#.fits.bz#,0,0.00-0.25,224,218,218,0,218,0,0,0,6
9b301d74370e98385b1d0e319e91c95f4aa99fae8bfbfa001f8055fc38dc7090,1411x1422|/home/pth/workshop/wide-field-solver/raw_allsky_samples/mmto/mmto-skycam/<date>/<date>__#_#_#.fits.bz#,0,0.25-0.50,603,588,588,0,588,0,0,0,15
9b301d74370e98385b1d0e319e91c95f4aa99fae8bfbfa001f8055fc38dc7090,1411x1422|/home/pth/workshop/wide-field-solver/raw_allsky_samples/mmto/mmto-skycam/<date>/<date>__#_#_#.fits.bz#,0,0.50-0.75,237,174,174,0,174,0,0,0,63
9b5c7eca90d385da7181608061988a85269c3256193b32e0863958d5db2c4617,1411x1422|/home/pth/workshop/wide-field-solver/raw_allsky_samples/mmto/mmto-skycam/<date>/<date>__#_#_#.fits.bz#,0,0.00-0.25,253,250,250,0,250,0,0,0,3
9b5c7eca90d385da7181608061988a85269c3256193b32e0863958d5db2c4617,1411x1422|/home/pth/workshop/wide-field-solver/raw_allsky_samples/mmto/mmto-skycam/<date>/<date>__#_#_#.fits.bz#,0,0.25-0.50,634,619,619,0,619,0,0,0,15
9b5c7eca90d385da7181608061988a85269c3256193b32e0863958d5db2c4617,1411x1422|/home/pth/workshop/wide-field-solver/raw_allsky_samples/mmto/mmto-skycam/<date>/<date>__#_#_#.fits.bz#,0,0.50-0.75,242,180,180,0,180,0,0,0,62
9b915e798a1bee0e6d01d118b56e05222b93fe4eb9f6597db163d89b6d4ac30b,4096x4096|/home/pth/workshop/wide-field-solver/eso_downloads/trial/apicam.<date>t#:#:#.#.fits,0,0.00-0.25,3340,2044,2044,0,2044,0,0,0,1296
9b915e798a1bee0e6d01d118b56e05222b93fe4eb9f6597db163d89b6d4ac30b,4096x4096|/home/pth/workshop/wide-field-solver/eso_downloads/trial/apicam.<date>t#:#:#.#.fits,0,0.25-0.50,7622,5858,5858,0,5858,0,0,0,1764
9b915e798a1bee0e6d01d118b56e05222b93fe4eb9f6597db163d89b6d4ac30b,4096x4096|/home/pth/workshop/wide-field-solver/eso_downloads/trial/apicam.<date>t#:#:#.#.fits,0,0.50-0.75,2812,2614,2614,0,2614,0,0,0,198
9c7bcb087dea6912b3cfec9d4413d144dc01a9bf7b1e1c6496c8fefe9453566e,1411x1422|/home/pth/workshop/wide-field-solver/raw_allsky_samples/mmto/mmto-skycam/<date>/<date>__#_#_#.fits.bz#,4,0.00-0.25,186,179,179,0,175,4,0,0,7
9c7bcb087dea6912b3cfec9d4413d144dc01a9bf7b1e1c6496c8fefe9453566e,1411x1422|/home/pth/workshop/wide-field-solver/raw_allsky_samples/mmto/mmto-skycam/<date>/<date>__#_#_#.fits.bz#,4,0.25-0.50,414,404,404,0,399,5,0,0,10
9c7bcb087dea6912b3cfec9d4413d144dc01a9bf7b1e1c6496c8fefe9453566e,1411x1422|/home/pth/workshop/wide-field-solver/raw_allsky_samples/mmto/mmto-skycam/<date>/<date>__#_#_#.fits.bz#,4,0.50-0.75,123,79,83,4,79,0,4,0,40
9d18136b858f666e06293003787f8277b272baba4c32db7ec30209320439a9a2,4096x4096|/home/pth/workshop/wide-field-solver/eso_downloads/trial/apicam.<date>t#:#:#.#.fits,0,0.00-0.25,3094,1812,1812,0,1812,0,0,0,1282
9d18136b858f666e06293003787f8277b272baba4c32db7ec30209320439a9a2,4096x4096|/home/pth/workshop/wide-field-solver/eso_downloads/trial/apicam.<date>t#:#:#.#.fits,0,0.25-0.50,7314,5621,5621,0,5621,0,0,0,1693
9d18136b858f666e06293003787f8277b272baba4c32db7ec30209320439a9a2,4096x4096|/home/pth/workshop/wide-field-solver/eso_downloads/trial/apicam.<date>t#:#:#.#.fits,0,0.50-0.75,2817,2570,2570,0,2570,0,0,0,247
9d65d31113e85b8aa691d503800fbc33b45f025746d7e8012c9b93aad8a63de8,4096x4096|/home/pth/workshop/wide-field-solver/eso_downloads/trial/apicam.<date>t#:#:#.#.fits,0,0.00-0.25,1595,1552,1552,0,1552,0,0,0,43
9d65d31113e85b8aa691d503800fbc33b45f025746d7e8012c9b93aad8a63de8,4096x4096|/home/pth/workshop/wide-field-solver/eso_downloads/trial/apicam.<date>t#:#:#.#.fits,0,0.25-0.50,2704,2646,2646,0,2646,0,0,0,58
9d65d31113e85b8aa691d503800fbc33b45f025746d7e8012c9b93aad8a63de8,4096x4096|/home/pth/workshop/wide-field-solver/eso_downloads/trial/apicam.<date>t#:#:#.#.fits,0,0.50-0.75,782,514,514,0,514,0,0,0,268
9d9a6e2c3d074ea4effabf87dfbedd5a418c45eef554eb0356d9fe015658a4c7,1411x1422|/home/pth/workshop/wide-field-solver/raw_allsky_samples/mmto/mmto-skycam/<date>/<date>__#_#_#.fits.bz#,0,0.00-0.25,318,306,306,0,306,0,0,0,12
9d9a6e2c3d074ea4effabf87dfbedd5a418c45eef554eb0356d9fe015658a4c7,1411x1422|/home/pth/workshop/wide-field-solver/raw_allsky_samples/mmto/mmto-skycam/<date>/<date>__#_#_#.fits.bz#,0,0.25-0.50,938,918,918,0,918,0,0,0,20
9d9a6e2c3d074ea4effabf87dfbedd5a418c45eef554eb0356d9fe015658a4c7,1411x1422|/home/pth/workshop/wide-field-solver/raw_allsky_samples/mmto/mmto-skycam/<date>/<date>__#_#_#.fits.bz#,0,0.50-0.75,379,297,297,0,297,0,0,0,82
9e3f258ebf024822941af6825d61e96951ab0dc2e0b864d301e5be0bd10261e3,1411x1422|/home/pth/workshop/wide-field-solver/raw_allsky_samples/mmto/mmto-skycam/<date>/<date>__#_#_#.fits.bz#,0,0.00-0.25,217,211,211,0,211,0,0,0,6
9e3f258ebf024822941af6825d61e96951ab0dc2e0b864d301e5be0bd10261e3,1411x1422|/home/pth/workshop/wide-field-solver/raw_allsky_samples/mmto/mmto-skycam/<date>/<date>__#_#_#.fits.bz#,0,0.25-0.50,602,586,586,0,586,0,0,0,16
9e3f258ebf024822941af6825d61e96951ab0dc2e0b864d301e5be0bd10261e3,1411x1422|/home/pth/workshop/wide-field-solver/raw_allsky_samples/mmto/mmto-skycam/<date>/<date>__#_#_#.fits.bz#,0,0.50-0.75,260,179,179,0,179,0,0,0,81
9e8211cb58e683456a485ebcd3ef503e43ee7967dbc99b1b003faf2f7d1659de,3672x3672|/home/pth/skrivebord/fisheeyeimagesnotrailser/subaru_maunakea_<date>t#z.jpg,0,0.00-0.25,1283,1228,1228,0,1228,0,0,0,55
9e8211cb58e683456a485ebcd3ef503e43ee7967dbc99b1b003faf2f7d1659de,3672x3672|/home/pth/skrivebord/fisheeyeimagesnotrailser/subaru_maunakea_<date>t#z.jpg,0,0.25-0.50,2037,1971,1971,0,1971,0,0,0,66
9e8211cb58e683456a485ebcd3ef503e43ee7967dbc99b1b003faf2f7d1659de,3672x3672|/home/pth/skrivebord/fisheeyeimagesnotrailser/subaru_maunakea_<date>t#z.jpg,0,0.50-0.75,566,303,303,0,303,0,0,0,263
9ec5d12745633efd8cf9ed19c3067ca1c0a4aa67289b32e2102fd5bb3d76dcdc,488x652|/home/pth/workshop/wide-field-solver/data/zenodo-#/all/r_darksubtracted_jd#.#<date>#.fits,0,0.00-0.25,28,26,26,0,26,0,0,0,2
9ec5d12745633efd8cf9ed19c3067ca1c0a4aa67289b32e2102fd5bb3d76dcdc,488x652|/home/pth/workshop/wide-field-solver/data/zenodo-#/all/r_darksubtracted_jd#.#<date>#.fits,0,0.25-0.50,79,74,74,0,74,0,0,0,5
9ec5d12745633efd8cf9ed19c3067ca1c0a4aa67289b32e2102fd5bb3d76dcdc,488x652|/home/pth/workshop/wide-field-solver/data/zenodo-#/all/r_darksubtracted_jd#.#<date>#.fits,0,0.50-0.75,37,27,27,0,27,0,0,0,10
9ed69a75b593f983e63fe57ba16d23323342dcd96bbd97f5afd8eff7725d9615,488x652|/home/pth/workshop/wide-field-solver/data/zenodo-#/all/r_darksubtracted_jd#.#<date>#.fits,0,0.00-0.25,17,15,15,0,15,0,0,0,2
9ed69a75b593f983e63fe57ba16d23323342dcd96bbd97f5afd8eff7725d9615,488x652|/home/pth/workshop/wide-field-solver/data/zenodo-#/all/r_darksubtracted_jd#.#<date>#.fits,0,0.25-0.50,52,45,45,0,45,0,0,0,7
9ed69a75b593f983e63fe57ba16d23323342dcd96bbd97f5afd8eff7725d9615,488x652|/home/pth/workshop/wide-field-solver/data/zenodo-#/all/r_darksubtracted_jd#.#<date>#.fits,0,0.50-0.75,33,14,14,0,14,0,0,0,19
9ed69a75b593f983e63fe57ba16d23323342dcd96bbd97f5afd8eff7725d9615,488x652|/home/pth/workshop/wide-field-solver/data/zenodo-#/all/r_darksubtracted_jd#.#<date>#.fits,0,0.75-1.00,13,2,2,0,2,0,0,0,11
9edfa08c57f579d8ffb59e3bed4375ef04c5dbd144c92fbe36157289f838f077,1411x1422|/home/pth/workshop/wide-field-solver/raw_allsky_samples/mmto/mmto-skycam/<date>/<date>__#_#_#.fits.bz#,0,0.00-0.25,193,187,187,0,187,0,0,0,6
9edfa08c57f579d8ffb59e3bed4375ef04c5dbd144c92fbe36157289f838f077,1411x1422|/home/pth/workshop/wide-field-solver/raw_allsky_samples/mmto/mmto-skycam/<date>/<date>__#_#_#.fits.bz#,0,0.25-0.50,496,480,480,0,480,0,0,0,16
9edfa08c57f579d8ffb59e3bed4375ef04c5dbd144c92fbe36157289f838f077,1411x1422|/home/pth/workshop/wide-field-solver/raw_allsky_samples/mmto/mmto-skycam/<date>/<date>__#_#_#.fits.bz#,0,0.50-0.75,191,131,131,0,131,0,0,0,60
9fd705592fc5f0d4be0bedc057132b639c2011ee425f125a574771313966eb5b,1411x1422|/home/pth/workshop/wide-field-solver/raw_allsky_samples/mmto/mmto-skycam/<date>/<date>__#_#_#.fits.bz#,0,0.00-0.25,165,123,123,0,123,0,0,0,42
9fd705592fc5f0d4be0bedc057132b639c2011ee425f125a574771313966eb5b,1411x1422|/home/pth/workshop/wide-field-solver/raw_allsky_samples/mmto/mmto-skycam/<date>/<date>__#_#_#.fits.bz#,0,0.25-0.50,225,160,160,0,160,0,0,0,65
9fd705592fc5f0d4be0bedc057132b639c2011ee425f125a574771313966eb5b,1411x1422|/home/pth/workshop/wide-field-solver/raw_allsky_samples/mmto/mmto-skycam/<date>/<date>__#_#_#.fits.bz#,0,0.50-0.75,28,5,5,0,5,0,0,0,23
a246a66b8438f42e9fd9a3251c7f341af0d20bd6b9aee199c021e11ceb3aaf6d,4096x4096|/home/pth/workshop/wide-field-solver/eso_downloads/trial/apicam.<date>t#:#:#.#.fits,0,0.00-0.25,3271,1959,1959,0,1959,0,0,0,1312
a246a66b8438f42e9fd9a3251c7f341af0d20bd6b9aee199c021e11ceb3aaf6d,4096x4096|/home/pth/workshop/wide-field-solver/eso_downloads/trial/apicam.<date>t#:#:#.#.fits,0,0.25-0.50,7567,5844,5844,0,5844,0,0,0,1723
a246a66b8438f42e9fd9a3251c7f341af0d20bd6b9aee199c021e11ceb3aaf6d,4096x4096|/home/pth/workshop/wide-field-solver/eso_downloads/trial/apicam.<date>t#:#:#.#.fits,0,0.50-0.75,2823,2636,2636,0,2636,0,0,0,187
a3719d72a3ed2f9ef6e6e4b1d4c3268f1750f5400e618d3bc24a2d503e1dc93b,488x652|/home/pth/workshop/wide-field-solver/data/zenodo-#/all/r_darksubtracted_jd#.#<date>#.fits,0,0.00-0.25,30,28,28,0,28,0,0,0,2
a3719d72a3ed2f9ef6e6e4b1d4c3268f1750f5400e618d3bc24a2d503e1dc93b,488x652|/home/pth/workshop/wide-field-solver/data/zenodo-#/all/r_darksubtracted_jd#.#<date>#.fits,0,0.25-0.50,79,74,74,0,74,0,0,0,5
a3719d72a3ed2f9ef6e6e4b1d4c3268f1750f5400e618d3bc24a2d503e1dc93b,488x652|/home/pth/workshop/wide-field-solver/data/zenodo-#/all/r_darksubtracted_jd#.#<date>#.fits,0,0.50-0.75,29,21,21,0,21,0,0,0,8
a37e1ae17e7dd328e5f8bc0e524e0a75f95154ff3d04eaa560c26b70305b4e29,1411x1422|/home/pth/workshop/wide-field-solver/raw_allsky_samples/mmto/mmto-skycam/<date>/<date>__#_#_#.fits.bz#,0,0.00-0.25,222,217,217,0,217,0,0,0,5
a37e1ae17e7dd328e5f8bc0e524e0a75f95154ff3d04eaa560c26b70305b4e29,1411x1422|/home/pth/workshop/wide-field-solver/raw_allsky_samples/mmto/mmto-skycam/<date>/<date>__#_#_#.fits.bz#,0,0.25-0.50,516,502,502,0,502,0,0,0,14
a37e1ae17e7dd328e5f8bc0e524e0a75f95154ff3d04eaa560c26b70305b4e29,1411x1422|/home/pth/workshop/wide-field-solver/raw_allsky_samples/mmto/mmto-skycam/<date>/<date>__#_#_#.fits.bz#,0,0.50-0.75,217,164,164,0,164,0,0,0,53
a39df5668ca8e3eff363421a44e5e25e3eaf6d440e6d95cea0e7209725a71c56,800x600|/home/pth/skrivebord/fisheeyeimagesnotrailser/#_orig.jpg,0,0.00-0.25,47,44,44,0,44,0,0,0,3
a39df5668ca8e3eff363421a44e5e25e3eaf6d440e6d95cea0e7209725a71c56,800x600|/home/pth/skrivebord/fisheeyeimagesnotrailser/#_orig.jpg,0,0.25-0.50,73,72,72,0,72,0,0,0,1
a39df5668ca8e3eff363421a44e5e25e3eaf6d440e6d95cea0e7209725a71c56,800x600|/home/pth/skrivebord/fisheeyeimagesnotrailser/#_orig.jpg,0,0.50-0.75,26,25,25,0,25,0,0,0,1
a3c6f7b1ef9bd49367da4e84e3b8343d68909787342a226c43891c397be356cd,1411x1422|/home/pth/workshop/wide-field-solver/raw_allsky_samples/mmto/mmto-skycam/<date>/<date>__#_#_#.fits.bz#,0,0.00-0.25,153,149,149,0,149,0,0,0,4
a3c6f7b1ef9bd49367da4e84e3b8343d68909787342a226c43891c397be356cd,1411x1422|/home/pth/workshop/wide-field-solver/raw_allsky_samples/mmto/mmto-skycam/<date>/<date>__#_#_#.fits.bz#,0,0.25-0.50,192,177,177,0,177,0,0,0,15
a3c6f7b1ef9bd49367da4e84e3b8343d68909787342a226c43891c397be356cd,1411x1422|/home/pth/workshop/wide-field-solver/raw_allsky_samples/mmto/mmto-skycam/<date>/<date>__#_#_#.fits.bz#,0,0.50-0.75,58,12,12,0,12,0,0,0,46
a4e70f6e9345d48ce3420932e59be8bac81f9eb628e62a632350475b21d79064,488x652|/home/pth/workshop/wide-field-solver/data/zenodo-#/all/r_darksubtracted_jd#.#<date>#.fits,0,0.00-0.25,32,31,31,0,31,0,0,0,1
a4e70f6e9345d48ce3420932e59be8bac81f9eb628e62a632350475b21d79064,488x652|/home/pth/workshop/wide-field-solver/data/zenodo-#/all/r_darksubtracted_jd#.#<date>#.fits,0,0.25-0.50,86,82,82,0,82,0,0,0,4
a4e70f6e9345d48ce3420932e59be8bac81f9eb628e62a632350475b21d79064,488x652|/home/pth/workshop/wide-field-solver/data/zenodo-#/all/r_darksubtracted_jd#.#<date>#.fits,0,0.50-0.75,28,22,22,0,22,0,0,0,6
a4e70f6e9345d48ce3420932e59be8bac81f9eb628e62a632350475b21d79064,488x652|/home/pth/workshop/wide-field-solver/data/zenodo-#/all/r_darksubtracted_jd#.#<date>#.fits,0,0.75-1.00,1,1,1,0,1,0,0,0,0
a4ec23cd516d968108d3de93048848012e24b565b4c4d2df856675a4ce226a55,1411x1422|/home/pth/workshop/wide-field-solver/raw_allsky_samples/mmto/mmto-skycam/<date>/<date>__#_#_#.fits.bz#,4,0.00-0.25,17,15,15,0,15,0,0,0,2
a4ec23cd516d968108d3de93048848012e24b565b4c4d2df856675a4ce226a55,1411x1422|/home/pth/workshop/wide-field-solver/raw_allsky_samples/mmto/mmto-skycam/<date>/<date>__#_#_#.fits.bz#,4,0.25-0.50,31,26,26,0,26,0,0,0,5
a4ec23cd516d968108d3de93048848012e24b565b4c4d2df856675a4ce226a55,1411x1422|/home/pth/workshop/wide-field-solver/raw_allsky_samples/mmto/mmto-skycam/<date>/<date>__#_#_#.fits.bz#,4,0.50-0.75,17,6,6,0,6,0,0,0,11
a514a87aea330a1566459c8bf7604b7b90869ad7e756373d516c6e33064b38f5,4096x4096|/home/pth/workshop/wide-field-solver/eso_downloads/trial/apicam.<date>t#:#:#.#.fits,0,0.00-0.25,2837,2088,2088,0,2088,0,0,0,749
a514a87aea330a1566459c8bf7604b7b90869ad7e756373d516c6e33064b38f5,4096x4096|/home/pth/workshop/wide-field-solver/eso_downloads/trial/apicam.<date>t#:#:#.#.fits,0,0.25-0.50,6854,5482,5482,0,5482,0,0,0,1372
a514a87aea330a1566459c8bf7604b7b90869ad7e756373d516c6e33064b38f5,4096x4096|/home/pth/workshop/wide-field-solver/eso_downloads/trial/apicam.<date>t#:#:#.#.fits,0,0.50-0.75,2318,2167,2167,0,2167,0,0,0,151
a517deccee3b243268b9d4d9520ce37e8c64f165f22567c5a16ba0dfee9957d1,3672x3672|/home/pth/skrivebord/fisheeyeimagesnotrailser/subaru_maunakea_<date>t#z.jpg,0,0.00-0.25,1202,1148,1148,0,1148,0,0,0,54
a517deccee3b243268b9d4d9520ce37e8c64f165f22567c5a16ba0dfee9957d1,3672x3672|/home/pth/skrivebord/fisheeyeimagesnotrailser/subaru_maunakea_<date>t#z.jpg,0,0.25-0.50,2900,2811,2811,0,2811,0,0,0,89
a517deccee3b243268b9d4d9520ce37e8c64f165f22567c5a16ba0dfee9957d1,3672x3672|/home/pth/skrivebord/fisheeyeimagesnotrailser/subaru_maunakea_<date>t#z.jpg,0,0.50-0.75,1320,768,768,0,768,0,0,0,552
a5e30dd8c121c0bc5aa587c3f6a8399a9099f8d7282c66014fba247582d0d0b1,4096x4096|/home/pth/workshop/wide-field-solver/eso_downloads/trial/apicam.<date>t#:#:#.#.fits,0,0.00-0.25,3110,2121,2121,0,2121,0,0,0,989
a5e30dd8c121c0bc5aa587c3f6a8399a9099f8d7282c66014fba247582d0d0b1,4096x4096|/home/pth/workshop/wide-field-solver/eso_downloads/trial/apicam.<date>t#:#:#.#.fits,0,0.25-0.50,6975,5490,5490,0,5490,0,0,0,1485
a5e30dd8c121c0bc5aa587c3f6a8399a9099f8d7282c66014fba247582d0d0b1,4096x4096|/home/pth/workshop/wide-field-solver/eso_downloads/trial/apicam.<date>t#:#:#.#.fits,0,0.50-0.75,2587,2397,2397,0,2397,0,0,0,190
a681e1118299522baf70413e86f82f37910af22b4c35e8d703c24983aef67805,488x652|/home/pth/workshop/wide-field-solver/data/zenodo-#/all/g_darksubtracted_jd#.#<date>#.fits,0,0.00-0.25,28,28,28,0,28,0,0,0,0
a681e1118299522baf70413e86f82f37910af22b4c35e8d703c24983aef67805,488x652|/home/pth/workshop/wide-field-solver/data/zenodo-#/all/g_darksubtracted_jd#.#<date>#.fits,0,0.25-0.50,80,77,77,0,77,0,0,0,3
a681e1118299522baf70413e86f82f37910af22b4c35e8d703c24983aef67805,488x652|/home/pth/workshop/wide-field-solver/data/zenodo-#/all/g_darksubtracted_jd#.#<date>#.fits,0,0.50-0.75,19,14,14,0,14,0,0,0,5
a71288c5eba09d5176d10afa8d727bba7c6b7add8f010e9e5736d3acf664d97d,1411x1422|/home/pth/workshop/wide-field-solver/raw_allsky_samples/mmto/mmto-skycam/<date>/<date>__#_#_#.fits.bz#,1,0.00-0.25,281,272,272,0,268,4,0,0,9
a71288c5eba09d5176d10afa8d727bba7c6b7add8f010e9e5736d3acf664d97d,1411x1422|/home/pth/workshop/wide-field-solver/raw_allsky_samples/mmto/mmto-skycam/<date>/<date>__#_#_#.fits.bz#,1,0.25-0.50,861,839,839,0,823,16,0,0,22
a71288c5eba09d5176d10afa8d727bba7c6b7add8f010e9e5736d3acf664d97d,1411x1422|/home/pth/workshop/wide-field-solver/raw_allsky_samples/mmto/mmto-skycam/<date>/<date>__#_#_#.fits.bz#,1,0.50-0.75,355,288,297,9,282,4,11,2,56
a727fc118c7e033de13c823b32f9510afec25125819a73db921a6e8606255769,4096x4096|/home/pth/workshop/wide-field-solver/eso_downloads/trial/apicam.<date>t#:#:#.#.fits,0,0.00-0.25,3166,1820,1820,0,1820,0,0,0,1346
a727fc118c7e033de13c823b32f9510afec25125819a73db921a6e8606255769,4096x4096|/home/pth/workshop/wide-field-solver/eso_downloads/trial/apicam.<date>t#:#:#.#.fits,0,0.25-0.50,7459,5685,5685,0,5685,0,0,0,1774
a727fc118c7e033de13c823b32f9510afec25125819a73db921a6e8606255769,4096x4096|/home/pth/workshop/wide-field-solver/eso_downloads/trial/apicam.<date>t#:#:#.#.fits,0,0.50-0.75,2872,2627,2627,0,2627,0,0,0,245
a841dab37adf58942db059a41d1298ce4d26144259210394454c3c10c379b951,1411x1422|/home/pth/workshop/wide-field-solver/raw_allsky_samples/mmto/mmto-skycam/<date>/<date>__#_#_#.fits.bz#,0,0.00-0.25,257,252,252,0,252,0,0,0,5
a841dab37adf58942db059a41d1298ce4d26144259210394454c3c10c379b951,1411x1422|/home/pth/workshop/wide-field-solver/raw_allsky_samples/mmto/mmto-skycam/<date>/<date>__#_#_#.fits.bz#,0,0.25-0.50,710,694,694,0,694,0,0,0,16
a841dab37adf58942db059a41d1298ce4d26144259210394454c3c10c379b951,1411x1422|/home/pth/workshop/wide-field-solver/raw_allsky_samples/mmto/mmto-skycam/<date>/<date>__#_#_#.fits.bz#,0,0.50-0.75,277,203,203,0,203,0,0,0,74
a85581331440ecd740af583d002614e3e3f7ccd490c7f864d229ad7b7ce346eb,1411x1422|/home/pth/workshop/wide-field-solver/raw_allsky_samples/mmto/mmto-skycam/<date>/<date>__#_#_#.fits.bz#,0,0.00-0.25,87,66,66,0,66,0,0,0,21
a85581331440ecd740af583d002614e3e3f7ccd490c7f864d229ad7b7ce346eb,1411x1422|/home/pth/workshop/wide-field-solver/raw_allsky_samples/mmto/mmto-skycam/<date>/<date>__#_#_#.fits.bz#,0,0.25-0.50,167,127,127,0,127,0,0,0,40
a85581331440ecd740af583d002614e3e3f7ccd490c7f864d229ad7b7ce346eb,1411x1422|/home/pth/workshop/wide-field-solver/raw_allsky_samples/mmto/mmto-skycam/<date>/<date>__#_#_#.fits.bz#,0,0.50-0.75,25,4,4,0,4,0,0,0,21
a8abcd40d9c8a7f91070a76c4d5d3e969a2df2cc5839c8450189f363c8e6902a,1411x1422|/home/pth/workshop/wide-field-solver/raw_allsky_samples/mmto/mmto-skycam/<date>/<date>__#_#_#.fits.bz#,0,0.00-0.25,79,57,57,0,57,0,0,0,22
a8abcd40d9c8a7f91070a76c4d5d3e969a2df2cc5839c8450189f363c8e6902a,1411x1422|/home/pth/workshop/wide-field-solver/raw_allsky_samples/mmto/mmto-skycam/<date>/<date>__#_#_#.fits.bz#,0,0.25-0.50,65,30,30,0,30,0,0,0,35
a8abcd40d9c8a7f91070a76c4d5d3e969a2df2cc5839c8450189f363c8e6902a,1411x1422|/home/pth/workshop/wide-field-solver/raw_allsky_samples/mmto/mmto-skycam/<date>/<date>__#_#_#.fits.bz#,0,0.50-0.75,23,4,4,0,4,0,0,0,19
aa0826de4bb25526c6c3f92de5b3c49f283e87f18098dc9e9a1cac4a200e42e8,4096x4096|/home/pth/workshop/wide-field-solver/eso_downloads/trial/apicam.<date>t#:#:#.#.fits,0,0.00-0.25,3305,2161,2161,0,2161,0,0,0,1144
aa0826de4bb25526c6c3f92de5b3c49f283e87f18098dc9e9a1cac4a200e42e8,4096x4096|/home/pth/workshop/wide-field-solver/eso_downloads/trial/apicam.<date>t#:#:#.#.fits,0,0.25-0.50,7246,5624,5624,0,5624,0,0,0,1622
aa0826de4bb25526c6c3f92de5b3c49f283e87f18098dc9e9a1cac4a200e42e8,4096x4096|/home/pth/workshop/wide-field-solver/eso_downloads/trial/apicam.<date>t#:#:#.#.fits,0,0.50-0.75,2685,2500,2500,0,2500,0,0,0,185
aa9f7e26f578939e7d49257650aef95c2fc92387a8c9838170c0c7902d5ad959,488x652|/home/pth/workshop/wide-field-solver/data/zenodo-#/all/r_darksubtracted_jd#.#<date>#.fits,0,0.00-0.25,29,27,27,0,27,0,0,0,2
aa9f7e26f578939e7d49257650aef95c2fc92387a8c9838170c0c7902d5ad959,488x652|/home/pth/workshop/wide-field-solver/data/zenodo-#/all/r_darksubtracted_jd#.#<date>#.fits,0,0.25-0.50,86,82,82,0,82,0,0,0,4
aa9f7e26f578939e7d49257650aef95c2fc92387a8c9838170c0c7902d5ad959,488x652|/home/pth/workshop/wide-field-solver/data/zenodo-#/all/r_darksubtracted_jd#.#<date>#.fits,0,0.50-0.75,30,21,21,0,21,0,0,0,9
ab36ba13f71f19d10ca6c0b4597abd6efbfc46f8dd77802be9bb17711eceed2d,4480x6720|/home/pth/workshop/wide-field-solver/.worktrees/raw-allsky-acquisition/raw_allsky_samples/rubin/asc<date>#.cr#,0,0.00-0.25,1251,960,960,0,960,0,0,0,291
ab36ba13f71f19d10ca6c0b4597abd6efbfc46f8dd77802be9bb17711eceed2d,4480x6720|/home/pth/workshop/wide-field-solver/.worktrees/raw-allsky-acquisition/raw_allsky_samples/rubin/asc<date>#.cr#,0,0.25-0.50,2756,2115,2115,0,2115,0,0,0,641
ab36ba13f71f19d10ca6c0b4597abd6efbfc46f8dd77802be9bb17711eceed2d,4480x6720|/home/pth/workshop/wide-field-solver/.worktrees/raw-allsky-acquisition/raw_allsky_samples/rubin/asc<date>#.cr#,0,0.50-0.75,1207,506,506,0,506,0,0,0,701
ab36ba13f71f19d10ca6c0b4597abd6efbfc46f8dd77802be9bb17711eceed2d,4480x6720|/home/pth/workshop/wide-field-solver/.worktrees/raw-allsky-acquisition/raw_allsky_samples/rubin/asc<date>#.cr#,0,0.75-1.00,187,6,6,0,6,0,0,0,181
aca1ed41c985d67bf8fb13447c5186b8e9a390d19c77c784517a420f2120b7b3,3672x3672|/home/pth/skrivebord/fisheeyeimagesnotrailser/subaru_maunakea_<date>t#z.jpg,0,0.00-0.25,1180,1139,1139,0,1139,0,0,0,41
aca1ed41c985d67bf8fb13447c5186b8e9a390d19c77c784517a420f2120b7b3,3672x3672|/home/pth/skrivebord/fisheeyeimagesnotrailser/subaru_maunakea_<date>t#z.jpg,0,0.25-0.50,1447,1409,1409,0,1409,0,0,0,38
aca1ed41c985d67bf8fb13447c5186b8e9a390d19c77c784517a420f2120b7b3,3672x3672|/home/pth/skrivebord/fisheeyeimagesnotrailser/subaru_maunakea_<date>t#z.jpg,0,0.50-0.75,216,101,101,0,101,0,0,0,115
ad43ce08d89a1a7be2ce51c10e1f1fbed00b127d8c32b25886d548d9790b3d9a,1411x1422|/home/pth/workshop/wide-field-solver/raw_allsky_samples/mmto/mmto-skycam/<date>/<date>__#_#_#.fits.bz#,0,0.00-0.25,279,274,274,0,274,0,0,0,5
ad43ce08d89a1a7be2ce51c10e1f1fbed00b127d8c32b25886d548d9790b3d9a,1411x1422|/home/pth/workshop/wide-field-solver/raw_allsky_samples/mmto/mmto-skycam/<date>/<date>__#_#_#.fits.bz#,0,0.25-0.50,891,870,870,0,870,0,0,0,21
ad43ce08d89a1a7be2ce51c10e1f1fbed00b127d8c32b25886d548d9790b3d9a,1411x1422|/home/pth/workshop/wide-field-solver/raw_allsky_samples/mmto/mmto-skycam/<date>/<date>__#_#_#.fits.bz#,0,0.50-0.75,361,292,292,0,292,0,0,0,69
ae5e0f5ce8baee1675aa4cd828b66d8cd91593dcf9c173ccf51b58b1b286719e,4096x4096|/home/pth/workshop/wide-field-solver/eso_downloads/trial/apicam.<date>t#:#:#.#.fits,0,0.00-0.25,3107,1745,1745,0,1745,0,0,0,1362
ae5e0f5ce8baee1675aa4cd828b66d8cd91593dcf9c173ccf51b58b1b286719e,4096x4096|/home/pth/workshop/wide-field-solver/eso_downloads/trial/apicam.<date>t#:#:#.#.fits,0,0.25-0.50,7721,5636,5636,0,5636,0,0,0,2085
ae5e0f5ce8baee1675aa4cd828b66d8cd91593dcf9c173ccf51b58b1b286719e,4096x4096|/home/pth/workshop/wide-field-solver/eso_downloads/trial/apicam.<date>t#:#:#.#.fits,0,0.50-0.75,2863,2694,2694,0,2694,0,0,0,169
af720f1f6990f546c7f84c619357a389f08da8c227d939325de5cc2e39806243,1411x1422|/home/pth/workshop/wide-field-solver/raw_allsky_samples/mmto/mmto-skycam/<date>/<date>__#_#_#.fits.bz#,0,0.00-0.25,341,332,332,0,332,0,0,0,9
af720f1f6990f546c7f84c619357a389f08da8c227d939325de5cc2e39806243,1411x1422|/home/pth/workshop/wide-field-solver/raw_allsky_samples/mmto/mmto-skycam/<date>/<date>__#_#_#.fits.bz#,0,0.25-0.50,897,873,873,0,873,0,0,0,24
af720f1f6990f546c7f84c619357a389f08da8c227d939325de5cc2e39806243,1411x1422|/home/pth/workshop/wide-field-solver/raw_allsky_samples/mmto/mmto-skycam/<date>/<date>__#_#_#.fits.bz#,0,0.50-0.75,360,280,280,0,280,0,0,0,80
afcd05b609c069fdedef739864208f558daa8c1fd8d736886fb8410ee7ce8aff,4096x4096|/home/pth/workshop/wide-field-solver/eso_downloads/trial/apicam.<date>t#:#:#.#.fits,0,0.00-0.25,3244,1919,1919,0,1919,0,0,0,1325
afcd05b609c069fdedef739864208f558daa8c1fd8d736886fb8410ee7ce8aff,4096x4096|/home/pth/workshop/wide-field-solver/eso_downloads/trial/apicam.<date>t#:#:#.#.fits,0,0.25-0.50,7571,5806,5806,0,5806,0,0,0,1765
afcd05b609c069fdedef739864208f558daa8c1fd8d736886fb8410ee7ce8aff,4096x4096|/home/pth/workshop/wide-field-solver/eso_downloads/trial/apicam.<date>t#:#:#.#.fits,0,0.50-0.75,2788,2563,2563,0,2563,0,0,0,225
b1f601df2582e390d3388d5c6d681a1c8308aba05052670d7e8284fc17ae8361,4096x4096|/home/pth/workshop/wide-field-solver/eso_downloads/trial/apicam.<date>t#:#:#.#.fits,0,0.00-0.25,3090,1851,1851,0,1851,0,0,0,1239
b1f601df2582e390d3388d5c6d681a1c8308aba05052670d7e8284fc17ae8361,4096x4096|/home/pth/workshop/wide-field-solver/eso_downloads/trial/apicam.<date>t#:#:#.#.fits,0,0.25-0.50,7439,5744,5744,0,5744,0,0,0,1695
b1f601df2582e390d3388d5c6d681a1c8308aba05052670d7e8284fc17ae8361,4096x4096|/home/pth/workshop/wide-field-solver/eso_downloads/trial/apicam.<date>t#:#:#.#.fits,0,0.50-0.75,2767,2536,2536,0,2536,0,0,0,231
b307200de46c7fdf5caaf27f6d84a1fab2d6f2705487fbba15daec1e58f12a47,1411x1422|/home/pth/workshop/wide-field-solver/raw_allsky_samples/mmto/mmto-skycam/<date>/<date>__#_#_#.fits.bz#,0,0.00-0.25,209,203,203,0,203,0,0,0,6
b307200de46c7fdf5caaf27f6d84a1fab2d6f2705487fbba15daec1e58f12a47,1411x1422|/home/pth/workshop/wide-field-solver/raw_allsky_samples/mmto/mmto-skycam/<date>/<date>__#_#_#.fits.bz#,0,0.25-0.50,495,478,478,0,478,0,0,0,17
b307200de46c7fdf5caaf27f6d84a1fab2d6f2705487fbba15daec1e58f12a47,1411x1422|/home/pth/workshop/wide-field-solver/raw_allsky_samples/mmto/mmto-skycam/<date>/<date>__#_#_#.fits.bz#,0,0.50-0.75,203,154,154,0,154,0,0,0,49
b3c9ce9ded696d7b6c8b7986b89723196efde20ba1286d818f1cb579de0f6420,3672x3672|/home/pth/skrivebord/fisheeyeimagesnotrailser/subaru_maunakea_<date>t#z.jpg,0,0.00-0.25,1395,1336,1336,0,1336,0,0,0,59
b3c9ce9ded696d7b6c8b7986b89723196efde20ba1286d818f1cb579de0f6420,3672x3672|/home/pth/skrivebord/fisheeyeimagesnotrailser/subaru_maunakea_<date>t#z.jpg,0,0.25-0.50,2284,2207,2207,0,2207,0,0,0,77
b3c9ce9ded696d7b6c8b7986b89723196efde20ba1286d818f1cb579de0f6420,3672x3672|/home/pth/skrivebord/fisheeyeimagesnotrailser/subaru_maunakea_<date>t#z.jpg,0,0.50-0.75,756,389,389,0,389,0,0,0,367
b5e941cf49d75b65e491a6cef3e989f588ee1694b5404e9cc39f681354e4d441,1411x1422|/home/pth/workshop/wide-field-solver/raw_allsky_samples/mmto/mmto-skycam/<date>/<date>__#_#_#.fits.bz#,0,0.00-0.25,235,231,231,0,231,0,0,0,4
b5e941cf49d75b65e491a6cef3e989f588ee1694b5404e9cc39f681354e4d441,1411x1422|/home/pth/workshop/wide-field-solver/raw_allsky_samples/mmto/mmto-skycam/<date>/<date>__#_#_#.fits.bz#,0,0.25-0.50,587,570,570,0,570,0,0,0,17
b5e941cf49d75b65e491a6cef3e989f588ee1694b5404e9cc39f681354e4d441,1411x1422|/home/pth/workshop/wide-field-solver/raw_allsky_samples/mmto/mmto-skycam/<date>/<date>__#_#_#.fits.bz#,0,0.50-0.75,235,174,174,0,174,0,0,0,61
b5f35b81a363cb386a05dcea8e0ec8ecf3a087fcc0e480da56958848a8610e6a,4096x4096|/home/pth/workshop/wide-field-solver/eso_downloads/trial/apicam.<date>t#:#:#.#.fits,0,0.00-0.25,3034,2171,2171,0,2171,0,0,0,863
b5f35b81a363cb386a05dcea8e0ec8ecf3a087fcc0e480da56958848a8610e6a,4096x4096|/home/pth/workshop/wide-field-solver/eso_downloads/trial/apicam.<date>t#:#:#.#.fits,0,0.25-0.50,7010,5557,5557,0,5557,0,0,0,1453
b5f35b81a363cb386a05dcea8e0ec8ecf3a087fcc0e480da56958848a8610e6a,4096x4096|/home/pth/workshop/wide-field-solver/eso_downloads/trial/apicam.<date>t#:#:#.#.fits,0,0.50-0.75,2402,2239,2239,0,2239,0,0,0,163
b62e6ced6af3fd832908089d91771e58ba0c93f866e908dfc3676fb7c865d0dd,488x652|/home/pth/workshop/wide-field-solver/data/zenodo-#/all/r_darksubtracted_jd#.#<date>#.fits,0,0.00-0.25,32,29,29,0,29,0,0,0,3
b62e6ced6af3fd832908089d91771e58ba0c93f866e908dfc3676fb7c865d0dd,488x652|/home/pth/workshop/wide-field-solver/data/zenodo-#/all/r_darksubtracted_jd#.#<date>#.fits,0,0.25-0.50,65,62,62,0,62,0,0,0,3
b62e6ced6af3fd832908089d91771e58ba0c93f866e908dfc3676fb7c865d0dd,488x652|/home/pth/workshop/wide-field-solver/data/zenodo-#/all/r_darksubtracted_jd#.#<date>#.fits,0,0.50-0.75,46,35,35,0,35,0,0,0,11
b62e6ced6af3fd832908089d91771e58ba0c93f866e908dfc3676fb7c865d0dd,488x652|/home/pth/workshop/wide-field-solver/data/zenodo-#/all/r_darksubtracted_jd#.#<date>#.fits,0,0.75-1.00,1,0,0,0,0,0,0,0,1
b6341a08438b02b4e290ac69d4ae8f32341ca94c317f7994b11cc8c969be9fd2,1411x1422|/home/pth/workshop/wide-field-solver/raw_allsky_samples/mmto/mmto-skycam/<date>/<date>__#_#_#.fits.bz#,0,0.00-0.25,230,226,226,0,226,0,0,0,4
b6341a08438b02b4e290ac69d4ae8f32341ca94c317f7994b11cc8c969be9fd2,1411x1422|/home/pth/workshop/wide-field-solver/raw_allsky_samples/mmto/mmto-skycam/<date>/<date>__#_#_#.fits.bz#,0,0.25-0.50,457,428,428,0,428,0,0,0,29
b6341a08438b02b4e290ac69d4ae8f32341ca94c317f7994b11cc8c969be9fd2,1411x1422|/home/pth/workshop/wide-field-solver/raw_allsky_samples/mmto/mmto-skycam/<date>/<date>__#_#_#.fits.bz#,0,0.50-0.75,147,81,81,0,81,0,0,0,66
b6d4d1cfbef66882848766f2b9d9bb151bc00d3d2fb888ca5f83ee4842d096b5,1411x1422|/home/pth/workshop/wide-field-solver/raw_allsky_samples/mmto/mmto-skycam/<date>/<date>__#_#_#.fits.bz#,4,0.00-0.25,302,294,294,0,288,6,0,0,8
b6d4d1cfbef66882848766f2b9d9bb151bc00d3d2fb888ca5f83ee4842d096b5,1411x1422|/home/pth/workshop/wide-field-solver/raw_allsky_samples/mmto/mmto-skycam/<date>/<date>__#_#_#.fits.bz#,4,0.25-0.50,887,865,864,-1,850,14,0,1,22
b6d4d1cfbef66882848766f2b9d9bb151bc00d3d2fb888ca5f83ee4842d096b5,1411x1422|/home/pth/workshop/wide-field-solver/raw_allsky_samples/mmto/mmto-skycam/<date>/<date>__#_#_#.fits.bz#,4,0.50-0.75,341,264,274,10,259,3,12,2,65
b8498017042a064b27a6084b3f7fa08e70fdb781469b2b50278391e5d8044344,1411x1422|/home/pth/workshop/wide-field-solver/raw_allsky_samples/mmto/mmto-skycam/<date>/<date>__#_#_#.fits.bz#,0,0.00-0.25,305,296,296,0,296,0,0,0,9
b8498017042a064b27a6084b3f7fa08e70fdb781469b2b50278391e5d8044344,1411x1422|/home/pth/workshop/wide-field-solver/raw_allsky_samples/mmto/mmto-skycam/<date>/<date>__#_#_#.fits.bz#,0,0.25-0.50,839,816,816,0,816,0,0,0,23
b8498017042a064b27a6084b3f7fa08e70fdb781469b2b50278391e5d8044344,1411x1422|/home/pth/workshop/wide-field-solver/raw_allsky_samples/mmto/mmto-skycam/<date>/<date>__#_#_#.fits.bz#,0,0.50-0.75,369,286,286,0,286,0,0,0,83
b918b18f64e8f9bed6b53db1ea89812e860b5f8b3eb4b46630ed484660a2f1c0,1411x1422|/home/pth/workshop/wide-field-solver/raw_allsky_samples/mmto/mmto-skycam/<date>/<date>__#_#_#.fits.bz#,0,0.00-0.25,131,126,126,0,126,0,0,0,5
b918b18f64e8f9bed6b53db1ea89812e860b5f8b3eb4b46630ed484660a2f1c0,1411x1422|/home/pth/workshop/wide-field-solver/raw_allsky_samples/mmto/mmto-skycam/<date>/<date>__#_#_#.fits.bz#,0,0.25-0.50,321,307,307,0,307,0,0,0,14
b918b18f64e8f9bed6b53db1ea89812e860b5f8b3eb4b46630ed484660a2f1c0,1411x1422|/home/pth/workshop/wide-field-solver/raw_allsky_samples/mmto/mmto-skycam/<date>/<date>__#_#_#.fits.bz#,0,0.50-0.75,114,79,79,0,79,0,0,0,35
b936e2fec65921d71a76ef1f817c18161a77b6d2a7ba094d8e07939a15724210,1411x1422|/home/pth/workshop/wide-field-solver/raw_allsky_samples/mmto/mmto-skycam/<date>/<date>__#_#_#.fits.bz#,0,0.00-0.25,299,294,294,0,294,0,0,0,5
b936e2fec65921d71a76ef1f817c18161a77b6d2a7ba094d8e07939a15724210,1411x1422|/home/pth/workshop/wide-field-solver/raw_allsky_samples/mmto/mmto-skycam/<date>/<date>__#_#_#.fits.bz#,0,0.25-0.50,843,823,823,0,823,0,0,0,20
b936e2fec65921d71a76ef1f817c18161a77b6d2a7ba094d8e07939a15724210,1411x1422|/home/pth/workshop/wide-field-solver/raw_allsky_samples/mmto/mmto-skycam/<date>/<date>__#_#_#.fits.bz#,0,0.50-0.75,338,268,268,0,268,0,0,0,70
b9980a6ca6849e782fc4b0fb3231ed94b15090eb63f2469f4e0a1e90d8c08e3a,488x652|/home/pth/workshop/wide-field-solver/data/zenodo-#/all/r_darksubtracted_jd#.#<date>#.fits,0,0.00-0.25,27,26,26,0,26,0,0,0,1
b9980a6ca6849e782fc4b0fb3231ed94b15090eb63f2469f4e0a1e90d8c08e3a,488x652|/home/pth/workshop/wide-field-solver/data/zenodo-#/all/r_darksubtracted_jd#.#<date>#.fits,0,0.25-0.50,54,51,51,0,51,0,0,0,3
b9980a6ca6849e782fc4b0fb3231ed94b15090eb63f2469f4e0a1e90d8c08e3a,488x652|/home/pth/workshop/wide-field-solver/data/zenodo-#/all/r_darksubtracted_jd#.#<date>#.fits,0,0.50-0.75,21,16,16,0,16,0,0,0,5
b9980a6ca6849e782fc4b0fb3231ed94b15090eb63f2469f4e0a1e90d8c08e3a,488x652|/home/pth/workshop/wide-field-solver/data/zenodo-#/all/r_darksubtracted_jd#.#<date>#.fits,0,0.75-1.00,2,2,2,0,2,0,0,0,0
b99d9dff44f23445d09d9725d01a50d81e83d5936d98e3b141641236ee99ba7d,488x652|/home/pth/workshop/wide-field-solver/data/zenodo-#/all/r_darksubtracted_jd#.#<date>#.fits,0,0.00-0.25,31,29,29,0,29,0,0,0,2
b99d9dff44f23445d09d9725d01a50d81e83d5936d98e3b141641236ee99ba7d,488x652|/home/pth/workshop/wide-field-solver/data/zenodo-#/all/r_darksubtracted_jd#.#<date>#.fits,0,0.25-0.50,84,79,79,0,79,0,0,0,5
b99d9dff44f23445d09d9725d01a50d81e83d5936d98e3b141641236ee99ba7d,488x652|/home/pth/workshop/wide-field-solver/data/zenodo-#/all/r_darksubtracted_jd#.#<date>#.fits,0,0.50-0.75,30,23,23,0,23,0,0,0,7
b99d9dff44f23445d09d9725d01a50d81e83d5936d98e3b141641236ee99ba7d,488x652|/home/pth/workshop/wide-field-solver/data/zenodo-#/all/r_darksubtracted_jd#.#<date>#.fits,0,0.75-1.00,1,0,0,0,0,0,0,0,1
bb1db3503140947679c2687e604f8f37a58f0c0707a7f89518b353272d72e334,1411x1422|/home/pth/workshop/wide-field-solver/raw_allsky_samples/mmto/mmto-skycam/<date>/<date>__#_#_#.fits.bz#,4,0.00-0.25,310,303,303,0,298,5,0,0,7
bb1db3503140947679c2687e604f8f37a58f0c0707a7f89518b353272d72e334,1411x1422|/home/pth/workshop/wide-field-solver/raw_allsky_samples/mmto/mmto-skycam/<date>/<date>__#_#_#.fits.bz#,4,0.25-0.50,891,870,870,0,853,17,0,0,21
bb1db3503140947679c2687e604f8f37a58f0c0707a7f89518b353272d72e334,1411x1422|/home/pth/workshop/wide-field-solver/raw_allsky_samples/mmto/mmto-skycam/<date>/<date>__#_#_#.fits.bz#,4,0.50-0.75,355,273,297,24,265,7,25,1,57
bb39c396911668fedc7279b58637713fe77d22e750bb2d5addff9587b61cae3f,1411x1422|/home/pth/workshop/wide-field-solver/raw_allsky_samples/mmto/mmto-skycam/<date>/<date>__#_#_#.fits.bz#,0,0.00-0.25,207,203,203,0,203,0,0,0,4
bb39c396911668fedc7279b58637713fe77d22e750bb2d5addff9587b61cae3f,1411x1422|/home/pth/workshop/wide-field-solver/raw_allsky_samples/mmto/mmto-skycam/<date>/<date>__#_#_#.fits.bz#,0,0.25-0.50,535,520,520,0,520,0,0,0,15
bb39c396911668fedc7279b58637713fe77d22e750bb2d5addff9587b61cae3f,1411x1422|/home/pth/workshop/wide-field-solver/raw_allsky_samples/mmto/mmto-skycam/<date>/<date>__#_#_#.fits.bz#,0,0.50-0.75,227,168,168,0,168,0,0,0,59
bd122e562f2a23d29e282288c7e8322dec5345a7129313d57ed24f29341e61aa,1411x1422|/home/pth/workshop/wide-field-solver/raw_allsky_samples/mmto/mmto-skycam/<date>/<date>__#_#_#.fits.bz#,0,0.00-0.25,225,217,217,0,217,0,0,0,8
bd122e562f2a23d29e282288c7e8322dec5345a7129313d57ed24f29341e61aa,1411x1422|/home/pth/workshop/wide-field-solver/raw_allsky_samples/mmto/mmto-skycam/<date>/<date>__#_#_#.fits.bz#,0,0.25-0.50,277,243,243,0,243,0,0,0,34
bd122e562f2a23d29e282288c7e8322dec5345a7129313d57ed24f29341e61aa,1411x1422|/home/pth/workshop/wide-field-solver/raw_allsky_samples/mmto/mmto-skycam/<date>/<date>__#_#_#.fits.bz#,0,0.50-0.75,19,2,2,0,2,0,0,0,17
bd4ed7cc0366be6e95f5012b28f4a9e9bd3a7ce0219946943ae60b64d0667086,1411x1422|/home/pth/workshop/wide-field-solver/raw_allsky_samples/mmto/mmto-skycam/<date>/<date>__#_#_#.fits.bz#,0,0.00-0.25,160,157,157,0,157,0,0,0,3
bd4ed7cc0366be6e95f5012b28f4a9e9bd3a7ce0219946943ae60b64d0667086,1411x1422|/home/pth/workshop/wide-field-solver/raw_allsky_samples/mmto/mmto-skycam/<date>/<date>__#_#_#.fits.bz#,0,0.25-0.50,343,334,334,0,334,0,0,0,9
bd4ed7cc0366be6e95f5012b28f4a9e9bd3a7ce0219946943ae60b64d0667086,1411x1422|/home/pth/workshop/wide-field-solver/raw_allsky_samples/mmto/mmto-skycam/<date>/<date>__#_#_#.fits.bz#,0,0.50-0.75,130,84,84,0,84,0,0,0,46
be9b73f4bd9c6aa791fdaaddfb42d5972b80635113f1436c63fd202812a4b893,1411x1422|/home/pth/workshop/wide-field-solver/raw_allsky_samples/mmto/mmto-skycam/<date>/<date>__#_#_#.fits.bz#,0,0.00-0.25,23,20,20,0,20,0,0,0,3
be9b73f4bd9c6aa791fdaaddfb42d5972b80635113f1436c63fd202812a4b893,1411x1422|/home/pth/workshop/wide-field-solver/raw_allsky_samples/mmto/mmto-skycam/<date>/<date>__#_#_#.fits.bz#,0,0.25-0.50,36,31,31,0,31,0,0,0,5
be9b73f4bd9c6aa791fdaaddfb42d5972b80635113f1436c63fd202812a4b893,1411x1422|/home/pth/workshop/wide-field-solver/raw_allsky_samples/mmto/mmto-skycam/<date>/<date>__#_#_#.fits.bz#,0,0.50-0.75,13,1,1,0,1,0,0,0,12
c10346a1d01381824af281835a32900db1c4734e8da2ddf885c1f78f7e9c9ff3,3672x3672|/home/pth/skrivebord/fisheeyeimagesnotrailser/subaru_maunakea_<date>t#z.jpg,0,0.00-0.25,1236,1183,1183,0,1183,0,0,0,53
c10346a1d01381824af281835a32900db1c4734e8da2ddf885c1f78f7e9c9ff3,3672x3672|/home/pth/skrivebord/fisheeyeimagesnotrailser/subaru_maunakea_<date>t#z.jpg,0,0.25-0.50,3016,2906,2906,0,2906,0,0,0,110
c10346a1d01381824af281835a32900db1c4734e8da2ddf885c1f78f7e9c9ff3,3672x3672|/home/pth/skrivebord/fisheeyeimagesnotrailser/subaru_maunakea_<date>t#z.jpg,0,0.50-0.75,1243,736,736,0,736,0,0,0,507
c15804b86622604b5d16ef03f2bcb79490afbd770d4b05874240698c601532b1,1411x1422|/home/pth/workshop/wide-field-solver/raw_allsky_samples/mmto/mmto-skycam/<date>/<date>__#_#_#.fits.bz#,0,0.00-0.25,247,245,245,0,245,0,0,0,2
c15804b86622604b5d16ef03f2bcb79490afbd770d4b05874240698c601532b1,1411x1422|/home/pth/workshop/wide-field-solver/raw_allsky_samples/mmto/mmto-skycam/<date>/<date>__#_#_#.fits.bz#,0,0.25-0.50,672,657,657,0,657,0,0,0,15
c15804b86622604b5d16ef03f2bcb79490afbd770d4b05874240698c601532b1,1411x1422|/home/pth/workshop/wide-field-solver/raw_allsky_samples/mmto/mmto-skycam/<date>/<date>__#_#_#.fits.bz#,0,0.50-0.75,273,195,195,0,195,0,0,0,78
c1d668e7120decd55d7a1a4dfafd2626006c135c4a795fb90bcc783d05042b8b,4096x4096|/home/pth/workshop/wide-field-solver/eso_downloads/trial/apicam.<date>t#:#:#.#.fits,0,0.00-0.25,3177,1779,1779,0,1779,0,0,0,1398
c1d668e7120decd55d7a1a4dfafd2626006c135c4a795fb90bcc783d05042b8b,4096x4096|/home/pth/workshop/wide-field-solver/eso_downloads/trial/apicam.<date>t#:#:#.#.fits,0,0.25-0.50,7748,5632,5632,0,5632,0,0,0,2116
c1d668e7120decd55d7a1a4dfafd2626006c135c4a795fb90bcc783d05042b8b,4096x4096|/home/pth/workshop/wide-field-solver/eso_downloads/trial/apicam.<date>t#:#:#.#.fits,0,0.50-0.75,2873,2687,2687,0,2687,0,0,0,186
c235945685d388b4551e7745269daa17fcd3edbd3483de06ca14af8d26bb1a48,4096x4096|/home/pth/workshop/wide-field-solver/eso_downloads/trial/apicam.<date>t#:#:#.#.fits,0,0.00-0.25,3240,1917,1917,0,1917,0,0,0,1323
c235945685d388b4551e7745269daa17fcd3edbd3483de06ca14af8d26bb1a48,4096x4096|/home/pth/workshop/wide-field-solver/eso_downloads/trial/apicam.<date>t#:#:#.#.fits,0,0.25-0.50,7544,5774,5774,0,5774,0,0,0,1770
c235945685d388b4551e7745269daa17fcd3edbd3483de06ca14af8d26bb1a48,4096x4096|/home/pth/workshop/wide-field-solver/eso_downloads/trial/apicam.<date>t#:#:#.#.fits,0,0.50-0.75,2807,2603,2603,0,2603,0,0,0,204
c2d413666bb7d547b951f323a69ad1d459a72313cd0b529d9154cf3812f17506,1411x1422|/home/pth/workshop/wide-field-solver/raw_allsky_samples/mmto/mmto-skycam/<date>/<date>__#_#_#.fits.bz#,5,0.00-0.25,340,331,332,1,325,6,1,0,8
c2d413666bb7d547b951f323a69ad1d459a72313cd0b529d9154cf3812f17506,1411x1422|/home/pth/workshop/wide-field-solver/raw_allsky_samples/mmto/mmto-skycam/<date>/<date>__#_#_#.fits.bz#,5,0.25-0.50,882,864,863,-1,855,8,0,1,18
c2d413666bb7d547b951f323a69ad1d459a72313cd0b529d9154cf3812f17506,1411x1422|/home/pth/workshop/wide-field-solver/raw_allsky_samples/mmto/mmto-skycam/<date>/<date>__#_#_#.fits.bz#,5,0.50-0.75,336,248,269,21,248,0,21,0,67
c30433b4ac11cfc03e17308de75ed60164b769e3bd6adb3396f8f7fe5e40f43b,4096x4096|/home/pth/workshop/wide-field-solver/eso_downloads/trial/apicam.<date>t#:#:#.#.fits,4,0.00-0.25,3136,1776,1776,0,1764,12,0,0,1360
c30433b4ac11cfc03e17308de75ed60164b769e3bd6adb3396f8f7fe5e40f43b,4096x4096|/home/pth/workshop/wide-field-solver/eso_downloads/trial/apicam.<date>t#:#:#.#.fits,4,0.25-0.50,7654,5637,5637,0,5621,16,0,0,2017
c30433b4ac11cfc03e17308de75ed60164b769e3bd6adb3396f8f7fe5e40f43b,4096x4096|/home/pth/workshop/wide-field-solver/eso_downloads/trial/apicam.<date>t#:#:#.#.fits,4,0.50-0.75,2828,2657,2659,2,2639,17,3,1,168
c41bc6360237adb8e57aa7126727a81e0f78f3ed3805decdfe060e1796fe00c6,1411x1422|/home/pth/workshop/wide-field-solver/raw_allsky_samples/mmto/mmto-skycam/<date>/<date>__#_#_#.fits.bz#,0,0.00-0.25,321,312,312,0,312,0,0,0,9
c41bc6360237adb8e57aa7126727a81e0f78f3ed3805decdfe060e1796fe00c6,1411x1422|/home/pth/workshop/wide-field-solver/raw_allsky_samples/mmto/mmto-skycam/<date>/<date>__#_#_#.fits.bz#,0,0.25-0.50,913,895,895,0,895,0,0,0,18
c41bc6360237adb8e57aa7126727a81e0f78f3ed3805decdfe060e1796fe00c6,1411x1422|/home/pth/workshop/wide-field-solver/raw_allsky_samples/mmto/mmto-skycam/<date>/<date>__#_#_#.fits.bz#,0,0.50-0.75,396,301,301,0,301,0,0,0,95
c46e0bed9d4becbacf166f3a54b3fe218d1406121d709ffeebf3b18af54effec,1411x1422|/home/pth/workshop/wide-field-solver/raw_allsky_samples/mmto/mmto-skycam/<date>/<date>__#_#_#.fits.bz#,0,0.00-0.25,79,59,59,0,59,0,0,0,20
c46e0bed9d4becbacf166f3a54b3fe218d1406121d709ffeebf3b18af54effec,1411x1422|/home/pth/workshop/wide-field-solver/raw_allsky_samples/mmto/mmto-skycam/<date>/<date>__#_#_#.fits.bz#,0,0.25-0.50,128,92,92,0,92,0,0,0,36
c46e0bed9d4becbacf166f3a54b3fe218d1406121d709ffeebf3b18af54effec,1411x1422|/home/pth/workshop/wide-field-solver/raw_allsky_samples/mmto/mmto-skycam/<date>/<date>__#_#_#.fits.bz#,0,0.50-0.75,21,3,3,0,3,0,0,0,18
c48195107c953cc9deaf01400eba43398ea014ef598d65c5cf0085ce210d5939,1411x1422|/home/pth/workshop/wide-field-solver/raw_allsky_samples/mmto/mmto-skycam/<date>/<date>__#_#_#.fits.bz#,4,0.00-0.25,326,315,316,1,306,9,1,0,10
c48195107c953cc9deaf01400eba43398ea014ef598d65c5cf0085ce210d5939,1411x1422|/home/pth/workshop/wide-field-solver/raw_allsky_samples/mmto/mmto-skycam/<date>/<date>__#_#_#.fits.bz#,4,0.25-0.50,874,852,854,2,840,12,2,0,20
c48195107c953cc9deaf01400eba43398ea014ef598d65c5cf0085ce210d5939,1411x1422|/home/pth/workshop/wide-field-solver/raw_allsky_samples/mmto/mmto-skycam/<date>/<date>__#_#_#.fits.bz#,4,0.50-0.75,367,276,291,15,274,1,16,1,75
c49bffabc1fe7b85dbe6167e50d45b27e714f3c612e51d585015c0c91745f131,4096x4096|/home/pth/workshop/wide-field-solver/eso_downloads/trial/apicam.<date>t#:#:#.#.fits,0,0.00-0.25,3202,2148,2148,0,2148,0,0,0,1054
c49bffabc1fe7b85dbe6167e50d45b27e714f3c612e51d585015c0c91745f131,4096x4096|/home/pth/workshop/wide-field-solver/eso_downloads/trial/apicam.<date>t#:#:#.#.fits,0,0.25-0.50,7027,5535,5535,0,5535,0,0,0,1492
c49bffabc1fe7b85dbe6167e50d45b27e714f3c612e51d585015c0c91745f131,4096x4096|/home/pth/workshop/wide-field-solver/eso_downloads/trial/apicam.<date>t#:#:#.#.fits,0,0.50-0.75,2646,2469,2469,0,2469,0,0,0,177
c5196cdcfceb57fa5621236717e7ded4103573c645bc2a8074cd2f281d54eb1e,4096x4096|/home/pth/workshop/wide-field-solver/eso_downloads/trial/apicam.<date>t#:#:#.#.fits,0,0.00-0.25,3330,1979,1979,0,1979,0,0,0,1351
c5196cdcfceb57fa5621236717e7ded4103573c645bc2a8074cd2f281d54eb1e,4096x4096|/home/pth/workshop/wide-field-solver/eso_downloads/trial/apicam.<date>t#:#:#.#.fits,0,0.25-0.50,7711,5864,5864,0,5864,0,0,0,1847
c5196cdcfceb57fa5621236717e7ded4103573c645bc2a8074cd2f281d54eb1e,4096x4096|/home/pth/workshop/wide-field-solver/eso_downloads/trial/apicam.<date>t#:#:#.#.fits,0,0.50-0.75,2790,2597,2597,0,2597,0,0,0,193
c58f973d2a34ffd2fe9585cb9a9c457625f9ea0e1cee2ee91c3ed84d091103d6,4096x4096|/home/pth/workshop/wide-field-solver/eso_downloads/trial/apicam.<date>t#:#:#.#.fits,0,0.00-0.25,2990,2162,2162,0,2162,0,0,0,828
c58f973d2a34ffd2fe9585cb9a9c457625f9ea0e1cee2ee91c3ed84d091103d6,4096x4096|/home/pth/workshop/wide-field-solver/eso_downloads/trial/apicam.<date>t#:#:#.#.fits,0,0.25-0.50,6993,5538,5538,0,5538,0,0,0,1455
c58f973d2a34ffd2fe9585cb9a9c457625f9ea0e1cee2ee91c3ed84d091103d6,4096x4096|/home/pth/workshop/wide-field-solver/eso_downloads/trial/apicam.<date>t#:#:#.#.fits,0,0.50-0.75,2343,2190,2190,0,2190,0,0,0,153
c6d1c00e18235e0b574b6746ed93cf3c10825047513d1ab35f86d0f258658ae8,4096x4096|/home/pth/workshop/wide-field-solver/eso_downloads/trial/apicam.<date>t#:#:#.#.fits,0,0.00-0.25,2890,2118,2118,0,2118,0,0,0,772
c6d1c00e18235e0b574b6746ed93cf3c10825047513d1ab35f86d0f258658ae8,4096x4096|/home/pth/workshop/wide-field-solver/eso_downloads/trial/apicam.<date>t#:#:#.#.fits,0,0.25-0.50,6837,5474,5474,0,5474,0,0,0,1363
c6d1c00e18235e0b574b6746ed93cf3c10825047513d1ab35f86d0f258658ae8,4096x4096|/home/pth/workshop/wide-field-solver/eso_downloads/trial/apicam.<date>t#:#:#.#.fits,0,0.50-0.75,2250,2095,2095,0,2095,0,0,0,155
c6ead0e6ee2f65bf8d2c89de3351ca8d89d6270d765265e2c2a03d0d3a809791,1411x1422|/home/pth/workshop/wide-field-solver/raw_allsky_samples/mmto/mmto-skycam/<date>/<date>__#_#_#.fits.bz#,0,0.00-0.25,159,129,129,0,129,0,0,0,30
c6ead0e6ee2f65bf8d2c89de3351ca8d89d6270d765265e2c2a03d0d3a809791,1411x1422|/home/pth/workshop/wide-field-solver/raw_allsky_samples/mmto/mmto-skycam/<date>/<date>__#_#_#.fits.bz#,0,0.25-0.50,239,185,185,0,185,0,0,0,54
c6ead0e6ee2f65bf8d2c89de3351ca8d89d6270d765265e2c2a03d0d3a809791,1411x1422|/home/pth/workshop/wide-field-solver/raw_allsky_samples/mmto/mmto-skycam/<date>/<date>__#_#_#.fits.bz#,0,0.50-0.75,28,5,5,0,5,0,0,0,23
c7e063ca5bbca8f4c752fe2c2b6e58ad3ccb77f95c99947dc1584d6ac61954c9,1411x1422|/home/pth/workshop/wide-field-solver/raw_allsky_samples/mmto/mmto-skycam/<date>/<date>__#_#_#.fits.bz#,0,0.00-0.25,289,281,281,0,281,0,0,0,8
c7e063ca5bbca8f4c752fe2c2b6e58ad3ccb77f95c99947dc1584d6ac61954c9,1411x1422|/home/pth/workshop/wide-field-solver/raw_allsky_samples/mmto/mmto-skycam/<date>/<date>__#_#_#.fits.bz#,0,0.25-0.50,878,864,864,0,864,0,0,0,14
c7e063ca5bbca8f4c752fe2c2b6e58ad3ccb77f95c99947dc1584d6ac61954c9,1411x1422|/home/pth/workshop/wide-field-solver/raw_allsky_samples/mmto/mmto-skycam/<date>/<date>__#_#_#.fits.bz#,0,0.50-0.75,384,305,305,0,305,0,0,0,79
c8644e198c6704183cdcc79ccad97d808a9807dd0ddf48bd057dd3d120dc6fed,1411x1422|/home/pth/workshop/wide-field-solver/raw_allsky_samples/mmto/mmto-skycam/<date>/<date>__#_#_#.fits.bz#,0,0.00-0.25,280,275,275,0,275,0,0,0,5
c8644e198c6704183cdcc79ccad97d808a9807dd0ddf48bd057dd3d120dc6fed,1411x1422|/home/pth/workshop/wide-field-solver/raw_allsky_samples/mmto/mmto-skycam/<date>/<date>__#_#_#.fits.bz#,0,0.25-0.50,794,774,774,0,774,0,0,0,20
c8644e198c6704183cdcc79ccad97d808a9807dd0ddf48bd057dd3d120dc6fed,1411x1422|/home/pth/workshop/wide-field-solver/raw_allsky_samples/mmto/mmto-skycam/<date>/<date>__#_#_#.fits.bz#,0,0.50-0.75,346,258,258,0,258,0,0,0,88
c902278e43ee42176e32f71f7d3e25fab1212b4e7a89a18b984b70dfd8a9e646,4096x4096|/home/pth/workshop/wide-field-solver/eso_downloads/trial/apicam.<date>t#:#:#.#.fits,0,0.00-0.25,3192,1826,1826,0,1826,0,0,0,1366
c902278e43ee42176e32f71f7d3e25fab1212b4e7a89a18b984b70dfd8a9e646,4096x4096|/home/pth/workshop/wide-field-solver/eso_downloads/trial/apicam.<date>t#:#:#.#.fits,0,0.25-0.50,7588,5736,5736,0,5736,0,0,0,1852
c902278e43ee42176e32f71f7d3e25fab1212b4e7a89a18b984b70dfd8a9e646,4096x4096|/home/pth/workshop/wide-field-solver/eso_downloads/trial/apicam.<date>t#:#:#.#.fits,0,0.50-0.75,2809,2609,2609,0,2609,0,0,0,200
c999714ab093f4fbc077450fb8f395d01eb4bfa91486cc96b53e9ca91df42e5f,1411x1422|/home/pth/workshop/wide-field-solver/raw_allsky_samples/mmto/mmto-skycam/<date>/<date>__#_#_#.fits.bz#,4,0.00-0.25,227,224,223,-1,215,8,0,1,3
c999714ab093f4fbc077450fb8f395d01eb4bfa91486cc96b53e9ca91df42e5f,1411x1422|/home/pth/workshop/wide-field-solver/raw_allsky_samples/mmto/mmto-skycam/<date>/<date>__#_#_#.fits.bz#,4,0.25-0.50,619,603,603,0,601,2,0,0,16
c999714ab093f4fbc077450fb8f395d01eb4bfa91486cc96b53e9ca91df42e5f,1411x1422|/home/pth/workshop/wide-field-solver/raw_allsky_samples/mmto/mmto-skycam/<date>/<date>__#_#_#.fits.bz#,4,0.50-0.75,255,186,192,6,183,1,8,2,61
caae72fb62e24157cecece92f9013bbd5d5fddda18a9e4e303963699f4cfb067,1411x1422|/home/pth/workshop/wide-field-solver/raw_allsky_samples/mmto/mmto-skycam/<date>/<date>__#_#_#.fits.bz#,4,0.00-0.25,138,131,131,0,129,2,0,0,7
caae72fb62e24157cecece92f9013bbd5d5fddda18a9e4e303963699f4cfb067,1411x1422|/home/pth/workshop/wide-field-solver/raw_allsky_samples/mmto/mmto-skycam/<date>/<date>__#_#_#.fits.bz#,4,0.25-0.50,292,280,280,0,276,4,0,0,12
caae72fb62e24157cecece92f9013bbd5d5fddda18a9e4e303963699f4cfb067,1411x1422|/home/pth/workshop/wide-field-solver/raw_allsky_samples/mmto/mmto-skycam/<date>/<date>__#_#_#.fits.bz#,4,0.50-0.75,89,49,48,-1,48,0,0,1,40
cbe09c2e07e0acc623a7ed84b56dc5c11f424038ab15d448038a139845382cdf,4096x4096|/home/pth/workshop/wide-field-solver/eso_downloads/trial/apicam.<date>t#:#:#.#.fits,0,0.00-0.25,3131,1748,1748,0,1748,0,0,0,1383
cbe09c2e07e0acc623a7ed84b56dc5c11f424038ab15d448038a139845382cdf,4096x4096|/home/pth/workshop/wide-field-solver/eso_downloads/trial/apicam.<date>t#:#:#.#.fits,0,0.25-0.50,7830,5631,5631,0,5631,0,0,0,2199
cbe09c2e07e0acc623a7ed84b56dc5c11f424038ab15d448038a139845382cdf,4096x4096|/home/pth/workshop/wide-field-solver/eso_downloads/trial/apicam.<date>t#:#:#.#.fits,0,0.50-0.75,2966,2780,2780,0,2780,0,0,0,186
cc8113e38965ce35d4412e67ee920aa2e3472d2e9113b541c29e737fbc0a8e4c,1411x1422|/home/pth/workshop/wide-field-solver/raw_allsky_samples/mmto/mmto-skycam/<date>/<date>__#_#_#.fits.bz#,0,0.00-0.25,310,299,299,0,299,0,0,0,11
cc8113e38965ce35d4412e67ee920aa2e3472d2e9113b541c29e737fbc0a8e4c,1411x1422|/home/pth/workshop/wide-field-solver/raw_allsky_samples/mmto/mmto-skycam/<date>/<date>__#_#_#.fits.bz#,0,0.25-0.50,903,889,889,0,889,0,0,0,14
cc8113e38965ce35d4412e67ee920aa2e3472d2e9113b541c29e737fbc0a8e4c,1411x1422|/home/pth/workshop/wide-field-solver/raw_allsky_samples/mmto/mmto-skycam/<date>/<date>__#_#_#.fits.bz#,0,0.50-0.75,404,318,318,0,318,0,0,0,86
cc90030794fb0158107fa6ce2ab6c2bacf07bd7334b7e1999f10d21fc19e5f73,4096x4096|/home/pth/workshop/wide-field-solver/eso_downloads/trial/apicam.<date>t#:#:#.#.fits,0,0.00-0.25,2990,2155,2155,0,2155,0,0,0,835
cc90030794fb0158107fa6ce2ab6c2bacf07bd7334b7e1999f10d21fc19e5f73,4096x4096|/home/pth/workshop/wide-field-solver/eso_downloads/trial/apicam.<date>t#:#:#.#.fits,0,0.25-0.50,6932,5464,5464,0,5464,0,0,0,1468
cc90030794fb0158107fa6ce2ab6c2bacf07bd7334b7e1999f10d21fc19e5f73,4096x4096|/home/pth/workshop/wide-field-solver/eso_downloads/trial/apicam.<date>t#:#:#.#.fits,0,0.50-0.75,2385,2225,2225,0,2225,0,0,0,160
ccf4dff6c1d78b7eec25145a505d0441d14f0c206f438d549e8a4eee53a604e2,4096x4096|/home/pth/workshop/wide-field-solver/eso_downloads/trial/apicam.<date>t#:#:#.#.fits,0,0.00-0.25,3167,1829,1829,0,1829,0,0,0,1338
ccf4dff6c1d78b7eec25145a505d0441d14f0c206f438d549e8a4eee53a604e2,4096x4096|/home/pth/workshop/wide-field-solver/eso_downloads/trial/apicam.<date>t#:#:#.#.fits,0,0.25-0.50,7624,5707,5707,0,5707,0,0,0,1917
ccf4dff6c1d78b7eec25145a505d0441d14f0c206f438d549e8a4eee53a604e2,4096x4096|/home/pth/workshop/wide-field-solver/eso_downloads/trial/apicam.<date>t#:#:#.#.fits,0,0.50-0.75,2844,2666,2666,0,2666,0,0,0,178
ce74e64750a2ef66e9568034fe1df4a97b0f406037691d2e8e9f636ad4aa2440,488x652|/home/pth/workshop/wide-field-solver/data/zenodo-#/all/r_darksubtracted_jd#.#<date>#.fits,0,0.00-0.25,31,29,29,0,29,0,0,0,2
ce74e64750a2ef66e9568034fe1df4a97b0f406037691d2e8e9f636ad4aa2440,488x652|/home/pth/workshop/wide-field-solver/data/zenodo-#/all/r_darksubtracted_jd#.#<date>#.fits,0,0.25-0.50,67,58,58,0,58,0,0,0,9
ce74e64750a2ef66e9568034fe1df4a97b0f406037691d2e8e9f636ad4aa2440,488x652|/home/pth/workshop/wide-field-solver/data/zenodo-#/all/r_darksubtracted_jd#.#<date>#.fits,0,0.50-0.75,34,26,26,0,26,0,0,0,8
ce74e64750a2ef66e9568034fe1df4a97b0f406037691d2e8e9f636ad4aa2440,488x652|/home/pth/workshop/wide-field-solver/data/zenodo-#/all/r_darksubtracted_jd#.#<date>#.fits,0,0.75-1.00,1,0,0,0,0,0,0,0,1
cf4d3d2574ef44cd668547ad22427a2394046ee9687c7484093bd3a4c80f588f,1411x1422|/home/pth/workshop/wide-field-solver/raw_allsky_samples/mmto/mmto-skycam/<date>/<date>__#_#_#.fits.bz#,2,0.00-0.25,42,37,37,0,35,2,0,0,5
cf4d3d2574ef44cd668547ad22427a2394046ee9687c7484093bd3a4c80f588f,1411x1422|/home/pth/workshop/wide-field-solver/raw_allsky_samples/mmto/mmto-skycam/<date>/<date>__#_#_#.fits.bz#,2,0.25-0.50,33,21,21,0,21,0,0,0,12
cf4d3d2574ef44cd668547ad22427a2394046ee9687c7484093bd3a4c80f588f,1411x1422|/home/pth/workshop/wide-field-solver/raw_allsky_samples/mmto/mmto-skycam/<date>/<date>__#_#_#.fits.bz#,2,0.50-0.75,45,5,5,0,5,0,0,0,40
cfcb89b0fa15a63c44d991da73e7980e9cb49465f7cd03ca8036a9a0d8965be4,4096x4096|/home/pth/workshop/wide-field-solver/eso_downloads/trial/apicam.<date>t#:#:#.#.fits,0,0.00-0.25,2681,2189,2189,0,2189,0,0,0,492
cfcb89b0fa15a63c44d991da73e7980e9cb49465f7cd03ca8036a9a0d8965be4,4096x4096|/home/pth/workshop/wide-field-solver/eso_downloads/trial/apicam.<date>t#:#:#.#.fits,0,0.25-0.50,5371,4837,4837,0,4837,0,0,0,534
cfcb89b0fa15a63c44d991da73e7980e9cb49465f7cd03ca8036a9a0d8965be4,4096x4096|/home/pth/workshop/wide-field-solver/eso_downloads/trial/apicam.<date>t#:#:#.#.fits,0,0.50-0.75,1696,1650,1650,0,1650,0,0,0,46
d102dbc8d9062bea57c32b4971e94d96b2b40e78990eadbbffe8a6f925217d90,1411x1422|/home/pth/workshop/wide-field-solver/raw_allsky_samples/mmto/mmto-skycam/<date>/<date>__#_#_#.fits.bz#,0,0.00-0.25,284,275,275,0,275,0,0,0,9
d102dbc8d9062bea57c32b4971e94d96b2b40e78990eadbbffe8a6f925217d90,1411x1422|/home/pth/workshop/wide-field-solver/raw_allsky_samples/mmto/mmto-skycam/<date>/<date>__#_#_#.fits.bz#,0,0.25-0.50,840,816,816,0,816,0,0,0,24
d102dbc8d9062bea57c32b4971e94d96b2b40e78990eadbbffe8a6f925217d90,1411x1422|/home/pth/workshop/wide-field-solver/raw_allsky_samples/mmto/mmto-skycam/<date>/<date>__#_#_#.fits.bz#,0,0.50-0.75,346,259,259,0,259,0,0,0,87
d14332d82070e6b02d1e3188b4d4cd9a39b66780716ddda984a739b2d85d8727,2251x3372|/home/pth/workshop/wide-field-solver/.worktrees/raw-allsky-acquisition/raw_allsky_samples/derived/rubin_fits_conversion/l#/<date>_#_asc<date>#_ab#ba#_l#_rawcube.fits,0,0.00-0.25,407,403,403,0,403,0,0,0,4
d14332d82070e6b02d1e3188b4d4cd9a39b66780716ddda984a739b2d85d8727,2251x3372|/home/pth/workshop/wide-field-solver/.worktrees/raw-allsky-acquisition/raw_allsky_samples/derived/rubin_fits_conversion/l#/<date>_#_asc<date>#_ab#ba#_l#_rawcube.fits,0,0.25-0.50,953,947,947,0,947,0,0,0,6
d14332d82070e6b02d1e3188b4d4cd9a39b66780716ddda984a739b2d85d8727,2251x3372|/home/pth/workshop/wide-field-solver/.worktrees/raw-allsky-acquisition/raw_allsky_samples/derived/rubin_fits_conversion/l#/<date>_#_asc<date>#_ab#ba#_l#_rawcube.fits,0,0.50-0.75,215,157,157,0,157,0,0,0,58
d2e61f85becf73063eb0d9fce62745c85b663d49ef6c783da7e95a931e4fced7,4096x4096|/home/pth/workshop/wide-field-solver/eso_downloads/trial/apicam.<date>t#:#:#.#.fits,0,0.00-0.25,3016,2180,2180,0,2180,0,0,0,836
d2e61f85becf73063eb0d9fce62745c85b663d49ef6c783da7e95a931e4fced7,4096x4096|/home/pth/workshop/wide-field-solver/eso_downloads/trial/apicam.<date>t#:#:#.#.fits,0,0.25-0.50,7013,5527,5527,0,5527,0,0,0,1486
d2e61f85becf73063eb0d9fce62745c85b663d49ef6c783da7e95a931e4fced7,4096x4096|/home/pth/workshop/wide-field-solver/eso_downloads/trial/apicam.<date>t#:#:#.#.fits,0,0.50-0.75,2326,2157,2157,0,2157,0,0,0,169
d4404c7a676fc24a6f46c51d3b7a7ee75ea84db1a62735e8d11d4cb2c17f98ee,1411x1422|/home/pth/workshop/wide-field-solver/raw_allsky_samples/mmto/mmto-skycam/<date>/<date>__#_#_#.fits.bz#,0,0.00-0.25,229,223,223,0,223,0,0,0,6
d4404c7a676fc24a6f46c51d3b7a7ee75ea84db1a62735e8d11d4cb2c17f98ee,1411x1422|/home/pth/workshop/wide-field-solver/raw_allsky_samples/mmto/mmto-skycam/<date>/<date>__#_#_#.fits.bz#,0,0.25-0.50,376,356,356,0,356,0,0,0,20
d4404c7a676fc24a6f46c51d3b7a7ee75ea84db1a62735e8d11d4cb2c17f98ee,1411x1422|/home/pth/workshop/wide-field-solver/raw_allsky_samples/mmto/mmto-skycam/<date>/<date>__#_#_#.fits.bz#,0,0.50-0.75,90,42,42,0,42,0,0,0,48
d56b852a9b224bbe74d29eee97d12940c49646dfb2274784f0160369e4ef902f,4096x4096|/home/pth/workshop/wide-field-solver/eso_downloads/trial/apicam.<date>t#:#:#.#.fits,0,0.00-0.25,2864,2113,2113,0,2113,0,0,0,751
d56b852a9b224bbe74d29eee97d12940c49646dfb2274784f0160369e4ef902f,4096x4096|/home/pth/workshop/wide-field-solver/eso_downloads/trial/apicam.<date>t#:#:#.#.fits,0,0.25-0.50,6863,5497,5497,0,5497,0,0,0,1366
d56b852a9b224bbe74d29eee97d12940c49646dfb2274784f0160369e4ef902f,4096x4096|/home/pth/workshop/wide-field-solver/eso_downloads/trial/apicam.<date>t#:#:#.#.fits,0,0.50-0.75,2320,2162,2162,0,2162,0,0,0,158
d5d991288b273bf46401b50889e47fb184f3279b51fca13e7b4c135cca69c22e,1411x1422|/home/pth/workshop/wide-field-solver/raw_allsky_samples/mmto/mmto-skycam/<date>/<date>__#_#_#.fits.bz#,0,0.00-0.25,218,215,215,0,215,0,0,0,3
d5d991288b273bf46401b50889e47fb184f3279b51fca13e7b4c135cca69c22e,1411x1422|/home/pth/workshop/wide-field-solver/raw_allsky_samples/mmto/mmto-skycam/<date>/<date>__#_#_#.fits.bz#,0,0.25-0.50,545,530,530,0,530,0,0,0,15
d5d991288b273bf46401b50889e47fb184f3279b51fca13e7b4c135cca69c22e,1411x1422|/home/pth/workshop/wide-field-solver/raw_allsky_samples/mmto/mmto-skycam/<date>/<date>__#_#_#.fits.bz#,0,0.50-0.75,227,168,168,0,168,0,0,0,59
d5e3932b0dda229fd23c00eba4c537344433178eb72b25d606cf6034d7198c8c,4096x4096|/home/pth/workshop/wide-field-solver/eso_downloads/trial/apicam.<date>t#:#:#.#.fits,0,0.00-0.25,3107,1774,1774,0,1774,0,0,0,1333
d5e3932b0dda229fd23c00eba4c537344433178eb72b25d606cf6034d7198c8c,4096x4096|/home/pth/workshop/wide-field-solver/eso_downloads/trial/apicam.<date>t#:#:#.#.fits,0,0.25-0.50,7793,5683,5683,0,5683,0,0,0,2110
d5e3932b0dda229fd23c00eba4c537344433178eb72b25d606cf6034d7198c8c,4096x4096|/home/pth/workshop/wide-field-solver/eso_downloads/trial/apicam.<date>t#:#:#.#.fits,0,0.50-0.75,2890,2709,2709,0,2709,0,0,0,181
d6e0538fa2ced3fede6c1c856e4d42e22849796f1df5546e7082ccab03cfc227,1411x1422|/home/pth/workshop/wide-field-solver/raw_allsky_samples/mmto/mmto-skycam/<date>/<date>__#_#_#.fits.bz#,1,0.00-0.25,48,25,26,1,24,1,1,0,22
d6e0538fa2ced3fede6c1c856e4d42e22849796f1df5546e7082ccab03cfc227,1411x1422|/home/pth/workshop/wide-field-solver/raw_allsky_samples/mmto/mmto-skycam/<date>/<date>__#_#_#.fits.bz#,1,0.25-0.50,70,17,17,0,17,0,0,0,53
d6e0538fa2ced3fede6c1c856e4d42e22849796f1df5546e7082ccab03cfc227,1411x1422|/home/pth/workshop/wide-field-solver/raw_allsky_samples/mmto/mmto-skycam/<date>/<date>__#_#_#.fits.bz#,1,0.50-0.75,99,7,7,0,6,1,0,0,92
d7278337c18a87e19b4254dbd053769cc10233732f1ce686a44b235a567fa960,1411x1422|/home/pth/workshop/wide-field-solver/raw_allsky_samples/mmto/mmto-skycam/<date>/<date>__#_#_#.fits.bz#,0,0.00-0.25,272,264,264,0,264,0,0,0,8
d7278337c18a87e19b4254dbd053769cc10233732f1ce686a44b235a567fa960,1411x1422|/home/pth/workshop/wide-field-solver/raw_allsky_samples/mmto/mmto-skycam/<date>/<date>__#_#_#.fits.bz#,0,0.25-0.50,865,847,847,0,847,0,0,0,18
d7278337c18a87e19b4254dbd053769cc10233732f1ce686a44b235a567fa960,1411x1422|/home/pth/workshop/wide-field-solver/raw_allsky_samples/mmto/mmto-skycam/<date>/<date>__#_#_#.fits.bz#,0,0.50-0.75,389,298,298,0,298,0,0,0,91
d8b9fddfb7b1fa726a4204a83d5dcd1c77a7f1ef3e578b79525f46a4537aa40f,1411x1422|/home/pth/workshop/wide-field-solver/raw_allsky_samples/mmto/mmto-skycam/<date>/<date>__#_#_#.fits.bz#,0,0.00-0.25,171,164,164,0,164,0,0,0,7
d8b9fddfb7b1fa726a4204a83d5dcd1c77a7f1ef3e578b79525f46a4537aa40f,1411x1422|/home/pth/workshop/wide-field-solver/raw_allsky_samples/mmto/mmto-skycam/<date>/<date>__#_#_#.fits.bz#,0,0.25-0.50,550,527,527,0,527,0,0,0,23
d8b9fddfb7b1fa726a4204a83d5dcd1c77a7f1ef3e578b79525f46a4537aa40f,1411x1422|/home/pth/workshop/wide-field-solver/raw_allsky_samples/mmto/mmto-skycam/<date>/<date>__#_#_#.fits.bz#,0,0.50-0.75,107,42,42,0,42,0,0,0,65
d8bab3c12d4544208103240b5681665d823495a8d585c2a67999cd92304a34f4,1411x1422|/home/pth/workshop/wide-field-solver/raw_allsky_samples/mmto/mmto-skycam/<date>/<date>__#_#_#.fits.bz#,4,0.00-0.25,189,183,183,0,172,10,1,1,5
d8bab3c12d4544208103240b5681665d823495a8d585c2a67999cd92304a34f4,1411x1422|/home/pth/workshop/wide-field-solver/raw_allsky_samples/mmto/mmto-skycam/<date>/<date>__#_#_#.fits.bz#,4,0.25-0.50,488,467,467,0,460,7,0,0,21
d8bab3c12d4544208103240b5681665d823495a8d585c2a67999cd92304a34f4,1411x1422|/home/pth/workshop/wide-field-solver/raw_allsky_samples/mmto/mmto-skycam/<date>/<date>__#_#_#.fits.bz#,4,0.50-0.75,214,152,161,9,148,3,10,1,52
d8c03a5344c756cd4b4384c2cb8baac2a5aa70f6f03e035f93dcc5f54f60993d,1411x1422|/home/pth/workshop/wide-field-solver/raw_allsky_samples/mmto/mmto-skycam/<date>/<date>__#_#_#.fits.bz#,0,0.00-0.25,159,110,110,0,110,0,0,0,49
d8c03a5344c756cd4b4384c2cb8baac2a5aa70f6f03e035f93dcc5f54f60993d,1411x1422|/home/pth/workshop/wide-field-solver/raw_allsky_samples/mmto/mmto-skycam/<date>/<date>__#_#_#.fits.bz#,0,0.25-0.50,222,144,144,0,144,0,0,0,78
d8c03a5344c756cd4b4384c2cb8baac2a5aa70f6f03e035f93dcc5f54f60993d,1411x1422|/home/pth/workshop/wide-field-solver/raw_allsky_samples/mmto/mmto-skycam/<date>/<date>__#_#_#.fits.bz#,0,0.50-0.75,30,4,4,0,4,0,0,0,26
d8d0d38b728efc6740f514c0cc7f0932d70f41a1f5875da29aeb17990eb5fa68,4096x4096|/home/pth/workshop/wide-field-solver/eso_downloads/trial/apicam.<date>t#:#:#.#.fits,0,0.00-0.25,3045,2159,2159,0,2159,0,0,0,886
d8d0d38b728efc6740f514c0cc7f0932d70f41a1f5875da29aeb17990eb5fa68,4096x4096|/home/pth/workshop/wide-field-solver/eso_downloads/trial/apicam.<date>t#:#:#.#.fits,0,0.25-0.50,6994,5536,5536,0,5536,0,0,0,1458
d8d0d38b728efc6740f514c0cc7f0932d70f41a1f5875da29aeb17990eb5fa68,4096x4096|/home/pth/workshop/wide-field-solver/eso_downloads/trial/apicam.<date>t#:#:#.#.fits,0,0.50-0.75,2405,2243,2243,0,2243,0,0,0,162
d902adf6120976ebc4b8afef62f640ee575a2afb45e5a3308bfad4c0810dcb5b,1411x1422|/home/pth/workshop/wide-field-solver/raw_allsky_samples/mmto/mmto-skycam/<date>/<date>__#_#_#.fits.bz#,0,0.00-0.25,191,187,187,0,187,0,0,0,4
d902adf6120976ebc4b8afef62f640ee575a2afb45e5a3308bfad4c0810dcb5b,1411x1422|/home/pth/workshop/wide-field-solver/raw_allsky_samples/mmto/mmto-skycam/<date>/<date>__#_#_#.fits.bz#,0,0.25-0.50,316,307,307,0,307,0,0,0,9
d902adf6120976ebc4b8afef62f640ee575a2afb45e5a3308bfad4c0810dcb5b,1411x1422|/home/pth/workshop/wide-field-solver/raw_allsky_samples/mmto/mmto-skycam/<date>/<date>__#_#_#.fits.bz#,0,0.50-0.75,145,90,90,0,90,0,0,0,55
d975a4d4f424f749220f3c068e6325c99475d6f29810464103acc1b778443f2d,488x652|/home/pth/workshop/wide-field-solver/data/zenodo-#/all/r_darksubtracted_jd#.#<date>#.fits,0,0.00-0.25,28,26,26,0,26,0,0,0,2
d975a4d4f424f749220f3c068e6325c99475d6f29810464103acc1b778443f2d,488x652|/home/pth/workshop/wide-field-solver/data/zenodo-#/all/r_darksubtracted_jd#.#<date>#.fits,0,0.25-0.50,80,75,75,0,75,0,0,0,5
d975a4d4f424f749220f3c068e6325c99475d6f29810464103acc1b778443f2d,488x652|/home/pth/workshop/wide-field-solver/data/zenodo-#/all/r_darksubtracted_jd#.#<date>#.fits,0,0.50-0.75,27,19,19,0,19,0,0,0,8
da17e33ca4bf1acfa5dd7b53c419214e10a4c8ff764415f0c6c4459cd41a71e1,1411x1422|/home/pth/workshop/wide-field-solver/raw_allsky_samples/mmto/mmto-skycam/<date>/<date>__#_#_#.fits.bz#,0,0.00-0.25,28,28,28,0,28,0,0,0,0
da17e33ca4bf1acfa5dd7b53c419214e10a4c8ff764415f0c6c4459cd41a71e1,1411x1422|/home/pth/workshop/wide-field-solver/raw_allsky_samples/mmto/mmto-skycam/<date>/<date>__#_#_#.fits.bz#,0,0.25-0.50,87,77,77,0,77,0,0,0,10
da17e33ca4bf1acfa5dd7b53c419214e10a4c8ff764415f0c6c4459cd41a71e1,1411x1422|/home/pth/workshop/wide-field-solver/raw_allsky_samples/mmto/mmto-skycam/<date>/<date>__#_#_#.fits.bz#,0,0.50-0.75,36,21,21,0,21,0,0,0,15
da8e00c52f7119114e1a6e730aed02ac752def1b9dc04d77d3e3de0795438c56,488x652|/home/pth/workshop/wide-field-solver/data/zenodo-#/all/r_darksubtracted_jd#.#<date>#.fits,0,0.00-0.25,25,23,23,0,23,0,0,0,2
da8e00c52f7119114e1a6e730aed02ac752def1b9dc04d77d3e3de0795438c56,488x652|/home/pth/workshop/wide-field-solver/data/zenodo-#/all/r_darksubtracted_jd#.#<date>#.fits,0,0.25-0.50,66,62,62,0,62,0,0,0,4
da8e00c52f7119114e1a6e730aed02ac752def1b9dc04d77d3e3de0795438c56,488x652|/home/pth/workshop/wide-field-solver/data/zenodo-#/all/r_darksubtracted_jd#.#<date>#.fits,0,0.50-0.75,37,28,28,0,28,0,0,0,9
da8e00c52f7119114e1a6e730aed02ac752def1b9dc04d77d3e3de0795438c56,488x652|/home/pth/workshop/wide-field-solver/data/zenodo-#/all/r_darksubtracted_jd#.#<date>#.fits,0,0.75-1.00,1,1,1,0,1,0,0,0,0
dbaae670723e5d48b01b2b99a4d23c65f92c4e6b380d70152ccff7e305711aba,4096x4096|/home/pth/workshop/wide-field-solver/eso_downloads/trial/apicam.<date>t#:#:#.#.fits,0,0.00-0.25,3028,2253,2253,0,2253,0,0,0,775
dbaae670723e5d48b01b2b99a4d23c65f92c4e6b380d70152ccff7e305711aba,4096x4096|/home/pth/workshop/wide-field-solver/eso_downloads/trial/apicam.<date>t#:#:#.#.fits,0,0.25-0.50,6797,5510,5510,0,5510,0,0,0,1287
dbaae670723e5d48b01b2b99a4d23c65f92c4e6b380d70152ccff7e305711aba,4096x4096|/home/pth/workshop/wide-field-solver/eso_downloads/trial/apicam.<date>t#:#:#.#.fits,0,0.50-0.75,2320,2169,2169,0,2169,0,0,0,151
dbd617910d965c2a0ff8c8aa80803c533bc4eb64f6e18672b05ec56b65b4883a,1411x1422|/home/pth/workshop/wide-field-solver/raw_allsky_samples/mmto/mmto-skycam/<date>/<date>__#_#_#.fits.bz#,1,0.00-0.25,305,296,297,1,288,8,1,0,8
dbd617910d965c2a0ff8c8aa80803c533bc4eb64f6e18672b05ec56b65b4883a,1411x1422|/home/pth/workshop/wide-field-solver/raw_allsky_samples/mmto/mmto-skycam/<date>/<date>__#_#_#.fits.bz#,1,0.25-0.50,856,840,840,0,833,7,0,0,16
dbd617910d965c2a0ff8c8aa80803c533bc4eb64f6e18672b05ec56b65b4883a,1411x1422|/home/pth/workshop/wide-field-solver/raw_allsky_samples/mmto/mmto-skycam/<date>/<date>__#_#_#.fits.bz#,1,0.50-0.75,388,307,333,26,298,8,27,1,54
dbf4fe1f9192deef430bc5b852210d27690bd6722902e59e5b3f72ddf1c2ea08,4096x4096|/home/pth/workshop/wide-field-solver/eso_downloads/trial/apicam.<date>t#:#:#.#.fits,0,0.00-0.25,3442,2164,2164,0,2164,0,0,0,1278
dbf4fe1f9192deef430bc5b852210d27690bd6722902e59e5b3f72ddf1c2ea08,4096x4096|/home/pth/workshop/wide-field-solver/eso_downloads/trial/apicam.<date>t#:#:#.#.fits,0,0.25-0.50,7672,5880,5880,0,5880,0,0,0,1792
dbf4fe1f9192deef430bc5b852210d27690bd6722902e59e5b3f72ddf1c2ea08,4096x4096|/home/pth/workshop/wide-field-solver/eso_downloads/trial/apicam.<date>t#:#:#.#.fits,0,0.50-0.75,2767,2583,2583,0,2583,0,0,0,184
dc57198ae963d9f48b38750d9c8d296b5ad65063f883c9d0794bb19dccefbe56,4096x4096|/home/pth/workshop/wide-field-solver/eso_downloads/trial/apicam.<date>t#:#:#.#.fits,0,0.00-0.25,3022,1735,1735,0,1735,0,0,0,1287
dc57198ae963d9f48b38750d9c8d296b5ad65063f883c9d0794bb19dccefbe56,4096x4096|/home/pth/workshop/wide-field-solver/eso_downloads/trial/apicam.<date>t#:#:#.#.fits,0,0.25-0.50,7604,5557,5557,0,5557,0,0,0,2047
dc57198ae963d9f48b38750d9c8d296b5ad65063f883c9d0794bb19dccefbe56,4096x4096|/home/pth/workshop/wide-field-solver/eso_downloads/trial/apicam.<date>t#:#:#.#.fits,0,0.50-0.75,2838,2649,2649,0,2649,0,0,0,189
dc96fde5c4d9ff769fe32b9c6af214c97791355b4e25074c3b368e640e2943b4,3672x3672|/home/pth/skrivebord/fisheeyeimagesnotrailser/subaru_maunakea_<date>t#z.jpg,0,0.00-0.25,664,602,602,0,602,0,0,0,62
dc96fde5c4d9ff769fe32b9c6af214c97791355b4e25074c3b368e640e2943b4,3672x3672|/home/pth/skrivebord/fisheeyeimagesnotrailser/subaru_maunakea_<date>t#z.jpg,0,0.25-0.50,2194,1984,1984,0,1984,0,0,0,210
dc96fde5c4d9ff769fe32b9c6af214c97791355b4e25074c3b368e640e2943b4,3672x3672|/home/pth/skrivebord/fisheeyeimagesnotrailser/subaru_maunakea_<date>t#z.jpg,0,0.50-0.75,916,450,450,0,450,0,0,0,466
dcda58081ae47ea9c479a9feaad275e6c662a559ddf26f10afb3f5b040f94a6a,1411x1422|/home/pth/workshop/wide-field-solver/raw_allsky_samples/mmto/mmto-skycam/<date>/<date>__#_#_#.fits.bz#,0,0.00-0.25,132,129,129,0,129,0,0,0,3
dcda58081ae47ea9c479a9feaad275e6c662a559ddf26f10afb3f5b040f94a6a,1411x1422|/home/pth/workshop/wide-field-solver/raw_allsky_samples/mmto/mmto-skycam/<date>/<date>__#_#_#.fits.bz#,0,0.25-0.50,272,265,265,0,265,0,0,0,7
dcda58081ae47ea9c479a9feaad275e6c662a559ddf26f10afb3f5b040f94a6a,1411x1422|/home/pth/workshop/wide-field-solver/raw_allsky_samples/mmto/mmto-skycam/<date>/<date>__#_#_#.fits.bz#,0,0.50-0.75,123,80,80,0,80,0,0,0,43
dd71e537deab6085693298fb1bedfa20db62fab41ea1ec364173b408bcaa3005,1411x1422|/home/pth/workshop/wide-field-solver/raw_allsky_samples/mmto/mmto-skycam/<date>/<date>__#_#_#.fits.bz#,0,0.00-0.25,250,242,242,0,242,0,0,0,8
dd71e537deab6085693298fb1bedfa20db62fab41ea1ec364173b408bcaa3005,1411x1422|/home/pth/workshop/wide-field-solver/raw_allsky_samples/mmto/mmto-skycam/<date>/<date>__#_#_#.fits.bz#,0,0.25-0.50,298,279,279,0,279,0,0,0,19
dd71e537deab6085693298fb1bedfa20db62fab41ea1ec364173b408bcaa3005,1411x1422|/home/pth/workshop/wide-field-solver/raw_allsky_samples/mmto/mmto-skycam/<date>/<date>__#_#_#.fits.bz#,0,0.50-0.75,50,12,12,0,12,0,0,0,38
ddefe2d1bca427e33a98b0c3329a510da0c135e3e3cf45bb2291468a3e7d4da8,1411x1422|/home/pth/workshop/wide-field-solver/raw_allsky_samples/mmto/mmto-skycam/<date>/<date>__#_#_#.fits.bz#,0,0.00-0.25,302,295,295,0,295,0,0,0,7
ddefe2d1bca427e33a98b0c3329a510da0c135e3e3cf45bb2291468a3e7d4da8,1411x1422|/home/pth/workshop/wide-field-solver/raw_allsky_samples/mmto/mmto-skycam/<date>/<date>__#_#_#.fits.bz#,0,0.25-0.50,825,788,788,0,788,0,0,0,37
ddefe2d1bca427e33a98b0c3329a510da0c135e3e3cf45bb2291468a3e7d4da8,1411x1422|/home/pth/workshop/wide-field-solver/raw_allsky_samples/mmto/mmto-skycam/<date>/<date>__#_#_#.fits.bz#,0,0.50-0.75,343,245,245,0,245,0,0,0,98
de2384c647a6a35fe3c05b8373918d59fa504e5211a6bd7056bc6ae997ef520e,4096x4096|/home/pth/workshop/wide-field-solver/eso_downloads/trial/apicam.<date>t#:#:#.#.fits,0,0.00-0.25,2779,2079,2079,0,2079,0,0,0,700
de2384c647a6a35fe3c05b8373918d59fa504e5211a6bd7056bc6ae997ef520e,4096x4096|/home/pth/workshop/wide-field-solver/eso_downloads/trial/apicam.<date>t#:#:#.#.fits,0,0.25-0.50,6742,5395,5395,0,5395,0,0,0,1347
de2384c647a6a35fe3c05b8373918d59fa504e5211a6bd7056bc6ae997ef520e,4096x4096|/home/pth/workshop/wide-field-solver/eso_downloads/trial/apicam.<date>t#:#:#.#.fits,0,0.50-0.75,2317,2128,2128,0,2128,0,0,0,189
df8f9222ad4af910976dede6d2ca093f461fcd2b8430365a2814193df8a89c53,488x652|/home/pth/workshop/wide-field-solver/data/zenodo-#/all/r_darksubtracted_jd#.#<date>#.fits,0,0.00-0.25,24,23,23,0,23,0,0,0,1
df8f9222ad4af910976dede6d2ca093f461fcd2b8430365a2814193df8a89c53,488x652|/home/pth/workshop/wide-field-solver/data/zenodo-#/all/r_darksubtracted_jd#.#<date>#.fits,0,0.25-0.50,54,48,48,0,48,0,0,0,6
df8f9222ad4af910976dede6d2ca093f461fcd2b8430365a2814193df8a89c53,488x652|/home/pth/workshop/wide-field-solver/data/zenodo-#/all/r_darksubtracted_jd#.#<date>#.fits,0,0.50-0.75,28,23,23,0,23,0,0,0,5
df8f9222ad4af910976dede6d2ca093f461fcd2b8430365a2814193df8a89c53,488x652|/home/pth/workshop/wide-field-solver/data/zenodo-#/all/r_darksubtracted_jd#.#<date>#.fits,0,0.75-1.00,1,1,1,0,1,0,0,0,0
dfeecb9178b50827a50d558ce66408cc1afb863c21ccbfd69d61716f4da9b2b4,1411x1422|/home/pth/workshop/wide-field-solver/raw_allsky_samples/mmto/mmto-skycam/<date>/<date>__#_#_#.fits.bz#,0,0.00-0.25,64,61,61,0,61,0,0,0,3
dfeecb9178b50827a50d558ce66408cc1afb863c21ccbfd69d61716f4da9b2b4,1411x1422|/home/pth/workshop/wide-field-solver/raw_allsky_samples/mmto/mmto-skycam/<date>/<date>__#_#_#.fits.bz#,0,0.25-0.50,190,182,182,0,182,0,0,0,8
dfeecb9178b50827a50d558ce66408cc1afb863c21ccbfd69d61716f4da9b2b4,1411x1422|/home/pth/workshop/wide-field-solver/raw_allsky_samples/mmto/mmto-skycam/<date>/<date>__#_#_#.fits.bz#,0,0.50-0.75,124,81,81,0,81,0,0,0,43
e0100b4b531ba806f514611ded51372d49043d5b4d780b341fcc6296c0a03f3d,1411x1422|/home/pth/workshop/wide-field-solver/raw_allsky_samples/mmto/mmto-skycam/<date>/<date>__#_#_#.fits.bz#,0,0.00-0.25,68,62,62,0,62,0,0,0,6
e0100b4b531ba806f514611ded51372d49043d5b4d780b341fcc6296c0a03f3d,1411x1422|/home/pth/workshop/wide-field-solver/raw_allsky_samples/mmto/mmto-skycam/<date>/<date>__#_#_#.fits.bz#,0,0.25-0.50,227,189,189,0,189,0,0,0,38
e0100b4b531ba806f514611ded51372d49043d5b4d780b341fcc6296c0a03f3d,1411x1422|/home/pth/workshop/wide-field-solver/raw_allsky_samples/mmto/mmto-skycam/<date>/<date>__#_#_#.fits.bz#,0,0.50-0.75,111,58,58,0,58,0,0,0,53
e0acd9269e25a2e364caff61cca4a9fbffacb8a28f3783712e0473ac7ed57814,1411x1422|/home/pth/workshop/wide-field-solver/raw_allsky_samples/mmto/mmto-skycam/<date>/<date>__#_#_#.fits.bz#,0,0.00-0.25,309,301,301,0,301,0,0,0,8
e0acd9269e25a2e364caff61cca4a9fbffacb8a28f3783712e0473ac7ed57814,1411x1422|/home/pth/workshop/wide-field-solver/raw_allsky_samples/mmto/mmto-skycam/<date>/<date>__#_#_#.fits.bz#,0,0.25-0.50,499,469,469,0,469,0,0,0,30
e0acd9269e25a2e364caff61cca4a9fbffacb8a28f3783712e0473ac7ed57814,1411x1422|/home/pth/workshop/wide-field-solver/raw_allsky_samples/mmto/mmto-skycam/<date>/<date>__#_#_#.fits.bz#,0,0.50-0.75,149,88,88,0,88,0,0,0,61
e0c4bd3c47a5420143979cd9b8976cbd8ab48ba21d6070fe679b33b165d8c820,1411x1422|/home/pth/workshop/wide-field-solver/raw_allsky_samples/mmto/mmto-skycam/<date>/<date>__#_#_#.fits.bz#,0,0.00-0.25,105,102,102,0,102,0,0,0,3
e0c4bd3c47a5420143979cd9b8976cbd8ab48ba21d6070fe679b33b165d8c820,1411x1422|/home/pth/workshop/wide-field-solver/raw_allsky_samples/mmto/mmto-skycam/<date>/<date>__#_#_#.fits.bz#,0,0.25-0.50,371,357,357,0,357,0,0,0,14
e0c4bd3c47a5420143979cd9b8976cbd8ab48ba21d6070fe679b33b165d8c820,1411x1422|/home/pth/workshop/wide-field-solver/raw_allsky_samples/mmto/mmto-skycam/<date>/<date>__#_#_#.fits.bz#,0,0.50-0.75,92,41,41,0,41,0,0,0,51
e0cc5bb87ff4c3bf77cce55494e5305c50da751afd82255e37ae5e67a1cee44d,1411x1422|/home/pth/workshop/wide-field-solver/raw_allsky_samples/mmto/mmto-skycam/<date>/<date>__#_#_#.fits.bz#,0,0.00-0.25,233,230,230,0,230,0,0,0,3
e0cc5bb87ff4c3bf77cce55494e5305c50da751afd82255e37ae5e67a1cee44d,1411x1422|/home/pth/workshop/wide-field-solver/raw_allsky_samples/mmto/mmto-skycam/<date>/<date>__#_#_#.fits.bz#,0,0.25-0.50,647,629,629,0,629,0,0,0,18
e0cc5bb87ff4c3bf77cce55494e5305c50da751afd82255e37ae5e67a1cee44d,1411x1422|/home/pth/workshop/wide-field-solver/raw_allsky_samples/mmto/mmto-skycam/<date>/<date>__#_#_#.fits.bz#,0,0.50-0.75,240,165,165,0,165,0,0,0,75
e0d89a2b893ac85f04bad1953e9c1c0937405929d73dedc91cf56932de4e104b,1411x1422|/home/pth/workshop/wide-field-solver/raw_allsky_samples/mmto/mmto-skycam/<date>/<date>__#_#_#.fits.bz#,0,0.00-0.25,168,163,163,0,163,0,0,0,5
e0d89a2b893ac85f04bad1953e9c1c0937405929d73dedc91cf56932de4e104b,1411x1422|/home/pth/workshop/wide-field-solver/raw_allsky_samples/mmto/mmto-skycam/<date>/<date>__#_#_#.fits.bz#,0,0.25-0.50,484,470,470,0,470,0,0,0,14
e0d89a2b893ac85f04bad1953e9c1c0937405929d73dedc91cf56932de4e104b,1411x1422|/home/pth/workshop/wide-field-solver/raw_allsky_samples/mmto/mmto-skycam/<date>/<date>__#_#_#.fits.bz#,0,0.50-0.75,197,139,139,0,139,0,0,0,58
e15e70cb3c54668bc92a6ab8ab331633bc4fc1654cba8f26059e6af3bf810cde,1411x1422|/home/pth/workshop/wide-field-solver/raw_allsky_samples/mmto/mmto-skycam/<date>/<date>__#_#_#.fits.bz#,0,0.00-0.25,198,194,194,0,194,0,0,0,4
e15e70cb3c54668bc92a6ab8ab331633bc4fc1654cba8f26059e6af3bf810cde,1411x1422|/home/pth/workshop/wide-field-solver/raw_allsky_samples/mmto/mmto-skycam/<date>/<date>__#_#_#.fits.bz#,0,0.25-0.50,472,454,454,0,454,0,0,0,18
e15e70cb3c54668bc92a6ab8ab331633bc4fc1654cba8f26059e6af3bf810cde,1411x1422|/home/pth/workshop/wide-field-solver/raw_allsky_samples/mmto/mmto-skycam/<date>/<date>__#_#_#.fits.bz#,0,0.50-0.75,210,133,133,0,133,0,0,0,77
e1664ffde4ef123b2db9e6f312effe7c890e8cc0a5be4c94c31d6833b7c443b4,1411x1422|/home/pth/skrivebord/fisheeyeimagesnotrailser/mmto.fits,0,0.00-0.25,301,295,295,0,295,0,0,0,6
e1664ffde4ef123b2db9e6f312effe7c890e8cc0a5be4c94c31d6833b7c443b4,1411x1422|/home/pth/skrivebord/fisheeyeimagesnotrailser/mmto.fits,0,0.25-0.50,831,818,818,0,818,0,0,0,13
e1664ffde4ef123b2db9e6f312effe7c890e8cc0a5be4c94c31d6833b7c443b4,1411x1422|/home/pth/skrivebord/fisheeyeimagesnotrailser/mmto.fits,0,0.50-0.75,347,267,267,0,267,0,0,0,80
e1a17f1fdee9ab44e9afc8b9da82694541d9fe8f2f0585dac5366c370da50154,4096x4096|/home/pth/workshop/wide-field-solver/eso_downloads/trial/apicam.<date>t#:#:#.#.fits,0,0.00-0.25,3093,2173,2173,0,2173,0,0,0,920
e1a17f1fdee9ab44e9afc8b9da82694541d9fe8f2f0585dac5366c370da50154,4096x4096|/home/pth/workshop/wide-field-solver/eso_downloads/trial/apicam.<date>t#:#:#.#.fits,0,0.25-0.50,7179,5565,5565,0,5565,0,0,0,1614
e1a17f1fdee9ab44e9afc8b9da82694541d9fe8f2f0585dac5366c370da50154,4096x4096|/home/pth/workshop/wide-field-solver/eso_downloads/trial/apicam.<date>t#:#:#.#.fits,0,0.50-0.75,2404,2242,2242,0,2242,0,0,0,162
e228acfae53763aec5c9d8f6cded7e7d1cd4ab6bbe29355c01c117a2abfed6cf,1411x1422|/home/pth/workshop/wide-field-solver/raw_allsky_samples/mmto/mmto-skycam/<date>/<date>__#_#_#.fits.bz#,0,0.00-0.25,265,258,258,0,258,0,0,0,7
e228acfae53763aec5c9d8f6cded7e7d1cd4ab6bbe29355c01c117a2abfed6cf,1411x1422|/home/pth/workshop/wide-field-solver/raw_allsky_samples/mmto/mmto-skycam/<date>/<date>__#_#_#.fits.bz#,0,0.25-0.50,554,529,529,0,529,0,0,0,25
e228acfae53763aec5c9d8f6cded7e7d1cd4ab6bbe29355c01c117a2abfed6cf,1411x1422|/home/pth/workshop/wide-field-solver/raw_allsky_samples/mmto/mmto-skycam/<date>/<date>__#_#_#.fits.bz#,0,0.50-0.75,143,72,72,0,72,0,0,0,71
e258d44122c072ddc8f84f7b438fdd71066ef2d602dbd1666ffab8fb500fef8f,1411x1422|/home/pth/workshop/wide-field-solver/raw_allsky_samples/mmto/mmto-skycam/<date>/<date>__#_#_#.fits.bz#,0,0.00-0.25,39,36,36,0,36,0,0,0,3
e258d44122c072ddc8f84f7b438fdd71066ef2d602dbd1666ffab8fb500fef8f,1411x1422|/home/pth/workshop/wide-field-solver/raw_allsky_samples/mmto/mmto-skycam/<date>/<date>__#_#_#.fits.bz#,0,0.25-0.50,61,55,55,0,55,0,0,0,6
e258d44122c072ddc8f84f7b438fdd71066ef2d602dbd1666ffab8fb500fef8f,1411x1422|/home/pth/workshop/wide-field-solver/raw_allsky_samples/mmto/mmto-skycam/<date>/<date>__#_#_#.fits.bz#,0,0.50-0.75,20,5,5,0,5,0,0,0,15
e25c43d349e11382670295e283573f77b1b3352d3e2c1ba7bbfa8ef5f9339633,1411x1422|/home/pth/workshop/wide-field-solver/raw_allsky_samples/mmto/mmto-skycam/<date>/<date>__#_#_#.fits.bz#,4,0.00-0.25,121,116,116,0,115,1,0,0,5
e25c43d349e11382670295e283573f77b1b3352d3e2c1ba7bbfa8ef5f9339633,1411x1422|/home/pth/workshop/wide-field-solver/raw_allsky_samples/mmto/mmto-skycam/<date>/<date>__#_#_#.fits.bz#,4,0.25-0.50,259,243,243,0,243,0,0,0,16
e25c43d349e11382670295e283573f77b1b3352d3e2c1ba7bbfa8ef5f9339633,1411x1422|/home/pth/workshop/wide-field-solver/raw_allsky_samples/mmto/mmto-skycam/<date>/<date>__#_#_#.fits.bz#,4,0.50-0.75,90,39,41,2,37,2,2,0,49
e367afa9686c5a9524113b56f96fa14a0e3d96ddaa7ce2109846004df8ea84aa,1411x1422|/home/pth/workshop/wide-field-solver/raw_allsky_samples/mmto/mmto-skycam/<date>/<date>__#_#_#.fits.bz#,0,0.00-0.25,289,282,282,0,282,0,0,0,7
e367afa9686c5a9524113b56f96fa14a0e3d96ddaa7ce2109846004df8ea84aa,1411x1422|/home/pth/workshop/wide-field-solver/raw_allsky_samples/mmto/mmto-skycam/<date>/<date>__#_#_#.fits.bz#,0,0.25-0.50,882,862,862,0,862,0,0,0,20
e367afa9686c5a9524113b56f96fa14a0e3d96ddaa7ce2109846004df8ea84aa,1411x1422|/home/pth/workshop/wide-field-solver/raw_allsky_samples/mmto/mmto-skycam/<date>/<date>__#_#_#.fits.bz#,0,0.50-0.75,368,280,280,0,280,0,0,0,88
e3c5c5be86996e6250d528e1059c5bb375f5ffa7456529ca5b6f1c48a9f994a8,1411x1422|/home/pth/workshop/wide-field-solver/raw_allsky_samples/mmto/mmto-skycam/<date>/<date>__#_#_#.fits.bz#,5,0.00-0.25,72,67,67,0,65,2,0,0,5
e3c5c5be86996e6250d528e1059c5bb375f5ffa7456529ca5b6f1c48a9f994a8,1411x1422|/home/pth/workshop/wide-field-solver/raw_allsky_samples/mmto/mmto-skycam/<date>/<date>__#_#_#.fits.bz#,5,0.25-0.50,253,235,236,1,232,3,1,0,17
e3c5c5be86996e6250d528e1059c5bb375f5ffa7456529ca5b6f1c48a9f994a8,1411x1422|/home/pth/workshop/wide-field-solver/raw_allsky_samples/mmto/mmto-skycam/<date>/<date>__#_#_#.fits.bz#,5,0.50-0.75,126,63,67,4,59,4,4,0,59
e3e772045b805d91ead31330bebc297e37b02fdfc62d4f4bb6c42b9064362de8,1411x1422|/home/pth/workshop/wide-field-solver/raw_allsky_samples/mmto/mmto-skycam/<date>/<date>__#_#_#.fits.bz#,0,0.00-0.25,252,248,248,0,248,0,0,0,4
e3e772045b805d91ead31330bebc297e37b02fdfc62d4f4bb6c42b9064362de8,1411x1422|/home/pth/workshop/wide-field-solver/raw_allsky_samples/mmto/mmto-skycam/<date>/<date>__#_#_#.fits.bz#,0,0.25-0.50,714,697,697,0,697,0,0,0,17
e3e772045b805d91ead31330bebc297e37b02fdfc62d4f4bb6c42b9064362de8,1411x1422|/home/pth/workshop/wide-field-solver/raw_allsky_samples/mmto/mmto-skycam/<date>/<date>__#_#_#.fits.bz#,0,0.50-0.75,284,206,206,0,206,0,0,0,78
e4881ba2fa71d4648af869795b6ac7be526f56202a06ef792e2fee631fc96cf9,672x1000|/home/pth/hentet/lithuania.png,0,0.00-0.25,49,48,48,0,48,0,0,0,1
e4881ba2fa71d4648af869795b6ac7be526f56202a06ef792e2fee631fc96cf9,672x1000|/home/pth/hentet/lithuania.png,0,0.25-0.50,87,59,59,0,59,0,0,0,28
e4881ba2fa71d4648af869795b6ac7be526f56202a06ef792e2fee631fc96cf9,672x1000|/home/pth/hentet/lithuania.png,0,0.50-0.75,4,0,0,0,0,0,0,0,4
e69f8c5fcc0e2fbd22464601e5f4efa1e82c351a34655f405a7e0e0af8bb24ca,1411x1422|/home/pth/workshop/wide-field-solver/raw_allsky_samples/mmto/mmto-skycam/<date>/<date>__#_#_#.fits.bz#,0,0.00-0.25,193,186,186,0,186,0,0,0,7
e69f8c5fcc0e2fbd22464601e5f4efa1e82c351a34655f405a7e0e0af8bb24ca,1411x1422|/home/pth/workshop/wide-field-solver/raw_allsky_samples/mmto/mmto-skycam/<date>/<date>__#_#_#.fits.bz#,0,0.25-0.50,404,395,395,0,395,0,0,0,9
e69f8c5fcc0e2fbd22464601e5f4efa1e82c351a34655f405a7e0e0af8bb24ca,1411x1422|/home/pth/workshop/wide-field-solver/raw_allsky_samples/mmto/mmto-skycam/<date>/<date>__#_#_#.fits.bz#,0,0.50-0.75,112,68,68,0,68,0,0,0,44
e79ff5ef77b99addf568f06cc72be41eac741ab9ff8f57611770a7f1cc9a8a7f,1411x1422|/home/pth/workshop/wide-field-solver/raw_allsky_samples/mmto/mmto-skycam/<date>/<date>__#_#_#.fits.bz#,0,0.00-0.25,231,221,221,0,221,0,0,0,10
e79ff5ef77b99addf568f06cc72be41eac741ab9ff8f57611770a7f1cc9a8a7f,1411x1422|/home/pth/workshop/wide-field-solver/raw_allsky_samples/mmto/mmto-skycam/<date>/<date>__#_#_#.fits.bz#,0,0.25-0.50,541,512,512,0,512,0,0,0,29
e79ff5ef77b99addf568f06cc72be41eac741ab9ff8f57611770a7f1cc9a8a7f,1411x1422|/home/pth/workshop/wide-field-solver/raw_allsky_samples/mmto/mmto-skycam/<date>/<date>__#_#_#.fits.bz#,0,0.50-0.75,151,82,82,0,82,0,0,0,69
e86231f0f6028504e1d67ecf0c17359dee376f90dfc3726e0fa37f88482a413b,1411x1422|/home/pth/workshop/wide-field-solver/raw_allsky_samples/mmto/mmto-skycam/<date>/<date>__#_#_#.fits.bz#,0,0.00-0.25,206,200,200,0,200,0,0,0,6
e86231f0f6028504e1d67ecf0c17359dee376f90dfc3726e0fa37f88482a413b,1411x1422|/home/pth/workshop/wide-field-solver/raw_allsky_samples/mmto/mmto-skycam/<date>/<date>__#_#_#.fits.bz#,0,0.25-0.50,604,585,585,0,585,0,0,0,19
e86231f0f6028504e1d67ecf0c17359dee376f90dfc3726e0fa37f88482a413b,1411x1422|/home/pth/workshop/wide-field-solver/raw_allsky_samples/mmto/mmto-skycam/<date>/<date>__#_#_#.fits.bz#,0,0.50-0.75,241,170,170,0,170,0,0,0,71
e95413796109a85e49263e47924b20a75465964d9bed0c0a6000c44341775d00,3672x3672|/home/pth/skrivebord/fisheeyeimagesnotrailser/subaru_maunakea_<date>t#z.jpg,0,0.00-0.25,1331,1280,1280,0,1280,0,0,0,51
e95413796109a85e49263e47924b20a75465964d9bed0c0a6000c44341775d00,3672x3672|/home/pth/skrivebord/fisheeyeimagesnotrailser/subaru_maunakea_<date>t#z.jpg,0,0.25-0.50,2007,1944,1944,0,1944,0,0,0,63
e95413796109a85e49263e47924b20a75465964d9bed0c0a6000c44341775d00,3672x3672|/home/pth/skrivebord/fisheeyeimagesnotrailser/subaru_maunakea_<date>t#z.jpg,0,0.50-0.75,549,336,336,0,336,0,0,0,213
ea09bda56c11e5eeab29f3e1cbf296031212c251508dca13e21326982c941b5c,4096x4096|/home/pth/workshop/wide-field-solver/eso_downloads/trial/apicam.<date>t#:#:#.#.fits,0,0.00-0.25,3152,1833,1833,0,1833,0,0,0,1319
ea09bda56c11e5eeab29f3e1cbf296031212c251508dca13e21326982c941b5c,4096x4096|/home/pth/workshop/wide-field-solver/eso_downloads/trial/apicam.<date>t#:#:#.#.fits,0,0.25-0.50,7570,5695,5695,0,5695,0,0,0,1875
ea09bda56c11e5eeab29f3e1cbf296031212c251508dca13e21326982c941b5c,4096x4096|/home/pth/workshop/wide-field-solver/eso_downloads/trial/apicam.<date>t#:#:#.#.fits,0,0.50-0.75,2843,2667,2667,0,2667,0,0,0,176
eaa7db6209061d6b17480dde9115ec29d30782c3d9fc57842004eab3f0749406,1411x1422|/home/pth/workshop/wide-field-solver/raw_allsky_samples/mmto/mmto-skycam/<date>/<date>__#_#_#.fits.bz#,0,0.00-0.25,218,214,214,0,214,0,0,0,4
eaa7db6209061d6b17480dde9115ec29d30782c3d9fc57842004eab3f0749406,1411x1422|/home/pth/workshop/wide-field-solver/raw_allsky_samples/mmto/mmto-skycam/<date>/<date>__#_#_#.fits.bz#,0,0.25-0.50,545,528,528,0,528,0,0,0,17
eaa7db6209061d6b17480dde9115ec29d30782c3d9fc57842004eab3f0749406,1411x1422|/home/pth/workshop/wide-field-solver/raw_allsky_samples/mmto/mmto-skycam/<date>/<date>__#_#_#.fits.bz#,0,0.50-0.75,225,155,155,0,155,0,0,0,70
eaa95e726abff8fc0e9ad228a68540b35eddca35db35f11a2fab025f35c5f996,4096x4096|/home/pth/workshop/wide-field-solver/eso_downloads/trial/apicam.<date>t#:#:#.#.fits,0,0.00-0.25,2684,2188,2188,0,2188,0,0,0,496
eaa95e726abff8fc0e9ad228a68540b35eddca35db35f11a2fab025f35c5f996,4096x4096|/home/pth/workshop/wide-field-solver/eso_downloads/trial/apicam.<date>t#:#:#.#.fits,0,0.25-0.50,5467,4952,4952,0,4952,0,0,0,515
eaa95e726abff8fc0e9ad228a68540b35eddca35db35f11a2fab025f35c5f996,4096x4096|/home/pth/workshop/wide-field-solver/eso_downloads/trial/apicam.<date>t#:#:#.#.fits,0,0.50-0.75,1731,1681,1681,0,1681,0,0,0,50
eb4fbbe32a105464f5e01baa54165c601b8490c0cc60d2bb1214ac5079950d06,3672x3672|/home/pth/skrivebord/fisheeyeimagesnotrailser/subaru_maunakea_<date>t#z.jpg,0,0.00-0.25,1395,1332,1332,0,1332,0,0,0,63
eb4fbbe32a105464f5e01baa54165c601b8490c0cc60d2bb1214ac5079950d06,3672x3672|/home/pth/skrivebord/fisheeyeimagesnotrailser/subaru_maunakea_<date>t#z.jpg,0,0.25-0.50,2172,2113,2113,0,2113,0,0,0,59
eb4fbbe32a105464f5e01baa54165c601b8490c0cc60d2bb1214ac5079950d06,3672x3672|/home/pth/skrivebord/fisheeyeimagesnotrailser/subaru_maunakea_<date>t#z.jpg,0,0.50-0.75,569,351,351,0,351,0,0,0,218
eb7d7640a494d7bb2df8cae3da51c0b5999760b8a63a149207b5d123274ab062,1411x1422|/home/pth/workshop/wide-field-solver/raw_allsky_samples/mmto/mmto-skycam/<date>/<date>__#_#_#.fits.bz#,0,0.00-0.25,234,229,229,0,229,0,0,0,5
eb7d7640a494d7bb2df8cae3da51c0b5999760b8a63a149207b5d123274ab062,1411x1422|/home/pth/workshop/wide-field-solver/raw_allsky_samples/mmto/mmto-skycam/<date>/<date>__#_#_#.fits.bz#,0,0.25-0.50,696,673,673,0,673,0,0,0,23
eb7d7640a494d7bb2df8cae3da51c0b5999760b8a63a149207b5d123274ab062,1411x1422|/home/pth/workshop/wide-field-solver/raw_allsky_samples/mmto/mmto-skycam/<date>/<date>__#_#_#.fits.bz#,0,0.50-0.75,243,167,167,0,167,0,0,0,76
ec71bca7142a8e9bc04ee2b91661b63f28a65cc42444ecc0c15dce504d887733,3672x3672|/home/pth/skrivebord/fisheeyeimagesnotrailser/subaru_maunakea_<date>t#z.jpg,0,0.00-0.25,1356,1294,1294,0,1294,0,0,0,62
ec71bca7142a8e9bc04ee2b91661b63f28a65cc42444ecc0c15dce504d887733,3672x3672|/home/pth/skrivebord/fisheeyeimagesnotrailser/subaru_maunakea_<date>t#z.jpg,0,0.25-0.50,2222,2128,2128,0,2128,0,0,0,94
ec71bca7142a8e9bc04ee2b91661b63f28a65cc42444ecc0c15dce504d887733,3672x3672|/home/pth/skrivebord/fisheeyeimagesnotrailser/subaru_maunakea_<date>t#z.jpg,0,0.50-0.75,623,393,393,0,393,0,0,0,230
ecafac93b4421ca2e73d9e769602c9ca3460353852c42268d23cb97b1927eda9,4096x4096|/home/pth/workshop/wide-field-solver/eso_downloads/trial/apicam.<date>t#:#:#.#.fits,0,0.00-0.25,3081,1741,1741,0,1741,0,0,0,1340
ecafac93b4421ca2e73d9e769602c9ca3460353852c42268d23cb97b1927eda9,4096x4096|/home/pth/workshop/wide-field-solver/eso_downloads/trial/apicam.<date>t#:#:#.#.fits,0,0.25-0.50,7642,5610,5610,0,5610,0,0,0,2032
ecafac93b4421ca2e73d9e769602c9ca3460353852c42268d23cb97b1927eda9,4096x4096|/home/pth/workshop/wide-field-solver/eso_downloads/trial/apicam.<date>t#:#:#.#.fits,0,0.50-0.75,2927,2741,2741,0,2741,0,0,0,186
ed0bbf0f4d40febda19910479d1930ff913a502d204551c131e1163427d42544,4096x4096|/home/pth/workshop/wide-field-solver/eso_downloads/trial/apicam.<date>t#:#:#.#.fits,0,0.00-0.25,3070,2163,2163,0,2163,0,0,0,907
ed0bbf0f4d40febda19910479d1930ff913a502d204551c131e1163427d42544,4096x4096|/home/pth/workshop/wide-field-solver/eso_downloads/trial/apicam.<date>t#:#:#.#.fits,0,0.25-0.50,7062,5576,5576,0,5576,0,0,0,1486
ed0bbf0f4d40febda19910479d1930ff913a502d204551c131e1163427d42544,4096x4096|/home/pth/workshop/wide-field-solver/eso_downloads/trial/apicam.<date>t#:#:#.#.fits,0,0.50-0.75,2435,2279,2279,0,2279,0,0,0,156
ed401b93f3a9a7843b99f4a35d60123add1b7ebece8a312a156d72a618bb235c,4096x4096|/home/pth/workshop/wide-field-solver/eso_downloads/trial/apicam.<date>t#:#:#.#.fits,0,0.00-0.25,3081,2192,2192,0,2192,0,0,0,889
ed401b93f3a9a7843b99f4a35d60123add1b7ebece8a312a156d72a618bb235c,4096x4096|/home/pth/workshop/wide-field-solver/eso_downloads/trial/apicam.<date>t#:#:#.#.fits,0,0.25-0.50,7109,5577,5577,0,5577,0,0,0,1532
ed401b93f3a9a7843b99f4a35d60123add1b7ebece8a312a156d72a618bb235c,4096x4096|/home/pth/workshop/wide-field-solver/eso_downloads/trial/apicam.<date>t#:#:#.#.fits,0,0.50-0.75,2354,2209,2209,0,2209,0,0,0,145
ed607f5a2a8e92fc5eec6b5e0d92fa0cd284c9a6e3d2f23517717f4182fe90f7,4096x4096|/home/pth/workshop/wide-field-solver/eso_downloads/trial/apicam.<date>t#:#:#.#.fits,0,0.00-0.25,2876,2123,2123,0,2123,0,0,0,753
ed607f5a2a8e92fc5eec6b5e0d92fa0cd284c9a6e3d2f23517717f4182fe90f7,4096x4096|/home/pth/workshop/wide-field-solver/eso_downloads/trial/apicam.<date>t#:#:#.#.fits,0,0.25-0.50,6878,5460,5460,0,5460,0,0,0,1418
ed607f5a2a8e92fc5eec6b5e0d92fa0cd284c9a6e3d2f23517717f4182fe90f7,4096x4096|/home/pth/workshop/wide-field-solver/eso_downloads/trial/apicam.<date>t#:#:#.#.fits,0,0.50-0.75,2347,2183,2183,0,2183,0,0,0,164
ed8bbaf1ae797e5d26d334918d831525c42cc10fc2f1f10fb3fbc9a4ebc6775e,488x652|/home/pth/workshop/wide-field-solver/data/zenodo-#/all/g_darksubtracted_jd#.#<date>#.fits,0,0.00-0.25,23,22,22,0,22,0,0,0,1
ed8bbaf1ae797e5d26d334918d831525c42cc10fc2f1f10fb3fbc9a4ebc6775e,488x652|/home/pth/workshop/wide-field-solver/data/zenodo-#/all/g_darksubtracted_jd#.#<date>#.fits,0,0.25-0.50,64,62,62,0,62,0,0,0,2
ed8bbaf1ae797e5d26d334918d831525c42cc10fc2f1f10fb3fbc9a4ebc6775e,488x652|/home/pth/workshop/wide-field-solver/data/zenodo-#/all/g_darksubtracted_jd#.#<date>#.fits,0,0.50-0.75,20,18,18,0,18,0,0,0,2
ef25c8e633dc072c81bd642a3371e438504ded3a43f1f9f474cddd60edc0d5a1,4096x4096|/home/pth/workshop/wide-field-solver/eso_downloads/trial/apicam.<date>t#:#:#.#.fits,0,0.00-0.25,2890,2119,2119,0,2119,0,0,0,771
ef25c8e633dc072c81bd642a3371e438504ded3a43f1f9f474cddd60edc0d5a1,4096x4096|/home/pth/workshop/wide-field-solver/eso_downloads/trial/apicam.<date>t#:#:#.#.fits,0,0.25-0.50,6860,5482,5482,0,5482,0,0,0,1378
ef25c8e633dc072c81bd642a3371e438504ded3a43f1f9f474cddd60edc0d5a1,4096x4096|/home/pth/workshop/wide-field-solver/eso_downloads/trial/apicam.<date>t#:#:#.#.fits,0,0.50-0.75,2279,2124,2124,0,2124,0,0,0,155
ef50ad44d6d455c6cd08f4f75f7bca6538a2b4e3355c9bd5ad8a178fc2c7ebc4,1411x1422|/home/pth/workshop/wide-field-solver/raw_allsky_samples/mmto/mmto-skycam/<date>/<date>__#_#_#.fits.bz#,0,0.00-0.25,118,116,116,0,116,0,0,0,2
ef50ad44d6d455c6cd08f4f75f7bca6538a2b4e3355c9bd5ad8a178fc2c7ebc4,1411x1422|/home/pth/workshop/wide-field-solver/raw_allsky_samples/mmto/mmto-skycam/<date>/<date>__#_#_#.fits.bz#,0,0.25-0.50,160,144,144,0,144,0,0,0,16
ef50ad44d6d455c6cd08f4f75f7bca6538a2b4e3355c9bd5ad8a178fc2c7ebc4,1411x1422|/home/pth/workshop/wide-field-solver/raw_allsky_samples/mmto/mmto-skycam/<date>/<date>__#_#_#.fits.bz#,0,0.50-0.75,57,32,32,0,32,0,0,0,25
efa45fde2bd42ef815321dc0456b38e1e3492fe46b3d8989a04e0bfdb75dc653,1411x1422|/home/pth/workshop/wide-field-solver/raw_allsky_samples/mmto/mmto-skycam/<date>/<date>__#_#_#.fits.bz#,0,0.00-0.25,186,183,183,0,183,0,0,0,3
efa45fde2bd42ef815321dc0456b38e1e3492fe46b3d8989a04e0bfdb75dc653,1411x1422|/home/pth/workshop/wide-field-solver/raw_allsky_samples/mmto/mmto-skycam/<date>/<date>__#_#_#.fits.bz#,0,0.25-0.50,439,423,423,0,423,0,0,0,16
efa45fde2bd42ef815321dc0456b38e1e3492fe46b3d8989a04e0bfdb75dc653,1411x1422|/home/pth/workshop/wide-field-solver/raw_allsky_samples/mmto/mmto-skycam/<date>/<date>__#_#_#.fits.bz#,0,0.50-0.75,213,154,154,0,154,0,0,0,59
f043f681e1a18f1741f7f261235d79041acae57671e2a31afb8a26d7bcb42c44,1411x1422|/home/pth/workshop/wide-field-solver/raw_allsky_samples/mmto/mmto-skycam/<date>/<date>__#_#_#.fits.bz#,0,0.00-0.25,280,268,268,0,268,0,0,0,12
f043f681e1a18f1741f7f261235d79041acae57671e2a31afb8a26d7bcb42c44,1411x1422|/home/pth/workshop/wide-field-solver/raw_allsky_samples/mmto/mmto-skycam/<date>/<date>__#_#_#.fits.bz#,0,0.25-0.50,789,757,757,0,757,0,0,0,32
f043f681e1a18f1741f7f261235d79041acae57671e2a31afb8a26d7bcb42c44,1411x1422|/home/pth/workshop/wide-field-solver/raw_allsky_samples/mmto/mmto-skycam/<date>/<date>__#_#_#.fits.bz#,0,0.50-0.75,263,181,181,0,181,0,0,0,82
f1a21afab0d737a54cc7647946df653c3f18b9437707c4866cd033f887daf692,4096x4096|/home/pth/workshop/wide-field-solver/eso_downloads/trial/apicam.<date>t#:#:#.#.fits,0,0.00-0.25,2928,2127,2127,0,2127,0,0,0,801
f1a21afab0d737a54cc7647946df653c3f18b9437707c4866cd033f887daf692,4096x4096|/home/pth/workshop/wide-field-solver/eso_downloads/trial/apicam.<date>t#:#:#.#.fits,0,0.25-0.50,7022,5575,5575,0,5575,0,0,0,1447
f1a21afab0d737a54cc7647946df653c3f18b9437707c4866cd033f887daf692,4096x4096|/home/pth/workshop/wide-field-solver/eso_downloads/trial/apicam.<date>t#:#:#.#.fits,0,0.50-0.75,2337,2181,2181,0,2181,0,0,0,156
f24763bad78a79da4eec2d48af0f12db307f43ee582cff631f3296748196c426,1411x1422|/home/pth/workshop/wide-field-solver/raw_allsky_samples/mmto/mmto-skycam/<date>/<date>__#_#_#.fits.bz#,0,0.00-0.25,38,34,34,0,34,0,0,0,4
f24763bad78a79da4eec2d48af0f12db307f43ee582cff631f3296748196c426,1411x1422|/home/pth/workshop/wide-field-solver/raw_allsky_samples/mmto/mmto-skycam/<date>/<date>__#_#_#.fits.bz#,0,0.25-0.50,60,50,50,0,50,0,0,0,10
f24763bad78a79da4eec2d48af0f12db307f43ee582cff631f3296748196c426,1411x1422|/home/pth/workshop/wide-field-solver/raw_allsky_samples/mmto/mmto-skycam/<date>/<date>__#_#_#.fits.bz#,0,0.50-0.75,17,5,5,0,5,0,0,0,12
f26888556ca695f89d45eaf0946d1e4c1e1d05989eb68d3eee4c7192c02355ec,1411x1422|/home/pth/workshop/wide-field-solver/raw_allsky_samples/mmto/mmto-skycam/<date>/<date>__#_#_#.fits.bz#,4,0.00-0.25,337,329,329,0,323,6,0,0,8
f26888556ca695f89d45eaf0946d1e4c1e1d05989eb68d3eee4c7192c02355ec,1411x1422|/home/pth/workshop/wide-field-solver/raw_allsky_samples/mmto/mmto-skycam/<date>/<date>__#_#_#.fits.bz#,4,0.25-0.50,874,855,854,-1,837,16,1,2,18
f26888556ca695f89d45eaf0946d1e4c1e1d05989eb68d3eee4c7192c02355ec,1411x1422|/home/pth/workshop/wide-field-solver/raw_allsky_samples/mmto/mmto-skycam/<date>/<date>__#_#_#.fits.bz#,4,0.50-0.75,339,264,280,16,261,2,17,1,58
f4a42e627fd7e415f1630ce41824c254ec390812df996b846bb3d5dd7130f925,4096x4096|/home/pth/workshop/wide-field-solver/eso_downloads/trial/apicam.<date>t#:#:#.#.fits,0,0.00-0.25,2834,2107,2107,0,2107,0,0,0,727
f4a42e627fd7e415f1630ce41824c254ec390812df996b846bb3d5dd7130f925,4096x4096|/home/pth/workshop/wide-field-solver/eso_downloads/trial/apicam.<date>t#:#:#.#.fits,0,0.25-0.50,6785,5451,5451,0,5451,0,0,0,1334
f4a42e627fd7e415f1630ce41824c254ec390812df996b846bb3d5dd7130f925,4096x4096|/home/pth/workshop/wide-field-solver/eso_downloads/trial/apicam.<date>t#:#:#.#.fits,0,0.50-0.75,2288,2147,2147,0,2147,0,0,0,141
f4b6dc286f1f84ed28cc4f6106a7766bd6fe88d8280dbe8849db2f00dbc38a72,1411x1422|/home/pth/workshop/wide-field-solver/raw_allsky_samples/mmto/mmto-skycam/<date>/<date>__#_#_#.fits.bz#,0,0.00-0.25,301,293,293,0,293,0,0,0,8
f4b6dc286f1f84ed28cc4f6106a7766bd6fe88d8280dbe8849db2f00dbc38a72,1411x1422|/home/pth/workshop/wide-field-solver/raw_allsky_samples/mmto/mmto-skycam/<date>/<date>__#_#_#.fits.bz#,0,0.25-0.50,920,899,899,0,899,0,0,0,21
f4b6dc286f1f84ed28cc4f6106a7766bd6fe88d8280dbe8849db2f00dbc38a72,1411x1422|/home/pth/workshop/wide-field-solver/raw_allsky_samples/mmto/mmto-skycam/<date>/<date>__#_#_#.fits.bz#,0,0.50-0.75,416,326,326,0,326,0,0,0,90
f52def39ae29135f43263569ca2bfa2c818222a14fa25059be198a99582a23e3,1411x1422|/home/pth/workshop/wide-field-solver/raw_allsky_samples/mmto/mmto-skycam/<date>/<date>__#_#_#.fits.bz#,0,0.00-0.25,242,234,234,0,234,0,0,0,8
f52def39ae29135f43263569ca2bfa2c818222a14fa25059be198a99582a23e3,1411x1422|/home/pth/workshop/wide-field-solver/raw_allsky_samples/mmto/mmto-skycam/<date>/<date>__#_#_#.fits.bz#,0,0.25-0.50,511,481,481,0,481,0,0,0,30
f52def39ae29135f43263569ca2bfa2c818222a14fa25059be198a99582a23e3,1411x1422|/home/pth/workshop/wide-field-solver/raw_allsky_samples/mmto/mmto-skycam/<date>/<date>__#_#_#.fits.bz#,0,0.50-0.75,148,76,76,0,76,0,0,0,72
f82a9f65ac1b061f8b8649002ed020b3277f09cf6a5840034ee6e06f10ebb807,3672x3672|/home/pth/skrivebord/fisheeyeimagesnotrailser/subaru_maunakea_<date>t#z.jpg,0,0.00-0.25,1498,1403,1403,0,1403,0,0,0,95
f82a9f65ac1b061f8b8649002ed020b3277f09cf6a5840034ee6e06f10ebb807,3672x3672|/home/pth/skrivebord/fisheeyeimagesnotrailser/subaru_maunakea_<date>t#z.jpg,0,0.25-0.50,2744,2625,2625,0,2625,0,0,0,119
f82a9f65ac1b061f8b8649002ed020b3277f09cf6a5840034ee6e06f10ebb807,3672x3672|/home/pth/skrivebord/fisheeyeimagesnotrailser/subaru_maunakea_<date>t#z.jpg,0,0.50-0.75,1033,496,496,0,496,0,0,0,537
f853ebf1a87f37d85f3f3adc52f12bb0e7d5c7ba877b7166e0d4f0b586da6996,488x652|/home/pth/workshop/wide-field-solver/data/zenodo-#/all/r_darksubtracted_jd#.#<date>#.fits,0,0.00-0.25,35,32,32,0,32,0,0,0,3
f853ebf1a87f37d85f3f3adc52f12bb0e7d5c7ba877b7166e0d4f0b586da6996,488x652|/home/pth/workshop/wide-field-solver/data/zenodo-#/all/r_darksubtracted_jd#.#<date>#.fits,0,0.25-0.50,91,85,85,0,85,0,0,0,6
f853ebf1a87f37d85f3f3adc52f12bb0e7d5c7ba877b7166e0d4f0b586da6996,488x652|/home/pth/workshop/wide-field-solver/data/zenodo-#/all/r_darksubtracted_jd#.#<date>#.fits,0,0.50-0.75,35,25,25,0,25,0,0,0,10
f853ebf1a87f37d85f3f3adc52f12bb0e7d5c7ba877b7166e0d4f0b586da6996,488x652|/home/pth/workshop/wide-field-solver/data/zenodo-#/all/r_darksubtracted_jd#.#<date>#.fits,0,0.75-1.00,1,1,1,0,1,0,0,0,0
f85f237735bb492b6f9c01a382416e0790ab13a8f64991b372daa0433849a950,4096x4096|/home/pth/workshop/wide-field-solver/eso_downloads/trial/apicam.<date>t#:#:#.#.fits,0,0.00-0.25,3145,2151,2151,0,2151,0,0,0,994
f85f237735bb492b6f9c01a382416e0790ab13a8f64991b372daa0433849a950,4096x4096|/home/pth/workshop/wide-field-solver/eso_downloads/trial/apicam.<date>t#:#:#.#.fits,0,0.25-0.50,7091,5556,5556,0,5556,0,0,0,1535
f85f237735bb492b6f9c01a382416e0790ab13a8f64991b372daa0433849a950,4096x4096|/home/pth/workshop/wide-field-solver/eso_downloads/trial/apicam.<date>t#:#:#.#.fits,0,0.50-0.75,2513,2353,2353,0,2353,0,0,0,160
f92d04e33ca6b6435734ada7fd88e71b6bfac2690423e8de7649dac357b25bf8,4096x4096|/home/pth/workshop/wide-field-solver/eso_downloads/trial/apicam.<date>t#:#:#.#.fits,0,0.00-0.25,3311,2151,2151,0,2151,0,0,0,1160
f92d04e33ca6b6435734ada7fd88e71b6bfac2690423e8de7649dac357b25bf8,4096x4096|/home/pth/workshop/wide-field-solver/eso_downloads/trial/apicam.<date>t#:#:#.#.fits,0,0.25-0.50,7485,5802,5802,0,5802,0,0,0,1683
f92d04e33ca6b6435734ada7fd88e71b6bfac2690423e8de7649dac357b25bf8,4096x4096|/home/pth/workshop/wide-field-solver/eso_downloads/trial/apicam.<date>t#:#:#.#.fits,0,0.50-0.75,2795,2579,2579,0,2579,0,0,0,216
f94f80dee80dfaec82717c7cbd4ff27e78004d43963f73b4b90d093b9f89ad4e,1411x1422|/home/pth/workshop/wide-field-solver/raw_allsky_samples/mmto/mmto-skycam/<date>/<date>__#_#_#.fits.bz#,0,0.00-0.25,83,76,76,0,76,0,0,0,7
f94f80dee80dfaec82717c7cbd4ff27e78004d43963f73b4b90d093b9f89ad4e,1411x1422|/home/pth/workshop/wide-field-solver/raw_allsky_samples/mmto/mmto-skycam/<date>/<date>__#_#_#.fits.bz#,0,0.25-0.50,204,189,189,0,189,0,0,0,15
f94f80dee80dfaec82717c7cbd4ff27e78004d43963f73b4b90d093b9f89ad4e,1411x1422|/home/pth/workshop/wide-field-solver/raw_allsky_samples/mmto/mmto-skycam/<date>/<date>__#_#_#.fits.bz#,0,0.50-0.75,129,75,75,0,75,0,0,0,54
f97fe47bcc6f34ec222e6c661e7d01a8e64b7fa025430110e543309d32983576,1411x1422|/home/pth/workshop/wide-field-solver/raw_allsky_samples/mmto/mmto-skycam/<date>/<date>__#_#_#.fits.bz#,0,0.00-0.25,186,181,181,0,181,0,0,0,5
f97fe47bcc6f34ec222e6c661e7d01a8e64b7fa025430110e543309d32983576,1411x1422|/home/pth/workshop/wide-field-solver/raw_allsky_samples/mmto/mmto-skycam/<date>/<date>__#_#_#.fits.bz#,0,0.25-0.50,516,502,502,0,502,0,0,0,14
f97fe47bcc6f34ec222e6c661e7d01a8e64b7fa025430110e543309d32983576,1411x1422|/home/pth/workshop/wide-field-solver/raw_allsky_samples/mmto/mmto-skycam/<date>/<date>__#_#_#.fits.bz#,0,0.50-0.75,200,131,131,0,131,0,0,0,69
f98ba93297eb23058e5257f2a1d85c1f463506b765fbdf06ad7a44189157437b,1411x1422|/home/pth/workshop/wide-field-solver/raw_allsky_samples/mmto/mmto-skycam/<date>/<date>__#_#_#.fits.bz#,4,0.00-0.25,315,307,306,-1,297,9,0,1,8
f98ba93297eb23058e5257f2a1d85c1f463506b765fbdf06ad7a44189157437b,1411x1422|/home/pth/workshop/wide-field-solver/raw_allsky_samples/mmto/mmto-skycam/<date>/<date>__#_#_#.fits.bz#,4,0.25-0.50,862,842,841,-1,833,8,0,1,20
f98ba93297eb23058e5257f2a1d85c1f463506b765fbdf06ad7a44189157437b,1411x1422|/home/pth/workshop/wide-field-solver/raw_allsky_samples/mmto/mmto-skycam/<date>/<date>__#_#_#.fits.bz#,4,0.50-0.75,401,320,335,15,309,10,16,1,65
f9a7d0d5aa457a2b0f383caa454ccef1324629d92cc101653c65c7cf0e6a1f23,488x652|/home/pth/workshop/wide-field-solver/data/zenodo-#/all/r_darksubtracted_jd#.#<date>#.fits,0,0.00-0.25,36,34,34,0,34,0,0,0,2
f9a7d0d5aa457a2b0f383caa454ccef1324629d92cc101653c65c7cf0e6a1f23,488x652|/home/pth/workshop/wide-field-solver/data/zenodo-#/all/r_darksubtracted_jd#.#<date>#.fits,0,0.25-0.50,79,74,74,0,74,0,0,0,5
f9a7d0d5aa457a2b0f383caa454ccef1324629d92cc101653c65c7cf0e6a1f23,488x652|/home/pth/workshop/wide-field-solver/data/zenodo-#/all/r_darksubtracted_jd#.#<date>#.fits,0,0.50-0.75,35,25,25,0,25,0,0,0,10
fa667700bf3127b5cf59159f475f230da2408fdee471f918ab56d514e5d1625d,1411x1422|/home/pth/workshop/wide-field-solver/raw_allsky_samples/mmto/mmto-skycam/<date>/<date>__#_#_#.fits.bz#,0,0.00-0.25,291,281,281,0,281,0,0,0,10
fa667700bf3127b5cf59159f475f230da2408fdee471f918ab56d514e5d1625d,1411x1422|/home/pth/workshop/wide-field-solver/raw_allsky_samples/mmto/mmto-skycam/<date>/<date>__#_#_#.fits.bz#,0,0.25-0.50,876,860,860,0,860,0,0,0,16
fa667700bf3127b5cf59159f475f230da2408fdee471f918ab56d514e5d1625d,1411x1422|/home/pth/workshop/wide-field-solver/raw_allsky_samples/mmto/mmto-skycam/<date>/<date>__#_#_#.fits.bz#,0,0.50-0.75,369,291,291,0,291,0,0,0,78
fbd7089152493a507d9e7b39cfd55ba0ea26f92025ffec8dc4017356f0a7db5f,1411x1422|/home/pth/workshop/wide-field-solver/raw_allsky_samples/mmto/mmto-skycam/<date>/<date>__#_#_#.fits.bz#,5,0.00-0.25,154,148,148,0,145,3,0,0,6
fbd7089152493a507d9e7b39cfd55ba0ea26f92025ffec8dc4017356f0a7db5f,1411x1422|/home/pth/workshop/wide-field-solver/raw_allsky_samples/mmto/mmto-skycam/<date>/<date>__#_#_#.fits.bz#,5,0.25-0.50,393,380,379,-1,378,1,0,1,13
fbd7089152493a507d9e7b39cfd55ba0ea26f92025ffec8dc4017356f0a7db5f,1411x1422|/home/pth/workshop/wide-field-solver/raw_allsky_samples/mmto/mmto-skycam/<date>/<date>__#_#_#.fits.bz#,5,0.50-0.75,159,93,98,5,92,1,5,0,61
fd8dd2b82a4c6230ca492f4a52625e2cdd9aea95ca7f907d11595d3b4ca3cc3f,1411x1422|/home/pth/workshop/wide-field-solver/raw_allsky_samples/mmto/mmto-skycam/<date>/<date>__#_#_#.fits.bz#,0,0.00-0.25,309,301,301,0,301,0,0,0,8
fd8dd2b82a4c6230ca492f4a52625e2cdd9aea95ca7f907d11595d3b4ca3cc3f,1411x1422|/home/pth/workshop/wide-field-solver/raw_allsky_samples/mmto/mmto-skycam/<date>/<date>__#_#_#.fits.bz#,0,0.25-0.50,870,852,852,0,852,0,0,0,18
fd8dd2b82a4c6230ca492f4a52625e2cdd9aea95ca7f907d11595d3b4ca3cc3f,1411x1422|/home/pth/workshop/wide-field-solver/raw_allsky_samples/mmto/mmto-skycam/<date>/<date>__#_#_#.fits.bz#,0,0.50-0.75,369,294,294,0,294,0,0,0,75
fe1d4acfa663e98c68cd513a5e88c367c3216b6f29d929a4ec847f173fee2a2d,1411x1422|/home/pth/workshop/wide-field-solver/raw_allsky_samples/mmto/mmto-skycam/<date>/<date>__#_#_#.fits.bz#,1,0.00-0.25,342,332,332,0,325,7,0,0,10
fe1d4acfa663e98c68cd513a5e88c367c3216b6f29d929a4ec847f173fee2a2d,1411x1422|/home/pth/workshop/wide-field-solver/raw_allsky_samples/mmto/mmto-skycam/<date>/<date>__#_#_#.fits.bz#,1,0.25-0.50,882,859,859,0,839,20,0,0,23
fe1d4acfa663e98c68cd513a5e88c367c3216b6f29d929a4ec847f173fee2a2d,1411x1422|/home/pth/workshop/wide-field-solver/raw_allsky_samples/mmto/mmto-skycam/<date>/<date>__#_#_#.fits.bz#,1,0.50-0.75,366,265,289,24,262,2,25,1,76
ff8bc20cff45359fe9a2fc6f7afbcf6533752a0511e3fe956a5b3d8941e20892,1411x1422|/home/pth/workshop/wide-field-solver/raw_allsky_samples/mmto/mmto-skycam/<date>/<date>__#_#_#.fits.bz#,2,0.00-0.25,257,252,253,1,249,3,1,0,4
ff8bc20cff45359fe9a2fc6f7afbcf6533752a0511e3fe956a5b3d8941e20892,1411x1422|/home/pth/workshop/wide-field-solver/raw_allsky_samples/mmto/mmto-skycam/<date>/<date>__#_#_#.fits.bz#,2,0.25-0.50,738,719,719,0,710,9,0,0,19
ff8bc20cff45359fe9a2fc6f7afbcf6533752a0511e3fe956a5b3d8941e20892,1411x1422|/home/pth/workshop/wide-field-solver/raw_allsky_samples/mmto/mmto-skycam/<date>/<date>__#_#_#.fits.bz#,2,0.50-0.75,224,153,160,7,151,1,8,1,63
