detection_id,x_px,y_px,flux_above_background,peak_above_background,peak_snr,area_px,major_sigma_px,axis_ratio,saturated,source_class,measurement_half_window_px,fitted_ra_deg,fitted_dec_deg,catalogue_star_id,classification
1,1225.2798247728063,1234.0880897290676,22524.94912007919,189.73845329646454,15.622162730139568,160,6.704734671272996,4.094868543942452,True,broad_blob,32,239.11124681919551,35.20317973528761,,unclassified_object
2,793.5275430392761,253.55419733605004,9838.24101801532,180.88103974638722,17.078809587683427,90,3.305311311045899,1.4396014740375875,True,broad_blob,16,56.7100291538804,24.179255836923552,TYC 1800-01908-1,unclassified_object
3,1067.4426227679335,316.95709233927994,3615.1798384107988,181.83054333872298,23.999880517987055,33,1.6002118661303315,1.2933804890969192,True,broad_blob,8,79.17450818499947,46.01846235581565,HIP 024608,unclassified_object
4,169.68809006398922,798.0358307038296,3503.6331736665325,192.0272636335217,28.19071892334705,30,2.0197632043900184,1.8906296353829257,True,broad_blob,8,344.48568611256525,-29.579921906250576,HIP 113368,unclassified_object
5,956.1065942395198,1151.431837560305,3413.5542870601785,185.48761140541686,20.168548379192043,31,1.405591453546417,1.100859864647685,True,compact,4,279.20258776986327,38.78259370699499,HIP 091262,unclassified_object
6,957.5542093375919,533.8163277885732,3218.778358001208,185.8511525036482,18.79981470729825,36,2.513285171301212,1.786723963360886,True,broad_blob,8,35.000579271891276,57.185918630871285,TYC 3694-01789-1,unclassified_object
7,617.4868734882809,1198.2611248746562,2749.563045631644,175.80233243641334,21.001775512300433,28,1.4553889214951967,1.2854938263855538,True,broad_blob,8,297.7225996198085,8.86677742296384,HIP 097649,unclassified_object
8,1417.9422144509156,900.2219166518216,2530.1570475913218,129.7765580562103,24.086296916733957,26,1.5627352314312246,1.5220803919409702,True,compact,4,201.0433383545148,54.893641892078485,TYC 3850-01384-1,unclassified_object
9,1408.6664770199368,679.6296792244708,2489.9000021997745,167.9401421596633,31.451509328495945,26,1.2365654600756735,1.0919849156779693,True,compact,4,165.9238432258931,61.7520107101586,HIP 054061,unclassified_object
10,1426.9062762843798,505.7516301885723,2331.5635656603645,150.54162105986933,31.127393590549424,26,2.856068761407268,3.758361208834527,True,broad_blob,8,143.4403514331272,51.75536004330545,TYC 3432-01451-1,unclassified_object
11,988.4784012973572,170.65510923329614,2325.0390237397787,166.99944832051926,24.885080541991638,23,1.2731332543551908,1.2379793211672487,True,compact,4,81.55558970350057,28.622906660860057,HIP 025428,unclassified_object
12,1432.4485525219882,850.1548844702525,2281.070861012742,138.78350143730805,23.57924454173039,25,1.300419774615955,1.1280165682349106,True,compact,4,193.49697055058445,55.91551350285617,HIP 062956,unclassified_object
13,274.33550501039696,542.6749805842533,2276.1309000419537,187.71228942302122,34.903710533906526,20,1.1309852606938562,1.1785520411897172,True,compact,4,10.89286546478324,-17.96434701376979,TYC 5847-02333-1,unclassified_object
14,1254.6491020795268,873.9199101755593,2260.874173361158,205.41736939250737,34.64659524523775,17,1.439664400810594,1.8980086643541645,True,compact,4,229.87865212848908,71.83065572176608,TYC 4414-02314-1,unclassified_object
15,567.8991419649414,253.55748623935744,2244.8111068436074,199.28976496601365,33.46393586898115,20,1.3614359360010855,1.5996339362240397,True,compact,4,45.57281097438423,4.1496372029531905,TYC 0058-01618-1,unclassified_object
16,1127.246882700529,293.2720430310049,2218.5608525580146,177.53156052353884,24.70243674592946,20,1.3502430615292274,1.3789921808902819,True,broad_blob,8,89.8818890818579,44.92011043445892,HIP 028360,unclassified_object
17,1340.2759978829538,776.032784759655,2159.191269616109,189.52991550718386,30.929588643435952,22,1.601056746781003,2.055578487018281,True,broad_blob,8,188.53914829687858,69.90502847606434,TYC 4397-01799-1,unclassified_object
18,745.2903884052349,1199.6247499973917,2111.972213089385,172.93929900032694,18.918756374469865,25,1.7204289432823414,1.441328953010711,True,broad_blob,8,291.4779361558126,19.98727530044602,TYC 1608-01200-1,unclassified_object
19,1216.3220352523356,990.605785708753,2085.037059987808,189.45980397268417,28.854108052715283,17,1.1258804149856025,1.2875317274156275,True,compact,4,245.98614547969416,61.56228175136978,TYC 4190-02568-1,unclassified_object
20,1179.8494046058859,717.0518888235188,2049.4488367355425,208.48967051220822,35.795165206710614,16,1.2341471713574608,1.5327765743616253,True,compact,4,36.49772141001233,89.24410314842063,TYC 4628-00237-1,unclassified_object
21,946.5827861440955,632.3901390451592,2013.8133038726485,176.3464884818327,18.03294127066421,20,1.9103501997344365,2.738168264100547,True,broad_blob,8,14.15598693928339,60.53433356579697,TYC 4017-01864-1,unclassified_object
22,75.76803407130495,588.1936262094418,2011.194389352116,175.77339082967114,37.89722255830331,18,1.3192798193507702,1.6482354171297633,True,compact,4,6.581309591122545,-42.37725379858947,TYC 7527-01031-1,unclassified_object
23,706.143566236615,1168.2223942690262,2006.1824635416835,158.23101719801093,18.241676552719987,28,2.6178779799927865,2.5958663602013843,True,broad_blob,8,297.019025546599,18.802826252919676,TYC 1623-00800-1,unclassified_object
24,955.2805076404368,428.4315793022527,1967.1721928773995,201.01192019508508,19.79768450946695,18,1.0585047333597906,1.1091223243097206,True,compact,4,51.14424736833542,49.838920339682424,HIP 015863,unclassified_object
25,279.4308619687177,809.8946964219402,1945.7201684098377,196.77160775987133,36.61363042127155,18,1.7584773726708751,2.39843359985697,True,broad_blob,8,343.6688342944432,-15.943100769801134,TYC 6387-01382-1,unclassified_object
26,395.126180065778,1181.9666817882862,1922.686341932985,183.81909102593642,26.816876562565316,20,1.1624603463946688,1.3168178176018956,True,compact,4,304.4923888495841,-12.51163138316157,TYC 5749-02530-1,unclassified_object
27,949.473772420504,410.039133450865,1888.0035892361816,195.1456685858882,19.012076661837924,17,1.4456694880212373,1.7621781553941416,True,broad_blob,8,52.86743953991055,47.99460021432892,TYC 3316-02307-1,unclassified_object
28,1449.3636124145771,666.9779797833246,1886.240530897618,148.33793006284208,31.672244332821073,20,1.2259709871602344,1.256775366361322,True,compact,4,165.4709254505411,56.3286185370552,,unclassified_object
29,1425.8162383149124,971.2557187517817,1875.0333975707822,111.95168406600021,25.957423437370753,24,1.3027107475022206,1.2045710750819385,True,compact,4,206.82021375660156,49.21404180889422,HIP 067301,unclassified_object
30,744.1980988568977,1097.503191599353,1844.4808338100745,177.1834687629475,18.168829223558,20,2.0603874452757434,2.108152948682914,True,broad_blob,8,302.8724714023578,26.6918352582624,TYC 2162-01674-1,unclassified_object
31,866.290233292771,973.3368749027062,1835.9035396110523,185.43801465837544,17.803622620803203,15,1.0993526098004964,1.3162806962744884,True,compact,4,310.40657328759676,45.272515382369264,HIP 102098,unclassified_object
32,479.2232096557886,100.48224497081091,1818.9044321113179,173.0934318142711,36.896200815026496,21,1.337747331847263,1.547700276896799,True,compact,4,59.50264534705892,-13.523206344883627,TYC 5311-01285-1,unclassified_object
33,289.56784223734115,359.4218780335842,1813.710540547843,199.21858744709903,40.84310368521968,17,1.17358354108681,1.367271847485135,True,compact,4,29.954403689370487,-20.95666976970279,TYC 5858-02053-1,unclassified_object
34,1261.5140168765586,842.647823531843,1809.2466331590501,182.03758710371142,32.75746145630049,14,0.9634064475983823,1.0937334469553759,True,compact,4,222.67940613883906,74.15465427678143,TYC 4416-01799-1,unclassified_object
35,830.8312245377257,743.1761080017088,1784.1666026744217,150.5806125186994,18.340493387513536,22,2.521389797707114,3.5567474312722855,True,broad_blob,8,349.7480686420448,48.721224663325316,TYC 3640-01810-1,unclassified_object
36,371.7019684293933,1176.2212352984081,1775.4387832942643,178.64168635992132,31.072050564507897,15,1.0359284449747173,1.1984619280952034,True,compact,4,305.2704628629449,-14.756739104979012,TYC 5753-02281-1,unclassified_object
37,1096.3211236842642,224.39150330173277,1755.9782676441864,170.433510876548,23.305104724161307,20,1.2299260275508581,1.3929334617980593,True,compact,4,89.90537618792656,37.215627875792855,TYC 2418-01573-1,unclassified_object
38,1011.3995739428494,1319.0560638285544,1728.9737951659627,167.53655730782043,25.777174989279175,17,1.0410042918661948,1.1325806686273183,True,compact,4,258.73697349881206,24.82528750730276,TYC 2065-01930-1,unclassified_object
39,884.9858098317463,640.5644213611766,1714.9097239263028,191.3946128944268,19.460944437869454,16,1.6351169136561103,2.439791384354462,True,compact,4,9.111451806220167,53.95122242688499,TYC 3654-02132-1,unclassified_object
40,120.52944047848183,943.8987108377531,1713.004336021716,157.49714639635036,33.493910550611645,18,1.1363247248692518,1.2759021822849663,True,compact,4,328.4539573017504,-37.41134962888272,TYC 7494-01748-1,unclassified_object
41,299.501810682486,974.233071050743,1710.9733627529329,193.22402635072348,28.027828342074226,14,0.9679960917009136,1.1714897584719248,True,compact,4,326.7787426345688,-16.10671152121838,TYC 6363-01044-1,unclassified_object
42,1007.4250628897126,216.41467844214472,1683.343355704466,167.96235599529876,20.147584532048196,19,1.8014285561434238,2.586645416491696,True,broad_blob,8,79.7931258017988,33.882047735398004,TYC 2398-01022-1,unclassified_object
43,904.7088311255818,969.2180807512777,1676.4580561002508,180.6087894132329,18.78384151422356,18,1.7412097959250794,2.35951982283956,True,broad_blob,8,307.57673247812966,49.04483550634342,TYC 3581-02031-1,unclassified_object
44,918.9789108472906,1147.4439228759286,1675.9560564914332,187.58255315050275,22.985924149007026,16,1.0539281290055342,1.2663079679187765,True,compact,4,283.5462366963142,36.893476012723006,TYC 2651-02548-1,unclassified_object
45,563.4930341707812,87.31343608774915,1664.2774781366904,176.85379696653706,29.910490267819203,23,2.0554593228314144,2.7988964132415632,True,broad_blob,8,62.8774360603512,-6.847965518032367,TYC 4732-01970-1,unclassified_object
46,823.774340530519,1064.8632935934768,1648.0667475608743,144.22201921440893,13.600980431463318,21,1.6842231348994035,1.6465757225479363,True,compact,4,301.5593350309089,35.85210143893825,TYC 2682-00949-1,unclassified_object
47,1472.498400936422,755.4554655655405,1646.3192995148763,117.45083821129445,26.62668045036925,24,1.1781249723325322,1.0442952188966015,True,compact,4,178.45116802810946,53.58825371567571,TYC 3833-01034-1,unclassified_object
48,874.7982301849167,394.2341911846322,1633.5703382760773,203.08976545046198,24.518865039709713,14,0.922976952739042,1.1057148813912314,True,compact,4,47.074231297955805,40.92980146394267,,unclassified_object
49,965.5186307497979,228.09765477352997,1633.0620375733997,183.64390718074637,32.97025388783741,13,1.060509382909502,1.445882558737139,True,compact,4,74.22475311155523,33.17140226877417,TYC 2391-01446-1,unclassified_object
50,893.3541432833031,691.7462604486643,1548.9183599205542,177.6228207812985,19.928186203895326,14,1.2537291811011495,1.4574597146236237,True,compact,4,359.4563396841395,55.715616381098684,TYC 4005-01055-1,unclassified_object
51,375.0039038010895,450.24980020281555,1534.2687167082274,205.47378088610532,34.474089009214545,13,0.9741763992045667,1.2686567858047655,True,compact,4,21.004135053961697,-8.145327449363796,TYC 5274-01984-1,unclassified_object
52,495.1248374447625,137.79098637508508,1530.8304740429276,184.40884528920526,32.44794847250173,14,1.1135205123010863,1.5334966509233643,True,compact,4,55.78782747038425,-9.72574339976706,TYC 5303-01320-1,unclassified_object
53,538.260145029306,781.6923787505222,1529.6262976171306,207.73943421857695,30.33573708474755,13,1.1368945313773116,1.5706316723292466,True,compact,4,346.2368486891413,15.175637545328858,TYC 1711-02475-1,unclassified_object
54,1081.446885336625,1077.4147421713435,1523.5445058322628,207.4461482033245,32.44840916910062,13,0.9322809790582262,1.1801505028656933,True,compact,4,269.1501337148243,51.488966831275135,TYC 3523-01684-1,unclassified_object
55,864.0217121208212,546.5554577308292,1520.7039466721349,196.16293859524055,24.551521628138484,16,1.4002318122066195,1.3876486317365397,True,compact,4,24.322241800864592,48.5907463318937,TYC 3282-02271-1,unclassified_object
56,1119.1496218970274,1274.01350543569,1512.4713513935212,167.92062584328278,23.11369857744371,15,0.9668126124247456,1.0932869666484868,True,compact,4,250.28692298206485,31.584440182297886,TYC 2582-03158-1,unclassified_object
57,1077.5110524931713,1219.6720172447235,1511.5960719292584,188.51008437384914,28.084547481517767,14,0.9236227536544426,1.063164424343697,True,compact,4,258.7737868456522,36.81839941602664,TYC 2604-01774-1,unclassified_object
58,776.9905689616847,607.6024050459403,1511.5802998032468,174.70213852480637,21.96367014198029,18,1.2644610589281706,1.6279797057780494,True,compact,4,10.661451663222993,41.27782541324004,,unclassified_object
59,1325.5076859833575,579.4730583617743,1498.5414128806428,168.67802402306705,29.732907002661673,14,1.8642756989125742,3.1384055584799153,True,broad_blob,8,137.35623126220324,67.02553263579944,TYC 4141-01496-1,unclassified_object
60,507.6199051668763,1181.1021482618821,1498.1770089745362,180.19562352393902,26.661944733686877,14,0.8874108016998942,1.033777522879783,True,compact,4,302.8371057204409,-0.8185873035984963,TYC 5161-02682-1,unclassified_object
61,321.9999324145744,398.0422402792897,1497.5126120328714,201.27760020365778,40.67237150768601,11,0.9186717384100108,1.2370998447972537,True,compact,4,26.016166805687487,-15.909517071402089,TYC 5855-02292-1,unclassified_object
62,1028.1961145092096,282.94812605116726,1484.3469252628288,178.20252385227326,22.392167948611974,14,0.9495102730541517,1.1627691893351826,True,compact,4,76.63869274129316,41.22914427618526,TYC 2899-02237-1,unclassified_object
63,522.1393118213626,962.9779139615069,1476.133571269493,205.22970931687456,30.591687841927467,9,0.7942714742216437,1.0452399163541697,True,compact,4,326.04921164009215,9.851898301778089,TYC 1125-02186-1,unclassified_object
64,675.2450796795187,416.00199389274974,1475.8917045035168,205.98353109063552,27.025221106380695,10,0.8230276030946332,1.0803645221918237,True,compact,4,31.798726879027104,23.43144289976933,TYC 1758-02416-1,unclassified_object
65,916.0471301497453,1041.8744747166152,1472.3955361376393,172.39037403024292,19.057033094090926,13,0.9456634998985488,1.1564782453496703,True,compact,4,296.24253794272914,45.09216678363274,TYC 3557-02486-2,unclassified_object
66,1405.5484834149636,428.3613171446204,1467.9265007677868,147.89189234526825,30.404317087709817,17,1.1020552790627136,1.2165956463113536,True,compact,4,134.85915601490305,47.97254314550614,TYC 3420-02149-1,unclassified_object
67,980.8612073517667,855.2609112356589,1460.5114986257563,202.7058855795652,22.23830764295189,13,0.9481858519665898,1.212179185533205,True,compact,4,319.73933115907477,62.573785767393524,TYC 4252-01870-1,unclassified_object
68,829.2713085512268,486.9210971517037,1450.9662571678346,205.42889713288506,25.37311475243571,12,0.8790944545075136,1.1470607301658153,True,compact,4,30.948923071295397,42.31741529419385,TYC 2837-02311-1,unclassified_object
69,1281.6958857467766,991.132659302955,1449.5096109041665,192.8941952668701,35.24221747863844,12,0.8794391952659674,1.1336912677130146,True,compact,4,231.23801940048017,58.97880939256013,TYC 3875-01620-1,unclassified_object
70,1063.1129204576812,1213.7029711947434,1448.47529238588,184.700628607029,29.318387417741356,15,1.281393190196917,1.7222030678280826,True,compact,4,260.9879812213633,37.11246617519854,TYC 2604-01777-1,unclassified_object
71,638.2859463364906,1201.197721697708,1446.0574446898127,177.25318047023404,21.55444941977725,14,0.9307478887761806,1.0886818368055249,True,compact,4,296.59514334927525,10.598006296450679,TYC 1061-02577-1,unclassified_object
72,484.2658540061102,159.80674618209446,1444.6343237649742,183.7379809805185,31.805338185792127,13,1.014269089887582,1.3700773635959873,True,compact,4,53.21199435495262,-9.43262631065182,TYC 5296-01533-1,unclassified_object
73,661.0482839109239,652.9301964628854,1439.0889201637892,208.73462344227192,27.093473616196434,10,0.8574430257466914,1.1765938281342374,True,compact,4,2.092045777081373,29.108317533948277,,unclassified_object
74,298.46165804554516,991.072294688854,1436.0491320958545,188.67002188170886,27.860394914190707,14,0.8841341264606158,1.042370591449218,True,compact,4,325.027232846309,-16.64206000726789,TYC 6362-01078-1,unclassified_object
75,967.1649234733156,1274.6005054600744,1426.1811473347088,184.86924410066933,28.06662862960923,15,0.9449480199913005,1.1232509214167443,True,compact,4,266.6383255565674,27.732388141923327,TYC 2085-03062-1,unclassified_object
76,1145.3559657151286,1207.2291202935216,1416.1417625495376,175.8373256990778,32.56719537440214,14,0.9159189805672558,1.0453750326200402,True,compact,4,250.73189072602867,38.92877261647757,TYC 3070-01595-1,unclassified_object
77,579.74026413324,175.07813434081848,1412.6249256008289,195.120464175999,37.315343703518906,15,1.122739231386868,1.4764958133564037,True,compact,4,54.18622669122397,0.4721598318419957,TYC 0064-01569-1,unclassified_object
78,914.7222634945567,814.9025708817097,1410.44654376266,159.7565559064971,15.490954213252616,13,1.2919941525129723,1.9819181984104681,True,compact,4,333.96462545319173,57.07318845831299,TYC 3990-02431-1,unclassified_object
79,261.79843499642965,694.086030736786,1400.1433048839353,191.17445327306143,34.330661269001084,11,1.0368124870782816,1.581163473953324,True,compact,4,355.424652733969,-17.88116322386976,TYC 6407-01131-1,unclassified_object
80,1441.944197559186,786.4499084549605,1397.0286592059153,142.72969923912717,29.136834117599417,16,1.0813031391592254,1.2726781081686027,True,compact,4,183.84981210632807,56.981145134499016,TYC 3837-01070-1,unclassified_object
81,951.0786996426126,1138.9843878595275,1396.495131775363,198.0397546878923,20.76694894455243,14,1.282719158907143,1.773982351361227,True,compact,4,281.04683238510916,39.598781500246474,TYC 3122-03439-1,unclassified_object
82,657.2190266698609,934.1557484449789,1396.1622300523204,200.02744881077177,25.870307387058926,14,1.6920483896034193,2.9167685481438355,True,broad_blob,8,326.3117760451948,25.61472908767113,TYC 2193-02017-1,unclassified_object
83,933.6637954277821,629.3601901257427,1395.5526718739904,195.79722547448375,19.60263970685092,13,1.343731086665176,2.1378079185964927,True,compact,4,13.926006638233504,59.028378404226814,TYC 3680-01840-1,unclassified_object
84,1186.4292705371454,190.73181182277548,1393.305695547605,141.0134937418088,24.504501072752127,18,1.2111392805529422,1.4264898949442364,True,compact,4,103.21310719562011,33.95395269361598,TYC 2444-01113-1,unclassified_object
85,924.9580476170053,331.60753973609843,1391.9272328207107,199.81686896926843,27.33088659620189,12,0.8628952911513424,1.11701519215668,True,compact,4,59.498312309802074,39.985822197425755,TYC 2868-01623-1,unclassified_object
86,790.9833920636706,902.0232265584378,1391.2478046717686,193.1111586737881,21.602469668660227,14,1.6594341596850684,2.7449185605768953,True,broad_blob,8,325.6518541770032,41.012227927375996,TYC 3188-01949-1,unclassified_object
87,739.6771988872281,551.2909666300809,1391.1750271776282,195.9706837970937,25.724839167896786,12,0.8559001315698301,1.1193753995611337,True,compact,4,17.384460095543773,35.638734289670424,TYC 2286-01329-1,unclassified_object
88,1335.2542534762974,885.729865182934,1390.4689609179886,184.58137308891284,34.71028867792911,13,0.8982164466073836,1.1071514506909375,True,compact,4,211.09534313379848,64.3822519222483,TYC 4174-01262-1,unclassified_object
89,843.7474525027345,192.26532310458677,1386.0208246788873,184.3765847504919,26.004872867321808,15,1.56875399517969,2.67079948148297,True,broad_blob,8,66.63735242771074,22.897059249844062,TYC 1816-01893-1,unclassified_object
90,423.8225180430754,924.2372777561013,1385.8712580513484,199.78016837609715,30.105539358905634,13,0.9364883611011757,1.275927608360096,True,compact,4,331.4491516770086,-0.3399934526939479,TYC 5224-01806-1,unclassified_object
91,1025.5208657964358,216.29031991031306,1382.4155269681432,165.75348854964494,19.555207672946054,20,1.9151734736389303,2.640334492374449,True,broad_blob,8,81.85929187954365,34.533585361705434,TYC 2411-02462-1,unclassified_object
92,956.6912296552955,1253.936313434756,1371.2846761036653,182.72629216841392,23.47545390735953,12,0.8808453634724863,1.1422058554663346,True,compact,4,269.45407858042415,29.27884229033623,TYC 2102-02772-1,unclassified_object
93,643.6160090152734,892.0939050008775,1368.981857014765,205.57375869402017,26.66428745488288,13,1.559393030732946,2.7294321370639785,True,broad_blob,8,331.8312633566167,25.361376583362805,TYC 2208-02471-1,unclassified_object
94,862.1576248683403,285.8425333814817,1365.9586353373893,195.41504033975883,27.259189667248567,10,0.7966010053273362,1.0419601666456737,True,compact,4,58.543418776517335,31.86345740130837,TYC 2361-02820-1,unclassified_object
95,1325.6970189050423,500.02310305549486,1365.8281906033378,186.87036177085113,35.39686116782997,12,0.9129456229147854,1.2220941632833657,True,compact,4,127.55333655063133,60.72069647183469,TYC 4127-02431-1,unclassified_object
96,1118.5458777769768,1078.6033366869178,1360.3521690032928,202.63918368948248,33.85798637896338,12,0.8781928878951263,1.1675371612411147,True,compact,4,262.6080651542636,52.30269784964574,TYC 3521-01800-1,unclassified_object
97,1156.4090584103276,380.14332372050467,1356.4942995796234,188.2149870602959,28.423079944699424,13,1.2776714548149029,1.9779449713278248,True,compact,4,89.88939320122522,54.335614616078615,TYC 3750-01042-1,unclassified_object
98,642.555037895901,432.01596020479366,1354.6945357281966,206.77042638075525,32.93309005666502,13,0.8870480936177829,1.1229134028002552,True,compact,4,28.673322969355674,20.783913617205037,TYC 1212-01935-1,unclassified_object
99,235.80581177971192,772.6491429375775,1344.6847555364216,198.07084185150484,37.43712219161968,11,0.9031355356040334,1.3010176510831535,True,compact,4,347.36555621857167,-21.13423933351816,TYC 6401-01355-1,unclassified_object
100,468.59947778732527,196.89402495076288,1343.2828979765995,189.40901001406328,42.63915624261396,17,1.3985014233040454,1.6289105415493146,True,compact,4,48.957511064235085,-8.835810154913723,TYC 5295-01259-1,unclassified_object
101,397.4581824469509,1007.602334441512,1341.6428842576738,195.5803483866638,31.663132459423128,13,0.8697313382765529,1.0773157227375496,True,compact,4,322.8946552026414,-5.58306885538524,TYC 5216-01725-1,unclassified_object
102,1176.9910646994447,955.8426318238136,1340.4517441445926,205.8024604627072,35.3427120412104,10,0.8580084051764769,1.2530391908604401,True,compact,4,257.159671077267,65.70414968590954,TYC 4210-01048-1,unclassified_object
103,901.2342468077339,1000.5216694290328,1330.2989005438785,188.757860339477,20.197936905502264,15,1.0560154306567335,1.3841216321353056,True,compact,4,303.3596477276271,46.756246010862796,TYC 3559-02797-1,unclassified_object
104,1043.3674605106435,779.7018495157898,1329.8874747258255,196.1315164176427,22.374989455290894,16,1.1094092016559638,1.2785476304086998,True,compact,4,332.36619454980047,72.28269118276185,TYC 4471-01685-1,unclassified_object
105,832.2024605275531,1204.7964653574268,1329.7526114094062,148.3381542650298,18.675047814817816,18,1.5509562198819569,1.987360821340118,True,compact,4,285.10214304099225,26.27126550248339,TYC 2126-02370-1,unclassified_object
106,395.34070027827806,1111.9116162422574,1326.8615904988258,184.5681501345275,29.43988009771828,13,0.9229642012467333,1.1613740317047092,True,compact,4,311.9369894303317,-9.488246629887877,TYC 5760-01997-1,unclassified_object
107,538.4345903886688,290.06887523374667,1324.6104421618265,192.73427791069355,34.08828913435114,11,0.864108736130853,1.189555666163362,True,compact,4,40.82494799920026,3.225559511352857,TYC 0050-01721-1,unclassified_object
108,667.6406383916232,145.08393614215188,1321.9989850111515,190.43685075215865,40.33718588635122,13,0.9908737763417176,1.3073661461729154,True,compact,4,60.76339354730596,6.029372967963166,TYC 0079-01585-1,unclassified_object
109,1205.8998273170541,1135.3667340888626,1315.8344485562475,162.65884032752072,30.132005968764116,12,0.8940707995516213,1.126456410132052,True,compact,4,244.9386246240607,46.320915183208385,TYC 3492-01909-1,unclassified_object
110,882.5070579578611,1169.1965816844877,1311.8353434319743,187.61201422285058,19.646140068055352,12,0.9097806080753505,1.252340772890562,True,compact,4,284.6945432424284,32.668985204638595,TYC 2643-03346-1,unclassified_object
111,803.1642445674662,216.72962321482552,1310.1305697864577,192.65534746911788,28.78854853413674,11,0.8554170044543423,1.1790071228370023,True,compact,4,61.206563689930455,22.065223066857012,TYC 1262-01645-1,unclassified_object
112,352.27805508758144,176.45687798668465,1308.4744476382966,175.60792598266138,35.71042303485719,15,1.135205748869576,1.506957994445977,True,compact,4,49.87807292411406,-21.769885968351733,TYC 5878-01292-1,unclassified_object
113,821.8790237709849,1049.9271884255998,1305.536593814459,162.00224022198248,15.077168789102414,15,1.6962047301731755,2.6398598512416127,True,broad_blob,8,303.55892770868076,36.639830287006326,TYC 2683-00272-1,unclassified_object
114,934.8835105407516,813.556170247592,1304.6198578825076,179.23726306420147,17.38819353888456,15,1.641686213027096,2.332135147971188,True,broad_blob,8,333.023137330425,59.320803568922514,TYC 3981-01585-1,unclassified_object
115,445.9771018785053,239.15689349871178,1303.0424183982918,195.9385548367206,34.40043873165535,11,0.8730710147727977,1.1895755381211583,True,compact,4,44.069603853994856,-8.871853520427011,TYC 5287-01076-1,unclassified_object
116,803.12719858852,1154.1514365695605,1299.8380252369025,154.80607801061973,16.88683000181541,12,0.8627207894515452,1.0410092989629176,True,compact,4,292.6739051911986,27.957108437503383,TYC 2133-02964-1,unclassified_object
117,842.8302076501782,1021.964780676926,1292.6676455052157,166.3771718954893,15.492794417039292,10,0.8598823334492148,1.1873154872895475,True,compact,4,305.5681655217538,40.25056342200682,TYC 3156-02223-1,unclassified_object
118,1005.5591803485426,587.8913953705442,1287.7255466100555,174.850338736055,20.826030748764303,16,2.4887796700053064,4.869859773603366,True,broad_blob,8,30.45260914019114,64.81201411133117,TYC 4041-01955-1,unclassified_object
119,256.89730922395813,1021.9853095142971,1285.8311928891455,169.60213571809857,25.622030929446428,9,0.8277454430489997,1.1974754778397776,True,compact,4,321.6861699492617,-22.36797297389037,TYC 6372-01278-1,unclassified_object
120,1039.7039598378938,813.1832846346523,1274.0435014763912,175.6038625943866,21.038007818901892,13,1.1771650773254763,1.8423508197395342,True,compact,4,322.1542676733166,70.54987899912898,TYC 4465-02643-1,unclassified_object
121,495.0362336829319,377.0202643899908,1273.0498885644092,204.7614183381262,35.66166837218081,11,0.8670800293195321,1.179850982236143,True,compact,4,30.524063983139445,2.753318268932585,TYC 0040-01338-1,unclassified_object
122,949.1884275286094,476.7702079161522,1272.9006944925038,201.17603177876842,25.395948835123974,13,1.6344482876506856,2.582713916148171,True,broad_blob,8,43.437171962657004,52.82929973268832,TYC 3701-01394-1,unclassified_object
123,361.1451851907226,648.6323039787602,1269.091513264606,65.01245431618531,12.323369759026468,17,2.169162163689049,3.1144219789560017,True,broad_blob,8,0.37350657047294367,-5.991789963472974,TYC 4669-00997-1,unclassified_object
124,638.4529661472731,225.0946190165953,1268.294885512169,191.01079862167086,32.994793593440136,12,0.861369413776889,1.1258165635987256,True,compact,4,51.19509493322508,9.041190768683768,TYC 0650-01471-1,unclassified_object
125,923.9903976291002,681.558825223411,1266.5096914245896,196.49456696424522,18.90574208419456,8,0.7707142539966853,1.16806577647697,True,compact,4,2.2811112756936516,59.08680333183732,TYC 3664-01985-1,unclassified_object
126,935.9722653622817,1248.9074856088907,1265.8823569208328,189.16573766877258,26.19988408261385,10,0.8366220935451656,1.112003285592838,True,compact,4,271.8937173915075,28.76329785196096,TYC 2103-03078-1,unclassified_object
128,960.055723327541,397.3261293127133,1258.2568132626534,196.1696399839652,21.588787259873016,12,0.8667751336112327,1.1579127022397566,True,compact,4,55.78192759678482,47.75657094935381,TYC 3317-03034-1,unclassified_object
129,907.0702971004479,493.588808898174,1248.66843858347,184.363785318477,21.587509197614953,9,1.5598205205707787,3.1709123954845526,True,compact,4,36.27037842470268,50.14270345992624,TYC 3302-01892-1,unclassified_object
130,341.5219843957534,604.189475506237,1248.4052256763666,202.6475227923279,35.46133436910899,10,0.7942805133324274,1.0890453273989653,True,compact,4,4.864056571306293,-8.846377386478636,TYC 5261-01084-1,unclassified_object
131,650.6381528781218,778.3777624586686,1246.4714482071254,213.28428824878594,34.79137249197434,13,1.013060270374235,1.5157455278830902,True,compact,4,345.9991234243315,28.13393162321908,TYC 2243-01831-1,unclassified_object
132,1398.2204654850786,573.4401105785396,1246.3060352948764,160.23205668632363,31.887285543904646,11,0.9585217895112812,1.3669300011800205,True,compact,4,147.7364960028011,59.04295974712769,TYC 3820-01522-1,unclassified_object
133,710.3933872899096,874.0986823377095,1246.0727521417261,199.37532914502975,26.745792839068052,10,0.8551280081368385,1.355628006408115,True,compact,4,332.4779980925359,33.1907637608252,TYC 2724-02354-1,unclassified_object
134,1361.5091787933775,574.2379986815059,1244.9714089239599,183.92698628394683,37.731974745213975,13,0.8974372044687451,1.1706868257112342,True,compact,4,142.8768790489781,63.05803367391294,TYC 4139-01304-1,unclassified_object
135,949.892418890033,424.8429799839374,1243.8321677841386,149.41977273624357,14.353695674925376,15,1.9821392214019877,2.6187400259961584,True,broad_blob,8,50.9659698834883,49.15736871423753,TYC 3320-02812-1,unclassified_object
136,349.4202503630284,485.37441607690096,1241.160023910939,201.72052132493985,32.80643295285942,12,0.7991775024669671,1.0419109723625781,True,compact,4,17.150717415843367,-10.18186185077643,TYC 5273-02657-1,unclassified_object
137,962.9729006252848,469.80415090839386,1237.6206900863017,202.9185242744922,27.00130647202848,10,0.7516677494871944,1.023066158516144,True,compact,4,46.21932205381556,53.48853097284317,TYC 3701-01393-1,unclassified_object
138,1051.335202214713,92.8025711382067,1235.622713760804,125.97833434908202,16.01913049919116,15,1.173282628492509,1.512358369667039,True,compact,4,93.75212474056913,22.488852979895352,TYC 1877-01716-1,unclassified_object
139,856.9622530680053,1277.2689123691646,1235.5642260967627,181.5072855298723,19.66183446745484,11,0.8221612492682137,1.0800316912282109,True,compact,4,275.9548021005569,21.787351749597587,TYC 1580-02158-1,unclassified_object
140,1069.6341182803003,89.50790730708552,1233.829291472146,121.37183261207804,12.810202236594474,15,1.145821723504169,1.3736787798913428,True,compact,4,95.78524100741143,22.47262331678409,TYC 1878-01429-1,unclassified_object
141,417.43105050323084,869.8920696214813,1228.5709574820191,185.8241119217272,27.450782087700997,13,1.1270080223386962,1.523865186290904,True,compact,4,337.2393034688089,-0.035932781067767414,TYC 5226-01605-2,unclassified_object
142,1131.8758219770832,107.91508615340781,1225.1173782708404,142.9146893492181,12.51484230863661,14,1.1297460892043272,1.5279034968108067,True,compact,4,101.06163358551736,25.060609971019698,TYC 1897-01639-1,unclassified_object
143,545.9039063108584,1216.4808358046303,1223.249260666462,184.03377125775506,35.64346973433498,13,0.8365860815487494,1.0414169488661082,True,compact,4,298.1207007681799,1.0121219044956402,TYC 0480-03027-1,unclassified_object
144,907.8180454478987,640.9141895041207,1221.5806082986442,191.19540940068205,19.64547520948912,9,0.7871024225457168,1.1053931846171305,True,compact,4,10.08505894575713,56.49335073794296,TYC 3663-02668-1,unclassified_object
145,647.5735148683041,223.26944045393563,1221.0767446568163,181.7938211923837,28.89140900497691,12,0.902996219432026,1.2221314486782344,True,compact,4,51.77803544136361,9.743102986598416,TYC 0650-01469-1,unclassified_object
146,243.64832345402618,739.6007546546872,1219.513836489341,199.69582042370982,32.954141253263174,11,0.852768008103455,1.2084187828116466,True,compact,4,350.7521233356171,-20.078850115261424,TYC 6402-01221-1,unclassified_object
147,256.56236471304834,1116.8597420632482,1214.1384190441229,155.51353408792897,28.95015526929967,14,0.9651797891276142,1.2418962718634174,True,compact,4,311.5147408136571,-25.265705045320175,TYC 6925-01576-1,unclassified_object
148,488.2348236854168,547.0258592137468,1212.830724054572,201.87025591756765,34.12129258065644,12,1.376321285787738,2.3030230991017198,True,compact,4,12.14730010936521,7.472187918340817,TYC 0604-01301-1,unclassified_object
149,374.67194566461643,384.3447229367862,1211.7663338731313,202.99429419016278,36.761132930370415,11,0.7733722566596549,1.0294289272117116,True,compact,4,27.852269926805423,-10.322485917275369,TYC 5278-02437-1,unclassified_object
150,1008.8208535903378,1194.6964465320807,1210.3551922093034,198.48171013761777,30.283357874147136,11,0.826022353096923,1.1342198773341916,True,compact,4,269.0754794238871,37.263013390396075,TYC 2620-02298-1,unclassified_object
151,821.3129187371682,968.8984044831728,1206.9569912317124,196.8293839772829,19.56601805039951,13,1.1206152233494726,1.673475192623084,True,compact,4,314.35544477300584,41.20220889439583,TYC 3171-02186-1,unclassified_object
152,1035.1289619797778,306.5388635620534,1205.6525008386334,182.39290576093384,23.54827862716507,13,0.905091365980262,1.1515817085634286,True,compact,4,75.47604662633356,43.80562903775067,TYC 2907-01275-1,unclassified_object
153,673.3087169928934,816.7462738500703,1205.0191740190944,212.43423161375273,26.994800527209804,9,0.7626843646272283,1.1205503444739155,True,compact,4,340.81560832631885,30.247799892493273,TYC 2736-01823-1,unclassified_object
154,967.2060663451186,811.2839754888901,1201.2081040511257,180.03403852575295,17.609273927873456,14,1.785137512270775,3.198846690529489,True,broad_blob,8,331.1761117673418,62.918083254264374,TYC 4267-02756-1,unclassified_object
155,837.0154440653815,190.1787908231939,1200.5220556815802,187.10599513978022,24.291722742042214,9,0.8244269135140913,1.1836682580971591,True,compact,4,66.33169472785605,22.273300469638897,TYC 1277-01626-1,unclassified_object
156,809.58341676893,715.363256355622,1191.1276227199442,200.4066342287589,23.457067845107424,10,1.205325644122943,2.3286207346031143,True,compact,4,354.431133325053,46.34509040629442,TYC 3638-02515-1,unclassified_object
157,1076.6829805153313,1275.3700441753683,1191.0633136213594,166.78109592679004,34.004748151972855,13,0.8813895498332549,1.0888242436060689,True,compact,4,255.06399094509277,30.930579131272587,TYC 2590-01412-1,unclassified_object
158,770.4118654586446,1013.2939267252045,1189.75413888302,185.3133122495271,20.536484021939568,11,0.8973781737666052,1.3188814696261613,True,compact,4,311.57682006888916,33.95526319118524,TYC 2695-04139-1,unclassified_object
159,314.01695022490117,1072.347361658717,1187.3837799234652,184.96267272167904,28.976954417074786,11,0.8841673369143003,1.2211354537518133,True,compact,4,316.50155863207146,-17.188212609269502,TYC 6350-01499-1,unclassified_object
160,1414.8139451405355,427.49663184675165,1182.791190999228,142.42357510660122,30.27689797330732,16,1.0513794488070178,1.1991385242362125,True,compact,4,135.9852722340129,47.06762771703977,TYC 3424-01626-1,unclassified_object
161,541.9155498365981,632.2710066724773,1179.9087957408392,208.9273343384124,37.268447553873195,10,0.7689796340674657,1.0528215499278024,True,compact,4,3.310140511897224,15.195400346275239,TYC 1179-01775-1,unclassified_object
162,873.4579087306706,905.4300635646382,1179.7534730843315,155.72077452265867,15.399072858756815,16,1.9203083562330865,2.1080317513794506,True,broad_blob,8,320.296413716918,49.419889100480205,TYC 3597-01743-1,unclassified_object
163,849.4959023572059,1027.1387392135052,1178.7586531353984,173.29611915475894,16.501232413725685,11,1.7863336719065852,3.518842506110582,True,compact,4,304.3564604661897,40.525073536801656,TYC 3155-00660-1,unclassified_object
164,143.56701175673612,912.0023242456504,1177.9095733731479,115.18537317380341,22.744904729244663,24,1.9247451748902693,2.3095717119231756,False,broad_blob,8,332.27703552161273,-34.02649911107725,TYC 7492-01468-1,unclassified_object
165,348.2629712892369,815.1711806182019,1177.5935878346947,197.3344497751552,30.56194647972136,10,0.8230753616653786,1.1657396280388992,True,compact,4,343.15565116247524,-7.599052633586466,TYC 5813-01406-1,unclassified_object
166,1080.3916400016105,1131.409874757756,1176.4456870234287,201.17430957252373,36.497145247425046,11,0.8593079676782901,1.2458880217584103,True,compact,4,264.8588008359729,46.00806206018763,TYC 3510-01876-1,unclassified_object
167,1370.4209803551587,1002.0286286303844,1173.4408518281866,155.12515632287392,30.853251167346784,15,0.937090070333083,1.0884363272087543,True,compact,4,216.25906879948,51.81311809182803,TYC 3478-01332-1,unclassified_object
168,751.1840079458943,813.7114326074269,1173.3245131942188,189.5456274784195,20.838975142059304,14,1.0699137439699402,1.112078602436478,True,broad_blob,8,339.8811566654392,39.01736162111218,TYC 3201-00094-1,unclassified_object
169,896.1481274290584,1303.5538132293805,1167.2608142479035,178.6082826541657,22.5671080450151,14,0.8724602556710975,1.0557228195666175,True,compact,4,270.38669477547853,21.616384149245867,TYC 1566-03674-1,unclassified_object
170,181.37453426910164,674.6208375410414,1166.1572412699863,197.80392517359184,44.158624305572005,12,0.8759167912654934,1.1521853583960304,True,compact,4,357.23873469620173,-28.06075481649126,TYC 6988-01337-1,unclassified_object
171,509.1927851071976,291.7547058401059,1166.098860995146,204.30988012108793,37.07097930575466,11,0.7937388551475444,1.049049952290347,True,compact,4,39.86955420784404,0.3240568629795226,TYC 0046-01633-1,unclassified_object
172,679.615679877981,228.50532525518835,1160.2308210634176,194.26422735339872,35.34652677358809,12,0.8385542722190259,1.164782371255809,True,compact,4,52.705096068428794,12.92771741179066,TYC 0656-01725-1,unclassified_object
173,389.0159483519069,260.6695657790916,1159.8131579695466,194.61241108766322,41.76875283361589,12,0.9105315712814356,1.2796762301694804,True,compact,4,40.9994660026437,-13.818280020256344,TYC 5292-00970-1,unclassified_object
174,779.9404660921923,1173.1723792062699,1159.7297158460444,178.85593132308685,20.864437424020263,14,1.1405231820367308,1.4507669425920908,True,compact,4,292.17166239843715,24.711805269111906,TYC 2129-02772-1,unclassified_object
175,852.1635986517397,300.485355481099,1159.6475039747397,200.69151496184028,27.927956199505154,11,0.8236816792629166,1.129645820811046,True,compact,4,56.10887084071492,32.2651916841394,TYC 2359-01258-1,unclassified_object
176,1351.7893213694028,718.4543927006056,1158.4522180247845,189.3191901106626,36.46345721140634,11,0.8822027069344468,1.244154395502233,True,compact,4,172.81677925794972,69.34077758114577,TYC 4392-01805-1,unclassified_object
177,1014.6505423352148,385.0857428177318,1151.1711124692924,194.24074737923755,25.945250583492726,11,1.3560855607390492,2.6040554291318387,True,compact,4,64.67620850754044,50.1748526209602,TYC 3336-02435-1,unclassified_object
178,192.5889071325899,841.0819685591831,1149.1627195233632,194.74233215549563,39.80981823228667,11,0.8882579871199773,1.3128345530674688,True,compact,4,340.17061127914786,-27.007787631746627,TYC 6966-01509-1,unclassified_object
179,859.2999405522754,894.3149283507082,1148.7543613275384,130.51492149934052,13.133948778502203,17,1.2229137928994918,1.327138975894741,True,compact,4,323.0756936844657,48.44442537376375,TYC 3594-00740-1,unclassified_object
180,967.6058854190402,802.4779645731317,1148.0677912401995,189.55022600758667,18.533307102267447,14,1.4130933543810653,2.3276720269047093,True,compact,4,333.23572998846515,63.232260546282035,TYC 4267-02753-1,unclassified_object
181,146.833143035857,801.3825587080344,1142.939645791228,179.76568359528267,30.651249430210612,11,0.918283705500985,1.292560821120721,True,compact,4,343.9901249884579,-32.51197782677783,TYC 7508-01312-1,unclassified_object
182,1080.8614329369202,719.4064022179957,1141.9367592424076,210.78037703610858,27.978764913656953,8,0.7673056638267217,1.2686223649109736,True,compact,4,354.8692894868026,77.62835245065926,TYC 4606-03584-1,unclassified_object
183,309.7073890568493,927.4405593726806,1140.834321258022,186.6229788878167,31.25713990168877,12,0.8319465302460964,1.091939501882886,True,compact,4,331.6197012110958,-13.872646641050787,TYC 5808-01683-1,unclassified_object
184,187.66418971087376,506.65285707943497,1138.117694737381,184.83164185868543,48.87633176780879,13,0.9997319166944655,1.4575131794799898,True,compact,4,14.631310160018675,-29.316267316931867,TYC 6424-02270-1,unclassified_object
185,747.0646861351296,400.5320083178607,1134.3359930595088,199.30366861710328,28.715771946882818,10,1.397115040752355,2.800535225257545,True,compact,4,37.117185807682866,29.76259083885476,TYC 1778-01522-1,unclassified_object
186,900.0028023403471,1174.8133801513213,1131.8080508260289,184.73991993458225,19.705771452275926,10,0.8487892031322287,1.186616370994592,True,compact,4,282.5067130303185,33.35089805262625,TYC 2642-02929-1,unclassified_object
187,961.3113704608885,1246.5262107653323,1126.6868030792816,194.81852149837465,24.739297726965077,13,0.9003948731025299,1.2414343150787803,True,compact,4,269.6556246006004,30.200964202142806,TYC 2608-02411-1,unclassified_object
188,952.081264590712,435.88411807012994,1126.250917465563,194.67565752534182,20.047146091186892,12,1.1481789669301368,1.9543766820056676,True,compact,4,49.73136530963188,50.1533659260369,TYC 3319-02074-1,unclassified_object
189,977.6323489887558,1015.305644007192,1124.2879501062075,199.3977973811632,22.873195943847968,10,0.8639254499127947,1.398435133370384,True,compact,4,292.3745814573187,51.71469745265794,TYC 3555-02112-1,unclassified_object
190,237.95988267951293,1102.051375326271,1123.6465852530446,172.53331603833587,33.03552634739866,10,0.8609838666586247,1.183534842897657,True,compact,4,312.9534177129119,-26.928094932512362,TYC 6930-00987-1,unclassified_object
191,964.8633908083257,1098.286424055997,1119.8949198786615,198.72587794530614,24.82254374434218,11,1.1230994864321375,1.8736579811422724,True,compact,4,283.851422668216,43.97615583747624,TYC 3131-02155-1,unclassified_object
192,624.2613826120656,1084.3665055552367,1119.7276857571371,188.7102135505943,20.964879937050927,10,0.9396203661101087,1.4866882373471646,True,compact,4,309.86215604041496,15.877920504452478,TYC 1633-02442-1,unclassified_object
193,1086.8435743302,909.5267520785904,1113.4407196585764,204.59613524762173,29.317455478967407,10,0.8449110943998948,1.3469397248949926,True,compact,4,288.09435304432736,67.66737540651765,TYC 4444-02239-1,unclassified_object
194,1002.2523434137868,213.31962144461022,1111.6636867989944,153.61077744929935,19.62618494711838,15,1.1386389245214474,1.6135395024080816,True,compact,4,79.47617027368949,33.374347347086974,TYC 2394-02027-1,unclassified_object
195,734.6987717316413,273.7499554339356,1111.5107746232668,152.89310719960187,23.35991161072788,15,1.7244025694848657,2.1882812036456762,True,compact,4,50.82509963106095,20.780771497276675,TYC 1245-01185-1,unclassified_object
196,773.3948868323344,450.4808337017273,1111.1479614340724,205.6470012115619,31.573897308813887,11,0.7522514171293241,1.0814040296270417,True,compact,4,32.386575217906696,34.97000913925629,TYC 2317-01647-1,unclassified_object
197,152.012293266765,860.1135238015806,1110.8575862454281,191.0717751159456,40.41171495834115,11,0.8426933834230695,1.1043051517994305,True,compact,4,337.87701994986975,-32.319065846411235,TYC 7497-01511-1,unclassified_object
198,748.0953329856636,355.26627224423197,1109.1666976583952,180.54648142295943,27.771547863441132,10,0.7954872358956094,1.1573802722568811,True,compact,4,42.52033924367969,27.237213317730166,TYC 1789-01490-1,unclassified_object
199,818.5220096162178,168.35027493965316,1108.5479101095527,180.05857147509715,27.067066126836185,10,0.907053162825669,1.4047720304885853,True,compact,4,67.12803700027345,19.194206206311804,TYC 1273-01104-1,unclassified_object
200,770.5131362651858,1208.8164473068855,1108.0127188685178,176.73533567685766,19.91778982037736,10,1.2160799333818586,2.4332930844865777,True,compact,4,288.96528746420734,21.336558535002062,TYC 1611-02043-1,unclassified_object
201,835.1409335159653,900.7020209573683,1107.946837173859,168.98510534011405,17.673616901360614,14,1.3634537605004469,1.7515616628523152,True,broad_blob,8,323.544297564047,45.685644715274805,TYC 3591-03421-1,unclassified_object
202,953.9108745180638,601.3223130075643,1107.702504185407,189.50204987643534,20.52619031946491,10,0.7694809385666902,1.0513291841942005,True,compact,4,21.439745574729674,60.20533255809166,TYC 4031-03289-1,unclassified_object
203,897.1373539570745,303.700420424424,1107.2960368443617,197.1231896045535,29.910688470133266,11,0.96222212953954,1.4546033150655222,True,compact,4,59.773257729154516,35.787248309803445,TYC 2369-02273-1,unclassified_object
204,615.0563351864548,1091.8857179691431,1107.283216849648,189.21994691897035,20.49344409418351,11,0.959555084838485,1.3928522715283194,True,compact,4,309.35170867631626,14.575152103696393,TYC 1100-01720-1,unclassified_object
205,145.57282446173033,746.4416065830059,1107.1729953509723,184.8006371596416,49.635099093739825,11,0.8885362595058168,1.378268891054494,True,compact,4,349.7111488178132,-32.49361054487218,TYC 7510-01089-1,unclassified_object
206,1000.5033378722218,1014.079661939667,1105.6669785306872,204.94232025797504,26.184454134193054,8,0.8395107387071898,1.5067471819244012,True,compact,4,289.27662179917326,53.37216560999255,TYC 3920-01971-1,unclassified_object
207,796.3608278078223,1085.919442144239,1100.919543435518,150.55802520204313,15.040416564735645,15,1.7278401167989703,2.500894446627326,True,broad_blob,8,300.9705248481106,32.09086172407723,TYC 2674-05840-1,unclassified_object
208,619.3618296127702,1069.6889337063296,1098.573548694728,180.63367368550638,21.6129249300126,10,0.8943119252210173,1.4312519137111248,True,compact,4,311.6747010287236,16.102276150434488,TYC 1634-03056-1,unclassified_object
209,931.2066931579967,855.2968768992762,1096.775786029829,193.81734043842184,21.327431577530536,16,1.4916824466048895,2.2068635758104906,True,broad_blob,8,324.7311900498329,57.48190815983208,TYC 3975-01822-1,unclassified_object
210,822.3715048726253,195.1373761828074,1095.8552096372891,130.55705614349625,16.379364008742655,15,1.9338592473658829,2.9733353163236274,True,broad_blob,8,64.75694116513448,21.690687894657774,TYC 1276-01621-1,unclassified_object
211,1062.8299911539007,737.4662319157956,1095.794611830721,195.27796084641218,23.809708581354915,12,1.0247127388099289,1.6181204440982466,True,compact,4,346.850553684509,75.43488550024301,TYC 4601-03531-2,unclassified_object
212,307.0347478154241,1033.6473155253686,1095.1690640346333,173.53734349871192,35.49398464458361,10,0.7723207738916676,1.0309252268885956,True,compact,4,320.5778144734664,-16.794550969280756,TYC 6360-01220-1,unclassified_object
213,159.34211981255856,970.3270012004538,1094.3072640134951,164.86215627740077,37.80552018412441,13,0.9313084371582844,1.216414152068412,True,compact,4,326.23031714475485,-33.02728637593742,TYC 7490-01839-1,unclassified_object
214,719.0236646286894,176.30212833530223,1091.8641741667986,199.39215171868028,47.37201929592939,11,0.8415854469178873,1.169258087788627,True,compact,4,60.13369201214919,12.492288265580727,TYC 0662-01546-1,unclassified_object
215,1240.516501819221,1012.6584011732768,1090.335078042942,197.53096509614718,34.207153686843,11,0.7713437098055707,1.0644443872443738,True,compact,4,240.46212900175675,58.57175140042491,TYC 3883-01543-1,unclassified_object
216,579.1161849785179,465.7331810469938,1089.2709806766416,199.98838965084593,34.16875294029135,9,0.7994918395344627,1.2187763482268936,True,compact,4,22.88540176992324,15.33219812996102,TYC 1198-01597-1,unclassified_object
217,317.5269665277243,214.73313950545267,1088.60669260566,167.06359493850528,38.13037560785518,13,1.0402488958274083,1.5350639195545568,True,compact,4,45.604120553447466,-23.621462252101555,TYC 6438-01110-1,unclassified_object
218,1030.2688640407089,1175.0675202439957,1087.4555438773252,190.79531751503066,30.901955494927304,12,1.3850046340748563,2.3873022300201896,True,broad_blob,8,268.1560629826505,40.019592323911695,TYC 3093-01948-1,unclassified_object
219,980.8264598196497,257.74831290991335,1087.1837369176963,181.22011478313524,27.30220121082031,12,1.1307140255510642,1.8514318751580103,True,compact,4,73.17951374465265,36.708821244294796,TYC 2399-01843-1,unclassified_object
220,215.42401453922488,778.6879162265348,1086.9597980895094,182.88560575078947,35.043264784623,11,0.8561809880942922,1.2298739126594715,True,compact,4,346.68385990368387,-23.709840200140363,TYC 6972-01268-1,unclassified_object
221,1136.8686271753406,894.9010368954539,1084.8958790010247,211.29081127756234,30.3692524835901,10,0.858794279253547,1.159754233161132,True,compact,4,275.0292347824987,71.36295299424934,TYC 4437-01492-1,unclassified_object
222,152.07904089865073,914.6569360929701,1083.556267502866,183.2211753203914,35.30611833910801,11,0.9554709432298129,1.4211111039390087,True,compact,4,332.1034770760313,-32.99374264573765,TYC 7492-01466-1,unclassified_object
223,1085.292564955042,884.9029122787251,1082.983933977191,194.70653077603635,26.345640734755882,11,1.2957925634990746,2.4135361753161244,True,compact,4,293.13629019547864,69.68090752196002,TYC 4448-02481-1,unclassified_object
224,698.7353925229979,1147.391590634171,1082.7568945612925,175.83631850263146,20.510888153922526,12,0.8259839964076086,1.0501238556509405,True,compact,4,299.67515773616515,19.47120355433344,TYC 1624-03414-1,unclassified_object
225,906.509026640114,993.3409130666168,1082.6695028942656,194.66395209431786,20.54615180830302,11,1.0073926481697626,1.4270003799285031,True,compact,4,303.8550195173553,47.68063522145467,TYC 3576-02157-1,unclassified_object
226,276.44117024508057,997.7916364457217,1082.3647760022945,177.3443943470747,27.101481307109534,11,0.8091239187603895,1.063641439187525,True,compact,4,324.2976983919827,-19.42288080819677,TYC 6370-01176-1,unclassified_object
227,477.20086983358806,909.2807817582699,1081.2091549760496,206.17986084196374,30.677254281755985,8,0.7392869379399994,1.1207736161745023,True,compact,4,332.54672401087146,6.166160408557888,TYC 0565-01999-1,unclassified_object
228,245.48649011106286,1067.3380619559587,1080.7095324845097,179.01446256975274,40.67582245400627,13,0.8854196492728862,1.1975167219290996,True,compact,4,316.7850696477962,-24.98533039412353,TYC 6928-00335-1,unclassified_object
229,1140.9966483249316,882.3583265643992,1080.5040983717618,208.58874238193255,29.693403800771474,8,0.7858986481135882,1.3052723180858414,True,compact,4,275.2173100575209,72.73449208034283,TYC 4437-01491-1,unclassified_object
230,501.2320894124595,1031.5645373578416,1079.7356215335599,192.27090298586708,29.188593221302053,11,0.7769110006756844,1.1114971580183561,True,compact,4,318.9546511552479,5.223226921280592,TYC 0536-02354-1,unclassified_object
231,1057.475424827807,881.9114095727416,1071.4585893561589,209.6984361054068,28.457381078433862,8,1.0486483228074501,2.106954047874736,True,compact,4,300.7597930383407,67.90824023122067,TYC 4446-01736-1,unclassified_object
232,144.63194954599555,809.49242462906,1070.0706913805075,172.00965907824124,30.72855181461875,12,0.9766201665156977,1.4705829671803547,True,compact,4,343.1254791915184,-32.84096300876382,TYC 7508-01313-1,unclassified_object
233,590.3757125935877,1196.902542565268,1067.067402688146,180.33015911067335,27.129525226045367,11,0.9277032002982704,1.3722841984347132,True,compact,4,298.8340376771419,6.404307610540899,TYC 0493-03355-1,unclassified_object
234,809.0308339877938,495.2482804034183,1066.3665783271344,183.47079350537612,23.033116092601105,11,1.446934829687145,2.72547985288161,True,compact,4,28.476385398867457,40.702406932204845,TYC 2820-02261-1,unclassified_object
235,1107.6951845212136,1031.523354985698,1065.4783195325044,202.14193063565918,33.623433321272,10,0.7612224180441821,1.155579301835089,True,compact,4,268.36213146949024,56.871340246042756,TYC 3910-01710-1,unclassified_object
236,775.7146544053097,772.6465449318728,1063.4943679739192,198.85085095101869,22.19805806226748,9,0.7793817585806294,1.1966687006459027,True,compact,4,345.5746193304817,42.31267688751467,TYC 3224-03434-1,unclassified_object
237,1126.378771866764,1052.2569707710816,1060.688814085706,205.49836321600935,37.3808535745476,9,0.7896161930063381,1.2545798147150569,True,compact,4,263.0415501013239,55.16989204462111,TYC 3892-01620-1,unclassified_object
238,1338.588013160844,1145.2221086274728,1059.217169598241,111.55442016070869,9.55474741764155,14,0.9794036151577891,1.062403368405985,True,compact,4,225.3797735778438,40.27632416417979,TYC 3047-01258-1,unclassified_object
239,895.3238537253994,1179.5748598114544,1057.5757536305935,156.30632957582458,16.66364826649982,13,1.3541076893083233,2.0714662437648923,True,compact,4,282.4460778185587,32.64531649629177,TYC 2642-02932-1,unclassified_object
240,239.32936139034055,731.9890432353724,1057.4933877434144,199.41644733076365,33.04245738880274,9,0.8352262935711261,1.3305314001978823,True,compact,4,351.5156368344513,-20.61460866645518,TYC 6402-01223-1,unclassified_object
241,505.9049648163356,835.432393112421,1057.4645412593602,204.1469984105865,33.07205138397514,9,0.9317597533168283,1.648803389213447,True,compact,4,340.38121256936796,10.833983985935939,TYC 1155-02187-1,unclassified_object
242,822.4097172654131,186.34960813679152,1056.0513818038733,124.5613926667878,14.782274059871469,18,1.7271734264757042,1.4618315613956394,False,broad_blob,8,65.63283415048387,20.964499833326663,TYC 1276-01625-1,unclassified_object
243,1221.6233797903465,1145.4791420484971,1054.1484962212803,166.12151633183453,33.99266422013701,12,0.8199899749960999,1.0323890737618242,True,compact,4,242.19966330192457,44.93684937126014,TYC 3067-01842-1,unclassified_object
244,927.2345020290666,361.3937169623444,1050.591736035932,192.74599413970046,26.435066210184473,9,0.7386998818604465,1.091181759573558,True,compact,4,56.326372908763794,42.55739502116141,TYC 2871-02573-1,unclassified_object
245,921.0728017651617,633.8291581154244,1050.3707865946594,192.74270530457645,19.465743288557622,10,0.8806183857125254,1.330543733396189,True,compact,4,12.222063487384258,57.774939467445236,TYC 3663-02669-1,unclassified_object
246,1002.3362992125238,394.6879271492123,1050.1860157154933,190.08347664661574,25.70638764534941,13,1.3472167537160362,1.972448399128096,True,compact,4,61.77071973068952,50.305809081285076,TYC 3335-02097-1,unclassified_object
247,1032.064555779965,104.40899131440125,1045.6426961432594,140.02500755482146,20.310476074338947,15,1.1016710676940575,1.545575158108089,True,compact,4,91.03327322962453,23.270807582354863,TYC 1864-02011-1,unclassified_object
248,408.4059982383889,887.673160731066,1045.1478766937848,201.99892119876378,30.990828203489652,10,0.8285894357577417,1.3385642630168504,True,compact,4,335.4141919850434,-1.403439094306446,TYC 5226-01606-1,unclassified_object
249,1021.7906611992231,194.46658588127946,1038.9468322789326,169.9032207787643,21.24842932417058,12,0.9684796023359346,1.4060079255536846,True,compact,4,83.16808507692109,32.213244357953606,TYC 2407-02149-1,unclassified_object
250,358.1266754645957,762.414955126707,1038.7585394966027,189.0651746711825,30.396594189873053,9,0.8015093631593413,1.1358213882279073,True,compact,4,348.60477669321415,-6.069623645747257,TYC 5249-01400-1,unclassified_object
251,347.59032084849053,255.271643446944,1038.5306084140689,176.4719233106997,45.26489083531012,12,0.8999969659925112,1.2864128959094383,True,compact,4,41.24739549384326,-18.536286045266834,TYC 5866-01050-1,unclassified_object
252,1053.9404500856501,538.0012167079246,1038.3736510212727,180.13291949339938,23.61163480847582,10,1.1038114330608622,1.9594321481964674,True,compact,4,49.87680130572267,65.64827356286295,TYC 4061-01593-1,unclassified_object
253,1284.694227573147,742.334127204799,1037.7792973767612,183.8831674153994,37.68351401002563,12,1.0543293949575463,1.5958633128881785,True,compact,4,182.8962843751169,77.5329881061454,TYC 4553-01680-1,unclassified_object
254,567.7611251944489,333.6648472177868,1037.4644415340222,204.87790829590824,34.66486750853128,10,0.7778762175926489,1.1276917615222322,True,compact,4,37.05924714931208,8.441623391942695,TYC 0632-01491-1,unclassified_object
255,476.84683931036386,127.52323060684246,1035.566159793833,177.73814751559738,36.71992145273946,12,1.0024672857112829,1.6311972227476466,True,compact,4,56.52830898438858,-12.078893520164602,TYC 5307-01357-1,unclassified_object
256,1001.4836302084185,1047.311416179287,1035.4774187126259,171.17934574253394,22.28274243231437,12,1.4901572130322351,2.4015143434798523,True,compact,4,284.93339819066955,50.606972338295215,TYC 3549-02883-1,unclassified_object
257,960.8617838345847,1019.0140103222573,1033.109607675441,199.5532555079522,22.718215942369387,8,0.7985366019142133,1.3366768808976452,True,compact,4,294.07907670046694,50.21502747772893,TYC 3564-03157-1,unclassified_object
258,590.6978086486693,1108.9102393104945,1029.9281641106488,193.73544233055318,23.267205368385003,11,0.826780284982408,1.1338537069386867,True,compact,4,308.2956619020884,11.26516319098917,TYC 1096-01684-1,unclassified_object
259,1195.0030400855933,797.7505339366994,1029.8807734402585,211.03236798700047,38.53971617262186,8,0.7529397875007949,1.236155192880498,True,compact,4,251.35186318835014,82.03488876994453,TYC 4580-01154-1,unclassified_object
260,836.5354706055004,751.936652676669,1028.9941698089851,191.44615326497194,20.685232665816727,10,0.8521159924342352,1.2440852857496731,True,compact,4,348.1905782856364,49.32044615454615,TYC 3631-02231-1,unclassified_object
261,365.37984661614206,287.12183192353166,1028.9861363012692,187.94767335799898,42.327915907654976,12,0.9592030684113261,1.3820263881242345,True,compact,4,37.96867911693101,-15.195325895224299,TYC 5860-02587-1,unclassified_object
262,1283.7407290679696,1165.85047071482,1028.529168502381,126.9599072660375,24.975334325884457,15,1.1344446309476135,1.4730282367239556,True,compact,4,232.78524322137514,40.814547984662305,TYC 3055-02341-1,unclassified_object
263,260.8365414596865,1017.2508287078552,1027.2947068884725,173.34970740172565,25.77069721014779,9,0.8064691209663728,1.1666503103694263,True,compact,4,322.2037965317401,-21.775746849179594,TYC 6373-01203-1,unclassified_object
264,936.9060503121119,1152.3045896311678,1025.5911682745561,197.0703635830381,21.855241022700714,9,0.7769957003697656,1.1241606369160104,True,compact,4,281.18756373568016,37.58677527676948,TYC 3118-02081-1,unclassified_object
265,993.4546885625666,588.6321607951288,1025.1272371693742,196.70474991385677,23.145812009675193,10,0.771775743836702,1.2366341477850438,True,compact,4,28.603112700677833,63.66268671955434,TYC 4036-02834-1,unclassified_object
267,1115.8094841088198,811.6768465843359,1023.7291651935836,211.37283317065985,36.061879689426206,8,0.7206163090226336,1.1217085233450763,True,compact,4,302.1606585105924,77.73291247024936,TYC 4589-03106-1,unclassified_object
268,925.152322444006,817.6029483766421,1019.7774835184157,194.07284979117696,18.7181083508073,10,0.9061882515423019,1.3344328386881417,True,compact,4,332.79308626364025,58.13975859663905,TYC 3981-01590-1,unclassified_object
269,435.73832965250875,755.8078845157187,1016.0079711022114,206.6289506847738,34.765447067205585,8,0.684399808358852,1.0319344053294268,True,compact,4,349.30222010511415,3.260628303049499,TYC 0580-01884-1,unclassified_object
270,1080.3013800023357,873.2908860593609,1015.5306277165915,211.40297013305167,27.923091380936565,9,0.7448862748525178,1.1686432626620595,True,compact,4,296.97842338496184,70.28326589169386,TYC 4449-02651-1,unclassified_object
271,710.2166910920599,316.5231871830954,1013.0152662385376,183.954321008228,32.75929451361599,12,1.2375912282154224,2.0016203849115266,True,compact,4,44.79673044415809,21.377446469083097,TYC 1230-01424-1,unclassified_object
272,370.3003944450464,388.45424450991015,1012.1960680676282,193.77185959937412,34.338665283387684,9,0.7203853509896316,1.1283582461947421,True,compact,4,27.380519154466327,-10.675023453430791,TYC 5278-02438-1,unclassified_object
273,1041.8891610986418,801.46559748414,1011.2652513775116,212.94979598592525,24.155377982820244,10,0.9180063192545913,1.546493687978746,True,compact,4,325.3971311454018,71.30350624140166,TYC 4470-01875-1,unclassified_object
274,920.9314930833655,265.06998931040266,1010.6682786763834,127.92688183121865,22.26342020375264,14,1.2783902713633277,2.158474463266848,True,compact,4,66.12701628574085,34.07688787177343,TYC 2380-02428-1,unclassified_object
275,991.7045319402314,888.2441000188592,1008.9022857224377,200.12035235746654,24.274325793390112,9,0.8156212946761411,1.345315752315062,True,compact,4,311.3386004213116,61.835968019912585,TYC 4246-01967-1,unclassified_object
276,671.5036680674573,595.5142708984177,1008.7511742184807,202.96873507679717,29.065038208212403,10,0.7467696737334745,1.213636742616013,True,compact,4,9.621991497647333,29.32083155693035,TYC 1744-02936-1,unclassified_object
277,1035.0543242473266,129.35668158699866,1008.5717412092223,129.58689969485982,19.70910332383819,18,1.08322263163365,1.1528694054101793,True,compact,4,89.50712613648994,25.94395485369833,TYC 1867-03204-1,unclassified_object
279,685.3684796274163,596.4863990217787,1006.2781954026963,204.26281676484706,29.38531459467342,8,0.6782804160664495,1.0826596866355753,True,compact,4,9.796740440955215,30.889189201710376,TYC 2275-01753-1,unclassified_object
280,737.7670359201096,815.1853830232128,1005.8412740868531,167.6082042096674,20.617195615647795,11,1.1740786100389689,1.9644000418879746,True,compact,4,339.9404532359093,37.49731321386408,TYC 3201-01589-1,unclassified_object
281,258.2605426817043,613.1269309034818,1003.9339948321451,204.34519615857744,34.00469274329721,8,0.7651415718270873,1.198560650612023,True,compact,4,3.6551350401441307,-18.914796708375725,TYC 5842-01163-1,unclassified_object
282,1037.9688286148419,903.7265054970293,1002.0179672873404,188.84460088375516,24.711060440010073,8,0.9947369952648042,2.040691359732669,True,compact,4,300.4078667296732,64.7675282847184,TYC 4240-00471-1,unclassified_object
283,1026.4503531425894,1138.382341491847,999.4917740956998,187.77038684854313,26.62581133126784,12,1.0224205464048062,1.5875058052479096,True,compact,4,271.8918314658225,43.464384761836264,TYC 3114-01637-1,unclassified_object
284,963.7869520789542,1185.772253978554,998.1758529345659,196.435153908169,32.18405643314079,9,0.7284186175787907,1.0585438471618964,True,compact,4,274.9751416703648,36.06090978439843,TYC 2635-01483-1,unclassified_object
285,781.8598290116231,714.1637536553051,996.6477626547077,206.89500158936906,24.448741550803195,10,0.9035079409776702,1.3732549043361315,True,compact,4,354.53478223012996,43.21897132512038,TYC 3243-01412-1,unclassified_object
286,602.4803440424934,1092.2402461023776,991.5050733568498,171.48744434761272,19.115909067510895,14,1.503131385360126,2.1472110237109696,True,compact,4,309.7395621585073,13.288597344595138,TYC 1100-01721-1,unclassified_object
287,1021.1995799965662,284.2543255213685,990.1722715203879,175.92864047793478,22.694646356433175,10,0.8364739637380635,1.2802401177812093,True,compact,4,75.62460548648893,41.0695236021551,TYC 2899-02236-1,unclassified_object
288,920.9124603974905,1229.1520687494897,988.6894541070142,131.58394902798477,18.37374226743625,13,1.3198695624185777,2.1758514591389044,True,compact,4,275.14974697455466,29.80054145958166,TYC 2105-02583-1,unclassified_object
289,1007.7188757862746,123.88176862669258,986.1497124638247,148.14992381997556,23.615294168063322,15,1.0320747244279276,1.220086546812098,True,compact,4,87.19206240152518,24.593342317567682,TYC 1866-02598-1,unclassified_object
290,418.08732055160164,732.5575298818809,985.6034955870715,190.62215977896898,32.038878837592684,10,0.821489576897855,1.2789492069628274,True,compact,4,351.7666253654672,1.201208755570512,TYC 0578-01415-1,unclassified_object
291,968.7277196623093,497.2862163271798,985.3059633156136,180.69950600393534,22.020718661387747,8,0.7215289931360331,1.0978963658217775,True,compact,4,42.66513618016798,55.87548973528297,TYC 3704-01332-1,unclassified_object
292,345.0195868013044,784.4263449837438,983.118378950498,166.30276898117253,25.517919990470443,13,1.2722099614862006,1.9865961912026133,True,compact,4,346.32826152644395,-7.761124980134137,TYC 5820-00107-1,unclassified_object
293,628.8939034714782,430.3114622027095,982.5213842953008,190.79684304783564,29.964417207973867,8,0.7592082426265592,1.1835925692809177,True,compact,4,28.392332228470487,19.278182330660425,TYC 1209-01835-1,unclassified_object
294,414.3955236324212,854.7136367648304,981.8319496999968,200.61608177830598,30.82068087798197,9,0.7867684717035358,1.2671787904929175,True,compact,4,338.8581206331653,-0.1606988540344931,TYC 5233-02298-1,unclassified_object
295,1130.9386411870598,301.9913287337666,979.492039133234,176.78654330358503,25.144662135117915,12,1.3733684777906363,2.2488057644054322,True,broad_blob,8,89.92663069823259,45.881834813056216,TYC 3361-01787-1,unclassified_object
296,237.2607472054457,714.2386400925599,977.9332774613096,168.0683159461862,35.03044802411897,10,0.7978805582010139,1.1590031383590436,True,compact,4,353.3165218847401,-20.886501275456396,TYC 6409-01232-1,unclassified_object
297,829.6898378702327,1037.6978409204912,976.1072965408777,167.94194875642236,15.522103665525405,12,1.4500155062783306,2.3014358363245786,True,broad_blob,8,304.529787230476,38.100487706413475,TYC 3151-03442-1,unclassified_object
298,269.0293808009314,640.1775912457357,974.9928342962062,202.83325333574766,36.12815633101014,10,0.7932513191042941,1.1362306014968278,True,compact,4,0.9263670846189727,-17.314445668568425,TYC 5838-01288-1,unclassified_object
299,356.55764804435546,901.4636537815757,973.7628048739344,191.7217121910531,30.697682455711654,10,0.7004377784811917,1.0301819833902923,True,compact,4,334.20924181935055,-7.786893740868303,TYC 5803-01996-1,unclassified_object
300,573.9003476215381,131.56996386808729,971.6082959619355,189.2247130183498,37.3601645440915,8,0.8562235605947424,1.5665084190028535,True,compact,4,58.53874524185309,-2.920334940373889,TYC 4721-01217-1,unclassified_object
301,607.668819491988,736.7065590842644,971.2151989877507,202.0837424473851,26.250412620316574,9,0.7229718761296674,1.1069877838948505,True,compact,4,351.3485704202544,23.417417014524993,TYC 2237-01660-1,unclassified_object
302,905.2018292657382,414.25038685419156,969.6674867497379,187.659986525721,23.81647064354664,10,0.7862327336283923,1.1772218840512907,True,compact,4,47.410702065450415,44.84261526589601,TYC 2859-02274-1,unclassified_object
303,743.5548485885245,1136.5594339803038,969.652260368147,159.12072879984152,16.857558252763155,14,1.5289882665597854,2.4749073319775063,True,broad_blob,8,298.4636852442381,24.165548207292257,TYC 2140-03051-1,unclassified_object
304,434.68732239571574,1107.6280187573368,969.0960377830909,196.77911746287444,31.840890125263442,9,0.7248913829716315,1.1370066236710146,True,compact,4,311.9429536273836,-5.0205171618463105,TYC 5186-02125-1,unclassified_object
305,433.8487686594496,286.9054338949207,968.9974705054155,123.9468774032307,28.64849264574837,17,1.7150917865599722,2.4219606508610134,False,broad_blob,8,38.8337614920301,-7.806198419351775,TYC 5285-00952-1,unclassified_object
306,1094.071590829835,751.2362481250847,967.0173008899792,192.91661840273977,27.0955088961138,13,1.0011564695874908,1.3859388365781649,True,compact,4,337.1506918090898,78.81551876290695,TYC 4608-02417-1,unclassified_object
307,469.58599008605387,920.3180137139113,966.2071398856165,199.34829510402068,30.121322478871534,10,0.8857151848748792,1.4119428413183868,True,compact,4,331.43536608998414,5.038308009727366,TYC 0564-02591-1,unclassified_object
308,984.755161332669,304.4326674010019,966.0720084119786,187.15672836877715,27.238202594790884,8,0.7508010299680559,1.2379044799383407,True,compact,4,69.17933551992898,41.24517954990009,TYC 2888-02054-1,unclassified_object
309,1224.6757043949192,828.8700782966455,964.5151166278183,206.1248835504951,32.99750906414783,8,0.7618273760449397,1.3094986779490747,True,compact,4,235.93952922330243,77.792968155719,TYC 4563-02708-1,unclassified_object
310,1181.4282264995702,1113.7303834111256,963.6728089192362,189.18611918582974,30.09775400935858,9,0.7002453937754857,1.0106830674540837,True,compact,4,249.70179976309998,48.93211522654376,TYC 3502-02258-1,unclassified_object
311,756.1040580408927,1053.9374851030477,962.1076494293579,176.9769406609428,20.49393287223528,10,0.8498692553028478,1.2950040328831873,True,compact,4,307.35018225701185,30.36427704554996,TYC 2685-01920-1,unclassified_object
312,939.698941945807,845.6528536123335,960.9835772119229,195.6685063855936,20.775200492440046,9,0.7754657815590785,1.2970580074914946,True,compact,4,325.94988080055623,58.752114659464986,TYC 3979-01616-1,unclassified_object
313,987.2213871987756,1298.615654253035,959.3119608406249,155.9175025613469,28.933220515898952,9,0.7832448076755697,1.118764752838826,True,compact,4,262.69618175727135,26.124217410750138,TYC 2079-02057-1,unclassified_object
314,1264.3512843673986,820.856709027989,958.8404904923061,203.06320268677638,38.06178853959423,8,0.7292791798368193,1.1669690651263238,True,compact,4,216.86240820278294,75.69479954937451,TYC 4559-03017-1,unclassified_object
315,851.7682934848948,808.7693465072086,958.6505272335633,182.77249512088645,19.342592989173504,10,0.9429810240698635,1.453374178171195,True,compact,4,337.9367314094043,50.27006882477839,TYC 3628-03193-1,unclassified_object
316,547.3627624554773,1035.2455123893071,957.7089445301058,198.27111253515298,29.637757259264134,9,0.7449373749138443,1.1535025953430869,True,compact,4,317.5771703506797,10.079354913444776,TYC 1108-02583-1,unclassified_object
318,1025.0525931065758,784.9812855162395,953.1274193930232,148.1934892524109,17.88675488865928,17,1.6294843516772108,1.9080232529674612,False,broad_blob,8,332.79246802044787,70.0920218770605,TYC 4467-02426-1,unclassified_object
319,863.1181343363412,1071.8440392318403,951.9961266698667,174.39593790346973,17.88776245883913,10,1.2101321727342218,2.3190676841078117,True,compact,4,297.5250601862319,38.704665657199065,TYC 3137-03764-1,unclassified_object
320,1198.2136745378891,524.0867433329222,951.6639706538742,180.387866016438,33.03644586179504,11,1.1454640967913776,1.8123829201947963,True,compact,4,94.76007218188339,69.37239024421665,TYC 4345-02051-1,unclassified_object
321,1112.5873883287315,447.10527862952875,949.8416345035463,208.5305275814083,29.11325854039588,7,0.71888969053482,1.282049365238,True,compact,4,75.882960236954,60.43093915009154,TYC 4079-02478-1,unclassified_object
322,1402.312894081598,469.3636647563648,949.4618160111586,136.42007121536932,31.195268389935936,12,0.9123938064448225,1.268981613793311,True,compact,4,137.25775249530898,51.57082515607663,TYC 3430-01673-1,unclassified_object
323,960.7094380634815,661.671504885487,947.2838120046357,173.69550284814397,19.554586706888745,10,1.0115403030943417,1.6070268437412512,True,compact,4,8.349118825869285,62.88817731625188,TYC 4019-03949-1,unclassified_object
324,225.49140732248037,771.1461448742805,947.1754608854509,181.90054294390015,33.650289829323775,8,0.7144346541529814,1.0775921910742414,True,compact,4,347.48761379966953,-22.41812960682542,TYC 6401-01356-1,unclassified_object
325,1040.8853400838448,1052.4073484683493,946.8998875002355,177.05252957682117,25.31819043092368,10,1.4489144307105113,2.6642352096191035,True,compact,4,278.32945656962943,52.28299794084002,TYC 3539-02620-1,unclassified_object
326,1270.6503338752293,187.06319493210103,944.6896925255585,57.593297265489454,8.161785346433513,22,1.5211055293925237,1.514665649829778,True,compact,4,113.75402072598644,31.810658280193948,HIP 036850,unclassified_object
327,882.5225000358862,1074.003411080626,944.4460509417293,138.18908196985902,15.229696464411251,15,1.4254061685030424,1.68947127420205,True,broad_blob,8,295.51651401983634,40.10801328493455,TYC 3140-02645-1,unclassified_object
328,561.6265994080495,77.99678965528022,942.75890819973,154.88802492252523,26.477312607086077,11,0.9848074096547473,1.510352414687761,True,compact,4,63.81243540540672,-7.6542935520243836,TYC 5312-02325-1,unclassified_object
329,999.8367962622262,374.41796363050855,941.3064484735153,200.86112297833708,28.019209490087782,8,0.7401364853775817,1.138933481018918,True,compact,4,63.75961634069033,48.38203736395535,TYC 3332-02426-1,unclassified_object
330,1090.3948975129883,152.4667830197789,940.7256102449562,146.9763469713036,23.906541159241744,13,1.0009281340118714,1.5040341163262114,True,compact,4,93.83579266424255,29.50993003811066,TYC 1889-00861-1,unclassified_object
331,1125.9006104137884,502.3831975050544,940.0982737701627,195.87620381157487,30.380564325664917,8,0.7331520279870527,1.193167431732602,True,compact,4,73.56458466617862,66.33628304027825,TYC 4091-02094-1,unclassified_object
332,811.7321456322355,860.9885974286045,939.728728480443,158.24447403256022,18.04756801349546,11,1.4287598460512045,2.17504877158585,True,compact,4,330.9004322755389,44.57542885929187,TYC 3210-02003-1,unclassified_object
333,506.2848250383249,1070.0785649705338,938.4846484594061,172.36667664851154,24.858281498929887,12,1.29829478623015,2.0326164145000964,True,compact,4,314.7102068557231,4.256454158823067,TYC 0521-02814-2,unclassified_object
334,385.9715531338309,648.7268208407446,938.4762460057003,197.16806516186222,32.11741224903376,11,1.0859904954052657,1.842106398834972,True,compact,4,0.47179152266270363,-3.0027821124252188,TYC 4666-00935-1,unclassified_object
335,958.2566754544475,835.8148147048533,937.6987981538816,180.9263406587628,18.14105891187899,10,0.8721693321205211,1.3607426317899118,True,compact,4,326.39388718651134,61.08825263911094,TYC 4262-02279-1,unclassified_object
336,1163.438538182478,893.1427957896168,936.3993583656188,207.27596106038075,30.351033430848652,8,0.8058100044484312,1.4330900333593857,True,compact,4,265.4032035152036,72.15438607342718,TYC 4436-01425-1,unclassified_object
337,1321.609805760863,616.7336395712778,936.0826985729852,176.90566441701824,30.240890491953515,9,0.8156217459795124,1.280755806964778,True,compact,4,143.69008656413482,69.82418269831447,TYC 4376-02052-1,unclassified_object
338,1048.1488584979159,274.00288392137924,935.8456149580861,153.52449625886658,18.280227413653336,14,1.0360048675408888,1.1693586382106018,True,compact,4,79.99991132626465,41.083891922571894,TYC 2913-02360-1,unclassified_object
339,777.724045516381,596.3019099029827,934.102722585428,210.80615628180774,26.552685749049736,9,0.7817001217391826,1.2903429230334071,True,compact,4,12.358239291820315,41.0777664301114,TYC 2801-01433-1,unclassified_object
340,649.8001304039784,967.4788671372095,933.8689043785846,195.3357768751039,24.102703181399036,9,0.9506138435134773,1.7347381334175054,True,compact,4,322.49450661293383,23.651154520135776,TYC 2188-02203-1,unclassified_object
341,350.64591796990146,491.83621851024066,933.7561507421087,169.9389415525855,28.58236932590049,12,1.0778913934996417,1.670845903274163,True,compact,4,16.492518606357724,-9.876417434413005,TYC 5273-02656-1,unclassified_object
342,467.8964057971998,658.5782181828797,933.2045789008444,192.10989325134187,31.55625058313871,8,0.787213352631448,1.3600411243595902,True,compact,4,359.8435301607804,6.826662539015819,TYC 0593-01697-1,unclassified_object
343,337.00806550654863,1159.070607116936,932.1655123216888,173.13601698046506,28.37128426670072,10,0.8157098107052058,1.1227820677344595,True,compact,4,307.2315207434193,-17.799841149738153,TYC 6333-02128-1,unclassified_object
344,1062.6673217607733,624.7519196139502,929.4162324858712,208.29772385738872,26.73173198962168,8,0.6875240044908432,1.1145111940954628,True,compact,4,30.913750250353218,72.40786872477256,TYC 4319-01847-1,unclassified_object
345,907.7708780772848,696.9157921248262,929.2063307987648,190.67087441812095,19.3261143596404,8,0.8374534288741897,1.5133278806446029,True,compact,4,358.65564200748133,57.4038322110309,TYC 4009-02605-1,unclassified_object
346,1187.4451232009642,960.9964907415589,927.7125322043046,198.47435069279857,33.42946616714575,7,0.7341957109186348,1.3038108422854107,True,compact,4,254.02276034477597,65.1203197780068,TYC 4197-02429-1,unclassified_object
347,599.3338708738426,304.6235879317678,927.4141540985108,196.05082478751703,40.34088676260435,8,0.6805086518266201,1.0399106632624695,True,compact,4,41.229737665746384,10.097800338832396,TYC 0643-00937-1,unclassified_object
348,828.2229833122751,1082.567879733658,927.1033800289957,173.80511606446845,16.628531764478907,9,0.8408794389492846,1.3795499329778702,True,compact,4,299.0646661423553,35.059777353053796,TYC 2677-01816-1,unclassified_object
349,498.5367280047511,515.5082299088776,925.06096157167,201.95040158932207,31.425568779484628,8,0.7841398038741763,1.5728837561737898,True,compact,4,15.721630364091164,7.881026872311339,TYC 0612-01446-1,unclassified_object
350,717.7397738250847,981.4526561919868,924.8379708371925,190.50432463172606,22.620939223535874,8,0.7760799611414158,1.2904038289240485,True,compact,4,318.2613620666866,30.21230807605398,TYC 2702-02764-1,unclassified_object
351,836.8945049166693,403.87641767933195,924.4028418144243,195.1732531752238,25.37024637254525,9,0.7088465860802,1.0423434367569941,True,compact,4,42.65885074601854,38.29801549947943,TYC 2846-01429-1,unclassified_object
352,332.0775665348934,753.6980565509436,923.233580082321,195.52206932704632,27.27047138854011,9,0.8087453986566118,1.2921041319789501,True,compact,4,349.48076404266874,-9.204922084270526,TYC 5821-01481-1,unclassified_object
353,1060.53337504467,985.4218930217056,923.1885213279354,199.50995956286457,26.767170142745613,10,1.0977863006242252,1.8845147245101748,True,compact,4,282.7727681036219,59.43287547815297,TYC 3930-01790-1,unclassified_object
354,870.3345037160337,173.61133507513833,922.9436116993974,160.58105553121513,27.63042698803252,11,0.8214912165870183,1.1851972805989044,True,compact,4,70.53066635070358,22.963570080054826,TYC 1830-02131-1,unclassified_object
356,288.9408388266443,692.19902703476,921.5266795212282,177.7361981157312,26.326964395459317,8,0.7128199184335812,1.0801186896070676,True,compact,4,355.68230958476585,-14.531433097078901,TYC 5836-00979-1,unclassified_object
357,362.2632049016814,1062.2892664202777,921.2850262349899,182.15289661567712,34.78738144891295,8,0.7059653470797305,1.0709552203365362,True,compact,4,317.4114655461638,-11.348967334007634,TYC 5779-01803-1,unclassified_object
358,1192.8857645643043,1075.5215322607867,920.3104199588242,176.12726395724596,37.351296168903005,8,0.707221120653747,1.031355890063158,True,compact,4,249.07682150195632,52.92692855336376,TYC 3879-02960-2,unclassified_object
359,402.39265043726886,272.88403589325657,920.06447845989,160.8244534731345,36.588172514451855,11,0.8449522595104993,1.2043875984794288,True,compact,4,39.85972822381043,-11.818737884367476,TYC 5288-01093-1,unclassified_object
360,1081.3342485532758,228.20372503679462,919.3017611285387,172.29938574311456,23.049646481197883,11,0.8729273800127902,1.3479887839917502,True,compact,4,87.73758025298304,37.32475005016725,TYC 2418-01571-1,unclassified_object
361,1185.4338972890096,269.45256070521305,918.835232464952,149.56318094215027,24.510044158623412,13,0.8541733441314312,1.1862893720327605,True,compact,4,99.81129996532485,42.50249425452539,TYC 2936-02025-1,unclassified_object
362,622.4351297027215,807.8784328443917,917.4036802894653,212.2644619350591,34.15891976933508,8,0.7310959292807259,1.169743865731842,True,compact,4,342.5560858049762,24.605340589126854,TYC 2225-01821-1,unclassified_object
363,855.4867080457825,399.56581439624847,917.2570313403776,182.46692052853788,21.78680142140471,12,0.779975324135958,1.0278668115343002,True,compact,4,44.71292455152053,39.649395912038294,TYC 2850-02115-1,unclassified_object
364,1156.1039235487876,707.6703314327485,916.8450831912144,197.48057926972407,28.663757090664696,8,0.7420200592221194,1.2055002303513542,True,compact,4,17.428040634878194,86.27524268338523,TYC 4623-01236-1,unclassified_object
365,698.2147604452114,1121.471341636651,911.3794338527406,134.87481680131225,15.201566204881932,13,1.4124256898822236,1.9490427954329685,True,broad_blob,8,302.580490347005,21.008887232018264,TYC 1630-00481-1,unclassified_object
366,881.2652553859828,486.8339210535182,908.3130592656514,183.02152623622072,22.94361982382117,10,1.0694151969804238,1.8177903900266057,True,compact,4,34.940541827211646,47.33888688756964,TYC 3298-00896-1,unclassified_object
367,985.5498907164713,761.8478311900114,905.7926363305768,199.8429870735341,24.025126290606174,7,0.720471449439338,1.2808816850254163,True,compact,4,342.4927883353293,66.17508681588059,TYC 4277-01102-1,unclassified_object
368,299.5618326557689,822.3051829924092,905.7388952175022,196.88500187807716,36.987564492628835,7,0.6873925634568185,1.2106403508199022,True,compact,4,342.42426276003494,-13.580490252563822,TYC 5819-01247-1,unclassified_object
370,1063.428451691858,679.2249631241091,904.5491002320801,178.48187084329376,25.400158486691705,10,1.0415573602033021,1.8920219959911484,True,compact,4,11.682072914583543,74.91258322005467,TYC 4307-02166-1,unclassified_object
371,1070.6271758568678,920.8199758596908,903.73711340012,211.94086662997586,31.788053846405877,8,0.6893606501487294,1.0639440403007034,True,compact,4,290.1834889237618,65.71021932545281,TYC 4229-01852-1,unclassified_object
372,1196.9585333157374,289.3885500467325,903.3788649647953,162.97440258943655,26.39850003199818,11,0.9279386782599445,1.3461908494987627,True,compact,4,100.79225705123667,44.54274056163961,TYC 2953-01956-1,unclassified_object
373,715.5069765847899,459.82059857848,899.4329886404049,195.71936786077956,30.384646926623216,8,0.6760551888181844,1.064504597885167,True,compact,4,28.26940737925278,29.571288024797788,TYC 1763-03028-1,unclassified_object
374,603.0999579385568,582.4690962727383,898.6942540460702,171.55196225763572,27.968712728142293,10,1.15486354576535,2.211643682306501,True,compact,4,9.912100858363017,21.35378179261543,TYC 1193-02067-1,unclassified_object
375,748.3699150505558,1086.0353813308548,898.6450308545305,172.69174284689063,18.119951592801396,8,0.7840919148668376,1.3093940208964858,True,compact,4,303.9694780381559,27.768473617287274,TYC 2163-01794-1,unclassified_object
376,621.9825183019768,991.4576424067244,897.3498401961427,177.23130713215394,26.440911761976384,8,0.7106894738107573,1.0766979900012696,True,compact,4,320.51536736404836,19.776010000182364,TYC 1671-00986-1,unclassified_object
377,855.584826363284,386.89822961763304,897.1252082744008,195.10432925109964,22.998736309306217,8,0.7049136160417311,1.1115367658815662,True,compact,4,46.31154607176733,38.80929894738594,TYC 2847-01572-1,unclassified_object
378,395.81518934918364,1100.1448953162878,894.8247796355362,190.5723363673482,30.00177172645753,8,0.7213866304833969,1.1111713110153336,True,compact,4,313.17549048703756,-8.972667412003377,TYC 5757-01943-1,unclassified_object
379,1219.6536757964884,432.79935962690996,894.7876044746937,184.36677474799026,26.165571091152742,10,0.8153546092904214,1.2140511320061131,True,compact,4,101.47910222220183,59.4466736403488,TYC 3778-01983-1,unclassified_object
380,536.3387696979775,424.52958185194086,894.6599539461491,203.8395077267897,35.15764775043902,7,0.6752653162922734,1.2168459161830723,True,compact,4,26.371575920418223,9.139680494506834,TYC 0622-00574-1,unclassified_object
381,848.1637560499685,1018.0693247356493,893.594530736912,139.64449305058326,13.21205372758477,10,1.5400555624347703,3.014152696206465,True,compact,4,305.6633800485614,40.96940909473495,TYC 3156-02220-1,unclassified_object
382,477.6033194520839,1123.3524489909107,893.5868789870203,188.277035038512,28.652730549138894,8,0.6833536742642837,1.1269593912805889,True,compact,4,309.5896294761202,-1.1070888577181344,TYC 5177-01878-1,unclassified_object
383,608.8186019196899,483.7830703928942,892.0372027063613,195.4698452424062,30.341348721061657,8,0.7542164980993098,1.215161165591252,True,compact,4,21.62028582026593,19.20728285358064,TYC 1201-01724-1,unclassified_object
384,965.2179521783688,776.7277249421181,891.5999859122733,180.21050348450197,20.08131132978414,9,1.0163939508369149,1.8577081547684835,True,compact,4,339.659550810698,63.59843190488416,TYC 4269-00809-1,unclassified_object
385,957.5351451084464,421.91210507964877,891.2819513895911,172.26991267439257,17.049323763553335,10,0.8715091348071179,1.3461078573503635,True,compact,4,52.29921583554997,49.50982087400975,TYC 3320-02810-1,unclassified_object
386,975.5774608315561,277.832188565966,890.7869604718584,115.63188438632412,18.90257951912226,18,1.884524519818306,2.1085246616044815,False,broad_blob,8,70.69218963706079,38.317982502158756,TYC 2893-01482-1,unclassified_object
387,876.7255249159576,1300.6029368154911,889.3874230558695,170.5953227322786,19.193320434483116,10,0.7894294824806579,1.1770507243527746,True,compact,4,272.21032215638877,20.842509829044165,TYC 1579-01852-1,unclassified_object
388,1345.5409624526485,557.1129142722407,888.775997700608,178.71666079227344,34.827792573272525,9,0.7450661788091052,1.1422826342273333,True,compact,4,137.7503413855736,63.51816063325763,TYC 4138-01687-1,unclassified_object
389,988.4146929064428,374.31884857734735,888.2259073770451,192.08580437114367,26.57366312533203,7,0.6826704480239572,1.1441981515882655,True,compact,4,62.21236002573128,47.69401520640177,TYC 3332-02427-1,unclassified_object
390,935.3317353656939,600.7856754522219,886.8436342520988,178.3485559910586,18.65172742483427,9,0.7523242053832003,1.1447706750910522,True,compact,4,19.932504415988387,58.226423756574974,TYC 3681-01736-1,unclassified_object
391,1212.666160058643,922.506349254343,886.6876238500043,189.7999301975305,30.03413153795892,10,0.7268743440561645,1.1505383193986023,True,compact,4,246.96836290660013,68.76399567934287,TYC 4419-02886-1,unclassified_object
392,895.6769046325948,1138.528249654906,886.6024521825636,173.0123172244496,20.70254245518909,10,0.7957149195372952,1.235273041961502,True,compact,4,286.78906567435916,36.08554833473344,TYC 2652-01709-1,unclassified_object
393,515.6691799348487,728.558804716822,885.3441492446339,200.2291788120708,39.43391837422771,8,0.7308934900312446,1.301293506943602,True,compact,4,352.28792783098714,12.741434260618792,TYC 1168-01611-1,unclassified_object
394,1184.153052022936,755.0111845741277,885.3240942953207,209.40059009037415,37.510332870953135,9,0.8922360833757104,1.4387535861699603,True,compact,4,262.6109733359354,86.58843336972059,TYC 4655-01053-1,unclassified_object
395,922.410691070746,796.4640334445763,884.1502898030861,189.29821389890566,19.758839717796658,8,0.7304715471029127,1.3400577210011382,True,compact,4,337.3549012831613,58.38015655362726,TYC 3995-01480-1,unclassified_object
396,644.3664601309024,1133.7429367484838,883.2621614551744,161.92993572539288,19.753851570051033,11,1.3740884263537019,2.4056113191249198,True,broad_blob,8,303.6308044150138,15.212061421973877,TYC 1618-02331-1,unclassified_object
397,782.5383668817495,953.9621325645694,883.0221787264054,181.41174644889378,19.7778076613227,6,0.7665603356660408,1.5379070474128713,True,compact,4,318.7394728578131,38.042678478702086,TYC 3169-03876-1,unclassified_object
398,847.7356649530446,932.1918670845536,882.0843987663909,99.40192625594361,9.584413692797735,17,1.8847297375148326,2.0949697839400083,False,broad_blob,8,317.91263354591877,45.60659751894619,TYC 3589-06516-1,unclassified_object
400,1101.9967165231358,603.5206153168714,881.6312822890534,192.4056661452368,26.306625936202842,11,0.9222755356826169,1.4174811733204562,True,compact,4,48.1714149803772,74.35195858804774,TYC 4325-01562-1,unclassified_object
402,543.2613410626366,1026.5715764113024,880.7889645720795,181.77344070193,24.852208817029748,8,0.6857646054031579,1.0686282312763955,True,compact,4,318.625174411401,9.978662197069674,TYC 1109-02583-1,unclassified_object
403,1025.6904648034933,491.57685868695125,878.9840757750646,201.48131185059137,24.777540884013117,7,0.6609370202712535,1.1822876068589105,True,compact,4,52.34200678525386,59.93377313117879,TYC 3715-01248-1,unclassified_object
404,686.8289398722475,737.5615573235365,878.223634037909,201.49779335403673,27.445855112638494,12,1.2668167621295898,2.127902055061259,True,compact,4,351.1505778395529,32.47607147816826,TYC 2769-00507-1,unclassified_object
405,1090.5742763195572,244.12245747523085,877.7841632115774,163.58292288338043,21.262830322532817,9,0.8101890990766933,1.2325868091921104,True,compact,4,87.84529555250495,39.1745181666475,TYC 2912-01835-1,unclassified_object
406,292.13300552883624,1075.715419812396,875.1959194652549,168.24562675362318,31.132050158158428,10,0.7890791201920759,1.1198634429385839,True,compact,4,316.1250000912458,-19.815618240812313,TYC 6354-01492-1,unclassified_object
407,753.8790348957918,958.8071097463985,874.4011573644323,190.01219779698363,22.59681508922763,10,0.8013707872522645,1.204979029520924,True,compact,4,319.53690569675706,34.90322160237828,TYC 2710-02647-1,unclassified_object
408,1271.034586721328,350.29439802642446,874.3752295095907,161.34139903929,23.85375338672545,10,0.8506304485866021,1.2853069700228703,True,compact,4,111.66017057797387,49.222607214586134,TYC 3401-01648-1,unclassified_object
409,614.3956306133799,815.8047465825258,873.1050749372862,210.27183511264874,32.36775799739267,8,0.69200881434859,1.072625959604059,True,compact,4,341.66967304020585,23.584629591447047,TYC 2221-01666-1,unclassified_object
410,258.08441999351845,836.477152276601,872.8833520248781,189.3425623785868,36.13019083742312,8,0.6853195220496101,1.0207759498696352,True,compact,4,340.9109672029708,-18.80956242748467,TYC 6389-01377-1,unclassified_object
411,939.2263332357974,442.3715459196431,872.60485422189,204.14889519444068,24.09453872717515,7,0.695990050789867,1.2127340940865459,True,compact,4,47.29099979382778,49.60806615477883,TYC 3318-01840-1,unclassified_object
412,1319.3867260706759,536.9317966628802,872.5446085584507,190.85308666487873,33.870686491808584,8,0.7106057524191448,1.0791976387329334,True,compact,4,130.06970425176962,64.33456415749424,TYC 4130-02355-1,unclassified_object
413,1384.7673082218469,988.490335235432,872.332785219435,135.79216304089692,25.89359308637289,11,0.8890834749632501,1.2793750764533998,True,compact,4,213.32371378392273,51.74065018442991,TYC 3471-01250-1,unclassified_object
414,758.3657071397221,579.5017096451784,872.321963166996,208.86215719288867,27.247174863874452,6,0.6769919524022029,1.3540328273538698,True,compact,4,14.12943705019451,38.51143923601271,TYC 2798-01667-1,unclassified_object
415,417.49464890784316,528.6971965689111,871.7719343964508,183.99291930345618,36.03229758454841,8,0.6480381411556758,1.0236325439434233,True,compact,4,13.261266102636556,-1.1500157644669449,TYC 4674-01183-1,unclassified_object
416,791.7464142724531,945.5623414313488,870.6017710919098,173.37227585271305,18.484062898768183,9,0.8876072709426137,1.5561439464349704,True,compact,4,319.4029757433,39.350291760333526,TYC 3173-03151-1,unclassified_object
417,441.51972403491357,786.8393194747796,868.3955721280606,196.60248876778428,28.304772327726464,8,0.6727557986155897,1.0075107633035927,True,compact,4,345.9772478970985,3.786164714510943,TYC 0579-01834-1,unclassified_object
418,709.5716398045794,1184.9402012510193,866.3389187274672,179.65412941670166,20.16040288435198,8,0.7216417791202692,1.088485438770173,True,compact,4,295.0316500410657,17.99528597921156,TYC 1606-02341-1,unclassified_object
419,390.1806208935497,915.3770700812646,864.1479106272324,109.93894556144963,19.130431362305774,17,1.703374246892215,2.353255306861272,False,broad_blob,8,332.6107335828866,-4.081393640708037,TYC 5228-01678-1,unclassified_object
420,815.1596342589181,855.6190960866079,863.5255099556633,193.40367559151136,21.59049832674219,9,1.012197573020707,1.8589946338090955,True,compact,4,331.59654972682307,45.10212805030028,TYC 3605-01645-1,unclassified_object
422,897.7261685624983,141.55328566165315,861.7564853589797,158.44894667091953,25.008429093832845,9,0.8090192258890384,1.334443739162628,True,broad_blob,8,75.74542796410408,21.617165086307164,TYC 1293-02747-1,unclassified_object
423,1159.7610898837147,925.6205444299778,861.7003608422374,200.04003661189833,28.643049699191348,7,0.6778933747370443,1.1571984926331795,True,compact,4,264.14948705366277,68.75967376970692,TYC 4428-01960-1,unclassified_object
424,1246.1554836406062,1162.8169201021449,861.1108077987643,153.96159311706958,32.17630727054406,10,0.836601376388295,1.2361997675071152,True,compact,4,238.15062280121776,42.44735559601227,TYC 3057-02021-1,unclassified_object
425,1019.6757816289586,727.3607957130296,861.0818774759503,183.76514562116424,24.06956420708863,12,1.5316218687690857,2.7756574530898956,True,compact,4,351.75213245788325,70.44662680730733,TYC 4482-01943-1,unclassified_object
426,663.5755339024118,860.5656368431405,860.7243434713534,196.40969417111515,25.88381855112414,8,0.7387442650649736,1.387353292313567,True,compact,4,335.34905374923056,28.337563114669948,TYC 2230-02066-1,unclassified_object
427,1075.1375154623797,1214.516762806915,860.6107062485312,189.36950253552044,28.04419936823518,9,0.7744578140660906,1.211708065432736,True,compact,4,259.43226185660905,37.307032442570794,TYC 2604-01775-1,unclassified_object
428,1196.9669048500489,419.78867348327566,860.2290143042376,185.2204701078456,22.879369423056556,9,0.793077986219021,1.1704957842409822,True,compact,4,96.64393467387274,58.44376391430662,TYC 3777-02070-1,unclassified_object
429,364.0433278593253,639.4845101753831,858.1984945551002,176.8334187186262,30.433300136151388,8,0.6906475550031744,1.0256854840473075,True,compact,4,1.331658519227662,-5.725949524016624,TYC 4669-00996-1,unclassified_object
430,556.5562558093147,365.8762117809202,858.088538596742,193.37004145727298,37.78349515291238,8,0.6842755348152467,1.026124310307944,True,compact,4,33.258518371997276,8.823821439664904,TYC 0631-01493-1,unclassified_object
431,747.5756790145025,854.7994377790413,857.1375829677518,197.1324147774992,25.338720515413463,7,0.6767902715581978,1.1787230864087153,True,compact,4,334.0791943925783,37.760021616735735,TYC 3199-03591-1,unclassified_object
432,1187.5829177615067,1039.6890541659254,854.5199567021175,184.41280980347662,33.78731905160617,9,0.815325194775429,1.424028149605674,True,compact,4,251.33950876361786,56.79807365579574,TYC 3882-02597-1,unclassified_object
433,613.592476729969,1078.724386728937,854.1001239803481,196.56361924244632,21.508629227648072,7,0.6947878286441264,1.2500325701108639,True,compact,4,310.8633688530807,15.078601491680924,TYC 1634-03055-1,unclassified_object
435,946.2905912628989,1226.096930853327,852.9633183833866,184.7526081782972,26.553018323551907,9,0.8117148117049167,1.3025184215805885,True,compact,4,272.9975174526219,31.41793670527363,TYC 2622-01995-1,unclassified_object
436,812.2743548254092,387.3123534716213,852.7622725182797,193.46507105434887,26.927319846415052,9,0.7701487740687939,1.2689552057147913,True,compact,4,42.87701570128678,35.053182664474434,TYC 2334-01042-1,unclassified_object
437,1054.354343392362,1250.3696946190005,850.9097737227831,145.08531864186398,26.811326454980176,10,0.8522667145061257,1.3346022169132161,True,compact,4,259.3483086629382,33.09467999584755,TYC 2596-01318-1,unclassified_object
438,729.2137147128659,413.2860079296549,850.7268268592344,152.82339450616152,22.422163688945087,13,1.4778159754488243,1.588297021932334,True,compact,4,34.622801813146104,28.70626443413413,TYC 1777-01481-1,unclassified_object
439,1289.1584474341034,913.2813828057147,848.4202786898022,189.3195939251498,34.8615310590915,8,0.7120921888285191,1.1074732362312594,True,compact,4,224.39980765574745,65.93748596044887,TYC 4186-01373-1,unclassified_object
441,1232.3522062460397,426.0547223939712,847.7986601241978,184.66319036650714,27.817865338458247,9,0.8348977099706072,1.3880112839979128,True,compact,4,104.33294303458426,58.426492663389624,TYC 3779-01730-1,unclassified_object
442,609.6212425503678,1193.0801424430294,846.9251495512782,178.53888194931673,21.164138055917586,9,0.8201762507371723,1.260692798853841,True,compact,4,298.5658648926847,8.44676692859171,TYC 1058-03400-1,unclassified_object
443,973.5242559765384,945.6737825833649,845.9316092963898,183.19632345421854,20.70778974041681,6,0.6707705342593014,1.3457925487540587,True,compact,4,303.3768497927768,56.56018012030657,TYC 3945-01798-1,unclassified_object
444,461.4358858284289,730.739974960939,845.6720303321947,195.2482833057414,33.035520102244746,7,0.6544782032383573,1.1299604318220735,True,compact,4,352.00286430412586,6.356241181467821,TYC 0584-01515-1,unclassified_object
445,374.35633562882293,994.6463279300528,842.8117264318432,193.43918604843014,35.7366228004711,8,0.6933583458811083,1.118785389304354,True,compact,4,324.4218818024256,-7.86043788922363,TYC 5787-01291-1,unclassified_object
446,856.2536089960453,957.9059990076162,841.6273578640064,143.35935727200072,13.445720750320472,10,0.9758642689921491,1.5475650999635804,True,compact,4,313.4538274991478,45.161545830074225,TYC 3575-06505-1,unclassified_object
449,333.07285471676585,758.5301150468938,838.8169461753832,178.01738762247052,25.07660654249203,6,0.7499580521133045,1.5030237418800512,True,compact,4,348.9856259468104,-9.097236823154008,TYC 5821-01480-1,unclassified_object
450,742.2095338832092,638.9505185229444,838.8136460127158,193.7731384972031,25.610457013313237,10,1.2531380694859398,1.7124492690236546,True,compact,4,5.223718797313339,38.049310757098084,TYC 2783-02251-1,unclassified_object
451,390.3615643233768,1175.806365524117,838.643481768454,182.11629611080798,26.56498595046101,8,0.7642519403987079,1.1656172902396977,True,compact,4,305.19033475539436,-12.73981971787692,TYC 5749-02531-1,unclassified_object
452,711.344907970747,288.58023629372065,838.3445073517463,200.6323299092433,29.944535558880506,7,0.6677046838933729,1.1381973923393607,True,compact,4,47.92165655325431,19.712737742797596,TYC 1228-02019-1,unclassified_object
453,1037.41629749682,581.3728358906212,838.238485075794,177.2327185145441,25.19157151037964,9,0.7396740341651724,1.1924970688916678,True,compact,4,37.30557796949255,67.41234441564218,TYC 4058-01504-1,unclassified_object
454,776.5643002306942,1055.4020508013132,837.8887637962008,179.40715521058243,19.197563408524612,8,0.7146623873441095,1.2649048145158344,True,compact,4,305.9490628350656,32.1917134601021,TYC 2676-01688-1,unclassified_object
455,803.5919324197982,523.53096472267,837.4625664691489,210.77172455136653,25.18069646612272,5,0.5980868937193529,1.2342438251402024,True,compact,4,24.144148047745958,41.39153196683596,TYC 2822-02210-1,unclassified_object
456,491.66401990463646,396.46152193023255,837.1286146537793,192.51387805362745,35.61354652621647,7,0.6332233171265259,1.1251070026263337,True,compact,4,28.387343527328067,3.1728879934576626,TYC 0033-01213-1,unclassified_object
458,959.5353514840089,910.1425874086489,836.541493354853,172.7106103827145,19.526549828647013,8,0.7114132112298109,1.0997730440136024,True,compact,4,311.3638013608301,57.57469995719859,TYC 3959-01685-1,unclassified_object
461,766.4057528772325,908.2837724199799,836.2845150509424,193.0822586996562,23.81925137700729,12,1.461574724377967,2.479830955079457,True,compact,4,325.85457736878453,38.18990612177113,TYC 3184-02738-1,unclassified_object
462,385.89862190592766,303.24129835354626,835.2274936287329,159.69295646587884,35.62202491190303,9,0.7588133534354315,1.106884562447072,True,compact,4,36.46412521673871,-12.25354793157478,TYC 5284-02546-1,unclassified_object
463,955.1032463970395,443.49555367346863,834.0882760751019,196.73402020287455,22.08984808656698,10,0.9882467205984111,1.526915005937323,True,compact,4,49.0460354380935,50.952880684041716,TYC 3323-01510-1,unclassified_object
464,502.06995145816217,426.6800672923323,834.0245435136693,202.50735775482,38.38622352506226,7,0.6855153349878029,1.1067986857435241,True,compact,4,25.376734424540583,5.465405412169794,TYC 0035-00435-1,unclassified_object
465,969.1574475650774,839.5170567593193,833.768140277267,168.78919895315252,17.195163773210535,10,0.8654969831066709,1.3056532002635393,True,compact,4,324.52419730915636,62.083573232656725,TYC 4253-02243-1,unclassified_object
466,1167.1778590613599,1254.5563838969933,833.0446174509443,143.69956723632419,13.70771006987702,11,0.9754743053739421,1.4661259251020282,True,compact,4,245.56796074708365,33.737214331473815,TYC 2583-02106-1,unclassified_object
467,905.9874211261572,600.9711589085781,832.9477237750165,198.43775409727976,23.31968086116058,9,0.7113385241113619,1.0310411431974253,True,compact,4,17.72307760934409,55.109248745361704,TYC 3673-01923-1,unclassified_object
468,676.6912584020134,719.9114733640946,832.2846866101636,194.05534345869214,26.442857650957908,11,1.143049488452756,1.796579635640555,True,compact,4,353.49052085486596,31.33127016185994,TYC 2766-01925-1,unclassified_object
469,630.0369429715631,1192.3932757682744,831.3609548642464,182.42380389335187,20.554958355835566,11,1.432981674592015,2.2463433147529375,True,compact,4,297.8646514004835,10.389092632861619,TYC 1062-02701-1,unclassified_object
470,1113.832109359456,862.5039455120511,831.0314047057071,209.8471307486409,30.861931833374648,7,0.682195211654347,1.159889860094201,True,compact,4,288.8801006994256,73.37548679916235,TYC 4456-02107-1,unclassified_object
471,1382.9883353265768,995.3746704323582,830.0441290178377,127.60311386146371,23.414621831585976,13,1.073477280122652,1.5035374136019708,True,compact,4,214.03844891900863,51.318429644622555,TYC 3478-01333-1,unclassified_object
472,1365.4288376359518,340.08698375389554,829.852372818332,137.64289862080335,37.24512198980355,11,0.9014964323287504,1.2841221607300632,True,compact,4,125.7871048575244,43.109129464792424,TYC 2980-02184-1,unclassified_object
473,797.0032651385147,804.953282887136,829.3901596544254,201.61832769601722,22.671251208892524,9,1.0461828843254553,1.7890680402955488,True,compact,4,340.17408282581187,44.262854685402935,TYC 3226-02285-1,unclassified_object
474,521.5905747615536,173.51900308914276,829.3263191660578,165.39800123971224,36.88420666174478,8,0.8841954569269084,1.7701178537636568,True,compact,4,52.62311016348919,-5.0398333936453525,TYC 4722-01534-1,unclassified_object
475,743.9170498321496,1026.2283899963318,829.2765280634919,193.24810063664904,22.072818559236964,8,0.7264166687535911,1.126512312535415,True,compact,4,311.4145876168639,30.700423241736853,TYC 2687-02651-1,unclassified_object
476,1189.721020009106,424.596446786675,829.2756419071027,175.48245679592213,21.70108786690423,7,0.6751360516064537,1.1452813573916159,True,compact,4,94.88577636344368,59.01662062532826,TYC 3776-02465-1,unclassified_object
477,1327.9626422084993,401.6666690646702,828.8978238578478,155.71509225195325,38.72525036229751,11,0.8921832648164685,1.292655207108808,True,compact,4,122.10453453739314,51.51309794211921,TYC 3414-02496-1,unclassified_object
478,898.5852040321168,1115.6401412798289,828.7136662256853,189.0111364720729,21.255974250295644,7,0.659026117866799,1.1620615837972514,True,compact,4,289.0686296958463,38.13268560395536,TYC 3121-02287-1,unclassified_object
479,684.7284435523844,929.4677023558673,828.1563589795271,187.8223407987175,25.172663524301885,8,0.6610193536762727,1.0635955131713015,True,compact,4,326.0596398178396,28.740270897428914,TYC 2201-02078-1,unclassified_object
480,913.986635774826,1234.8540212973264,827.5463463587628,179.29385450265934,26.258606618626114,9,0.8715870270594541,1.357459631752964,True,compact,4,275.2456983801016,28.899707599955466,TYC 2105-02586-1,unclassified_object
481,1035.0923368769713,145.69265927948382,826.11563450776,149.21385641128515,22.287351160710095,10,0.8886466930014117,1.371433299475126,True,compact,4,88.31073413676872,27.63727779689882,TYC 1871-02618-1,unclassified_object
482,605.9213544135349,272.2541329723387,824.1265745830566,180.46570858277585,34.91973790246542,9,0.731306372341047,1.1471760252594994,True,compact,4,44.92316563780858,8.908980178427615,TYC 0641-00985-1,unclassified_object
483,1429.983704461181,547.4045811831605,822.9058748042307,133.4490177621211,32.5063087022598,12,0.9243387566519541,1.2820302960436654,True,compact,4,148.0612070249116,54.02032210804798,TYC 3814-01752-1,unclassified_object
484,904.7764389658823,761.6724725607879,822.866893138106,171.7816955096288,19.401320499280786,9,1.1806763242559184,2.2854908507654086,True,compact,4,345.23409699739733,56.97121404689932,TYC 3993-02269-1,unclassified_object
485,817.6594691644113,1101.2741793811651,822.7040886509744,170.00450530976053,16.747784762101578,8,0.7222339910570105,1.1720370425588327,True,compact,4,297.6361614965016,32.89384505277492,,unclassified_object
486,423.12566803199496,697.3122376438491,822.2568332559524,192.32342788190067,30.526668142463276,8,0.7086001419790166,1.148747705175714,True,compact,4,355.5088360959498,1.7486664418414586,TYC 0586-01458-1,unclassified_object
487,781.3534418189835,480.2968216487333,821.0194943501399,182.05547860284562,23.7024364331943,10,1.168612664169041,1.881143600751954,True,compact,4,28.916734686670885,37.2140420713537,TYC 2319-01795-1,unclassified_object
488,810.8373834625797,191.47787282649435,819.2578599077274,179.56022573663083,24.08104327814825,9,0.7358481390494727,1.083323816942734,True,compact,4,64.29692390316431,20.584130716699224,TYC 1272-01126-1,unclassified_object
489,739.8911909120496,1120.8664740343456,817.6306908494886,157.24923828654892,16.59909770215383,8,0.8389921025376271,1.3878719129490478,True,compact,4,300.44179858370296,24.8498526020731,TYC 2145-01662-1,unclassified_object
490,1245.8001457153819,1047.4637432819002,815.9437443911313,153.6990899943391,28.74024552890643,10,0.7985888460326731,1.1702281751928052,True,compact,4,239.47358642548957,54.75249002115538,TYC 3870-01962-1,unclassified_object
491,419.34089767018804,1020.8749077441872,813.6525553278225,179.33326282131006,28.00166034908028,8,1.0417180907187609,2.0836968609539106,True,compact,4,321.28939506336536,-3.5120937665964025,TYC 5199-01459-1,unclassified_object
492,829.5202168756426,928.667680304254,812.2462880422346,187.31392334797238,20.073735637784104,8,0.6554352419111025,1.0316803841411009,True,compact,4,319.6343099374861,43.93392653707552,TYC 3181-00836-1,unclassified_object
494,327.97223797753026,868.624261329012,811.6180962582258,180.93333860961357,34.1718020390902,9,0.768676931890935,1.2297939158332434,True,compact,4,337.6653693610252,-10.67589973261973,TYC 5814-01593-1,unclassified_object
495,707.7716865371834,1027.4710620077435,811.5781331050009,178.25813728257341,21.10381748859396,9,0.7330439535875012,1.1530786088169729,True,compact,4,313.041361319721,27.067182607683037,TYC 2179-02496-1,unclassified_object
496,1066.5135511074207,1014.3907687427272,811.2175299127196,209.4498110874589,32.180269661040796,6,0.6658085064091792,1.333313678686206,True,compact,4,278.10148561918413,57.04459469276811,TYC 3913-02269-1,unclassified_object
497,1233.1531226556929,1132.752004132844,811.0033283487307,173.45667923607792,35.878404034285396,8,0.7271995962096388,1.1018631845756193,True,compact,4,240.70460406579588,46.042047088180745,TYC 3491-01859-1,unclassified_object
498,1223.4157949512557,511.72302787029463,809.9069502095269,172.48548233671093,31.61133673867137,11,0.8505850291704353,1.204977474211547,True,compact,4,102.76129414793952,67.55795364937582,TYC 4359-02044-1,unclassified_object
499,839.4107133852458,1067.069281672738,809.5107107419965,143.56503455215233,14.495507720992158,9,1.1462397506022872,2.3294195751691675,True,compact,4,300.0817207103976,37.05368976161933,TYC 2682-03762-1,unclassified_object
500,371.43660556383225,473.1429971655067,809.1497786910414,178.6769535949241,35.09323477940841,10,0.7703467207794451,1.1350557123284681,True,compact,4,18.596602996467652,-7.91544229519502,TYC 5273-02653-1,unclassified_object
501,1008.9578438108747,894.4853146846672,809.0435414033418,208.34455808391985,24.964286278572054,7,0.7126668226230707,1.235734769279331,True,compact,4,307.4505399465083,62.999074931962674,TYC 4237-02168-1,unclassified_object
502,1083.6926065020562,1003.6923307655202,808.9388655693343,202.78220006729174,32.451309823292696,6,0.6395125308209355,1.172229919213461,True,compact,4,275.9422264868111,58.8032785042923,TYC 3916-01982-1,unclassified_object
503,981.2799538951941,265.7971882707073,808.92384767363,178.99702829586045,26.778263096871505,9,0.802497327787219,1.2891099435967106,True,compact,4,72.48406646453995,37.48674003248686,TYC 2399-01844-1,unclassified_object
505,746.8715448239867,646.4537328269413,807.4159909013462,209.8665365275341,27.551492560970892,7,0.6510430230546073,1.0615928034600086,True,compact,4,4.237855977441731,38.68895336997058,TYC 2782-02251-1,unclassified_object
507,515.9689940425073,823.0334897927063,806.9645498657858,197.69412136166375,31.195458139003044,9,0.7362094684508113,1.1243315180167652,True,compact,4,341.69065995515035,12.167990485832663,TYC 1155-02186-1,unclassified_object
508,334.9323770601081,543.605682528878,805.7490042375279,191.09231804401804,32.43624728218307,8,0.7132371967273364,1.139278352356491,True,compact,4,11.05585804825928,-10.616775793125827,TYC 5269-02450-1,unclassified_object
509,914.5683049366103,466.97070423303,804.8257569776388,197.61363656213584,25.166955771837607,8,0.6800673768647352,1.0534859480832193,True,compact,4,41.04071219418554,49.19088961000094,TYC 3304-02737-1,unclassified_object
510,1036.4217660333202,241.2117042504288,803.4095682704703,164.21158223175274,22.45552931902829,10,0.8408374537428344,1.3735941860903889,True,compact,4,81.15922909755433,37.40483125951532,TYC 2415-01779-1,unclassified_object
511,455.38022775884826,702.8770373008956,802.8537060910155,200.75486477392337,33.194050549261185,7,0.6563888405065736,1.063366341985658,True,compact,4,355.002560462884,5.602125931045354,TYC 0591-01744-1,unclassified_object
512,1009.4386993949723,1051.6018080086253,802.2818233861763,196.9830872921028,28.333637695111577,6,0.6262396090202336,1.207393594198075,True,compact,4,283.2670678292044,50.69658192945641,TYC 3552-02018-1,unclassified_object
514,963.9054114463564,872.9574807862889,801.5243889013968,193.90778172107247,22.437006067310254,9,0.881914687141707,1.3394780895968195,True,compact,4,317.9887080614721,60.01366865104866,TYC 3965-00880-1,unclassified_object
515,1019.5832429506364,483.6603104155733,801.4270924810824,192.67429761956814,23.66393629904086,7,0.6214991130005758,1.1005577224955478,True,compact,4,52.51680279629578,58.86804286731146,TYC 3715-01250-1,unclassified_object
516,1078.0721787348648,391.2530118549846,800.6242855052928,186.8789249500158,26.801619706306944,8,0.8106304544959979,1.4070880318378467,True,compact,4,74.34620971675574,53.73694756864275,TYC 3734-02320-1,unclassified_object
518,844.7949287933612,904.9189290960952,799.612127687828,169.56232748280746,16.77197414131055,10,1.1518736664136435,1.978870151750461,True,compact,4,322.30609349819616,46.51334917162325,TYC 3590-03349-1,unclassified_object
519,829.6689894878581,815.8086853484483,797.8346685154628,192.15615181170045,23.37339320753985,8,0.6879797549792426,1.115396704178713,True,compact,4,337.4900760956547,47.679076431363285,TYC 3611-02304-1,unclassified_object
520,793.7260960286274,1100.317095235068,797.834495831301,107.44983732821831,10.515033429569911,13,1.623785550711992,2.1099570051700605,True,compact,4,299.4504672582798,30.919728633146516,TYC 2670-03724-1,unclassified_object
521,1073.5244753492093,520.4958482795913,797.0964125674484,209.45429487910468,30.665672151708087,4,0.5013591145201219,1.006707137415215,True,compact,4,57.420239175287236,65.52732516572793,TYC 4071-01894-1,unclassified_object
523,582.2087446590873,217.61087816887928,796.1678901641706,176.92155151326367,40.13462611768112,8,0.7181471587314772,1.1671178711639143,True,compact,4,49.825924634478106,3.3814206971689793,TYC 0059-01947-1,unclassified_object
524,1213.5221983523295,854.2671716103939,796.1163144336424,171.1393762088315,25.659598977186793,8,0.6622410806989758,1.0275407621103292,True,compact,4,244.31148544578926,75.75112601567014,TYC 4567-01764-1,unclassified_object
525,857.0272815718138,1220.6253156919695,795.4509611702292,178.69833817106766,26.083915352844226,9,0.7472096232780198,1.1338541147644932,True,compact,4,281.5365285548988,26.674009027046395,TYC 2116-02764-1,unclassified_object
527,884.5137471056486,545.9778870533537,794.8240031468786,189.7153969398562,24.05568105150235,6,0.7348906667568864,1.4861822474732338,True,compact,4,25.890417708736152,50.66066498199769,TYC 3291-02118-1,unclassified_object
528,761.981923780671,366.79787589279306,794.2371151097104,205.49693097817226,31.024806460670728,7,0.7045997352784898,1.2038174225427671,True,compact,4,42.005683172457694,29.21617443905927,TYC 1793-01611-1,unclassified_object
529,785.9722778543037,787.6668807587089,793.5260069006006,200.01205106537893,21.554508262909515,8,0.7491324658432861,1.2408183744784127,True,compact,4,343.10526588187724,43.29166524262163,TYC 3227-03865-1,unclassified_object
530,659.785135129475,976.8761910098046,792.4547764669862,182.9357286319132,22.798972153689547,10,1.2617775834862004,2.0664372981772976,True,broad_blob,8,321.04205890524935,24.35475106397469,TYC 2187-02177-1,unclassified_object
531,1369.687108336795,642.3932725156069,790.9069371373242,166.1742979948308,31.489344758572788,9,0.7394064211234502,1.213355275904721,True,compact,4,156.036843813324,65.58775284248082,TYC 4150-01302-1,unclassified_object
532,617.7197133701183,1095.799059727824,790.4630481687458,184.60860594672332,20.589625757870664,8,0.7779427824465246,1.380950910014809,True,compact,4,308.8250061626773,14.644502992640819,TYC 1100-01719-1,unclassified_object
533,1157.745434806261,1062.1620950984236,789.8155768581712,183.45837486323833,34.97489193421123,8,0.727155492347613,1.1863231647516999,True,compact,4,256.3403549439217,54.47105834332662,TYC 3890-01396-1,unclassified_object
536,1048.5373781963017,1021.2999168068924,786.9533407046812,194.8154966293512,27.809841709926154,8,0.6941091543942821,1.1011221958550497,True,compact,4,280.5654657292113,55.53878880930136,TYC 3922-02095-1,unclassified_object
537,956.0709779975136,406.2443993247463,786.0235137721035,191.12936348050638,19.422579259121665,8,0.6822326505788414,1.023833409018511,True,compact,4,54.16047451481702,48.18181237987893,TYC 3317-03033-1,unclassified_object
538,1200.9699385318504,964.5545271619917,785.7941099543584,190.2925026294708,33.96814171026232,8,0.6861143820190402,1.051244651215844,True,compact,4,250.21947690574447,64.59438010723215,TYC 4193-02534-1,unclassified_object
539,1041.6877670664917,266.3582582488421,785.737876840776,161.53169049254217,19.844384519039068,8,0.6808304830075296,1.0772721117019115,True,compact,4,79.7823242558414,40.098610335493916,TYC 2900-02157-1,unclassified_object
540,1258.8686767728016,348.4983936008589,785.5137538090339,153.74247174598412,24.392502466041556,10,0.8198266132390174,1.2696297378039698,True,compact,4,109.61576816703258,49.47745521782787,TYC 3400-02010-1,unclassified_object
541,791.5327319903481,710.601752688644,784.0894078757294,197.23655374287384,22.47154120032241,5,0.5825571276554103,1.1831307076588282,True,compact,4,355.1255299330013,44.2977444583866,TYC 3244-01530-1,unclassified_object
542,223.3867634284351,574.1403422231161,783.7928571238368,143.96039783847533,30.416666925558147,9,0.7866989597667264,1.2083537096516568,True,compact,4,7.586887057265146,-23.737148670015543,TYC 6414-01077-1,unclassified_object
544,1318.1347136255247,578.4079649877289,783.647704443578,188.19184385551233,33.77234865805369,8,0.6960664952743144,1.083001201991838,True,compact,4,135.64681240544485,67.64946743846794,TYC 4375-02458-1,unclassified_object
547,499.68443945611205,452.5208517545336,780.0607161598671,190.33230990031979,35.52148808958835,6,0.6521326659594946,1.307447296758525,True,compact,4,22.553636911219435,6.110752975486053,TYC 0034-01287-1,unclassified_object
548,855.6051737779161,137.3634118607717,779.6116899517478,150.54036339723137,27.165695666365067,10,0.8447397661821635,1.381965506795005,True,compact,4,72.80993660557569,18.85948529981285,TYC 1288-01706-1,unclassified_object
549,867.9611236062234,383.1833080561983,779.5529990876119,186.19691148196486,22.30788710792045,10,0.8008179228563251,1.2150068680053248,True,compact,4,47.84363793591671,39.59326673448141,TYC 2852-02474-1,unclassified_object
550,1111.2640941693187,944.8225531977712,778.7897338189395,182.24538934277518,27.275951698905534,9,0.7889072534280639,1.2425848753092872,True,compact,4,276.4210104889479,65.57217526570662,TYC 4222-02311-1,unclassified_object
551,797.0579755518945,316.5057442472407,777.6975004182825,188.66985083871765,33.047100272494056,6,0.717057567935019,1.4417510324465432,True,compact,4,50.09942172950862,29.0313675560474,TYC 1796-01306-1,unclassified_object
552,324.5222306363784,639.8494939200245,777.1691541186494,189.3936076421949,38.03574248521856,9,0.7440981137155522,1.1727314859366527,True,compact,4,1.133204119674188,-10.510528266967183,TYC 5263-01049-1,unclassified_object
553,770.5047325423882,433.86277245485934,776.8530166482196,196.49053983703791,27.121888901868243,6,0.7002535994179895,1.423891899968709,True,compact,4,34.341980834084744,33.82920043800349,TYC 2318-01875-1,unclassified_object
559,1051.0569702374846,617.9432076821122,772.2320844103652,200.00247517714416,25.778444300023413,9,0.705747803264445,1.059760925128564,True,compact,4,30.511197830889838,70.89691254118699,TYC 4315-02126-1,unclassified_object
560,1023.7784351711407,256.6850897180154,772.1770253696769,154.77537679622867,20.24849402722146,10,0.784837892917655,1.12349663875711,True,compact,4,78.33645980283883,38.482105234533655,TYC 2896-02101-1,unclassified_object
561,898.1413978394842,632.0731352021357,771.9849462651453,180.42429702777773,19.30083968471403,10,0.9566031367415193,1.6320170967711654,True,compact,4,11.334820013527883,55.200957382828285,TYC 3659-02174-1,unclassified_object
563,908.9134494218101,1112.5859569949525,771.5602138217331,185.0087631891877,21.353835013028885,7,0.6818942674999279,1.1365694073565744,True,compact,4,288.39805557139846,39.106212125519875,TYC 3121-02285-1,unclassified_object
564,838.3274741375202,947.504058119308,771.3098623340743,174.74305039954876,17.084894270802465,6,0.6647224970432317,1.3313497552549456,True,compact,4,316.2761942216821,43.9385356924332,TYC 3180-02696-1,unclassified_object
565,854.6239626169328,1065.2554411488595,769.7427010605501,132.78178752664348,13.990229108283248,11,1.429536783762682,2.598839057129838,True,compact,4,299.06401745891714,38.46035725224624,TYC 3137-03765-1,unclassified_object
567,278.4911343615801,984.7058727722698,768.6717885735958,192.52983743186905,29.290255322559233,7,0.6829011511149885,1.1339934013189676,True,compact,4,325.6680611379296,-18.857766607720603,TYC 6370-01175-1,unclassified_object
568,856.5262516289532,626.5847228289099,768.2615856238747,189.16380629835686,20.942932518034485,5,0.581010730545649,1.181565140646314,True,compact,4,10.452955799486022,50.47668353930142,TYC 3257-02189-1,unclassified_object
570,812.5382578222627,1232.4333939155006,767.7830808817916,183.4274984188441,24.774275920970577,7,0.6870306495197811,1.3888907313477894,True,compact,4,283.691417353185,22.644513858745192,TYC 2109-02837-1,unclassified_object
572,1157.5514083106182,1141.7725781165707,766.4906235430682,179.46778787949984,24.27440262170465,7,0.6760464010897308,1.2055193802757795,True,compact,4,252.31618911627987,45.99268151168297,TYC 3500-02419-1,unclassified_object
574,1401.9420810793704,1038.3271767859171,765.017170378992,106.86370450290819,28.916506048438986,13,0.8885644452699756,1.084762076869562,True,compact,4,214.01324281280398,45.985284906192916,TYC 3472-01264-1,unclassified_object
576,470.36785533510675,1144.9815273762465,764.3821525801991,173.86025212834147,26.972980462448742,7,0.6663329507620493,1.0465853165672654,True,compact,4,307.42576407399133,-2.862798021784798,TYC 5167-02593-1,unclassified_object
578,950.2502488579304,317.89421377121977,762.9364482802915,182.84049807782768,28.12594491124091,8,0.7056940372813485,1.1323833567471513,True,compact,4,63.75590409743207,40.468792891475296,TYC 2882-02046-1,unclassified_object
579,809.882373414839,761.0514208900421,762.3784281633393,193.37047043689415,23.186405611934177,8,1.2887073900764323,2.5596079320860907,True,compact,4,346.971523045242,46.251304787728046,TYC 3623-02738-1,unclassified_object
580,867.6393186641345,930.5635250186941,762.3647878671611,170.04973161157102,16.27498441961162,7,0.6925841194001388,1.2155486974601757,True,compact,4,316.72506370947184,47.661701321917185,TYC 3592-07443-1,unclassified_object
583,886.5194338015074,1169.5744053932774,760.9401490239625,186.9338322469573,19.405015018336613,7,0.7851764550494847,1.606157691247488,True,compact,4,284.29411843621097,32.90762329614724,TYC 2643-03345-1,unclassified_object
585,488.4932417817413,778.4956841312095,760.335801238209,190.38744702797388,27.57386858006239,4,0.5016148014698867,1.006621003702852,True,compact,4,346.7662886170902,9.383790774071151,TYC 1160-01745-1,unclassified_object
586,1296.580985034024,684.1844805307143,760.0378823075796,174.41123774323583,39.06531825015536,7,0.6849641819788742,1.1993223453002357,True,compact,4,158.7588330177762,75.71630996246816,TYC 4542-02796-1,unclassified_object
587,254.41133976091822,670.185877788255,760.0082253848929,180.97072853622086,33.39926974147807,8,0.7152766368908253,1.0674783074514393,True,compact,4,357.83756271999994,-18.909541964502335,TYC 6408-01356-1,unclassified_object
588,689.2651746651752,191.26929484828284,759.9530767796749,148.74615908358663,32.66526310080374,10,0.8404697596739784,1.2880727930551745,True,compact,4,57.052320852548334,11.161079229558826,TYC 0661-01403-1,unclassified_object
590,321.8934263637073,442.51292587885973,758.1639920176433,198.57007322202128,40.588728326499684,8,0.688489974950765,1.1508455858975393,True,compact,4,21.39789725315375,-14.57412706746485,TYC 5276-02116-1,unclassified_object
591,668.8096738713506,433.5019822190851,756.4577883578357,200.15127935638193,29.50494130349372,6,0.6666754140014362,1.333904288909134,True,compact,4,29.4861315466412,23.57963800509681,TYC 1757-01964-1,unclassified_object
593,670.5175673518668,1070.6311837488558,754.9348733569473,186.38874898366743,21.927844577425848,7,0.7362468873880037,1.4993182831680805,True,compact,4,309.61302909750844,21.18800482639182,TYC 1645-02169-1,unclassified_object
595,998.1316714870404,261.7147001491674,752.014569963467,148.3367502871816,21.70371830920701,8,0.7345612484578383,1.2126632919156433,True,compact,4,74.81289946114268,37.89609053728187,TYC 2894-03065-1,unclassified_object
597,838.5742228732794,580.6137923470667,751.6591058748841,204.83564716450522,23.370689862080088,5,0.599091014706604,1.235324758248339,True,compact,4,17.320728059011262,47.20596708133419,TYC 3268-01358-1,unclassified_object
598,1327.558328637778,1079.039074761173,750.6992330051548,135.92244875975206,30.76805461788608,13,0.9266477205000782,1.24670694520379,True,compact,4,225.90748465455198,47.622012782561306,TYC 3484-01580-1,unclassified_object
599,764.5153204381543,1109.745386857665,750.3445596996003,174.7655100658849,17.593308825164765,6,0.692125308217759,1.3911701878800549,True,compact,4,300.2516196658614,27.750453485180785,TYC 2149-01880-1,unclassified_object
600,846.5250922210256,819.7978264045109,750.0444403331198,187.94791140766844,19.594866059324573,6,0.6982597764927636,1.398292587284611,True,compact,4,336.2193067036749,49.45153689549427,TYC 3615-03021-1,unclassified_object
601,726.1323353391687,288.636041934093,748.9762321454361,182.84320636869737,26.604756537304166,7,0.6977875466995558,1.2339945227583577,True,compact,4,48.72499650213046,21.031130915085846,TYC 1244-01190-1,unclassified_object
602,551.1012717505745,310.93653367061347,748.7198961493766,195.00535830639723,34.142474096786074,9,0.8067392437364175,1.3269909320975448,True,compact,4,38.98085157401861,5.591978817973651,TYC 0052-01681-1,unclassified_object
603,1178.835415254608,332.4686961821891,746.9423794464245,171.43162035254184,34.48339661320812,8,0.6893847398187627,1.073654428380092,True,compact,4,96.21080701944616,49.300802318776576,TYC 3384-01194-1,unclassified_object
605,886.938693728591,1160.1126613690224,745.6525160560232,176.40975737635551,18.972023367606663,9,1.309131971390332,2.2635144621794123,True,compact,4,285.26160006765804,33.71911424181052,TYC 2647-02661-1,unclassified_object
606,851.8295837464618,1118.466044999752,745.4945344141945,181.40981669924798,19.40032753390021,9,0.8759218755984566,1.4880873845826468,True,compact,4,292.94965845589115,34.42680272799868,TYC 2663-01148-1,unclassified_object
607,655.4197080528478,918.5338105170681,745.3387891098467,200.88131964419676,28.0927210504231,6,0.6103609263245088,1.0577638726680008,True,compact,4,328.2826156861302,25.913301483213424,TYC 2206-01964-1,unclassified_object
608,1168.6865607811296,846.9592103772653,744.522769624881,196.48428092858697,33.16611251336248,8,0.7068095026128565,1.194259420892195,True,compact,4,267.2479441901097,76.9705833804235,TYC 4573-01916-1,unclassified_object
609,459.32530315404296,982.4764419554043,744.4656479127335,180.06354912594006,29.881722311475936,7,0.6510150442164399,1.155399983431683,True,compact,4,324.8859638754738,2.206441075890114,TYC 0547-01047-1,unclassified_object
611,241.08628814541572,889.5570751052772,744.0459556186521,179.2426308471164,34.839404018338115,8,0.7048709936001541,1.1136287176749027,True,compact,4,335.4125451037853,-21.558565370463263,TYC 6384-01571-1,unclassified_object
612,466.42936784299667,1128.9406983039673,743.6558140603395,170.44335625624916,26.686416304620124,7,0.6984583722545914,1.1775462001372432,True,compact,4,309.1967059146613,-2.541107029544659,TYC 5180-00338-1,unclassified_object
613,285.5581716864873,621.9612706299945,742.7417920087953,186.81419947796715,33.398779456878934,8,0.6843877147973794,1.0786749582244928,True,compact,4,2.8279891757220814,-15.453705855234965,TYC 5839-01081-1,unclassified_object
614,838.1214482258711,618.4577341266797,742.6090218275319,178.88732102404452,20.345495623799142,7,0.7163325539073061,1.2844270473934885,True,compact,4,11.097393322794158,48.25366013175525,TYC 3253-01988-1,unclassified_object
615,611.0208134226768,746.7879274741189,741.1199158270308,179.49779544943013,24.059945358401055,9,0.8765790275220229,1.4883879453424986,True,compact,4,350.11539398475674,23.779364410826343,TYC 2237-01659-1,unclassified_object
616,1017.5250027826861,630.5298016091708,740.5842506705308,204.470530277514,25.793852429271855,4,0.5012996540827965,1.0082912843229672,True,compact,4,21.48918858578812,68.11231291143241,TYC 4297-01685-1,unclassified_object
617,1253.6362750392846,968.7146935552229,740.3157530670486,162.45258447647353,40.177672266759096,7,0.6790401382315221,1.1617229511423317,True,compact,4,236.67926893750442,62.59647672161886,TYC 4185-01959-1,unclassified_object
618,501.62130399261594,490.90586545838084,739.401860295367,201.5537781745976,38.17592536388421,7,0.6528947275157327,1.1083136745298547,True,compact,4,18.44360200005305,7.542197692749775,TYC 0613-01249-1,unclassified_object
619,976.6028570117394,1072.6096132542425,739.2341414366325,201.54638026272676,28.628186984139152,5,0.6561592341383,1.3823516260076552,True,compact,4,285.31950997278386,46.90767868255198,TYC 3545-03041-1,unclassified_object
620,1115.8076961873467,886.5441259632519,738.6753273094978,209.0822563928301,31.566864964019747,6,0.6687827574677697,1.3428066021185407,True,compact,4,283.54677510765896,71.3005862927353,TYC 4439-01995-1,unclassified_object
621,925.5928597957595,752.4262240846109,738.6343467788436,172.45170016193276,18.289034228647303,8,1.2634094347432276,2.7750333285592346,True,compact,4,346.7301787271699,59.43460016907616,TYC 3997-02306-1,unclassified_object
622,998.4808672460207,844.7452770297693,738.5725834256114,198.15130952201753,23.583429635722567,7,0.6432880494335842,1.10030867925153,True,compact,4,319.9123462831401,64.85323118988897,TYC 4256-03042-1,unclassified_object
623,1104.5361223508153,565.6652979977846,738.4731542635302,207.67769814058232,30.306744268005986,6,0.6568936710851232,1.2914398652514343,True,compact,4,57.749187032672474,71.33805023264182,TYC 4335-02106-1,unclassified_object
624,695.7733615250479,1108.8969642375864,735.1975130622743,135.25393432380736,15.144164680073064,13,1.069579733807072,1.401094461655001,True,compact,4,304.1139505874787,21.52200276336429,TYC 1643-02603-1,unclassified_object
627,731.6648233689406,1186.743882928849,733.7542123797291,165.4419693789657,18.772402655419643,8,0.6886978898063149,1.1090553660125846,True,compact,4,293.6400057033369,19.76183404343927,TYC 1609-02082-1,unclassified_object
630,318.2289296839112,959.1283670205898,732.2483563812016,173.9860497204622,31.04446739277194,8,0.7252958962521249,1.1398145244336788,True,compact,4,328.33210784634247,-13.530696870403082,TYC 5801-01017-1,unclassified_object
632,337.07942339831556,529.4918691123205,731.3349831286631,187.51728144329473,33.029287458031376,8,0.6576553827134939,1.0455334578616764,True,compact,4,12.52013575592636,-10.639489707072169,TYC 5270-01139-1,unclassified_object
633,924.8707754823408,553.756446090249,731.2693502425964,156.0764565222892,18.00030802757294,10,1.231452843110954,2.4323768794044978,True,compact,4,27.95063926485299,55.09223248484543,TYC 3688-02149-1,unclassified_object
634,1012.1273992875682,79.20875843368893,730.6893410644958,119.19614074064589,13.014703446959295,10,0.9512898102450645,1.4767187790091982,True,compact,4,91.01513381400763,20.122950245411968,TYC 1321-01515-1,unclassified_object
637,360.08896223453786,977.860949013624,730.038758893593,179.28689667753503,29.448319910225667,9,0.7112541212072492,1.0752445103079973,True,compact,4,326.2533141619897,-9.063075116372517,TYC 5788-01167-1,unclassified_object
639,457.4671886317741,870.0163618878663,729.7062338707068,190.5520194037872,32.44236695836197,7,0.6627891201269701,1.068085456655648,True,compact,4,336.96822217720626,4.6552570285560515,TYC 0563-01818-1,unclassified_object
640,1042.5950650713144,628.8258262052756,729.1164066716426,181.06408174298227,22.231428711331176,9,0.7935028005691955,1.3271582799440533,True,compact,4,25.767992366660085,70.63167615834648,TYC 4314-02021-1,unclassified_object
642,1206.2089048248588,624.5765605240744,727.5261485090081,197.44675665041763,31.506149543264076,8,0.9653285769231441,1.8032966238465147,True,compact,4,101.24266977785992,79.55973289647277,TYC 4534-01837-1,unclassified_object
644,888.7818408955134,1307.7070029577362,725.7554244943842,151.0530757696459,17.952374742653912,8,0.7422497141581188,1.1869621515719198,True,compact,4,270.59951844552273,20.84299507233865,TYC 1566-03676-1,unclassified_object
645,799.2738402487474,515.335371272514,725.6279501640963,188.6667209681934,23.432015755082613,7,0.8540865194219786,1.675419220601559,True,compact,4,25.07881112399491,40.60273122520105,TYC 2819-02290-1,unclassified_object
646,1275.8824256166426,356.94106461258366,724.9389685231533,119.5968543843387,18.71915753813448,13,1.3855298415452768,2.227084511028997,False,broad_blob,8,112.48978433151267,49.722004217366454,TYC 3401-01647-1,unclassified_object
650,1235.598648023132,742.8229904872715,723.3022102919642,201.98415225814534,35.90178028862948,7,0.6179975891251823,1.0659751961334565,True,compact,4,192.15433124100582,83.39502213502402,TYC 4633-01785-1,unclassified_object
652,824.629330743583,1154.8200542325562,722.1018773055266,175.1484467477286,20.886261988832846,7,0.6744948827567399,1.1634339166869234,True,compact,4,291.0256171977817,29.5993413485925,TYC 2137-03101-1,unclassified_object
655,985.7877118936447,488.7497644451046,721.4387394698629,166.22317307509428,22.61082936419575,6,0.6668308364274439,1.163516099894408,True,compact,4,46.401313652732796,56.68822885974669,TYC 3709-01135-1,unclassified_object
656,628.5400864935611,550.1319771372595,720.4385358403273,183.04965441334483,28.393937519028214,8,0.6782933110084984,1.0831061673015443,True,compact,4,14.295504524297916,23.430795423447577,TYC 1740-02109-1,unclassified_object
657,334.70600652337663,1162.7161180836586,719.8741587747927,151.55840922624662,25.487428056874794,12,0.8291506021593738,1.1351385708874562,True,compact,4,306.84082735225235,-18.201366991288303,TYC 6333-02129-2,unclassified_object
658,862.5969963603541,618.7200676176762,719.2610176740693,172.0598501114962,18.72291799794537,6,0.8217812414187479,1.7596730469935231,True,compact,4,12.087441055639266,50.945055191851246,TYC 3274-02090-1,unclassified_object
659,574.4689893413348,1099.8631773392956,717.4744494187621,195.99164332280134,27.276174885670454,7,0.661111643284516,1.117161265544083,True,compact,4,309.7830685441427,10.065221527890877,TYC 1092-01776-1,unclassified_object
660,849.9328408472994,967.5463310049718,717.2345232476619,175.42556103803315,16.43705272557979,8,0.7143308711146064,1.1692552619169225,True,compact,4,312.5281168697146,44.04253611564514,TYC 3179-01248-1,unclassified_object
661,673.466695613554,514.7452599007049,717.0843083366783,207.76971173494783,34.589993383601914,6,0.6283566193171898,1.2629348515471104,True,compact,4,19.848257188409647,27.285938376195435,TYC 1751-02178-1,unclassified_object
662,996.424401407253,355.26704819606664,716.829494000913,170.6963331413363,26.136959700329296,7,0.6617972544225339,1.1294933785841095,True,compact,4,65.40928197644068,46.48493145927701,TYC 3329-02516-1,unclassified_object
663,1079.8504518051125,368.8676193902292,716.5875203080356,163.69602215280463,25.795131392890717,8,0.7637773280854853,1.271796995268852,True,compact,4,76.70714261955817,51.597277949360766,TYC 3357-02332-1,unclassified_object
664,1283.5241193370728,449.0245838957672,716.5397552112898,166.47212900614173,32.50504178503766,8,0.6793062448782177,1.038790173454702,True,compact,4,115.73437856218817,58.716947062141834,TYC 3794-01738-1,unclassified_object
666,509.64924907122577,1013.8043323873957,716.410542750385,178.35734453057867,27.440584397380427,7,0.63078794407877,1.091832991422044,True,compact,4,320.71801383313107,6.791871325092853,TYC 0541-01932-1,unclassified_object
668,993.6835082579427,210.07531220319106,714.1247954876533,150.60957984819584,21.866856789717374,9,0.7925245083132961,1.2132910182451544,True,compact,4,78.81258625945703,32.70968667878001,TYC 2394-02029-1,unclassified_object
669,1153.7497641299847,639.3870998169982,713.8705017444486,197.96177320615675,26.76941868216474,8,0.7499359608568126,1.3550516851372643,True,compact,4,62.61861151102553,80.71310986818054,TYC 4522-01564-1,unclassified_object
674,244.83021538931152,857.7862090929426,711.8681176020332,176.8676488969829,39.99401558869029,9,0.8062367640277439,1.3678921394874242,True,compact,4,338.69157380225477,-20.678066168525103,TYC 6392-01443-1,unclassified_object
675,524.0135801411599,878.5010639384598,711.7588339121043,207.00506580676173,33.93414098922971,7,0.662386501293955,1.1079996810394717,True,compact,4,335.4063092329047,12.192101763905974,TYC 1146-01242-1,unclassified_object
676,843.8345012082339,424.47716154784734,711.1540949237277,207.04893943007679,28.196563836628712,7,0.6625946088575602,1.0995010524988227,True,compact,4,40.549246684498485,40.20729689685551,TYC 2849-02054-1,unclassified_object
677,1010.5540283109245,829.7740021690881,710.4169534682601,193.34188048802122,24.09027814169558,8,0.6847556414822632,1.1671748255239343,True,compact,4,321.96644696142806,66.78933121746628,TYC 4261-01792-1,unclassified_object
678,723.0037626434978,788.4676542863641,710.1232618114229,138.21145817656682,19.208642497919577,14,1.7373537982459446,2.3573753209886443,False,broad_blob,8,343.9446510213186,36.22499483046626,TYC 2761-00640-1,unclassified_object
679,859.2802768449311,871.8040965933603,709.4682770356674,176.33388673974622,18.23073246291235,8,0.7153921767777786,1.22695351080487,True,compact,4,326.7820700436124,49.303614900665636,TYC 3612-03062-1,unclassified_object
682,917.5472446652125,706.5053729873118,708.6992337826717,196.10520295174513,19.67498378810353,4,0.4999811340572963,1.004476609606979,True,compact,4,356.76780135120686,58.58785160033193,TYC 4013-01825-1,unclassified_object
683,951.5894809660297,466.8152012965194,707.9916446496362,166.40232794996322,20.593673503044347,7,0.6784045475651495,1.1855674364649682,True,compact,4,45.23402861553262,52.34534792247907,TYC 3322-01408-1,unclassified_object
685,843.4985887764673,763.5048582308688,707.3154469926135,179.81647781554807,19.558458311489403,4,0.5010684129049398,1.004339040735991,True,compact,4,346.0828253835463,50.0170908702525,TYC 3631-02230-1,unclassified_object
688,485.4437020807261,805.5591949670645,705.8932849990958,182.33678515475157,28.99701452960083,5,0.5836080311286928,1.2003980871069944,True,compact,4,343.80230263927643,8.803866171624827,TYC 1153-01559-1,unclassified_object
689,997.6783030744195,460.0682825372012,705.5822720890906,180.16021763788834,26.046057739017268,7,0.6683151133775606,1.1547993436466564,True,compact,4,52.52517738794131,55.42752915966914,TYC 3707-00802-1,unclassified_object
690,862.3092649664106,312.58069817780625,705.2430249533995,171.84321709457748,23.696181293592133,9,0.9177788381704838,1.6185245833537478,True,compact,4,55.63135303814657,33.96222092132102,TYC 2363-02185-1,unclassified_object
694,721.5994210685161,1096.9091849710233,703.6564759228249,185.06725614424144,20.138696525381828,8,0.6681975679022085,1.0332993392621477,True,compact,4,304.1787920100679,24.642582078082704,TYC 2159-02069-1,unclassified_object
697,490.6042157635536,1118.3614427916543,702.9945813534507,172.86354270070436,28.058369648650967,7,0.6637003335392225,1.167449477788712,True,compact,4,309.86999189310893,0.49053170659657486,TYC 0511-01136-1,unclassified_object
698,1109.786153271701,433.4335543423819,702.928364000928,199.6690361133475,30.006914515997234,6,0.6450163157766049,1.3030176290206748,True,compact,4,76.55039004069438,58.982644125293106,TYC 3746-02216-1,unclassified_object
699,949.0022909902858,1236.5446912863715,702.5041756787937,177.0723937659887,22.37234217360361,8,0.6902108320263977,1.0925493445924312,True,compact,4,271.7698231371483,30.571110940302894,TYC 2621-02683-1,unclassified_object
701,1398.4484095921227,496.7978066527014,702.3414507223736,146.1886548019876,34.71677377235732,8,0.747476247783488,1.21005948491268,True,compact,4,139.06549634679178,54.017530114901994,TYC 3806-01813-1,unclassified_object
702,387.8610952698915,1228.8977976938238,700.6958077177201,134.9262423390501,29.89282193786548,10,0.8142861439101099,1.1491955318657063,True,compact,4,299.4860407094673,-15.490110470798196,TYC 6313-02321-1,unclassified_object
703,1050.5336069603584,1066.6040271428967,700.6271629926933,90.69747174033077,13.329759796101756,15,1.53999624142433,1.9290328908105934,False,broad_blob,8,275.2784730481669,51.38435764147891,TYC 3537-01830-1,unclassified_object
704,1122.5716827565611,158.3994003075419,699.6402232761211,122.37168576612098,25.40650535877157,11,0.8568810355533636,1.1876870046958135,True,compact,4,97.13881388723532,30.49539238139465,TYC 2422-01408-1,unclassified_object
705,1200.8684703470753,235.15674382831767,699.4591914879242,62.51940676630812,11.010515297339408,18,2.0388312730140874,2.4577476168528634,False,broad_blob,8,103.32129764247732,38.63391630405562,TYC 2942-01708-1,unclassified_object
706,698.8556744175132,1046.1851582850938,699.3058001156377,158.31517584975438,18.296553067949112,6,0.6828572897214569,1.194385654052884,True,compact,4,311.21463659845654,25.244540131811842,TYC 2174-02867-1,unclassified_object
707,1203.7744437931385,264.71696806442645,699.0994817623447,148.65871286539277,24.864564258023485,8,0.6846352079422716,1.028160061397894,True,compact,4,102.67315544528526,41.79780092371716,TYC 2950-01863-1,unclassified_object
708,798.804062020608,795.9707603018294,698.9865808663005,186.69352777011073,20.663516839529095,9,1.225444379019276,2.270125614553796,True,compact,4,341.54901745338503,44.60773982037303,TYC 3226-02284-1,unclassified_object
709,1231.3942943903528,829.8369552445389,698.4205782944056,191.5190841986595,31.27433055155061,8,0.696716536583056,1.1347187277546333,True,compact,4,232.72875191944996,77.33313143246252,TYC 4560-03065-1,unclassified_object
710,816.7299823880644,519.9613508932316,697.358711353638,206.64770879078975,25.2687731927132,8,0.6655610890469567,1.12529355749374,True,compact,4,25.40396597237909,42.59502503667331,TYC 2823-02455-1,unclassified_object
711,1260.6897034308279,800.1850849509933,697.1520400170642,206.40569992850044,37.66218355952387,7,0.6174141001871284,1.0339116669604569,True,compact,4,212.23193796097482,77.5480104239192,TYC 4561-02317-1,unclassified_object
712,864.4648049454191,1280.2330776209058,696.0901909019401,183.05965373522943,20.161266570994652,6,0.666363632982513,1.3378372904264924,True,compact,4,275.0911779647961,21.975023296995666,TYC 1580-02157-1,unclassified_object
714,665.6696133971549,820.2255644025757,694.5220609765672,199.4590346558797,26.672188124985585,7,0.6251048301132951,1.0959860802757342,True,compact,4,340.47556218592234,29.33283044594977,TYC 2232-01590-1,unclassified_object
715,647.030040985964,519.8690061591304,694.4619913663794,198.39079408837526,33.550182575277105,7,0.7371501964248832,1.396571459676004,True,compact,4,18.42448443504137,24.58165315811142,TYC 1747-02263-1,unclassified_object
716,470.39385841444624,476.5484201205268,694.246090059711,197.384380545858,36.94108832289297,6,0.6982646972174684,1.403240751297415,True,compact,4,19.466325283263966,3.5794819862343163,TYC 0023-01341-1,unclassified_object
717,925.7637954838156,539.6063174440287,694.0568212051886,168.5007632198231,19.61828837167721,7,0.6316922296676015,1.1082694596267864,True,compact,4,30.538845001824033,54.46763267464541,TYC 3689-00131-1,unclassified_object
719,809.7739239176133,1130.5579155562934,693.828357708936,142.0524947321589,15.532501878743682,9,1.0167205050019665,1.7652748595771184,True,compact,4,294.8370834538464,30.193183741962795,TYC 2656-05248-1,unclassified_object
720,886.4728852115444,1245.8552927451105,693.3070927708534,124.37894184898899,21.81081996988444,16,1.4849744452561437,2.2058156725475606,False,broad_blob,8,276.60815794376947,26.334624262207843,TYC 2110-00987-1,unclassified_object
721,997.5542781264794,140.32972445865494,692.664782076341,126.36817230255056,20.36173366297324,11,0.8187236244158083,1.1811448763800763,True,compact,4,84.9099475446402,25.92654530835893,TYC 1865-02865-1,unclassified_object
722,981.482947107713,806.8303699681703,692.6612316531722,197.16181320920302,19.92505814966359,6,0.6555001852657003,1.314733255219701,True,compact,4,331.03299260071844,64.6159065616509,TYC 4271-02620-1,unclassified_object
723,453.2753882747747,748.5068684952267,692.3470269059742,178.09320753598695,30.149747674346322,6,0.6489749519321832,1.3002572484874284,True,compact,4,350.0807819150724,5.363736192855934,TYC 0584-01516-1,unclassified_object
724,297.3253684961597,750.2383039951476,692.1268361780554,172.41153373543443,30.034764272712145,7,0.6698021831681197,1.1549181695703508,True,compact,4,349.78455999445055,-13.44865872113409,TYC 5827-01270-1,unclassified_object
726,850.3917514938917,961.7587269431707,691.4136623120371,162.20778370585217,15.040906510129286,7,0.7339113349405324,1.3836350156333035,True,compact,4,313.33176637883355,44.39393592283287,TYC 3179-01354-1,unclassified_object
727,835.3738581218228,344.846043270791,691.3726286444445,195.23690771822837,31.65104721497146,7,0.6090580243749152,1.021403618116171,True,compact,4,49.71529998375012,34.20753247005157,TYC 2349-01954-1,unclassified_object
730,1170.0246801284866,817.6642281740801,690.2794568527771,182.63799092519432,29.33811108773624,7,0.6417995783932982,1.011722303258651,True,compact,4,269.8790139889268,79.98732263562556,TYC 4578-01434-1,unclassified_object
731,958.5081586285147,986.9874523408871,690.0647778818832,190.51137946814964,23.260806229664183,6,0.6910673708052514,1.3989178737032073,True,compact,4,298.8978398728664,52.4327559581934,TYC 3570-02426-1,unclassified_object
732,494.55408683281,811.5132072511001,689.6371882597978,194.43056530064223,31.3290270170519,4,0.5012405806659583,1.0113016424236208,True,compact,4,343.10200160940167,9.808279001995066,TYC 1153-01558-1,unclassified_object
735,1132.4959992494498,864.9485740929127,688.6205357579865,181.2967729468152,27.601943765919742,8,0.7090807221899134,1.1903132446123146,True,compact,4,281.31046796451903,74.0988311213256,TYC 4442-01877-1,unclassified_object
736,766.6074545295743,654.5666750629168,688.5206248908144,187.35278732735532,25.592160464730608,9,0.9179114855928147,1.6187388224928698,True,compact,4,3.412896288798978,41.013996830450424,TYC 2786-02020-1,unclassified_object
737,501.7034338843562,675.6181955131423,688.47862934965,197.62084099747955,35.03023981674285,6,0.6120689529911715,1.1809035307736615,True,compact,4,358.1543490762627,10.931465329320456,TYC 1174-01713-1,unclassified_object
738,999.60340444675,734.7698899525892,688.094641876064,197.37657072756676,25.869374668780843,6,0.6374877351233615,1.2561958846756671,True,compact,4,349.7151401096989,68.08392768172399,TYC 4478-01361-1,unclassified_object
741,653.8574283672144,1203.8331753176526,687.3577454279084,156.16243996942745,20.441933255522834,10,0.8232090987267283,1.2759950957378576,True,compact,4,295.6616029770546,11.838283841024063,TYC 1065-03144-1,unclassified_object
742,949.1501486248493,589.6722127441577,686.9705073471316,195.82411195115085,20.370025112889504,7,0.724049121318541,1.317054450186575,True,compact,4,23.399740927842455,59.21764043392159,TYC 3683-02185-1,unclassified_object
743,1358.6092072658844,546.1145180236389,686.366854978399,161.32900083657847,37.00748422891778,10,0.9106295950914283,1.3573246107855557,True,compact,4,138.51153039458995,61.469688009879995,TYC 4135-01915-1,unclassified_object
744,594.2241321435246,680.4886392429695,686.3651878884946,203.79772357605228,34.514566386899155,7,0.6503827122409552,1.1584859536254026,True,compact,4,358.1000343397161,21.718770962004044,TYC 1728-02113-1,unclassified_object
745,1170.664312243419,638.2486747240055,686.3213872791207,188.7677381845525,28.849457655371125,7,0.6732712550152756,1.1457865387190338,True,compact,4,75.24042501268396,81.19097642686903,TYC 4523-01181-1,unclassified_object
747,917.0336476010044,1266.907246088783,685.9821685470147,160.43327410784576,26.013405762037042,9,0.7132009812276483,1.0194815636755492,True,compact,4,271.9721940128556,26.115415362069424,TYC 2095-03224-1,unclassified_object
748,802.803128620902,622.9660964439212,685.8219908953513,202.4491144941211,26.116577485861384,7,0.787298176866985,1.609314124905546,True,compact,4,9.126889368106287,44.470700774642445,TYC 2796-02404-1,unclassified_object
749,695.6114535623168,1134.310423230548,685.3119652383245,164.92725428609077,18.721166607048325,7,0.7053999889296745,1.2124921688593542,True,compact,4,301.2762679463633,19.993411949132664,TYC 1625-01053-1,unclassified_object
750,828.8749109077145,1102.965744331268,685.2480560748172,147.66954459101007,14.887093292806686,8,0.9602660762175226,1.7287655565608897,True,compact,4,296.58965157233774,33.70844571814352,TYC 2660-04227-1,unclassified_object
752,586.4803968023723,950.7826652321645,683.857478518087,202.59610577725806,29.076234679103596,6,0.6072931143036117,1.216484698988979,True,compact,4,326.1456579510113,17.359173176772313,TYC 1670-00918-1,unclassified_object
754,354.0497117640087,1134.2527949163568,683.3734294616677,142.3757090546157,24.76378787741739,9,0.7142291767380351,1.0231099173689342,True,compact,4,309.8437320176092,-14.924536385089095,TYC 5767-02439-1,unclassified_object
755,774.0592164412689,920.9228841048955,682.3078170919596,176.37639526391365,21.96993171324855,7,0.7628887008703438,1.4205294211803863,True,compact,4,323.7426271058683,38.532014260128456,TYC 3183-03283-1,unclassified_object
757,1373.7274050983858,662.10079508986,681.508979192479,164.99531961767363,30.933245167430325,7,0.7192943791951846,1.2301222437592587,True,compact,4,160.46520490548698,65.73670761903344,TYC 4151-01450-1,unclassified_object
758,319.85816825956636,987.409226155767,680.3659995295063,184.01461962120652,28.864863386129795,7,0.6911068316148269,1.2768052136788235,True,compact,4,325.39304287742425,-14.023615380880395,TYC 5799-01135-1,unclassified_object
759,867.1908608998568,226.65375828205632,680.2209708604529,179.5596844176736,33.76930925756486,7,0.81700638864668,1.7181943597767928,True,compact,4,65.10216296567752,27.357094617330453,TYC 1824-01167-1,unclassified_object
760,921.901899126332,1053.440635448384,679.8408402866387,185.72473690094353,20.74371666702006,8,0.6866865999323746,1.1521914303581573,True,compact,4,294.1343322324127,44.67819785213886,TYC 3147-01921-1,unclassified_object
763,766.322963423346,937.026391231174,679.1179151565007,186.87264972563815,21.58414410025455,8,0.740201719085501,1.2105410884150263,True,compact,4,321.8764108889651,37.09382310867221,TYC 2716-02883-1,unclassified_object
764,890.3767323873127,1003.9489323372152,678.9928137107132,156.40618372085942,16.842050657080854,10,1.183956907684875,1.9266860565114672,True,compact,4,303.9262790132043,45.59393501724654,TYC 3572-02103-1,unclassified_object
769,1002.5131789035465,946.5158038227673,674.8213641266884,175.57671497864806,21.384814575740688,4,0.5042871902029927,1.0182510073794933,True,compact,4,298.98254351647824,58.84345266110355,TYC 3947-02622-1,unclassified_object
770,430.3735149911317,877.7875697477509,674.6263076498865,194.2879182588126,35.33859052641682,6,0.6690469492280733,1.2590431839061966,True,compact,4,336.3256764144795,1.3520927967595109,TYC 0560-01818-1,unclassified_object
771,354.96224183259613,893.4906868673169,674.4755496369122,166.30735032394747,26.453842366690594,8,0.6741572920687103,1.0541844585290956,True,compact,4,335.0410210183419,-7.834699993055811,TYC 5804-01742-1,unclassified_object
772,1002.7015982836073,418.8662138095548,674.3686366627206,80.68795594455662,11.672188702667762,18,1.7470637432691607,1.8751302997877661,False,broad_blob,8,58.86155240757169,52.40131536105272,TYC 3338-00759-1,unclassified_object
773,1441.2488139831019,615.7170976853279,673.7419308588659,130.5005160152565,32.58226722859931,10,0.8648001486792442,1.299511689221144,True,compact,4,157.6613569957764,55.92546371208829,TYC 3819-01373-1,unclassified_object
774,1271.5921455501616,910.4636180408625,673.7111399937198,184.35182986786566,33.86722811898212,7,0.6634989054028998,1.185455548680883,True,compact,4,228.63596316417096,67.36551148734493,TYC 4187-01365-1,unclassified_object
775,791.8393245444597,1027.3937899282246,672.6772646561544,178.30069789281887,19.37081443254453,7,0.6223639951240977,1.055878942996981,True,compact,4,308.4783075419642,35.234029923304696,TYC 2694-02168-1,unclassified_object
776,870.425303010417,815.4685045271151,672.6473472099192,167.87772556829395,18.18615790560771,5,0.6349439090850915,1.316584280542439,True,compact,4,336.0248198526217,52.18517127093609,TYC 3619-04081-1,unclassified_object
778,865.0196334492349,298.54690615235677,672.2540878349428,181.79087785707446,23.231858718720172,8,0.6626426016571845,1.045575509729934,True,compact,4,57.413230565320646,33.075044128540995,TYC 2360-01949-1,unclassified_object
779,1090.8303075969059,821.5128756990937,672.175633685518,196.85990249606257,36.51435773791791,6,0.6268807170099489,1.254616268767064,True,compact,4,307.78615840266855,74.96576530520673,TYC 4459-00947-1,unclassified_object
780,1058.8788589274304,505.5595107275813,671.9071992360384,203.9299418905475,26.075796810921435,6,0.6581377272599715,1.342950445859916,True,compact,4,56.561766302727655,63.33049940913844,TYC 4067-01935-1,unclassified_object
783,996.9141351792541,1317.9232554177095,671.3645871156723,146.33927485031842,23.539903958498417,9,0.7417052157552445,1.0635494865530197,True,compact,4,260.2192286107832,24.496336057449298,TYC 2078-01803-1,unclassified_object
784,736.699712224223,369.68171697807674,671.3565819610915,172.33057555373463,29.30108240763106,7,0.6955690252137641,1.1109240144632078,True,compact,4,40.19613477167692,27.029859997128124,TYC 1776-01396-1,unclassified_object
785,1154.4063393956528,734.7642956121271,671.2938435025825,192.33573158458032,27.413158936976732,7,0.7215796653500995,1.4072529782034813,True,compact,4,333.18404219607487,86.1654294003531,TYC 4654-00874-1,unclassified_object
786,923.524682223511,1043.8640624196655,670.8694615951781,191.61606472838352,21.219192008340976,6,0.6921658399525266,1.420404929284053,True,compact,4,295.18308518297596,45.52270743878968,TYC 3556-03772-1,unclassified_object
787,883.5700619162365,976.4202989004232,670.639854459841,149.92418098398716,15.544834476802432,8,1.0025458428299403,2.1713491149140687,True,compact,4,308.48088476193925,46.69304751148408,TYC 3573-01361-1,unclassified_object
790,533.6411020965967,932.3159237372582,670.0908690286152,171.14354101036054,23.71506132064078,8,0.8464472934613056,1.4589050160503654,True,compact,4,329.2559725749436,12.020616559536528,TYC 1130-01972-1,unclassified_object
791,251.01562365314265,826.541714973613,669.8992512337413,179.81201748668013,35.58707654102379,8,0.6994934198026687,1.1547960863111304,True,compact,4,341.9087005272203,-19.58854989848823,TYC 6390-01254-1,unclassified_object
792,693.8257509164744,915.8295552255609,669.429615749275,179.5357505375395,23.92653864481597,8,0.7793704699537927,1.3577094070865652,True,compact,4,327.5059741940871,30.169200375628634,TYC 2718-02224-1,unclassified_object
794,841.5071475060653,774.5552830104572,668.9462666623091,186.14083206529057,20.851794450931063,4,0.5032626758937985,1.01962107801877,True,compact,4,344.19025918188674,49.676633085749394,TYC 3630-02520-1,unclassified_object
796,512.0164125734435,741.9689014477854,668.2146773375695,185.22033340101385,37.56749675013242,7,0.6671070793222126,1.0527541869012185,True,compact,4,350.78394863993805,12.29903828031503,TYC 1165-01549-1,unclassified_object
797,258.97015109625846,687.7061968366717,668.1787612465987,181.5872147234625,31.190192426851898,8,0.7492280072983477,1.2477602764698157,True,compact,4,356.0666358422493,-18.25664059246654,TYC 6407-01133-1,unclassified_object
798,755.239891406982,332.7999468722842,668.1395232661687,168.71284750294583,30.029196165683253,10,1.0272213904386562,2.011317602825403,True,compact,4,45.52082946882845,26.48685517413876,TYC 1790-01709-1,unclassified_object
800,348.91209057178185,616.61764057166,666.9747133553205,187.51269104668492,32.891167945801506,7,0.6222456468767713,1.0772896226886663,True,compact,4,3.6209884083931163,-7.798402166369405,TYC 5261-00219-1,unclassified_object
802,957.5339198820359,1012.0270181406123,666.7064862416169,172.4107881835636,20.16577666912594,8,0.6792926622361161,1.0797612757077595,True,compact,4,295.45368097901576,50.5020729621035,TYC 3565-01525-1,unclassified_object
804,703.8659195217485,1185.5040378991453,666.4808731309043,164.04163372162924,19.056256891088694,6,0.6980522797915443,1.3962636790610081,True,compact,4,295.26616233245767,17.462017287584857,TYC 1606-02342-1,unclassified_object
808,1050.7793337679961,462.82958008209397,663.5912306530342,203.3712085365216,27.951731808867155,7,0.788318355583715,1.5412394620243717,True,compact,4,61.17501875290658,59.13665000388554,TYC 3730-01595-1,unclassified_object
809,619.5081821347278,419.0261166459121,663.0268472462078,183.82481283931128,30.0903939759628,8,0.6708257788135662,1.136293891818461,True,compact,4,29.35900393063217,17.80526808338996,TYC 1210-01641-1,unclassified_object
810,1076.0509370715715,477.5885882024473,662.9070233275531,163.52068281591698,22.14938328223257,9,0.7571480935332894,1.1576046428520104,True,compact,4,64.33233379350422,61.847487375696005,TYC 4064-01702-1,unclassified_object
811,790.4462322740679,1001.9227760685898,662.5925928216085,173.23876692339462,21.087118651228252,7,0.6905509143492071,1.1760242817246305,True,compact,4,311.854546534963,36.493913496132706,TYC 2699-03425-2,unclassified_object
814,793.947603152446,963.645193649373,660.8673385888314,174.09579338918817,19.498562038653507,7,0.6550465892009191,1.0784369163999505,True,compact,4,316.77674526846425,38.750479627972794,TYC 3168-02798-1,unclassified_object
816,482.0729496231943,772.7948328113847,660.0377830091412,201.04144794670268,30.028506366714456,7,0.6460750792670237,1.0843510254278959,True,compact,4,347.4083934908482,8.66412550314678,TYC 1161-01796-1,unclassified_object
817,860.9209095668483,798.5706920595197,659.6410983258096,158.67870028436056,16.655796232559293,7,0.8114682326166196,1.6442241845930767,True,compact,4,339.4305965299548,51.486506401570225,TYC 3632-03260-1,unclassified_object
818,714.0314703196763,1020.2564585623726,659.5417139438769,196.20225242476158,23.06156253120219,7,0.7477449623789697,1.4114896714764158,True,compact,4,313.6268012894308,28.045783239577954,TYC 2179-02495-1,unclassified_object
819,645.4919759658269,1192.8514782511972,658.7294387320503,146.05698634971117,17.838672332523277,8,0.786986705920136,1.3062136830374302,True,compact,4,297.18807789976927,11.779547880122358,TYC 1066-03553-1,unclassified_object
820,906.2340229372597,392.00182392354486,658.6466326004489,187.7250251894465,24.6022881007334,8,0.7141101243820691,1.205979956961531,True,compact,4,50.37944238107911,43.32389839464996,TYC 2873-03762-1,unclassified_object
821,810.1596158730001,665.6134514823954,658.6260295453415,179.38601705608377,21.153480823829703,7,0.6549744108285475,1.1518769402124618,True,compact,4,2.525292445543667,46.03366974597967,TYC 3246-00880-1,unclassified_object
822,1133.4833935265262,780.6774915078418,658.3347457531418,201.22862516912255,26.311266868817075,5,0.5845849890558471,1.2233019303354267,True,compact,4,306.8706973854328,81.45560930299779,TYC 4597-01692-1,unclassified_object
825,880.5912323633128,789.685896908367,657.7802204693331,155.94660743820597,16.258164683539473,7,1.2886589248045888,2.626348610257361,True,compact,4,340.4124425097824,53.843113328235404,TYC 3984-01300-1,unclassified_object
826,1191.2028219187728,448.5840622331643,657.2941262740253,202.1036326625857,32.15709455879178,8,0.687631561864477,1.1658046168041805,True,compact,4,94.47491268020545,61.533451962297256,TYC 4096-02358-1,unclassified_object
827,1038.2910877989482,1084.6948109385626,656.9190016780426,190.18708578769167,28.59429735513277,6,0.6269342625145001,1.177993387229465,True,compact,4,275.3581091511914,49.12383850914489,TYC 3533-02577-1,unclassified_object
831,799.4478395609849,635.9685424452123,654.7758093542752,180.30229125099564,22.723568245659635,7,0.677658752266127,1.1758979442840947,True,compact,4,6.99346372225826,44.36473442760071,TYC 2795-02706-1,unclassified_object
833,380.6164299071349,656.388956853363,654.0048280746364,191.09066572472514,32.288949324127145,7,0.6923150279801595,1.2228706302898604,True,compact,4,359.65065677138654,-3.5814405310023862,TYC 5256-01131-1,unclassified_object
836,892.2114964163271,1294.5840533867004,652.002360217122,186.25125663142447,22.69440116869461,7,0.7024548925607925,1.2092040096700778,True,compact,4,271.53155692421893,22.24038216861375,TYC 1566-03673-1,unclassified_object
837,961.51631888136,812.5245584196966,651.9722130404261,174.05415906848526,17.096391825373345,4,0.5034309834221155,1.015659474996964,True,compact,4,331.3452854675893,62.259433364081,TYC 4267-02757-1,unclassified_object
840,616.0387103382258,529.7360092565673,650.763939887402,198.076865076068,29.553137207840436,7,0.6419896100114024,1.0692618077198661,True,compact,4,16.434463410334693,21.473311426051833,TYC 1202-02125-1,unclassified_object
842,822.0357065103454,830.4493771591922,649.5948142216785,174.35148514260734,20.503429293567965,7,0.6747986004337413,1.1090577499350034,True,compact,4,335.349715628659,46.51163306307234,TYC 3607-02600-1,unclassified_object
843,1131.7070693648177,837.9848868481224,648.5556905287879,191.8194031040453,30.21137975659127,7,0.6323481356777838,1.0598710454969724,True,compact,4,287.2761037691942,76.56820662681947,TYC 4583-02836-1,unclassified_object
846,832.0762892161918,549.5311838984063,646.3624110179404,203.0969021176992,23.487899931632004,6,0.6349372160735328,1.2743629717507963,True,compact,4,21.864572625726606,45.39799879246071,TYC 3265-02401-1,unclassified_object
849,1164.3661101126497,432.7072444236138,644.7224587277371,173.85112176041338,26.946699086214295,7,0.6641781998242725,1.1202778303316943,True,compact,4,88.77009152368348,59.896427209518144,TYC 3762-02640-1,unclassified_object
850,1154.040320065386,393.35618657982104,644.3233367566021,166.02430805526228,22.939757037825228,7,0.6879286949513979,1.1640808368773774,True,compact,4,88.69731013878376,55.706211611902326,TYC 3754-00939-1,unclassified_object
852,975.2656551359227,816.6712408021574,642.7769083269352,166.26966778554106,16.545429371632146,6,0.6099865311046622,1.0993648171256012,True,compact,4,329.1988760680281,63.60869589101944,TYC 4266-03252-1,unclassified_object
855,810.2995654756014,702.5672296836367,642.6164317872737,205.74417296360804,24.26596088495552,5,0.6314171555839106,1.3890246325017597,True,compact,4,356.52144238782176,46.38034616492087,TYC 3638-02516-1,unclassified_object
858,662.1871585891655,1030.2697000013252,642.2873471945036,197.09673697689547,28.349536947638644,7,0.8742959943243627,1.7801535157914972,True,compact,4,314.6222301285987,22.328283795086975,TYC 1660-01962-1,unclassified_object
861,680.7272601990576,1152.4545096248553,641.5577908509564,152.5266306339199,16.762449740683557,6,0.705499507218254,1.430524111282009,True,compact,4,299.99040487941414,17.514365668149612,TYC 1621-02189-1,unclassified_object
868,255.98426663781302,683.4092089854004,639.5622900252116,192.43902014921224,33.33233097234235,8,0.7254280071518294,1.3357048862921437,True,compact,4,356.4964924283855,-18.64615540916662,TYC 6407-01135-1,unclassified_object
869,668.0418077657747,414.49954447066733,639.0066005204251,205.3330233502499,29.145668798242752,7,0.6369978280759532,1.0298247394418991,True,compact,4,31.67692392948491,22.625386235533917,TYC 1758-02417-1,unclassified_object
871,1351.6558561473946,723.0081570491778,637.8278878552176,171.00960765381643,33.12964203460213,8,0.7196676319270844,1.0969757478989923,True,compact,4,174.0095139659043,69.35732571911291,TYC 4392-00141-1,unclassified_object
873,1224.624161299036,524.9248490566762,637.627664042385,159.68271780863645,28.74390232419787,7,0.6393921131837809,1.0368282875968706,True,compact,4,103.47493152577995,68.87503802156051,TYC 4359-02043-1,unclassified_object
875,265.80988355543855,619.4238724634314,637.5097154342578,183.3135389178592,29.503192531556255,7,0.7444279888499356,1.491143990332036,True,compact,4,3.0316639119368696,-17.913100207075463,TYC 5842-01161-1,unclassified_object
876,966.3563562231715,1023.2890970651347,637.1694010698845,188.339778132196,21.37996846250843,7,0.6614146851785544,1.1729574941165324,True,compact,4,292.80009293270484,50.28079627725754,TYC 3564-03155-1,unclassified_object
877,995.6524807449262,957.1983885480446,636.9234200442096,186.58352721609964,22.105626032398487,7,0.7087186207055803,1.3129847518340014,True,compact,4,298.3076561866571,57.52071225150754,TYC 3943-02323-1,unclassified_object
881,811.4034985587655,898.8965502234471,635.484152575826,176.4873028593288,20.263370204456947,7,0.6261397210870938,1.051456527937477,True,compact,4,325.1155663291245,43.27591795787795,TYC 3196-02204-1,unclassified_object
882,1263.744661389291,406.22115262417725,635.3384140585056,127.6641973596054,29.410957826185566,9,0.7760502741716736,1.174345110427293,True,compact,4,110.68550772795982,55.305627835408664,TYC 3785-00913-1,unclassified_object
885,1348.5713130992106,672.3866244196626,634.0473104885434,181.33697261758962,35.1064467038803,5,0.5761322601557942,1.179990255871655,True,compact,4,160.76905277415577,69.10100266281881,TYC 4385-01959-1,unclassified_object
888,881.8606401173552,521.4620257532298,633.2600498859358,138.42863894613885,18.39380912049449,9,1.1959963577313992,1.7642391048251524,False,broad_blob,8,29.660379352089016,49.23136280736881,TYC 3288-02587-1,unclassified_object
890,698.1410491318289,419.5463206820233,632.6694354631491,203.99802915905403,26.56502442488487,6,0.6121846450356874,1.232914502394741,True,compact,4,32.37554184897509,25.923000876917357,TYC 1761-02536-1,unclassified_object
891,907.6049072584062,1069.3938822087591,631.8321505911236,157.53667046539942,18.44781547242824,7,0.7741508894766609,1.6108193838160432,True,compact,4,293.6408344994877,42.38920121348049,TYC 3143-02179-1,unclassified_object
892,848.18906780148,245.18714644898841,631.2130106750117,168.8071304301184,31.292775333748704,8,0.7106101839186245,1.1841458843585155,True,compact,4,61.663093045243706,27.597753152125055,TYC 1822-02314-1,unclassified_object
894,851.5120705193563,481.6048192734414,630.6581944308639,194.89672241063084,25.937536499836806,4,0.4998959233085863,1.0226022232374719,True,compact,4,33.302015682192994,44.21190625761357,TYC 2842-02371-1,unclassified_object
899,936.6860952686845,995.1664596090095,627.0599086334753,176.45041987685366,21.148450305259257,7,0.625058922100689,1.044676177619264,True,compact,4,300.34390819018506,50.094687286216875,TYC 3566-01919-1,unclassified_object
901,946.5783948606171,809.5505979911763,626.5149721263007,197.99528350296146,19.606938907374417,4,0.49867038606082764,1.0123916321286974,True,compact,4,333.1165945349177,60.71773610524885,TYC 4263-02407-1,unclassified_object
902,1088.1403394030967,1086.4943122464815,625.670927178039,204.39793420112736,31.555994357253326,7,0.6212742270324629,1.063890569907262,True,compact,4,267.2510377861354,50.77912984923183,TYC 3523-01685-1,unclassified_object
904,779.1954531419306,1096.305277778269,625.4180392298883,176.22890486799457,17.945930216044143,7,0.7195699087217619,1.2840873878591113,True,compact,4,300.88510956845903,29.91105748646266,TYC 2153-02883-1,unclassified_object
905,1005.936737635875,315.54645035969,625.2666187929264,163.960392438645,22.805524374939854,8,0.6617909042680316,1.0540280685971932,True,compact,4,70.74399304722309,43.35291006454783,TYC 2905-01947-1,unclassified_object
907,730.5949976872413,642.3311710568158,625.0804739747402,197.14861730386298,27.0968500109,5,0.5671361388743813,1.1619313379047735,True,compact,4,4.527436634485361,36.80459941053329,TYC 2273-02081-1,unclassified_object
908,624.8725171051329,671.2388591033645,625.0293087647929,182.3402295108358,27.58858105230497,7,0.6765726673353213,1.1562526854271022,True,compact,4,359.43666588750926,25.16995848291301,TYC 2255-02883-1,unclassified_object
911,1178.9135058242118,423.4129959157044,624.645593576028,177.9375315517587,24.16977502280631,8,0.7146366023274906,1.1566571131623298,True,compact,4,92.50536223845612,58.9423569622717,TYC 3763-02582-1,unclassified_object
912,771.2526684351126,743.8526852120012,624.3190295838017,168.65750419221163,20.639338776304427,11,1.3484535977419823,2.030294300349302,False,broad_blob,8,349.9999567352816,42.00402742133792,TYC 3225-03347-1,unclassified_object
914,794.0793233259116,408.72805123475666,623.8349448572174,179.5923256413955,21.94595351125043,7,0.641516028014504,1.069234233496466,True,compact,4,38.968555217903734,34.68660178716132,TYC 2332-02197-1,unclassified_object
915,830.1184600854687,529.5545387846461,623.4214967135188,207.8454275320669,25.6025763607449,6,0.6187487021849535,1.2475960423757257,True,compact,4,24.784923023755944,44.38087882817057,TYC 2826-02183-1,unclassified_object
916,796.3171289177436,462.7969654673392,623.2796793769211,201.0781628889354,28.80876590249163,6,0.6306396945191759,1.2497838119792863,True,compact,4,32.134387381128604,37.85433396901085,TYC 2829-02251-1,unclassified_object
919,806.6005482303221,1242.4612540474557,622.6939187698038,158.83030554436272,20.69307499988484,8,0.7809333519486779,1.594565423573953,True,compact,4,283.08338089524347,21.411963986057618,TYC 1596-02751-1,unclassified_object
923,692.6604104819296,353.96596156541096,622.5530588451702,184.44597196456476,35.90637708040778,7,0.6367754329357823,1.0797976159859115,True,compact,4,39.718915217858246,21.934944727655587,TYC 1222-02067-1,unclassified_object
924,937.2035678153075,396.5926912495143,622.1773560302245,176.70614150726,20.13320823859353,7,0.6751240426923248,1.2019623836565911,True,compact,4,53.14614173246469,46.04472971722335,TYC 3312-03022-1,unclassified_object
925,991.0598509809157,986.2572937325882,622.0489108847232,174.48751710322693,21.393688726008357,10,0.9194500618287537,1.5778690965486577,True,compact,4,294.55384568598714,54.962917242961964,TYC 3938-01983-1,unclassified_object
926,859.2438607305425,252.9436542313809,621.9700719044761,165.50782595037288,33.596662013277346,9,0.815130823412728,1.4470490196215586,True,compact,4,61.765489716542724,29.0055442064232,TYC 1826-01575-1,unclassified_object
929,809.3321401239707,255.89383664297603,621.0572895453176,177.95925692560664,19.6220163129862,8,0.6693877615305419,1.1396159415102665,True,compact,4,57.57984845713903,25.581309770622642,TYC 1804-02519-1,unclassified_object
933,657.6009887021884,983.9142782281132,620.3579091306419,194.69040905336448,25.3058470902874,7,0.5923800442871688,1.0392600000247945,True,compact,4,320.2715708534785,23.846810169124332,TYC 2187-02178-1,unclassified_object
934,721.6207388296855,865.9696394861323,619.5962534992856,191.38442019639015,26.447963397660107,7,0.6082337771423197,1.048902701001465,True,compact,4,333.2643709167231,34.632436631264305,TYC 2741-02741-1,unclassified_object
935,389.77499762834344,568.7765550940271,619.3878403811004,182.1817596958412,33.05629453477049,6,0.6483178903633265,1.1897909471879289,True,compact,4,8.82338109149342,-3.6101450873115453,TYC 4675-01216-3,unclassified_object
938,1200.7249219003404,281.0807609551478,618.8414041860257,132.61634502745954,20.35437193015935,8,0.7434571689010994,1.1720553140197714,True,compact,4,101.6568705086597,43.60351151289332,TYC 2953-01958-1,unclassified_object
940,1116.5108754671624,958.6542240409874,618.2383305104815,205.57206578877344,30.830225223975177,4,0.5000052634339563,1.0515563464669522,True,compact,4,273.453139075131,64.40724706695507,TYC 4209-02018-1,unclassified_object
941,926.4438402668458,827.9059501711889,618.1510035991137,194.57774182736927,19.56682235032442,7,0.6281413421493837,1.0601450941284858,True,compact,4,330.5928935630526,57.96602839206266,TYC 3977-02050-1,unclassified_object
947,948.8676251109475,731.3644656897771,615.0083019412624,194.58475523159788,20.32421654244681,7,0.6037060761978815,1.0757491669248993,True,compact,4,351.216695743866,62.22923838728768,TYC 4283-01498-1,unclassified_object
949,730.919575832341,1095.8036080458348,614.2027794430401,168.396696791281,18.08192907173593,6,0.6525199842620201,1.1508204917878955,True,compact,4,303.80826463377116,25.573638817609872,TYC 2159-02068-1,unclassified_object
950,564.5470691007606,709.9984293359439,613.8163223746317,188.4935155024816,33.59008554192153,8,0.6905114409063543,1.2849816690270541,True,compact,4,354.48737253681423,18.420080628018532,TYC 1723-02166-1,unclassified_object
952,958.6384145129153,852.7588016462684,612.0812026062315,163.9203588167178,17.176442123837113,6,0.7287945799278928,1.5170727875644336,True,compact,4,322.72410748416365,60.4301228456032,TYC 4249-01802-1,unclassified_object
957,398.5695752128499,1263.6286423855759,611.2118731212693,140.37316672070423,28.08555149095382,11,0.7956077616928416,1.080646273326465,True,compact,4,295.6249206465195,-16.13666150143919,TYC 6299-02607-1,unclassified_object
958,674.2881901067116,971.6038342379695,611.1760665215131,181.91118996204102,23.989399533253728,8,1.2037617951145192,2.4696264063202524,True,compact,4,321.1823987954217,26.092630345059316,TYC 2191-02227-1,unclassified_object
965,680.5998236601288,913.9475139743038,606.0171963877269,172.36815598573025,23.335284167898195,7,0.6138795312453188,1.0534315273145431,True,compact,4,328.14820232778186,28.796010135854335,TYC 2214-02037-1,unclassified_object
967,1054.6813613051431,279.3043553728665,604.7092377809844,170.70688639304768,20.850969686149938,8,0.7631171103563288,1.4469224175618158,True,compact,4,80.4413953816177,41.83220374824178,TYC 2917-02528-1,unclassified_object
974,774.4805798713701,791.9613107329853,603.5562255896956,199.85273799513269,21.651104459912506,7,0.6250828211754812,1.03735539286708,True,compact,4,342.65370336931767,41.950176332341094,TYC 3223-03619-1,unclassified_object
975,1220.6848846934224,802.1074569803294,602.56885809216,80.85761590904806,14.53080372348864,15,1.3801486003272028,1.2395467417492423,False,broad_blob,8,232.7584644612965,80.53620357588198,TYC 4566-00120-1,unclassified_object
977,1214.3092032427228,159.80849229149985,601.8207272643613,73.29811098937789,13.974651729643357,15,1.2804267647599539,1.8728726647224445,True,compact,4,107.86347451644689,30.20206647588873,TYC 2438-01059-1,unclassified_object
981,905.7166659477213,949.0341300561396,600.8887855170316,179.54553094411423,19.7488048656854,7,0.6482536669114043,1.0846288162659752,True,compact,4,310.58108287327804,50.33319739019536,TYC 3582-02132-1,unclassified_object
983,868.3039903165268,616.5369158626297,600.8205516641625,164.10751490711664,17.94739499786439,6,0.6866808321917826,1.3468372277253622,True,compact,4,12.736884146782518,51.51097722394227,TYC 3274-01232-1,unclassified_object
984,1098.0935103867762,649.8196883675085,600.7719267598409,195.3115573476867,26.95679372788235,7,0.6231393740143204,1.0334699341034441,True,compact,4,31.342027357498317,77.28239328951169,TYC 4499-02252-1,unclassified_object
985,876.8471176063259,1170.9197360345918,600.1385329461611,183.79709781679404,19.75298125138964,6,0.6934984591585347,1.3214630112240109,True,compact,4,285.01333897609686,32.14220316440594,TYC 2643-03347-1,unclassified_object
986,873.1121458167846,945.6931720526535,599.575286554496,176.12913342200454,16.823389263476418,7,0.7772471132767609,1.1707620591356174,True,compact,4,313.96397999649554,47.42842583050798,TYC 3579-04462-1,unclassified_object
991,582.2842620493949,345.75854331028273,597.8267911498365,179.68105021529718,31.876783356196277,9,1.1420026428977457,1.6451418732083614,True,broad_blob,8,36.21774871545703,10.529365352035553,TYC 0635-00692-1,unclassified_object
992,1213.3122035424835,656.7875804342975,597.6902784496308,197.0121231595428,35.49735530592464,6,0.6102092740405917,1.179710606019163,True,compact,4,112.89017478956275,82.38958868234896,TYC 4539-01189-1,unclassified_object
999,845.5074662364609,713.9380497959429,595.8196070842913,184.89947464919123,22.32739182264403,6,0.6140896120894453,1.2341921342686437,True,compact,4,354.802388292401,50.40628933767521,TYC 3646-00911-1,unclassified_object
1001,906.4707674907777,788.3748907515038,595.2952763133109,181.64601962866914,19.079648086694068,5,0.603431537436666,1.2114248701948327,True,compact,4,339.72934437997014,56.765465583318445,TYC 3991-03192-1,unclassified_object
1007,888.4332964236147,647.6859067001515,594.0336052896198,191.9892418108239,19.31622272577551,5,0.597979210340232,1.3135484447484345,True,compact,4,7.90511891270443,54.4903669957315,TYC 3658-02414-1,unclassified_object
1018,1074.6835490817757,466.25148569689844,589.8619095497568,175.4667223123123,24.96025147717894,6,0.6372019786866303,1.2104150791483705,True,compact,4,65.5073492707992,60.73567524056453,TYC 4065-01815-1,unclassified_object
1019,405.57981102281803,1147.4621312355541,589.4024160373451,124.36692541491306,25.17639474524497,11,1.2798289008437336,2.308222635169459,False,broad_blob,8,308.0719589348289,-9.85636398953779,TYC 5758-02542-1,unclassified_object
1020,672.1042554460058,1146.7262894569142,589.3421325250215,177.1025941774948,19.456618570749093,7,0.6405708616977295,1.0776515219727758,True,compact,4,301.01554429693687,17.06790313390771,TYC 1621-01499-1,unclassified_object
1022,1094.5404790926084,503.000571268677,588.4152466906709,209.3287532031249,33.61459186214806,6,0.5876363303569864,1.1894434727213192,True,compact,4,65.1918243891519,65.11731204100519,TYC 4073-01392-1,unclassified_object
1025,774.5899371836568,802.2121212651879,586.7545759291156,198.16414694764507,21.69037941582091,5,0.5930309956765318,1.2471948821042689,True,compact,4,341.0988553792294,41.81275817562862,TYC 3222-01934-1,unclassified_object
1036,482.2190175710911,768.032011413653,583.837018246777,204.97377933535063,31.45534385232806,6,0.6508554815288812,1.3527135704340616,True,compact,4,347.9303463645223,8.707203555233466,TYC 1161-01795-1,unclassified_object
1040,809.49766088639,1140.7682118223152,583.1337681327063,137.11962973823816,15.265213471860507,6,0.6979244236440169,1.4120157318437057,True,compact,4,293.70668745248975,29.43921351738119,TYC 2150-05010-1,unclassified_object
1041,809.9529239420007,574.3466822068458,582.7321914413465,166.90647008700066,21.290534198787725,7,0.6360059363868883,1.1046540043964175,True,compact,4,16.92668642276271,43.93436581743812,TYC 2811-02324-1,unclassified_object
1042,869.1932566663348,1160.1043138629298,582.6727489028278,163.1358569303601,17.899921113118197,9,0.781124999649389,1.2435578266832865,True,compact,4,286.83735975045334,32.48988349166843,TYC 2644-02411-1,unclassified_object
1043,897.5558130793636,881.1613979410464,582.5929224251704,183.3271327492004,18.884068176140662,6,0.6379601149505593,1.2847627169927336,True,compact,4,322.6132434010798,52.93233452933926,TYC 3966-01561-1,unclassified_object
1044,1081.5047698914182,420.85912413303197,582.1017908852261,173.82370673578546,27.719846173201912,6,0.634735228231519,1.270191917972879,True,compact,4,72.05437200420415,56.747329796896,TYC 3741-01602-1,unclassified_object
1045,599.7135702321942,720.0593648972718,581.5505857254228,187.93300393225002,28.073103074006834,7,0.761393509012739,1.4377638076070882,True,compact,4,353.3627982645161,22.50580099104557,TYC 1726-02507-1,unclassified_object
1046,344.335187647034,756.4758384282347,581.3979552651692,199.78113019523457,28.148225383876767,4,0.5002724829805361,1.0618157292265662,True,compact,4,349.2078026407,-7.7218451962936845,TYC 5821-01478-1,unclassified_object
1047,847.1673399515215,747.5896921053043,581.0820095134513,122.1219588711095,13.479436161617048,12,1.641678760314943,2.0271448754472177,False,broad_blob,8,348.83991574464875,50.548529351781724,TYC 3631-00587-1,unclassified_object
1048,898.8257918285274,885.8066527301733,581.0040637591662,200.0046260659786,20.54266086292831,7,0.7314021205224657,1.4794301263181253,True,compact,4,321.69883117130195,52.86377530954409,TYC 3966-01562-1,unclassified_object
1050,911.6002744435586,845.7560411053561,580.5530619497961,179.66821042158207,18.952456485647065,5,0.623595828649562,1.3123597992376197,True,compact,4,328.0911592136292,55.773928587105075,TYC 3972-02737-1,unclassified_object
1051,889.3529807280141,1116.8063855718597,580.2763399388126,120.1420267535566,13.241796922889606,8,0.9536744802394514,1.8472705234427305,True,compact,4,289.81707297856514,37.37661012452451,TYC 2665-02092-1,unclassified_object
1063,895.4776204034329,929.3010457762605,576.9690895316007,174.50339620018266,18.072010429749948,6,0.6619690561196622,1.268213634240128,True,compact,4,314.6593933614012,50.44589570476387,TYC 3583-01164-1,unclassified_object
1065,867.4748843072799,960.2304058211517,575.9757192744898,158.99552299330523,15.455823587254695,5,0.6391118432281246,1.370384492238158,True,compact,4,312.23118803160327,46.11142294320099,TYC 3575-06709-1,unclassified_object
1066,734.8466723873879,278.53528080478907,575.9702316079631,196.1441463059657,29.5539300839136,6,0.6381526233711968,1.1399696138257016,True,compact,4,50.3170385443357,21.118433071054426,TYC 1245-01184-1,unclassified_object
1067,1032.1719025660732,412.5241856863907,573.6393032258757,182.48630585981445,25.721562985040165,6,0.5944364099553533,1.192855184923751,True,compact,4,64.22651735458908,53.60706910555774,TYC 3719-01538-1,unclassified_object
1069,686.8036585550864,514.8621083911728,573.0442945768648,198.01183303930475,30.332509862311163,6,0.6412201574811814,1.2288806243725134,True,compact,4,20.273052518430728,28.72821983348277,TYC 1754-02321-1,unclassified_object
1073,1137.740778755942,770.054463151925,572.0205113868193,191.6928907611276,25.598288734159876,7,0.6053960576098842,1.0111742057209263,True,compact,4,310.47278943408196,82.5630271409509,TYC 4649-00749-1,unclassified_object
1077,872.8674176758196,1115.176453212786,571.2091634904447,167.62304476125476,18.150833431003818,6,0.7183972576697073,1.3908646148129984,True,compact,4,291.5140721641506,36.28457972967613,TYC 2666-02297-1,unclassified_object
1081,1302.4954405060785,751.0399532983762,570.3649931882962,180.67255610106565,34.32925143090908,7,0.6344215354890448,1.0424515846836766,True,compact,4,184.67401946083623,75.17838349893512,TYC 4550-02114-1,unclassified_object
1082,734.0482060982945,1147.716395816993,570.2326481697754,148.68446229559464,16.853134920213375,7,0.6439392227801687,1.0084025376767551,True,compact,4,297.76520883439366,22.60086159185251,TYC 2140-03054-1,unclassified_object
1083,584.8380270301495,742.2866569210723,570.0390009125042,101.39619398215787,15.270957157977064,10,1.2680577704869298,2.080563717511202,False,broad_blob,8,350.69747035542196,20.77191605604633,TYC 1719-02320-1,unclassified_object
1085,854.8475269696875,687.5860125554235,569.7857072389852,186.00763722330237,22.00343775163176,5,0.5878447106391491,1.223045829544795,True,compact,4,359.5904175102388,51.30849568328358,,unclassified_object
1086,992.031445224748,86.67975272135546,569.5260021151955,149.10716121274822,17.912662827589887,8,0.9629060498455116,2.0697185959278026,True,compact,4,88.60547730925295,20.293356236339815,TYC 1320-02118-1,unclassified_object
1090,859.4120368088649,1086.524802253011,567.2783432525292,173.7351172675343,17.731270563742562,5,0.6290152232848369,1.3513104739682626,True,compact,4,296.05976866354484,37.360859944091686,TYC 2668-00995-1,unclassified_object
1098,481.63179095321203,326.70715058700597,565.1856135434451,180.3823734577469,34.00790320920382,5,0.6328923530401253,1.4115705398922205,True,compact,4,35.551623012705825,-0.8814758572791602,TYC 4691-01115-1,unclassified_object
1102,199.55142704102892,418.21786605429367,564.3719613409207,77.80617464959207,21.053759368781762,17,1.5913100432414802,2.285531865177994,False,broad_blob,8,23.947652938054706,-29.869964715000204,TYC 6428-02436-1,unclassified_object
1106,804.3678576393169,1051.3389160579802,563.5116328861117,142.26756506305017,13.726204378809184,5,0.63798852497407,1.3272451543689003,True,compact,4,304.6299216096999,34.98078533439829,TYC 2680-01628-1,unclassified_object
1110,334.40734297710446,514.96817651504,562.5698649410335,187.7316225174698,37.534253490642705,7,0.6609048051791282,1.1840770978562445,True,compact,4,13.99846373769266,-11.266927122495865,TYC 5272-00121-1,unclassified_object
1111,781.4876978640625,1197.7490336874778,562.4441829374924,149.24478313420133,17.77866396089181,6,0.6512354804129972,1.3044820244909088,True,compact,4,289.4300623201989,23.0242551464329,TYC 2124-02557-1,unclassified_object
1119,1160.6843242570005,568.842134955539,560.1039456677125,169.46686471682975,23.89785471937151,6,0.6440101332267466,1.3159206355598985,True,compact,4,78.25443234769385,73.93397359787328,TYC 4355-01445-1,unclassified_object
1120,590.6906189836628,1058.0411211252294,560.0095099767286,189.71691373678516,26.93279332775489,6,0.7007516305498581,1.5182263945847132,True,compact,4,313.8972916653805,13.69273358374346,TYC 1102-02546-1,unclassified_object
1123,1032.4709353472192,610.7803660673349,558.3272306185794,198.48725099575432,26.325839680263723,5,0.5914909973251511,1.2712637723484814,True,compact,4,29.07212487957157,68.68467331431653,TYC 4310-00902-1,unclassified_object
1131,871.0818621540093,940.1439487103136,555.6567828958207,172.02661080581726,16.173488647658555,6,0.7081562134433069,1.3636967077266342,True,broad_blob,8,314.9765858494105,47.51942081537245,TYC 3579-04461-1,unclassified_object
1132,661.5071024223452,398.7025835868381,555.5534411558834,192.08573666052334,32.07724001374264,4,0.49995682822532117,1.0937261554610074,True,compact,4,33.23404483932211,21.20209909636656,TYC 1220-01929-1,unclassified_object
1136,1168.7229764165202,664.9221676832095,554.6962032272475,172.7229216433096,25.72171340116434,6,0.647012397763168,1.272558949159522,True,compact,4,67.37976959579991,83.80531363280724,TYC 4617-02855-1,unclassified_object
1137,963.7227449809202,585.3916578205592,554.615842051274,182.61752507255966,18.982629480079336,6,0.6407731784221213,1.1609507079138077,True,compact,4,25.753083430142016,60.51808609707492,TYC 4032-01676-1,unclassified_object
1138,723.5668723032263,1117.5321773428384,554.5819961829588,161.05541705119595,17.18374795356733,4,0.5085710817430137,1.0472139233167639,True,compact,4,301.7219832997063,23.581997752899102,TYC 2154-04100-1,unclassified_object
1139,877.4400348580255,872.4444696402567,553.7874807281992,155.46772812636806,15.570417270287777,6,0.756110633554493,1.6809151562605615,True,broad_blob,8,325.5523888794893,51.191258004549354,TYC 3603-03215-1,unclassified_object
1144,771.2060370262209,942.2752738011961,552.8726163810785,163.86792175637413,18.296354893751825,6,0.6580709627095945,1.2363812022304037,True,compact,4,320.9223887723053,37.38451823939344,TYC 2715-03976-1,unclassified_object
1145,839.0127574784017,1111.4287170990515,552.7293682956729,131.08759445104278,13.551570341596753,9,1.3771522537493985,3.026259841813256,True,compact,4,294.80686499613716,33.93022338164736,TYC 2664-00996-1,unclassified_object
1146,873.8352959343275,644.7123565391296,552.2731194449645,178.42443959165945,18.738046535184395,6,0.7190905091933482,1.590046931932352,True,compact,4,7.894780327949332,52.80164039084721,TYC 3654-02133-1,unclassified_object
1147,997.0768295385354,710.0862034736219,552.0753982926109,182.3582359235637,22.893718607783008,6,0.6360787362103645,1.151946786433641,True,compact,4,356.9818521971956,67.7769609892535,TYC 4479-01760-1,unclassified_object
1149,975.7409123177576,648.1269214323462,551.2244728103939,183.47248207266216,21.636923602056246,6,0.6354824082134802,1.2509104636639963,True,compact,4,12.641736902941432,64.21463769002288,TYC 4024-02330-1,unclassified_object
1153,768.968783958509,1145.5868964691026,550.5295957955619,173.25332082099007,17.871547713813698,7,0.6077181770204885,1.076769408008112,True,compact,4,295.9137535967577,25.751537392279687,TYC 2143-01958-1,unclassified_object
1160,966.630672548419,988.4018172528127,548.478931298017,199.53782479375747,25.508444238355978,4,0.5006014883343592,1.0608369083298974,True,compact,4,297.6401668293871,52.96554403097909,TYC 3935-02415-1,unclassified_object
1165,857.8617791565632,213.63289019750314,548.0240650643053,158.51913020634717,28.393555754279326,6,0.7210034899819731,1.4975509700587122,True,compact,4,65.63530521151705,25.639632846688865,TYC 1820-01416-1,unclassified_object
1168,694.9515946511762,1061.3682490766623,547.5979498024831,164.52371371896393,19.394811502330143,7,0.6431134791401169,1.1353565136509247,True,compact,4,309.6094099068636,24.07505399414523,TYC 2157-01647-1,unclassified_object
1169,763.6618484889934,940.9539493862457,547.545330630679,164.55742772179008,18.88433398753729,7,0.6616317406106352,1.157631455508429,True,compact,4,321.46677388913264,36.658706440928086,TYC 2715-03977-1,unclassified_object
1170,1030.5015958519489,1009.3273602405384,547.1910887514532,199.73843792918834,27.796703787815524,5,0.6234486900061732,1.354572404889021,True,compact,4,285.14059672709436,55.63518855132344,TYC 3923-00873-1,unclassified_object
1171,950.2423174084486,637.7519387523381,546.8667308428028,165.16199646055412,16.865976060805778,6,0.5952368919567962,1.0743829687874564,True,compact,4,13.225046243109007,61.097376327209155,TYC 4017-02318-1,unclassified_object
1176,1023.9121372218168,586.5590764021719,546.3008236747003,169.9057998042586,22.612333245637604,8,1.107262409578742,2.651142133329628,True,compact,4,33.65160032184377,66.49191346034435,TYC 4045-00788-1,unclassified_object
1178,1054.689113705107,394.46166794089305,546.040886780893,196.37056152331158,28.223666881745064,4,0.5019406883820132,1.0931864151464328,True,compact,4,69.97571579077497,53.07509531915167,TYC 3732-01029-1,unclassified_object
1180,948.6367829246216,706.1717547818153,545.5348439854592,156.68052016259693,16.75615505433442,6,0.7093734054347559,1.4758223659921268,True,compact,4,357.24295636362035,62.15504257139734,TYC 4285-03744-1,unclassified_object
1181,1168.5855643937846,982.6850885544612,545.0292191713963,173.3708511273431,31.573687494858053,5,0.5881395923788223,1.273387791321164,True,compact,4,258.1133377968733,62.87929064516156,TYC 4202-01457-1,unclassified_object
1182,1070.543700684871,486.1049001310069,544.9097245262383,203.63972868720012,26.99054622042277,6,0.5964883445331947,1.1989629570841538,True,compact,4,61.979061896822174,62.32555038139963,TYC 4068-01652-1,unclassified_object
1184,1013.6311780869578,913.9904314122402,544.3374941993106,170.88756622312187,20.416604714749177,7,0.600778198720017,1.0370104436966132,True,compact,4,302.8874339973621,62.077100540418215,TYC 4236-02502-1,unclassified_object
1186,827.9355283889064,657.6359324538387,543.7848981165598,178.55550865141288,22.172279054286808,7,0.6326506366146815,1.1837454084222723,True,compact,4,4.227002769959156,47.91024081993693,TYC 3251-01320-1,unclassified_object
1188,685.24374614179,1093.3359076821955,543.4989008748212,136.23140319741495,15.82943424124902,8,0.7818493564124325,1.2923822511034937,True,compact,4,306.37262171513413,21.405181595007416,TYC 1644-02320-1,unclassified_object
1189,1282.7660144735796,552.4231636975459,543.1619650102734,195.3436150973555,38.796784399339764,6,0.6060720679126667,1.0862270885363796,True,compact,4,123.21880827929085,68.49724523199934,TYC 4374-02926-1,unclassified_object
1194,1274.223383314666,341.27972876297184,541.5766119275966,94.13056066776524,14.597953489183181,11,1.2065255943326274,1.9992093577420762,False,broad_blob,8,112.18282271997973,48.15697743034775,TYC 3397-01825-1,unclassified_object
1195,823.3877175740885,1022.8475788265097,541.4081564526023,176.63429260910624,17.11702308433288,6,0.6628954871326402,1.3048974197112269,True,compact,4,306.91584894633644,38.429604096483914,TYC 3152-02083-1,unclassified_object
1197,749.2657793851203,321.8696729771149,540.7491647140957,155.12575466037418,31.30593457574115,7,0.7186974939569212,1.2541757314300148,True,compact,4,46.39414737367788,25.251224740463293,TYC 1787-01187-1,unclassified_object
1200,888.6806854904706,302.0754535904299,540.3948571525586,162.9117438660379,24.351217709157694,7,0.6294761656530923,1.0868443414191888,True,compact,4,59.152679130818534,35.06336990682222,TYC 2365-01420-1,unclassified_object
1203,379.07343678750846,759.7759571010868,538.7495737179668,178.27270433686084,32.898978900127084,7,0.6622201615716482,1.112056131789022,True,compact,4,348.8868949961156,-3.532278532025191,TYC 5246-01263-1,unclassified_object
1204,995.6643752321423,808.0933474162168,538.4909737346188,189.66418545286697,21.1404543467503,7,0.6220479837954771,1.1282903935570827,True,compact,4,329.35540912010174,66.10978158965722,TYC 4274-02378-1,unclassified_object
1205,1009.8297829697539,906.8349513036524,538.2889756465758,170.16468162163585,20.089230946134666,6,0.6655673519460181,1.2580425557684036,True,compact,4,304.8786179230721,62.25454347644374,TYC 4237-02169-1,unclassified_object
1206,966.0516866504842,817.018396083761,538.165901384235,150.34733800161493,14.747872254693634,7,1.2575038945964636,2.8580667411593343,True,compact,4,329.9328632104833,62.603464115291224,TYC 4266-03253-1,unclassified_object
1210,758.2903328229792,1036.5143467326968,536.8638105334641,155.13533710217624,16.762613935138194,6,0.7316151421474083,1.6159226791254546,True,compact,4,309.35717884379153,31.54254697904189,TYC 2686-01752-1,unclassified_object
1213,999.745205957231,182.4313954943496,536.405535272789,129.33346472351514,18.429710229392825,10,0.8845440053402924,1.335651516766671,True,compact,4,81.75432661670271,30.222629827790655,TYC 2403-01441-1,unclassified_object
1218,611.6614654744996,896.5443402542646,534.635358140487,177.4555549229067,26.648952093231973,5,0.5950240150200474,1.2668824909964267,True,compact,4,331.96518073462465,21.69588413025226,TYC 1692-02205-1,unclassified_object
1234,530.9596282460468,1090.6811474402466,530.6493562191389,152.52995778563962,22.80760161379144,7,0.6212707250064639,1.0031800151701038,True,compact,4,311.94362083518877,5.984915359638444,TYC 0524-02807-1,unclassified_object
1252,1190.7995971588387,488.4614726635006,527.4680629709613,201.3142156626812,36.426111429460036,5,0.5764181222632161,1.2291778842798124,True,compact,4,93.20294034004351,65.72321627970683,TYC 4107-01558-1,unclassified_object
1258,736.9801529999038,429.0481207406372,525.2734692941102,192.24339070580766,27.6127278961314,5,0.5886572566753798,1.1030705171408774,True,compact,4,33.10331283945004,30.281277438647763,TYC 2309-01821-1,unclassified_object
1268,1127.4843027442605,670.9816704593966,523.9527339968686,178.41552885175136,25.79902656752791,7,0.9197476442632775,1.9347952098497438,True,compact,4,32.565884885640386,81.37084749289093,TYC 4507-01528-1,unclassified_object
1271,1020.7943015077011,389.5143841683504,523.5151807329289,149.56571553339165,20.413545003661753,6,0.6277534433899762,1.2562704589656368,True,compact,4,65.09431949884737,50.912510315466044,TYC 3341-01095-1,unclassified_object
1278,1254.7872311110216,591.7851475058396,521.4717874488181,197.8451159031669,38.33278857641544,6,0.6073867345006638,1.2017627171051546,True,compact,4,120.0155956812434,73.92036059857266,TYC 4380-02248-1,unclassified_object
1285,949.5408345348258,668.529306883079,520.0405627757076,144.1397964634603,15.343400666567108,4,0.5077823834326074,1.0373048368379005,True,compact,4,6.157663949130644,61.772943734336266,TYC 4015-03523-1,unclassified_object
1292,946.4595230679404,766.6572929351515,517.985118817303,185.50544239995662,20.22720654055319,4,0.4987129033291228,1.0515988276440447,True,compact,4,342.90997060781734,61.645707393009275,TYC 4265-00942-1,unclassified_object
1296,788.7351608971388,912.194391565311,517.4182682848476,185.42088631158285,21.352041470314855,6,0.5916099268737848,1.134001576954673,True,compact,4,324.28704307252366,40.40068117573713,TYC 3187-02159-1,unclassified_object
1297,674.8226253392922,1067.3580392051042,517.1014262424211,170.98032906175382,20.042755026334465,8,0.7421377638412141,1.1922291284684132,True,compact,4,309.8061447898196,21.782618451046854,TYC 1645-00540-1,unclassified_object
1298,586.8497645248043,1099.5631247665638,516.8792316600079,185.81514151683905,22.800037433895874,5,0.5656841080551412,1.2111990205583072,True,compact,4,309.43866966183833,11.341865570180996,TYC 1096-01683-1,unclassified_object
1299,886.9675000263251,335.1073331079898,516.6959073511426,160.5889557565711,25.461197966855444,7,0.7336119500117623,1.410064166727363,True,compact,4,55.31055520823594,37.551547001494136,TYC 2863-02187-1,unclassified_object
1304,566.7216168306255,643.5063639553924,515.7375180186589,189.86620493816508,34.64200803064735,4,0.5001124754783982,1.116241870488161,True,compact,4,2.251291571174309,18.201021534545816,TYC 1181-01782-1,unclassified_object
1305,571.8939397110289,679.1378739583483,514.1699762512565,188.05662791206035,32.03285598071981,7,0.6552394372050762,1.1837996276655094,True,compact,4,358.1283973104461,19.130424907482485,TYC 1725-02097-1,unclassified_object
1307,454.6794340658277,1058.3607072445434,513.7019136875778,86.28997076505699,12.702976810734377,12,1.4243525425846952,1.6360802880604033,False,broad_blob,8,316.87390976449774,-0.8854132973352361,TYC 5192-02046-1,unclassified_object
1313,419.35704060567843,926.8609513819596,512.6927196746269,169.75231069844955,26.108575734920827,6,0.6260139368172138,1.3267859667018334,True,compact,4,331.20732193168715,-0.9181781965563726,TYC 5224-01807-1,unclassified_object
1319,1022.8789269034538,177.3779202697063,510.90614930139975,145.83291204873,19.271027982107448,7,0.6363294150346306,1.0966630049774095,True,compact,4,84.62072318457012,30.52130098659282,TYC 2404-01350-1,unclassified_object
1328,498.0075006761743,981.537990744713,507.85873979239705,169.97767156108412,25.496806292784697,6,0.5914294624210451,1.186512548085857,True,compact,4,324.4241399055253,6.583216561943803,TYC 0555-01661-1,unclassified_object
1329,559.7164079459111,520.4546334710491,506.91461495811006,180.62049143926555,32.696891976147796,6,0.6761987533261338,1.4741386787089115,True,compact,4,16.268325646625655,14.931590216583894,TYC 0618-01485-1,unclassified_object
1333,846.6498339140675,551.1951189472486,505.1867465090988,202.51490066229377,24.82384179319596,5,0.546313123926834,1.1541602734541465,True,compact,4,22.464143718954254,46.98433434062922,TYC 3282-02272-1,unclassified_object
1335,433.75777532525035,934.4679165084187,504.8962013184082,201.6993208615667,32.823434527040035,5,0.63421757417725,1.4968725528080504,True,compact,4,330.2799253655819,0.5747366355883536,TYC 0558-02755-1,unclassified_object
1343,832.4245027279804,774.6493038018687,502.68913603202833,189.1856342435886,21.693421240142396,4,0.4946924830916969,1.0376411077916852,True,compact,4,344.3530416591247,48.654858284931485,TYC 3626-01877-1,unclassified_object
1347,482.35786370604205,652.1385628535927,501.589733185818,179.90559611253641,31.44449171273255,6,0.6361712269416154,1.3656427978592842,True,compact,4,0.6303274448187953,8.470793787836808,TYC 0594-00374-1,unclassified_object
1352,840.3056365268646,399.74024831211403,500.78398312442494,195.91027792017434,24.837028207470684,5,0.5604255250855957,1.2165558665662044,True,compact,4,43.45051510254411,38.33560603962281,TYC 2846-01428-1,unclassified_object
1360,864.858799081889,653.3749128727677,499.1786931178114,154.70267792938532,17.87751388292724,6,0.6572256206461615,1.2245253708509511,True,compact,4,6.002820586290646,51.96860048471203,TYC 3260-02342-1,unclassified_object
1364,789.9487489670631,412.7587517829332,497.9874764857121,171.00627959177058,20.894329203470274,6,0.6450581452832245,1.2817906535007901,True,compact,4,38.19456752281663,34.532460439316495,TYC 2331-01545-1,unclassified_object
1368,728.3910884922243,1132.5947013115772,496.55726484549535,140.80710951095637,15.26919366197695,5,0.6079248658164091,1.276569426784671,True,compact,4,299.7642674329918,23.076430651726536,TYC 2141-02712-1,unclassified_object
1369,605.0008812768114,1102.9182794193714,496.50351161879007,172.88993258492997,20.377665540934277,7,0.7080109039634143,1.383824775950974,True,compact,4,308.48013416629124,13.007343967259459,TYC 1096-01682-1,unclassified_object
1371,950.0952455838313,1115.3629741000975,496.3705775936746,179.3303704806217,20.334696318679335,6,0.6086143869950814,1.3335696754798547,True,compact,4,283.68899651655977,41.595367383686714,TYC 3127-02260-1,unclassified_object
1379,1046.5045941525073,995.1384565104496,494.5587244046764,191.53810279785014,24.816920433591935,6,0.6433262405195804,1.284726161863807,True,compact,4,284.1682493945139,57.800227026344494,TYC 3927-01603-1,unclassified_object
1384,974.7535455084301,386.30466258963736,493.43933022857914,158.48652840498733,20.707955590610556,5,0.6395367710993279,1.4846242862765697,True,compact,4,59.001941693283264,47.851440487652184,TYC 3330-03020-1,unclassified_object
1385,800.3089028624587,1174.0643251643785,493.3304738897847,156.89878362718616,17.657864222533906,6,0.7226029716012887,1.5639768709331474,True,compact,4,290.6948512582386,26.266426969611818,TYC 2132-03895-1,unclassified_object
1403,818.6917797066046,191.73319878322468,489.5720092176881,179.57934729076655,21.850401483817055,5,0.6358824517810665,1.4701194199399883,True,compact,4,64.83014666743925,21.15440441499041,TYC 1276-01623-1,unclassified_object
1412,961.5805492609558,947.8077247350069,486.9447546936035,161.59807999213402,17.50074263825028,5,0.5797004051578983,1.2030383533931415,True,compact,4,304.5959952248642,55.40568579051998,TYC 3941-01957-3,unclassified_object
1416,991.1738900831532,320.51430068766877,485.85854310552645,171.29547574317328,24.183889448623027,6,0.6336539578307777,1.1959072002319286,True,compact,4,68.3619010375545,43.05646111138279,TYC 2888-02055-1,unclassified_object
1417,1258.2439588365303,182.55751634658048,485.5173624386934,61.43084360177738,9.905942147161598,13,1.0857448158883563,1.4377513542669602,True,compact,4,112.3708434223315,31.69704758696897,TYC 2452-02167-1,unclassified_object
1423,752.4800924983931,1136.1636146821909,484.63342592929945,161.6515131655599,16.856600784547776,5,0.5970351372664179,1.3272508907901153,True,compact,4,297.9822065298751,24.971812431717478,TYC 2144-01672-1,unclassified_object
1428,677.8248729087513,1162.7372171316842,482.6514231805927,154.8220547955242,17.81599776972853,6,0.6386490971642595,1.2272520034257925,True,compact,4,299.0042005953786,16.611551539961106,TYC 1616-00837-1,unclassified_object
1430,1022.5436649764083,617.8388663389425,482.35520839327955,184.47964349028447,23.415457555822393,5,0.5693468299304272,1.28671832560873,True,compact,4,25.614495270883058,68.05086965155463,TYC 4310-00903-1,unclassified_object
1439,930.3344740833217,734.4437795807956,480.8352564163274,155.15896471043516,16.678331953098162,5,0.6398284381692347,1.3950170513669637,True,compact,4,350.65260408520885,60.08869293226102,TYC 4279-02745-1,unclassified_object
1447,807.7924600255363,464.0184141187911,479.2472973618002,183.01695526910922,24.689399444853176,5,0.5580703811713714,1.087665647907851,True,compact,4,32.69412834933477,39.04288834495906,TYC 2830-02553-1,unclassified_object
1461,877.1532330142109,1061.0280656361263,475.4603128257661,131.79177164768421,14.03776675990503,7,0.6909965836193238,1.1710591890152446,True,compact,4,297.6193553717318,40.61163090594947,TYC 3141-03692-1,unclassified_object
1466,1116.1699456106376,769.9261317457217,473.5438427633632,100.89824273192033,14.568654629596077,9,1.1184719220946149,1.8175045893236768,False,broad_blob,8,320.9388556822228,80.49839429624868,TYC 4607-01903-1,unclassified_object
1475,903.2261093950731,1333.5987031998231,470.338212309141,60.67732556057938,11.458589229526558,15,1.7854953033905967,2.3489022679169977,False,broad_blob,8,267.103254739665,19.139999049828766,TYC 1560-02170-1,unclassified_object
1476,863.6339206422577,1076.933296409446,470.1230027440805,141.97282009485843,14.41286691067765,6,0.6921883622009015,1.4405062767169385,True,compact,4,296.8569032855175,38.38661309209066,TYC 3136-01425-1,unclassified_object
1493,940.8009036449932,580.2843586816198,466.79313237546427,151.29095628605256,16.085556284583248,6,0.6171508043667512,1.1801931204937268,True,compact,4,24.47970603397477,57.94413237792437,TYC 3679-02303-1,unclassified_object
1497,904.7116885292487,746.4928891649469,466.09455582770784,164.24961096431983,18.569716390611347,4,0.5000074073385439,1.1039816462160776,True,compact,4,348.3604709311925,57.09597969569172,TYC 4006-01866-1,unclassified_object
1525,663.7148374239074,1195.1809533406833,459.9913983089766,121.91228150344016,16.127222248800763,7,0.6933897847347935,1.1890376582903583,True,compact,4,296.1516898330785,13.279377723994273,TYC 1069-03885-1,unclassified_object
1532,380.39266359128857,267.0751330345083,458.70252615031654,50.34133112211642,10.374153455416804,14,1.4958498956067676,2.306632628199102,False,broad_blob,8,40.2314613500697,-14.451377203403698,TYC 5291-01045-1,unclassified_object
1541,871.4216858168255,888.271378055194,456.3408465439241,167.62319873393247,16.545774467547535,5,0.6602467629146239,1.5029107270273359,True,compact,4,323.26927288630185,49.94321624034542,TYC 3598-02134-1,unclassified_object
1549,822.8987401691705,1175.2173848716536,453.48083767525287,138.07586309095467,17.37872961047835,8,0.9392441006888809,1.7967515150715814,True,compact,4,288.93548075512706,27.916368708402022,TYC 2132-03196-1,unclassified_object
1551,1050.027865107776,718.5576751227127,453.39724615196883,181.1687678995362,22.58589477268934,6,0.6418372122362727,1.2477755549214309,True,compact,4,354.89955987404267,73.99628656454595,TYC 4491-01470-1,unclassified_object
1555,512.354110054005,1055.6146026079043,452.9731368277645,191.77420170005774,26.693647854828107,4,0.5094172025817411,1.1221719097889031,True,compact,4,316.1411434903216,5.499836915548461,TYC 0534-02623-1,unclassified_object
1556,907.2039122129167,706.0018684766984,452.81819031313194,167.92499857062813,17.996485790579374,6,0.7534636075490635,1.464875407497733,True,compact,4,356.7594570462962,57.40132513469494,TYC 4009-02606-1,unclassified_object
1562,874.0327878572124,653.9339318934583,451.5377711597772,169.88389755387342,18.532740151599683,6,0.6568897571445773,1.295636009375403,True,compact,4,6.202209597098551,53.00499680241196,TYC 3653-01364-1,unclassified_object
1564,865.3237670648526,899.7962469694485,450.8543220775856,140.78767203394895,13.899538926569827,6,0.8238742053800546,1.9745955382233935,True,compact,4,321.7860670599797,48.83636062291525,TYC 3598-02172-1,unclassified_object
1568,905.7998215561114,794.5706931003988,450.6473636313684,159.9199561720676,16.326222484570955,5,0.5620625846811353,1.1803410801987237,True,compact,4,338.50536177632944,56.56867060013573,TYC 3991-03193-1,unclassified_object
1570,557.0899962940463,600.991160711811,450.4602046654912,191.27772459734425,31.539196291097422,6,0.8000130519377977,1.7542128365846121,True,compact,4,7.054166538875688,16.470352620575003,TYC 1180-01762-1,unclassified_object
1574,957.5694520576642,500.16885406319955,449.86107087703,151.47003170562527,18.570895547383227,5,0.6037319548160617,1.298096541640503,True,compact,4,40.764480434941696,55.105467517035535,TYC 3704-01333-1,unclassified_object
1576,958.6507027204614,933.5475764045917,449.3687659412296,155.92284434721108,17.632224758567816,4,0.5013502272015321,1.060069435627221,True,compact,4,307.3500603812913,56.073303051813426,TYC 3954-00612-1,unclassified_object
1592,1017.1104065090954,918.9992085012716,445.0158532172675,178.32181327763226,21.856261390697156,6,0.6338025964870181,1.262010139154743,True,compact,4,301.36476829872237,62.00278347540063,TYC 4236-02503-1,unclassified_object
1596,1206.5940240735786,608.9216108268841,443.92666000771203,178.02587318612504,28.50649031063459,6,0.7743746838523734,1.7278108389247333,True,compact,4,100.04220455050157,77.96595718223223,TYC 4530-01926-1,unclassified_object
1611,724.0099855867879,606.9019393473669,441.7185919254507,187.02811735829076,30.744657021451843,5,0.5630057270069357,1.1262393415125602,True,compact,4,9.30401363732706,35.41207464118741,TYC 2283-00542-1,unclassified_object
1624,702.4799403321547,407.88587699020394,440.0507485726249,172.3192833499375,25.068275694562846,5,0.5338117047588607,1.144064493134706,True,compact,4,33.95668534019867,25.779524851868842,TYC 1769-01308-1,unclassified_object
1632,259.4262331661065,435.93088909809916,438.2964387175829,44.23382767532472,9.717150310348178,18,1.7507363807052794,2.190519175358662,False,broad_blob,8,21.892256433125976,-22.17401519618615,TYC 5854-01959-1,unclassified_object
1633,1273.6193165810907,323.62924433132997,438.22123537040994,48.375240333236704,9.798011516148028,16,1.739816911309294,2.4345693426501827,False,broad_blob,8,112.12013932189947,46.33059369568676,TYC 3393-02019-1,unclassified_object
1638,896.5378836881126,776.3203480792342,436.8444377704913,159.401083495546,17.370591689452436,4,0.4985778599469835,1.0685470987062877,True,compact,4,342.4958221274286,55.85038951996551,TYC 3988-01988-1,unclassified_object
1656,746.6294561347808,849.8451247071487,433.9204873889141,171.0649110172658,21.602945996811748,5,0.5541096630324368,1.174158433647853,True,compact,4,334.80840974471903,37.77567061952579,TYC 3199-02001-1,unclassified_object
1662,614.7157075735888,956.870192615396,433.50986519908537,176.635422097679,24.187681697792968,5,0.5972762971290904,1.3370552904721242,True,compact,4,324.75540353028623,20.247266169354575,TYC 1673-00929-1,unclassified_object
1675,865.0120290901368,528.5954673385679,431.25847029939973,154.94811386731718,20.247379938379854,7,0.6607309799618559,1.2793469473532215,True,compact,4,27.246555899157848,47.89206017084192,TYC 3283-02002-2,unclassified_object
1686,844.8326147795217,1074.904972208084,430.0013795428538,136.0680587703898,13.909651745082709,6,0.68062997786012,1.3286766926053475,True,compact,4,298.6843488760262,36.979865585417414,TYC 2681-03094-1,unclassified_object
1687,945.8155551824856,676.1556189450863,429.7083940858037,173.93904329300474,17.841953497228857,6,0.5856667924549607,1.14249554727967,True,compact,4,4.229327812217137,61.48755931046073,TYC 4014-03302-1,unclassified_object
1693,1011.7933825995283,526.5902626430973,427.68088618704763,196.1308354244839,24.445121981826055,4,0.49299591424276057,1.2220915028022867,True,compact,4,43.99205818846227,61.505250447342945,TYC 4048-01977-1,unclassified_object
1695,847.390212746814,954.5135971679105,427.3399767099069,130.22996147874346,12.154049231268116,4,0.504180375567728,1.0432369531225583,True,compact,4,314.6105105545597,44.478507426228234,TYC 3179-00564-1,unclassified_object
1703,952.8955478474177,626.9383352961305,425.501767882312,163.09809406072586,17.00789912356319,5,0.5759091445098423,1.1077056478465057,True,compact,4,15.823196720649262,61.048201154646414,TYC 4017-01067-1,unclassified_object
1761,680.1607097271955,631.9463775692461,414.25860807581375,189.1265987521423,27.81941309540915,5,0.5263434280183397,1.0795402603187996,True,compact,4,5.0736310176924855,30.9770247476202,TYC 2261-01522-1,unclassified_object
1772,899.016528623571,1190.6976248830183,412.49519960805526,167.84369197074966,19.58313982835434,6,0.6894782404164691,1.4802367450677156,True,compact,4,280.9647809563496,31.92787272451729,TYC 2641-02397-1,unclassified_object
1776,881.9402614466898,953.9002025948853,411.35473801210725,146.39894690176047,14.696240238956971,5,0.6203992094011105,1.251654886018262,True,compact,4,311.97977805614823,47.830204925240956,TYC 3578-03163-1,unclassified_object
1778,488.0099918567109,624.0492675964252,411.1741388446377,186.5950686577844,30.344740040372006,5,0.5375752688358437,1.0652359241056915,True,compact,4,3.7450861896783434,8.816845363862988,TYC 0595-00579-1,unclassified_object
1818,894.7013769036647,357.7792400109438,403.8174099351546,172.9561572148952,25.253032217774653,5,0.5541713228845756,1.2172953049083286,True,compact,4,53.41053686848653,39.87295475146631,TYC 2866-02737-1,unclassified_object
1830,482.9052051728572,1197.9638263928362,402.2104755496256,48.96783497238263,10.625303881388067,15,1.7172210570149622,1.66606355477678,False,broad_blob,8,301.5666399959286,-4.191555123838103,TYC 5168-01456-1,unclassified_object
1861,859.0360446272468,943.9461103713755,395.6693198977825,152.6828750306743,14.520656485860636,5,0.5721005754782325,1.0761594993448538,True,compact,4,315.32356014073343,46.15127780187359,TYC 3588-12112-1,unclassified_object
1864,696.0804687685887,718.7535763697081,395.3264306281162,197.1119238375017,26.773053599430824,4,0.5042152752986002,1.1885734237939614,True,compact,4,353.67489775827005,33.53657408369021,TYC 2770-02052-1,unclassified_object
1875,716.0535430834198,1055.8625895336424,393.81743500864656,136.66489786900982,15.495021403996539,6,0.6542024199333389,1.2519950563791873,True,compact,4,309.25320362004516,26.42464855502315,TYC 2165-00436-1,unclassified_object
1891,1058.6276163119765,576.2208715547523,390.1829928548452,186.75440382808478,27.8359853114149,4,0.4851900015168972,1.1754040373635082,True,compact,4,42.951103268836015,68.89050164130889,TYC 4313-01573-1,unclassified_object
1898,893.0102555117877,1062.6028821105758,388.81451210114795,170.72881126808028,19.374827158997206,5,0.6213409853179725,1.2767566290658663,True,compact,4,295.93249450248425,41.767099645708555,TYC 3144-02753-1,unclassified_object
1915,590.7849142935096,548.9140164335748,385.4635483335854,198.1731416895386,33.42265630413686,4,0.5166161814388279,1.270527148740583,True,compact,4,13.62804614763654,19.180777842934713,TYC 1192-01830-1,unclassified_object
1916,846.5805185869069,947.857913478058,385.28906349775343,144.61607090835798,13.718556620053668,5,0.6897569933479359,1.3220741012592938,True,compact,4,315.64870335596083,44.73453487193043,TYC 3180-00020-1,unclassified_object
1951,759.9023289345721,824.0956568508236,380.9077647808102,175.20969813805024,20.30050018318809,5,0.5214586448136684,1.044146592911057,True,compact,4,338.1723843711959,39.79638744186133,TYC 3205-02102-1,unclassified_object
1955,848.228641343421,1091.6810974497744,379.88093509508167,133.56584546223854,13.757945305698552,5,0.6520940124971172,1.5694949194310557,True,compact,4,296.3818340551971,36.08848619930474,TYC 2668-00996-1,unclassified_object
1990,667.7513118978763,974.6270906403199,375.7244137573051,176.64444476826577,22.479668630483385,4,0.4836001518800107,1.118853845670758,True,compact,4,321.04244269913596,25.2844424733133,TYC 2191-02228-1,unclassified_object
2015,1032.6016402559137,149.8344474793927,372.4909723045396,130.0379233002147,19.838527112774077,6,0.6559038900583182,1.327204976625002,True,compact,4,87.74334999862658,27.996167668578586,TYC 1870-01883-1,unclassified_object
2050,1029.9624846286729,1038.71560787822,368.48335081889786,178.67971247353242,25.637961420685574,4,0.4828427856459368,1.0805590480174745,True,compact,4,281.6312483208974,52.985363516961385,TYC 3918-01829-1,unclassified_object
2112,869.8934546648821,744.2553794163374,360.2464932228553,170.1912328983204,20.927402353175985,4,0.5197116406949376,1.2219234365651548,True,compact,4,349.22008188781984,53.143824151767426,TYC 3998-02448-1,unclassified_object
2205,823.0114181780878,1114.805942504371,348.05607370439725,124.00069205827745,12.684250206211365,5,0.6076151481242228,1.2487766502305233,True,compact,4,295.6593423244929,32.39273524432385,TYC 2660-04230-1,unclassified_object
2234,808.7224195926358,1122.835159626277,344.2155889862496,111.23221575822632,11.763136937300315,5,0.6888596240112418,1.5718844123716829,True,compact,4,295.7921104911683,30.652551486394092,TYC 2656-05247-1,unclassified_object
2324,969.1953052103943,191.4899958400592,331.7959050077966,71.86613002629767,12.317683135807693,8,1.0977648077243387,2.281600406440096,False,broad_blob,8,77.84581338971711,29.852506929326868,TYC 1858-00478-1,unclassified_object
2349,883.8944853787826,800.6311125628356,329.482747818514,141.70319359717317,15.073370615448155,5,0.6644745495677697,1.2572370754381528,True,compact,4,338.22044677155384,54.00354488257477,TYC 3983-01044-1,unclassified_object
2406,1260.9324671339086,545.3408390551928,321.3458350399508,45.7624482487591,10.559040767332732,14,1.6932066495403215,2.414576942069734,False,broad_blob,8,116.18360905954998,69.26943031009212,TYC 4361-01793-1,unclassified_object
2535,824.9830078864383,898.7029868171595,307.76419566679544,140.0246117819929,15.641399136030822,4,0.49836539047289014,1.0923375577594072,True,compact,4,324.4261727370844,44.705401805707865,TYC 3195-01021-1,unclassified_object
2551,1016.7569449303223,166.7135935592465,304.7832557075637,92.31174197875686,12.731225869469496,5,0.7069829388226522,1.6206527583726764,False,broad_blob,8,84.79493287528629,29.241634966580115,TYC 1873-00935-1,unclassified_object
2719,878.7968728839074,615.9778818807371,286.8788063192154,159.8918383831284,18.37093091730651,4,0.48917746518018557,1.216852607087372,True,compact,4,13.354535975727341,52.64160748031424,TYC 3668-00795-1,unclassified_object
2739,852.9711996109028,1136.2228884321612,285.4598648727243,151.27876026535031,16.791057194796444,4,0.49688406740654517,1.1958366280915247,True,compact,4,290.84107730020173,33.17573062078489,TYC 2658-02556-1,unclassified_object
3648,676.9925977302144,185.02098395227463,151.27990715652817,51.45276301324911,10.574193734791884,5,0.6499189572253681,1.3350286893705785,False,broad_blob,8,57.098973752575795,9.686455138521417,TYC 0658-00081-1,unclassified_object
