source_sha256,source_group,selected_order,saved_fit_count,saved_rms_px,saved_rms_arcmin,robust_baseline_success,robust_baseline_rms_px,robust_baseline_rms_arcmin,robust_selected_success,robust_selected_rms_px,robust_selected_rms_arcmin,selected_minus_baseline_rms_px,selected_minus_baseline_rms_arcmin,selected_minus_saved_rms_px,association_gate_arcmin,association_failure_reason,planet_failure_reason,robust_selected_radial_coefficients
00c1641e84c7166db924b04aac01c0c3f1258b9efa23cd17fbe0817d58b70829,3672x3672|/home/pth/skrivebord/fisheeyeimagesnotrailser/subaru_maunakea_<date>t#z.jpg,0,5298,1.052262388735518,3.0907912740019827,True,1.0522623860599125,3.0907912358647724,True,1.0522623860599125,3.0907912358647724,0.0,0.0,-2.675605514923518e-09,8.1,,,[]
00e0142b586522bfab20873549fab680bbd0c8ca0ba5d276294a97239470e485,3672x3672|/home/pth/skrivebord/fisheeyeimagesnotrailser/subaru_maunakea_<date>t#z.jpg,0,4498,1.0286214839673469,3.030404222069168,True,1.0286214973582084,3.030404229931028,True,1.0286214973582084,3.030404229931028,0.0,0.0,1.3390861530737652e-08,8.1,,,[]
01055e8cde552f69f66e3887f64f923dd466fb4090bc987fc497d1304fb0b5b7,1411x1422|/home/pth/workshop/wide-field-solver/raw_allsky_samples/mmto/mmto-skycam/<date>/<date>__#_#_#.fits.bz#,0,828,0.31014780666131053,2.3873227478083208,True,0.3101534730066702,2.3876252247063294,True,0.3101534730066702,2.3876252247063294,0.0,0.0,5.666345359645053e-06,8.1,,,[]
0110785777cb67860df64350aa990d412f2d082c21b39f75bed24bacac9c7fa2,488x652|/home/pth/workshop/wide-field-solver/data/zenodo-#/all/r_darksubtracted_jd#.#<date>#.fits,0,137,0.28686034116079334,3.225564908696315,True,0.2868603411608056,3.2255649086963394,True,0.2868603411608056,3.2255649086963394,0.0,0.0,1.226796442210798e-14,11.027682868941975,,,[]
0110ae82ec865017c89e99f3d94dd294997cb34a97ecb7a6f77a4ca7fb08ee84,4096x4096|/home/pth/workshop/wide-field-solver/eso_downloads/trial/apicam.<date>t#:#:#.#.fits,0,9915,0.6827509125295727,1.8574172133901288,True,0.682750912529615,1.8574172133901297,True,0.682750912529615,1.8574172133901297,0.0,0.0,4.2299497238218464e-14,8.1,,saved_planet_gate_unavailable,[]
01b4edc12a3bc2a07c05c417fcc5e7c87e17d1639b8ddcac7515ce8bb17f0d68,1411x1422|/home/pth/workshop/wide-field-solver/raw_allsky_samples/mmto/mmto-skycam/<date>/<date>__#_#_#.fits.bz#,0,825,0.314988973179676,2.4238502370736876,True,0.3150079855002671,2.4235754743801423,True,0.3150079855002671,2.4235754743801423,0.0,0.0,1.9012320591094145e-05,8.1,,,[]
01cc1f79d3e22637a6f3c923939320d289e63f1455b532131d327d59f30d6f5d,1411x1422|/home/pth/workshop/wide-field-solver/raw_allsky_samples/mmto/mmto-skycam/<date>/<date>__#_#_#.fits.bz#,0,42,0.7039616887903026,5.0289761936092905,True,0.7039617995283621,5.028977323974132,True,0.7039617995283621,5.028977323974132,0.0,0.0,1.1073805950001514e-07,8.1,,,[]
030065a209f023f445a348a662739cff6c6efbd25c34cedd0a43d585766cdfc0,1411x1422|/home/pth/workshop/wide-field-solver/raw_allsky_samples/mmto/mmto-skycam/<date>/<date>__#_#_#.fits.bz#,0,1409,0.3214433686325408,2.480484837008828,True,0.3214433677474864,2.4804848577273466,True,0.3214433677474864,2.4804848577273466,0.0,0.0,-8.850544186422837e-10,8.1,,,[]
03f548ece61ed96ae496c6e704c4782a7d2b35e825c4cc3f0c0d68949497cddf,1411x1422|/home/pth/workshop/wide-field-solver/raw_allsky_samples/mmto/mmto-skycam/<date>/<date>__#_#_#.fits.bz#,5,1484,0.333568584006012,2.558654894849174,True,0.333568583428435,2.5586549136067642,True,0.3103892830913585,2.3540979779390345,-0.02317930033707649,-0.2045569356677297,-0.023179300914653533,8.1,,planet_candidates_unavailable,"[0.14394349931953201,0.022707310527921378,0.4513924578811309,0.3659025697207917,-1.0866287474579415]"
04411e4e4f2a6b9b3703813366e855183be56385a50cceaafe270554e4f2855b,4096x4096|/home/pth/workshop/wide-field-solver/eso_downloads/trial/apicam.<date>t#:#:#.#.fits,0,9789,0.8478003433673612,2.3299620899242,True,0.8478004064799927,2.329962013564448,True,0.8478004064799927,2.329962013564448,0.0,0.0,6.311263145430956e-08,8.1,,saved_planet_gate_unavailable,[]
045d84af6cfc773c2174ec756f36dfa22fdc1f4999a779b8c4bd7eacf8a7f4fd,1411x1422|/home/pth/workshop/wide-field-solver/raw_allsky_samples/mmto/mmto-skycam/<date>/<date>__#_#_#.fits.bz#,0,1385,0.32956673122548086,2.539172290186754,True,0.3295515736328515,2.5392943286656005,True,0.3295515736328515,2.5392943286656005,0.0,0.0,-1.515759262937788e-05,8.1,,,[]
0496633e2db232272b487568d1b5715261fd4a80b8972aea0680ca5b6de79d4a,1411x1422|/home/pth/workshop/wide-field-solver/raw_allsky_samples/mmto/mmto-skycam/<date>/<date>__#_#_#.fits.bz#,4,1295,0.32881706194840393,2.553231002036189,True,0.3288170619790246,2.55323100363404,True,0.3048824144205748,2.3373429817452402,-0.023934647558449818,-0.21588802188879974,-0.023934647527829145,8.1,,,"[0.26410706831640696,-0.22082671966640466,1.8341470732171616,-1.7712739510963451]"
058eed8617ff7c8d04933a9edc38977177c4f3dc03f84a43f4b4e2d2e412d220,1411x1422|/home/pth/workshop/wide-field-solver/raw_allsky_samples/mmto/mmto-skycam/<date>/<date>__#_#_#.fits.bz#,0,262,0.584297128230944,4.132069475672183,True,0.5855110816882093,4.136093075997311,True,0.5855110816882093,4.136093075997311,0.0,0.0,0.001213953457265271,8.1,,,[]
05dd28e9632ea96defd5fbc54e1b25b3a9bf19c075b7a6616f82f50f21255c27,1411x1422|/home/pth/workshop/wide-field-solver/raw_allsky_samples/mmto/mmto-skycam/<date>/<date>__#_#_#.fits.bz#,0,672,0.2998893144145995,2.256625622122247,True,0.2998893144895014,2.2566256232933366,True,0.2998893144895014,2.2566256232933366,0.0,0.0,7.490191800130219e-11,8.1,,,[]
0624ff9d47d2cf04ae1a84cde02b397a91767429fb21b177eba18b23aefe0f66,1411x1422|/home/pth/workshop/wide-field-solver/raw_allsky_samples/mmto/mmto-skycam/<date>/<date>__#_#_#.fits.bz#,0,1457,0.3336165629927001,2.579598131208125,True,0.33361656321934274,2.5795981578314273,True,0.33361656321934274,2.5795981578314273,0.0,0.0,2.2664264909266763e-10,8.1,,,[]
06df9ff9310431e4df9f523fb4b5d74576711d641f5f5e8431c42c0bca19e736,1411x1422|/home/pth/workshop/wide-field-solver/raw_allsky_samples/mmto/mmto-skycam/<date>/<date>__#_#_#.fits.bz#,0,568,0.2767821969775437,2.0918184050752644,True,0.2767821969563353,2.091818405139826,True,0.2767821969563353,2.091818405139826,0.0,0.0,-2.120836839480944e-11,8.1,,,[]
074e797a98fd92ad13fe2ca142ba752d57f77a529f2ee416d1dcb9948bea6ccf,4096x4096|/home/pth/workshop/wide-field-solver/eso_downloads/trial/apicam.<date>t#:#:#.#.fits,0,10105,0.995944954511862,2.7769100313915884,True,0.9959449918688723,2.776909985850549,True,0.9959449918688723,2.776909985850549,0.0,0.0,3.735701026297278e-08,8.1,,saved_planet_gate_unavailable,[]
082c80f6fa8ed0f3255e6ea03497b43525cc0972be8ee446002571a8028bb237,4096x4096|/home/pth/workshop/wide-field-solver/eso_downloads/trial/apicam.<date>t#:#:#.#.fits,0,10529,0.6893759220003834,1.8722176074766361,True,0.6893759432743025,1.872217591487102,True,0.6893759432743025,1.872217591487102,0.0,0.0,2.127391907080778e-08,8.1,,saved_planet_gate_unavailable,[]
093f34eb3d7cd8562e962ec49f29a54641d6e132883e71b346fc826c0491292b,1411x1422|/home/pth/workshop/wide-field-solver/raw_allsky_samples/mmto/mmto-skycam/<date>/<date>__#_#_#.fits.bz#,0,1346,0.3244459846277698,2.4810574268423466,True,0.32443608707642096,2.481084106875056,True,0.32443608707642096,2.481084106875056,0.0,0.0,-9.897551348836409e-06,8.1,,,[]
09c208b28b3dc83f9694098233ef0cb2a663fa4f5ecaa20d7405953f16ee8c3e,1411x1422|/home/pth/workshop/wide-field-solver/raw_allsky_samples/mmto/mmto-skycam/<date>/<date>__#_#_#.fits.bz#,0,633,0.29220846830590186,2.2107306277011225,True,0.2922084695314254,2.2107306601937506,True,0.2922084695314254,2.2107306601937506,0.0,0.0,1.225523516001914e-09,8.1,,,[]
09f3c681782c2dfc630496350c5a30fb39a6e1199372efd7b36ef46f7f9d762b,1411x1422|/home/pth/workshop/wide-field-solver/raw_allsky_samples/mmto/mmto-skycam/<date>/<date>__#_#_#.fits.bz#,0,1423,0.33625502730672235,2.59742293361098,True,0.3362550271158363,2.5974229420636927,True,0.3362550271158363,2.5974229420636927,0.0,0.0,-1.908860292054726e-10,8.1,,,[]
0a7a63a3edcad526812ec705b23393871f44cb076b8f5463a1ec861206116a20,4096x4096|/home/pth/workshop/wide-field-solver/eso_downloads/trial/apicam.<date>t#:#:#.#.fits,0,10287,0.6806659553694994,1.8477273237514382,True,0.6806659734746102,1.847727320311936,True,0.6806659734746102,1.847727320311936,0.0,0.0,1.8105110854982343e-08,8.1,,saved_planet_gate_unavailable,[]
0b73b53768b6f8dbfff80b90d89a02023be3415fe76f04fd9419b2baad61cf57,4096x4096|/home/pth/workshop/wide-field-solver/eso_downloads/trial/apicam.<date>t#:#:#.#.fits,0,10515,0.6800412821247553,1.8384030649659173,True,0.6800414028635744,1.8384030415096806,True,0.6800414028635744,1.8384030415096806,0.0,0.0,1.2073881905383388e-07,8.1,,saved_planet_gate_unavailable,[]
0bd063b64d6e200f635f02ba06feef36645f3bfb4d0f1cd64702ba6b80c4366f,1411x1422|/home/pth/workshop/wide-field-solver/raw_allsky_samples/mmto/mmto-skycam/<date>/<date>__#_#_#.fits.bz#,1,226,0.6106817135881664,4.343746693478962,True,0.6106817385525335,4.343746813190689,True,0.6038101228900471,4.279351999526925,-0.006871615662486397,-0.06439481366376398,-0.006871590698119268,8.1,,,[-0.1404192352511709]
0c319f23d92f3af5f70a54231baeb802d9f4fcf8d1c5527fb7e6e0233e932bbc,488x652|/home/pth/workshop/wide-field-solver/data/zenodo-#/all/r_darksubtracted_jd#.#<date>#.fits,0,110,0.2993967685807967,3.3848649574521463,True,0.29939676858079495,3.3848649574521548,True,0.29939676858079495,3.3848649574521548,0.0,0.0,-1.7763568394002505e-15,11.0187577508769,,,[]
0f600259966e97dd504979a681fb7b548d5429834fa7d133f42ecc0df69c5c6c,4096x4096|/home/pth/workshop/wide-field-solver/eso_downloads/trial/apicam.<date>t#:#:#.#.fits,0,8546,0.7460634305628822,2.0319893531401165,True,0.7460634145493835,2.0319893481407196,True,0.7460634145493835,2.0319893481407196,0.0,0.0,-1.601349863822321e-08,8.1,,saved_planet_gate_unavailable,[]
10590f833e326f6fb95f7d7c70498e4c3a733d27d00468fc3aff45dd040620eb,3672x3672|/home/pth/skrivebord/fisheeyeimagesnotrailser/subaru_maunakea_<date>t#z.jpg,0,3879,1.050273606748104,3.0912619186809756,True,1.0502735697493228,3.091261750040719,True,1.0502735697493228,3.091261750040719,0.0,0.0,-3.6998781149932825e-08,8.1,,,[]
1066c366b7d7a959a78478e255a587de2e52dd7cc0747bdb9c5075b7c2efb7f6,4096x4096|/home/pth/workshop/wide-field-solver/eso_downloads/trial/apicam.<date>t#:#:#.#.fits,0,9438,0.7033770625010881,1.9092469230612858,True,0.7033770604025436,1.9092469239845695,True,0.7033770604025436,1.9092469239845695,0.0,0.0,-2.098544560347193e-09,8.1,,planet_candidates_unavailable,[]
10d408c309e57ded9965ecec9ca749b97db6556dfee77afcf351117258de7661,1411x1422|/home/pth/workshop/wide-field-solver/raw_allsky_samples/mmto/mmto-skycam/<date>/<date>__#_#_#.fits.bz#,0,617,0.30980326147432063,2.4067600453814206,True,0.3098032614795986,2.406760046564474,True,0.3098032614795986,2.406760046564474,0.0,0.0,5.277944747916763e-12,8.1,,,[]
1166152431557ba997ad56ecf97b92b5898d24214101bee4426be51f77465ec2,488x652|/home/pth/workshop/wide-field-solver/data/zenodo-#/all/g_darksubtracted_jd#.#<date>#.fits,0,115,0.27434616459444583,3.096517343165027,True,0.27434616550889146,3.0965173344689596,True,0.27434616550889146,3.0965173344689596,0.0,0.0,9.144456303289417e-10,11.024418932941748,,,[]
11d67b550e46c96687ca45deb96ae581cbb973ab6dd604d84a7bad749d2c5a1f,4096x4096|/home/pth/workshop/wide-field-solver/eso_downloads/trial/apicam.<date>t#:#:#.#.fits,0,10071,1.0125001861258878,2.822645426008846,True,1.0125001843233026,2.822645435510105,True,1.0125001843233026,2.822645435510105,0.0,0.0,-1.802585192223205e-09,8.1,,saved_planet_gate_unavailable,[]
121687f4dc5b986a5c353124d918e9fb4362ec206fc6e936b07c31e0e0e3c655,488x652|/home/pth/workshop/wide-field-solver/data/zenodo-#/all/r_darksubtracted_jd#.#<date>#.fits,0,71,0.31664389308041874,3.5064831742014357,True,0.3166438892442232,3.506483145140551,True,0.3166438892442232,3.506483145140551,0.0,0.0,-3.836195527906483e-09,11.025307721247346,,,[]
121819508a532c1a254a05569c6d7ce30599dfd827a66425d04a8bb5b2c09e65,4096x4096|/home/pth/workshop/wide-field-solver/eso_downloads/trial/apicam.<date>t#:#:#.#.fits,0,10024,0.6800328994674742,1.8425485925993472,True,0.6800329109713562,1.8425485893698674,True,0.6800329109713562,1.8425485893698674,0.0,0.0,1.1503881958141449e-08,8.1,,saved_planet_gate_unavailable,[]
14339ab539d5d637cfa4dcdb0150370b76192023639394e64738d179c82f6799,1411x1422|/home/pth/workshop/wide-field-solver/raw_allsky_samples/mmto/mmto-skycam/<date>/<date>__#_#_#.fits.bz#,0,1508,0.3415891356266065,2.623512601611723,True,0.3415891302525116,2.623512632286934,True,0.3415891302525116,2.623512632286934,0.0,0.0,-5.374094891319459e-09,8.1,,planet_candidates_unavailable,[]
14a8bd7e0225bafd8f46a9fbfab45ad5da72bc79a76a076c83117a43f652d707,4096x4096|/home/pth/workshop/wide-field-solver/eso_downloads/trial/apicam.<date>t#:#:#.#.fits,0,10303,0.6793986641774918,1.8400208975735437,True,0.6793987155421061,1.840020882166498,True,0.6793987155421061,1.840020882166498,0.0,0.0,5.1364614228610606e-08,8.1,,saved_planet_gate_unavailable,[]
153e4eae1e2ae1036e69269b730a34c2125d69800720b6f7ccd692f5fe5f6791,915x915|/home/pth/skrivebord/fisheeyeimagesnotrailser/fisheye#-#w_espenak.jpg,4,1073,0.339841774632316,4.031600918476534,True,0.33984177634202145,4.031601004569609,True,0.29861213808757736,3.4993960884071833,-0.04122963825444409,-0.5322049161624256,-0.04122963654473866,11.23920434217087,,,"[0.16533149574377157,-0.3340755320444216,1.9999892851314809,-1.5324958848448584]"
16b666727d4aabb147a855710499d6c9a0261c164c886105d4d33e9992f25c4e,1411x1422|/home/pth/workshop/wide-field-solver/raw_allsky_samples/mmto/mmto-skycam/<date>/<date>__#_#_#.fits.bz#,1,1454,0.3244756452482219,2.4855583838982067,True,0.32444949591056443,2.486226138409461,True,0.30910457135445546,2.3605745512558225,-0.015344924556108974,-0.12565158715363856,-0.015371073893766463,8.1,,,[-0.10109733488431422]
16c7951d0f296ad243c8b8e0bf1ac96438e96c7e928a13a869fcfd9e17ebaa8a,1411x1422|/home/pth/workshop/wide-field-solver/raw_allsky_samples/mmto/mmto-skycam/<date>/<date>__#_#_#.fits.bz#,0,746,0.31331953704644727,2.443978780375543,True,0.3133195371452892,2.4439787826417065,True,0.3133195371452892,2.4439787826417065,0.0,0.0,9.88419346370506e-11,8.1,,,[]
16dc6d0e6f3b3f9954dbcf90dd802fe53cc10c6b0ec0690a022d53382f2d81cf,1411x1422|/home/pth/workshop/wide-field-solver/raw_allsky_samples/mmto/mmto-skycam/<date>/<date>__#_#_#.fits.bz#,4,491,0.29131065640866716,2.2226384254776455,True,0.29126251719974317,2.223098383384652,True,0.25645552320968945,1.903685559181396,-0.034806993990053714,-0.3194128242032559,-0.034855133198977706,8.1,,,"[0.3302801513590419,-0.2747452234104026,1.9999852971058991,-1.7807244978411696]"
1715da29de6de67e8e2d7ab25ed5d5aad6a7d9411c897266cf7d2a6b4637842e,3672x3672|/home/pth/skrivebord/fisheeyeimagesnotrailser/subaru_maunakea_<date>t#z.jpg,0,3701,1.0436237281389646,3.0842211093481167,True,1.0436236575122748,3.084220789298472,True,1.0436236575122748,3.084220789298472,0.0,0.0,-7.062668982982245e-08,8.1,,,[]
17651d6cbc81fcfeca48d77f27a4d766259b410131b7f3281d8f749327b4216e,1411x1422|/home/pth/workshop/wide-field-solver/raw_allsky_samples/mmto/mmto-skycam/<date>/<date>__#_#_#.fits.bz#,0,491,0.3155552576155887,2.4356167585434356,True,0.31564358552996497,2.436816549780874,True,0.31564358552996497,2.436816549780874,0.0,0.0,8.832791437624055e-05,8.1,,,[]
17cdca28ec3a0fc85ecc5c43f63b5df3893f30e469963b749c7abafcc068a8c1,915x915|/home/pth/junk/wide-field-solver/results/runs/fisheye#-#w_espenak-v#.#.#-<date>t#z-t#n#mc/analysis/solution.fits,4,1072,0.3385327004103277,4.01889813447215,True,0.33853270239055255,4.018898230951166,True,0.2975488009063365,3.491531319464659,-0.040983901484216045,-0.5273669114865069,-0.04098389950399117,11.2387817201043,,saved_planet_gate_unavailable,"[0.19211277264188015,-0.2996342605026304,1.9999998072001373,-1.4400245245867347]"
17f285dbe7957c992934b5df45b67aa048a0fd51f3546fd7142b91062234295e,1411x1422|/home/pth/workshop/wide-field-solver/raw_allsky_samples/mmto/mmto-skycam/<date>/<date>__#_#_#.fits.bz#,0,742,0.3030409672307658,2.3288047723793204,True,0.3030409199597045,2.3288040971726436,True,0.3030409199597045,2.3288040971726436,0.0,0.0,-4.727106128754599e-08,8.1,,,[]
18d75cf1a53114fbd213f48eb74b6211506d14fe2032854962d5cfee1a4e40fa,4096x4096|/home/pth/workshop/wide-field-solver/eso_downloads/trial/apicam.<date>t#:#:#.#.fits,0,9789,1.0004994363181519,2.78163701905517,True,1.000499437800361,2.7816369870027744,True,1.000499437800361,2.7816369870027744,0.0,0.0,1.4822092442301482e-09,8.1,,saved_planet_gate_unavailable,[]
196e6e9a549695574b599666eb0740f90fecb96c210521ab624145c064c3d7df,3672x3672|/home/pth/skrivebord/fisheeyeimagesnotrailser/subaru_maunakea_<date>t#z.jpg,0,5542,1.0324109357929385,3.0365995269071857,True,1.0324109328884725,3.0365994800457243,True,1.0324109328884725,3.0365994800457243,0.0,0.0,-2.904466001041328e-09,8.1,,,[]
1a1a5923d5e2b1723450cc28ad1cdb1af2ce106d5b69e9d098415236ec7e02cb,4096x4096|/home/pth/workshop/wide-field-solver/eso_downloads/trial/apicam.<date>t#:#:#.#.fits,0,8032,0.7022294523765685,1.9122194519002886,True,0.7022294523765494,1.9122194519003006,True,0.7022294523765494,1.9122194519003006,0.0,0.0,-1.9095836023552692e-14,8.1,,saved_planet_gate_unavailable,[]
1b506bb910143c29d3adbb219a750153361b7a897dbb832acc86a9553d6f0cd3,1411x1422|/home/pth/workshop/wide-field-solver/raw_allsky_samples/mmto/mmto-skycam/<date>/<date>__#_#_#.fits.bz#,0,1485,0.3322776746670641,2.5778948323925857,True,0.3322712965687462,2.5786922147169244,True,0.3322712965687462,2.5786922147169244,0.0,0.0,-6.378098317882941e-06,8.1,,,[]
1bd9cbe441f79633bd3225384cda1017a56904e44b59de31d939900a7b69dc8c,488x652|/home/pth/workshop/wide-field-solver/data/zenodo-#/all/g_darksubtracted_jd#.#<date>#.fits,0,127,0.29787849517355774,3.372058893148837,True,0.2978784855458725,3.37205879604613,True,0.2978784855458725,3.37205879604613,0.0,0.0,-9.627685260138463e-09,11.03897653033835,,,[]
1bf3a681c9d9ac8e11fee917ad5ca569f40131c5d9a26108fcc04e3f57547ba3,1411x1422|/home/pth/workshop/wide-field-solver/raw_allsky_samples/mmto/mmto-skycam/<date>/<date>__#_#_#.fits.bz#,0,548,0.28484018017933715,2.121956836784907,True,0.2848401902406163,2.1219568396951347,True,0.2848401902406163,2.1219568396951347,0.0,0.0,1.0061279143158686e-08,8.1,,,[]
1c09747f99f842a65c60be406cff1b6bbaec93a4a9c1bcac2d2e556e8f4119cf,4096x4096|/home/pth/workshop/wide-field-solver/eso_downloads/trial/apicam.<date>t#:#:#.#.fits,0,10040,0.8504420272409466,2.3427359683285034,True,0.8504420854950994,2.34273589460872,True,0.8504420854950994,2.34273589460872,0.0,0.0,5.825415272386891e-08,8.1,,saved_planet_gate_unavailable,[]
1c2bb842a36424a968f75cd6f0f824025f97ca151241bc8edea15f00b135dd13,1411x1422|/home/pth/workshop/wide-field-solver/raw_allsky_samples/mmto/mmto-skycam/<date>/<date>__#_#_#.fits.bz#,0,962,0.32505304428057136,2.4930585510028616,True,0.3250530505861693,2.493058519094203,True,0.3250530505861693,2.493058519094203,0.0,0.0,6.30559793268759e-09,8.1,,,[]
1f46083f12cc43820fd83eb5e46be297e3f774127723bc176c06a45451fdb659,1411x1422|/home/pth/workshop/wide-field-solver/raw_allsky_samples/mmto/mmto-skycam/<date>/<date>__#_#_#.fits.bz#,0,1394,0.33153572118944025,2.557399457153017,True,0.3315240055582979,2.557482324331181,True,0.3315240055582979,2.557482324331181,0.0,0.0,-1.171563114232832e-05,8.1,,,[]
1f48db2bcaed9aa70879079044240b7bf764d914eee8113df669f7e24dc09ced,1411x1422|/home/pth/workshop/wide-field-solver/raw_allsky_samples/mmto/mmto-skycam/<date>/<date>__#_#_#.fits.bz#,0,209,0.6002649279630882,4.2746516168659126,True,0.600264898237631,4.274651462575142,True,0.600264898237631,4.274651462575142,0.0,0.0,-2.9725457206808414e-08,8.1,,,[]
219ebe1862f1d51e04a270520e733c83f98f90bd55846befb1b3d72174db290b,3672x3672|/home/pth/skrivebord/fisheeyeimagesnotrailser/subaru_maunakea_<date>t#z.jpg,0,4469,0.9985699647642395,2.9352528302533902,True,0.9985699764160538,2.9352528434090255,True,0.9985699764160538,2.9352528434090255,0.0,0.0,1.1651814291191442e-08,8.1,,,[]
21bd26fb3970a3734a43eec8aae2ee8fc0911452e8cef5a66c28554d1899994a,1411x1422|/home/pth/workshop/wide-field-solver/raw_allsky_samples/mmto/mmto-skycam/<date>/<date>__#_#_#.fits.bz#,0,1364,0.3194791196664792,2.451193886599379,True,0.31948233865227815,2.4508730237496716,True,0.31948233865227815,2.4508730237496716,0.0,0.0,3.218985798969509e-06,8.1,,,[]
221e51ffbae3a67bdb51e26af7c822804090f36d3b4367d99093bf9a0e176a50,1411x1422|/home/pth/workshop/wide-field-solver/raw_allsky_samples/mmto/mmto-skycam/<date>/<date>__#_#_#.fits.bz#,4,1016,0.31678720687340545,2.418790729048243,True,0.3168201472888797,2.418171240825129,True,0.28427494598105096,2.1446028826569843,-0.03254520130782873,-0.2735683581681445,-0.03251226089235448,8.1,,,"[0.6886947460157167,-0.19397335349150258,1.9999421330286424,-0.5811210383286461]"
22f397dceedf6dd92f957a0fe0cc57547fb7b251b20984ed1e67ce1fa8782c95,4096x4096|/home/pth/workshop/wide-field-solver/eso_downloads/trial/apicam.<date>t#:#:#.#.fits,0,10542,0.8490872205299975,2.3364796195987205,True,0.849087220530017,2.3364796195987485,True,0.849087220530017,2.3364796195987485,0.0,0.0,1.942890293094024e-14,8.1,,saved_planet_gate_unavailable,[]
2315971c2a2aaf6b80af50bc2620bed9a4ebeb71ae09f6a968666b86cc526cb4,3672x3672|/home/pth/workshop/wide-field-solver/skycam-images/subaru_maunakea_<date>t#z.jpg,0,93,1.0639508855058457,,True,1.0544806879526674,3.0296562967878486,True,1.0544806879526674,3.0296562967878486,0.0,0.0,-0.00947019755317835,,saved_association_gate_unavailable,saved_planet_gate_unavailable,[]
2325eaa695bf8aa196b3cf01e5aac1dd333a9c47759582baa4beda8a39eb0aef,1411x1422|/home/pth/workshop/wide-field-solver/raw_allsky_samples/mmto/mmto-skycam/<date>/<date>__#_#_#.fits.bz#,0,291,0.5830413038212253,4.1314639567609275,True,0.5830413132365964,4.131463966961873,True,0.5830413132365964,4.131463966961873,0.0,0.0,9.415371038379305e-09,8.1,,,[]
236379d1ca9204ba5c30b2e0da4dfa1d6f08b793ba27547a6019537635e83597,4096x4096|/home/pth/workshop/wide-field-solver/eso_downloads/trial/apicam.<date>t#:#:#.#.fits,0,10118,0.6873788805545856,1.8702173516014693,True,0.6873788794243967,1.8702173514969462,True,0.6873788794243967,1.8702173514969462,0.0,0.0,-1.130188942433108e-09,8.1,,saved_planet_gate_unavailable,[]
238266304890db0fb0e1907bb5790d51714dae6c1fa11af897ba0448efb9837f,915x915|/home/pth/junk/wide-field-solver/results/runs/fisheye#-#w_espenak-v#.#.#-<date>t#z-t#n#mc/analysis/solution_annotated.fits,0,1152,0.4964465503993102,,True,0.4992944693551463,6.298405145341312,True,0.4992944693551463,6.298405145341312,0.0,0.0,0.0028479189558361373,,saved_association_gate_unavailable,saved_planet_gate_unavailable,[]
23d3cc2a2ed1843ed5d72b9720e6f34c534a3132aafd50ca3f53af1dd78d0e67,1411x1422|/home/pth/workshop/wide-field-solver/raw_allsky_samples/mmto/mmto-skycam/<date>/<date>__#_#_#.fits.bz#,0,122,0.20721561882624054,1.5836034205820566,True,0.20721561889859993,1.5836034213983627,True,0.20721561889859993,1.5836034213983627,0.0,0.0,7.235939625260812e-11,8.1,,,[]
252e0125269e3f85a18321eb452ea16e33bc14b022953d534d5fac7d8e68cdc7,1411x1422|/home/pth/workshop/wide-field-solver/raw_allsky_samples/mmto/mmto-skycam/<date>/<date>__#_#_#.fits.bz#,0,1050,0.3367711274051665,2.618531216297697,True,0.3367711605979856,2.61853106840018,True,0.3367711605979856,2.61853106840018,0.0,0.0,3.319281910441063e-08,8.1,,,[]
25abd5b00fc80970307439d1b9c9e501362319408b70eb11bf5c7496fd3e2413,4096x4096|/home/pth/workshop/wide-field-solver/eso_downloads/trial/apicam.<date>t#:#:#.#.fits,0,9919,0.6971331380665129,1.892441629788512,True,0.6971332443427909,1.8924415698009858,True,0.6971332443427909,1.8924415698009858,0.0,0.0,1.0627627800019468e-07,8.1,,saved_planet_gate_unavailable,[]
25d780da6333ce85198a57e30de885afae1e3cc7de27fd618322995a68ed46e6,1411x1422|/home/pth/workshop/wide-field-solver/raw_allsky_samples/mmto/mmto-skycam/<date>/<date>__#_#_#.fits.bz#,0,842,0.31788776971482896,2.4302995742727824,True,0.31788777094886733,2.4302995726974426,True,0.31788777094886733,2.4302995726974426,0.0,0.0,1.2340383714892766e-09,8.1,,,[]
2691380cdc884bdc0292638f95222d0ccb215feed88d21b8669e52943412fbae,1411x1422|/home/pth/workshop/wide-field-solver/raw_allsky_samples/mmto/mmto-skycam/<date>/<date>__#_#_#.fits.bz#,4,1025,0.3005491760189242,2.2614528582986764,True,0.3005491737012492,2.261452862018018,True,0.286077587851241,2.1427016290101273,-0.014471585850008184,-0.11875123300789081,-0.014471588167683236,8.1,,,"[0.3104539415856877,-0.12021214925987975,1.6160042403518335,-1.6115214171946228]"
26d46f405930786b627387f89ca7ca9b83f56a8d8af7252218ce4010592586cc,488x652|/home/pth/workshop/wide-field-solver/data/zenodo-#/all/r_darksubtracted_jd#.#<date>#.fits,0,87,0.30167910245417834,3.4155195026230216,True,0.30167910279644283,3.415519505874239,True,0.30167910279644283,3.415519505874239,0.0,0.0,3.4226449452390284e-10,11.039746927622364,,,[]
27434dae14ff3d7109840af41832f0e271a50de20df9b866ce2fef6d4e378c78,1411x1422|/home/pth/workshop/wide-field-solver/raw_allsky_samples/mmto/mmto-skycam/<date>/<date>__#_#_#.fits.bz#,0,1431,0.33398707332821037,2.5855275932110238,True,0.33398707246257414,2.585527603454722,True,0.33398707246257414,2.585527603454722,0.0,0.0,-8.656362293635311e-10,8.1,,,[]
279fc46ce0678ac6c5e0bd73224a35b236bba44254f1b5bc6d29cea8c32d80b6,4096x4096|/home/pth/workshop/wide-field-solver/eso_downloads/trial/apicam.<date>t#:#:#.#.fits,0,10458,0.8460466296147287,2.3302785344399286,True,0.846046584303449,2.3302785735702254,True,0.846046584303449,2.3302785735702254,0.0,0.0,-4.531127961726611e-08,8.1,,saved_planet_gate_unavailable,[]
29a607f91d6f1a3ed556d1ce4ac353af9e902b554bd651fe6891ef88792d18e8,1411x1422|/home/pth/workshop/wide-field-solver/raw_allsky_samples/mmto/mmto-skycam/<date>/<date>__#_#_#.fits.bz#,0,549,0.2862502477942416,2.163248875406088,True,0.28625024617395767,2.1632488934021423,True,0.28625024617395767,2.1632488934021423,0.0,0.0,-1.6202839070444952e-09,8.1,,,[]
2a59c4c212146204c88b2b0f4d1c6130b3479aa0593a851b653f45d29497b145,488x652|/home/pth/workshop/wide-field-solver/data/zenodo-#/all/r_darksubtracted_jd#.#<date>#.fits,0,133,0.2900847188956649,3.278698177295223,True,0.2900847188956667,3.2786981772952437,True,0.2900847188956667,3.2786981772952437,0.0,0.0,1.8318679906315083e-15,11.019661964605355,,,[]
2a933641cb36e23149c3e92ea9884ffa4e0ab43599ef9519420b58b593518e02,1411x1422|/home/pth/workshop/wide-field-solver/raw_allsky_samples/mmto/mmto-skycam/<date>/<date>__#_#_#.fits.bz#,0,621,0.2904201400129313,2.170265539894735,True,0.2904201488760649,2.1702650654311033,True,0.2904201488760649,2.1702650654311033,0.0,0.0,8.863133560410574e-09,8.1,,,[]
2aa8bfc2d5f0d7dace7670ca49e93c5fcdc0e79788c09811849070a83b219816,3672x3672|/home/pth/skrivebord/fisheeyeimagesnotrailser/subaru_maunakea_<date>t#z.jpg,0,4383,1.039306996415779,3.063717753081738,True,1.0393070255153856,3.063717801248707,True,1.0393070255153856,3.063717801248707,0.0,0.0,2.9099606502214215e-08,8.1,,,[]
2b226f7de9c3b73f75ee45c20f3080d5ca8d59fc4db80a9c55173c5de256cd1c,4096x4096|/home/pth/workshop/wide-field-solver/eso_downloads/trial/apicam.<date>t#:#:#.#.fits,0,10081,0.7284078063613435,1.9860863043997066,True,0.7284078343790469,1.986086283893542,True,0.7284078343790469,1.986086283893542,0.0,0.0,2.8017703379568104e-08,8.1,,saved_planet_gate_unavailable,[]
2c0e54cba166b558ab9bde7d5687c27a69cbd46f0f79f6d236a919bd3c6d387c,1411x1422|/home/pth/workshop/wide-field-solver/raw_allsky_samples/mmto/mmto-skycam/<date>/<date>__#_#_#.fits.bz#,0,1469,0.3341950055952773,2.5932245305965886,True,0.33419646905102496,2.593833948230384,True,0.33419646905102496,2.593833948230384,0.0,0.0,1.4634557476411736e-06,8.1,,,[]
2c4b757f5af9448684d0fb07a9f2d325eb779ff4eca58fdfa1c9825b62d34356,3672x3672|/home/pth/skrivebord/fisheeyeimagesnotrailser/subaru_maunakea_<date>t#z.jpg,0,3838,1.0138314149403933,2.9884856345188076,True,1.0138313661022105,2.9884853634515274,True,1.0138313661022105,2.9884853634515274,0.0,0.0,-4.8838182831190124e-08,8.1,,,[]
2d28261011a0a232492151c724d5f49251116bb02d608280b36ed40ab7578fec,4096x4096|/home/pth/workshop/wide-field-solver/eso_downloads/trial/apicam.<date>t#:#:#.#.fits,0,9618,0.7425880691274059,2.0159066735106665,True,0.7425882259855973,2.0159066150043228,True,0.7425882259855973,2.0159066150043228,0.0,0.0,1.568581913247158e-07,8.1,,saved_planet_gate_unavailable,[]
2d3b20cbc2d99160e604654ca7771fd8bca6d2184327ff3552b5f9cb93a515b7,4096x4096|/home/pth/workshop/wide-field-solver/eso_downloads/trial/apicam.<date>t#:#:#.#.fits,0,10215,0.8508118823448173,2.3464133381870464,True,0.8508114601161394,2.346413660739861,True,0.8508114601161394,2.346413660739861,0.0,0.0,-4.2222867790986385e-07,8.1,,saved_planet_gate_unavailable,[]
2d4abe213f109b17155b101beb86bb64c5f3cc03b0299f46a3887fab030bebb9,1411x1422|/home/pth/workshop/wide-field-solver/raw_allsky_samples/mmto/mmto-skycam/<date>/<date>__#_#_#.fits.bz#,0,667,0.299582492684207,2.329808068608296,True,0.2995824927395413,2.3298080704945536,True,0.2995824927395413,2.3298080704945536,0.0,0.0,5.533429270343504e-11,8.1,,,[]
2d9cf511417916798f80269af3c0d4ef1748768be31ede9054118732c1923705,925x925|/home/pth/skrivebord/fisheeyeimagesnotrailser/fisheye#-#w_espenak.jpg,4,1009,0.34333673313151647,4.019544657293608,True,0.34333674244230317,4.019544905312035,False,0.2976978126557053,3.4643633386578085,-0.04563892978659789,-0.5551815666542264,-0.045638920475811195,11.107546952919932,operational_fit_failed,operational_fit_failed,"[0.3379188854537465,-0.22140107821395733,1.9999999999999998,-1.264035149601127]"
303d40b4249f9b2a217953460b89b4150e6f4a7c6f2918efd095d014fbba832b,1411x1422|/home/pth/workshop/wide-field-solver/raw_allsky_samples/mmto/mmto-skycam/<date>/<date>__#_#_#.fits.bz#,5,1075,0.3223861773727761,2.495129864641702,True,0.32238617743764914,2.4951298665401436,True,0.29582782324163986,2.257792838805471,-0.02655835419600927,-0.23733702773467247,-0.02655835413113622,8.1,,,"[0.4014486868501721,0.00795656924638204,0.6673496589683705,1.133247792035005,-1.6258062153187967]"
30cf546851f1cc5ff0e0e9b7e49a1099c1d4edad254fcdec66423e5f898e8f47,1411x1422|/home/pth/workshop/wide-field-solver/raw_allsky_samples/mmto/mmto-skycam/<date>/<date>__#_#_#.fits.bz#,0,1252,0.32692684683272294,2.5303186804305984,True,0.326916230514182,2.529862222925335,True,0.326916230514182,2.529862222925335,0.0,0.0,-1.06163185409347e-05,8.1,,,[]
3126e4f2810b9bf373875e74cd83ba66f0e5a7ebf73d97b9ea9dc9f24b944db9,1411x1422|/home/pth/workshop/wide-field-solver/raw_allsky_samples/mmto/mmto-skycam/<date>/<date>__#_#_#.fits.bz#,2,50,0.35965713574688685,2.4492897145517376,True,0.3596569251160875,2.4492892800764543,True,0.3256743603662008,2.13429789059602,-0.0339825647498867,-0.31499138948043415,-0.03398277538068606,8.1,,,"[0.2132341655833095,0.562687697859311]"
3126e9bfa19e7aefb942ef316035d5ea28aed32c59e28572b05adea99e334e94,4096x4096|/home/pth/workshop/wide-field-solver/eso_downloads/trial/apicam.<date>t#:#:#.#.fits,0,10026,0.6739445753225181,1.8279705518043983,True,0.6739445753225337,1.827970551804418,True,0.6739445753225337,1.827970551804418,0.0,0.0,1.5654144647214707e-14,8.1,,saved_planet_gate_unavailable,[]
316c57cc2d12fcb5d92992badb601e65689fb941869746c658f75b5e5be9165c,1411x1422|/home/pth/workshop/wide-field-solver/raw_allsky_samples/mmto/mmto-skycam/<date>/<date>__#_#_#.fits.bz#,0,1324,0.3439478677284122,2.6293446400400615,True,0.34394101398850274,2.6296252259856767,True,0.34394101398850274,2.6296252259856767,0.0,0.0,-6.853739909440382e-06,8.1,,,[]
3218d3e041640515feedecedb5bdb3424affbd79d48bd1cf8a64bd4944bbd0fa,1411x1422|/home/pth/workshop/wide-field-solver/raw_allsky_samples/mmto/mmto-skycam/<date>/<date>__#_#_#.fits.bz#,0,980,0.3218212260352256,2.4151303984558847,True,0.32177238910827294,2.4149725714889456,True,0.32177238910827294,2.4149725714889456,0.0,0.0,-4.883692695267783e-05,8.1,,,[]
326869644eeab23255c039c68e46e594971e6f74db9819506af028111659a8b2,1411x1422|/home/pth/workshop/wide-field-solver/raw_allsky_samples/mmto/mmto-skycam/<date>/<date>__#_#_#.fits.bz#,0,654,0.30731367928226294,2.3614841612560378,True,0.3073136812641807,2.361484144412699,True,0.3073136812641807,2.361484144412699,0.0,0.0,1.981917741034067e-09,8.1,,,[]
32689842d6ae38bdaee2d0f8b90e63c9ab5a7ebfe6b89b87f02894758e6d5119,1411x1422|/home/pth/workshop/wide-field-solver/raw_allsky_samples/mmto/mmto-skycam/<date>/<date>__#_#_#.fits.bz#,0,1294,0.32790649709321834,2.5024257669704784,True,0.32789035777904196,2.5024925473953235,True,0.32789035777904196,2.5024925473953235,0.0,0.0,-1.6139314176377706e-05,8.1,,,[]
333b868310658de7c6f20f6a169a900519704b956095b8e25f68dafae3a19afb,1411x1422|/home/pth/workshop/wide-field-solver/raw_allsky_samples/mmto/mmto-skycam/<date>/<date>__#_#_#.fits.bz#,0,107,0.32751153069985495,2.1141046040016156,True,0.3275115306998515,2.114104604001604,True,0.3275115306998515,2.114104604001604,0.0,0.0,-3.4416913763379853e-15,8.1,,,[]
33606598548bf299bb35b160df7bc8465b505746d343c7917b983d778cce30ce,1411x1422|/home/pth/workshop/wide-field-solver/raw_allsky_samples/mmto/mmto-skycam/<date>/<date>__#_#_#.fits.bz#,0,1473,0.3286341803650107,2.530005531903653,True,0.32863418039853737,2.530005533573589,True,0.32863418039853737,2.530005533573589,0.0,0.0,3.352668143108417e-11,8.1,,planet_candidates_unavailable,[]
336de2fba0640ed11fc548b486cf14f2bae4e333eac3802d946f288d816598ae,1411x1422|/home/pth/workshop/wide-field-solver/raw_allsky_samples/mmto/mmto-skycam/<date>/<date>__#_#_#.fits.bz#,5,620,0.2758643782148749,2.0565344935639724,True,0.2758643951367491,2.056534176981324,True,0.2547140106743278,1.8620712197731633,-0.02115038446242129,-0.19446295720816065,-0.02115036754054711,8.1,,,"[0.37336803404817337,0.07043080946175462,0.528670060875418,0.9595686624900657,-1.4432751309348644]"
3371c220f6253f59980f274279ba81971142bd564e28fec05085f98e6b822966,1411x1422|/home/pth/workshop/wide-field-solver/raw_allsky_samples/mmto/mmto-skycam/<date>/<date>__#_#_#.fits.bz#,0,447,0.3026150781033432,2.3235355582613084,True,0.30247546883630466,2.3244566187705007,True,0.30247546883630466,2.3244566187705007,0.0,0.0,-0.00013960926703854293,8.1,,,[]
33ebd70917520821d010c494b0dfbe2bf3a25e8f6ab8a1e52f2011171f3f1e6c,488x652|/home/pth/workshop/wide-field-solver/data/zenodo-#/all/r_darksubtracted_jd#.#<date>#.fits,0,124,0.2727560905469775,3.0489457385958714,True,0.27275608752727903,3.0489457190089975,True,0.27275608752727903,3.0489457190089975,0.0,0.0,-3.0196984912578273e-09,11.015866079419585,,,[]
3594e5e846de64c321ffae032f54e993ee8159c888edc936017024ad6e4d99d5,4096x4096|/home/pth/workshop/wide-field-solver/eso_downloads/trial/apicam.<date>t#:#:#.#.fits,0,10335,0.6886428281901349,1.8771625178295095,True,0.6886430807917584,1.8771623654578506,True,0.6886430807917584,1.8771623654578506,0.0,0.0,2.5260162350715376e-07,8.1,,saved_planet_gate_unavailable,[]
35dada79110fedf0419aa4874705dd7a997d444ae23fbe0faff4a74671c45b89,4096x4096|/home/pth/workshop/wide-field-solver/eso_downloads/trial/apicam.<date>t#:#:#.#.fits,0,10009,0.6863277219203486,1.8583097533871573,True,0.6863277689973765,1.8583097019569064,True,0.6863277689973765,1.8583097019569064,0.0,0.0,4.7077027831576856e-08,8.1,,saved_planet_gate_unavailable,[]
35f27eaa66ff703df849c5fbeafc7a25f07d63ad23c42003cfe1213776d51485,1411x1422|/home/pth/workshop/wide-field-solver/raw_allsky_samples/mmto/mmto-skycam/<date>/<date>__#_#_#.fits.bz#,0,884,0.3199188361514816,2.46651153938669,True,0.3199188362157744,2.4665115410936114,True,0.3199188362157744,2.4665115410936114,0.0,0.0,6.429279331143789e-11,8.1,,,[]
364e05365496842f55bfbc7957a2f777f68b617f66fb56d1417d31881071034a,4096x4096|/home/pth/workshop/wide-field-solver/eso_downloads/trial/apicam.<date>t#:#:#.#.fits,0,10205,0.7327859431926432,1.9919679120704261,True,0.7327859408512054,1.99196791027292,True,0.7327859408512054,1.99196791027292,0.0,0.0,-2.3414378214070553e-09,8.1,,saved_planet_gate_unavailable,[]
36e514bd2b883d3e7111306da670a8a7729ca745ba3ece71340f21127ce86e42,1411x1422|/home/pth/workshop/wide-field-solver/raw_allsky_samples/mmto/mmto-skycam/<date>/<date>__#_#_#.fits.bz#,0,44,0.4187007696009527,2.7815778679700234,True,0.4187007425607344,2.781577788390269,True,0.4187007425607344,2.781577788390269,0.0,0.0,-2.7040218286700224e-08,8.1,,,[]
379be9b28c11806e56f6f87ed26fa4fb4d7284e6c3e1a300776d0eb9543aab86,4096x4096|/home/pth/workshop/wide-field-solver/eso_downloads/trial/apicam.<date>t#:#:#.#.fits,0,8725,0.852872883723097,2.34713175850506,True,0.8528728911207663,2.3471317551965893,True,0.8528728911207663,2.3471317551965893,0.0,0.0,7.397669254949335e-09,8.1,,saved_planet_gate_unavailable,[]
37f9747df1ee9d1fcd4b08df3cdaf6a119f4c68c309870de41f99b9c0d0e57a6,3672x3672|/home/pth/skrivebord/fisheeyeimagesnotrailser/subaru_maunakea_<date>t#z.jpg,0,3666,0.9997919201283637,2.9433474063804237,True,0.9997919179487612,2.9433473883853547,True,0.9997919179487612,2.9433473883853547,0.0,0.0,-2.179602498486588e-09,8.1,,,[]
398ad31c70dfb8d5a47e5ba226e39b34db7733028e9889cd382687e4a7472836,1411x1422|/home/pth/workshop/wide-field-solver/raw_allsky_samples/mmto/mmto-skycam/<date>/<date>__#_#_#.fits.bz#,0,481,0.2822792787915407,2.2067060448386733,True,0.2822792886857919,2.2067060528753584,True,0.2822792886857919,2.2067060528753584,0.0,0.0,9.894251196129744e-09,8.1,,,[]
39c0b7bb7f71958aeb4a12b46b91abee0447a729b72e87c99a5e0d27857160c6,1411x1422|/home/pth/workshop/wide-field-solver/raw_allsky_samples/mmto/mmto-skycam/<date>/<date>__#_#_#.fits.bz#,2,64,0.303360280370626,2.1219927741480356,True,0.30336028037060503,2.121992774148046,True,0.27582639983994117,1.8616403380556652,-0.027533880530663857,-0.260352436092381,-0.02753388053068484,8.1,,,"[0.2941137748121718,0.41986271183239904]"
3b72278b044df1f9c17e2768983d5c2fbd99d202ee288c6a6d7220aad6c1eb3e,488x652|/home/pth/workshop/wide-field-solver/data/zenodo-#/all/r_darksubtracted_jd#.#<date>#.fits,0,116,0.2959377568036065,3.335091328023784,True,0.29539789074549905,3.3296652368366604,True,0.29539789074549905,3.3296652368366604,0.0,0.0,-0.0005398660581074632,11.021189800998275,,,[]
3d13aefca428239d975eca6d58ca63acb2b48b30267afbe20cd83fbfb118e4fa,4096x4096|/home/pth/workshop/wide-field-solver/eso_downloads/trial/apicam.<date>t#:#:#.#.fits,0,10377,0.849720633499709,2.3427912191545515,True,0.849720633224065,2.342791219888918,True,0.849720633224065,2.342791219888918,0.0,0.0,-2.756440631301871e-10,8.1,,saved_planet_gate_unavailable,[]
3d64d006481a95a4d0b5864b8511eb0a9a206ec5ccb3a3e1d89911a82f9531aa,488x652|/home/pth/workshop/wide-field-solver/data/zenodo-#/all/r_darksubtracted_jd#.#<date>#.fits,0,64,0.2685986008027384,3.0352096072027925,True,0.2685986035949601,3.0352096389534005,True,0.2685986035949601,3.0352096389534005,0.0,0.0,2.7922216760956076e-09,11.031078090963037,,,[]
3db664704f5bba18444fa77093701fb2316b5fe8cad601d24543fe349c41a87a,488x652|/home/pth/workshop/wide-field-solver/data/zenodo-#/all/r_darksubtracted_jd#.#<date>#.fits,0,125,0.2989817035735789,3.3447678847740248,True,0.2989816734696401,3.3447675100248353,True,0.2989816734696401,3.3447675100248353,0.0,0.0,-3.0103938786218976e-08,11.02034229904237,,,[]
3e6ff57a9fdb7f30f6cbdfd56dc1255cd6409bd3e80746a1528a1bd072c8bc60,4096x4096|/home/pth/workshop/wide-field-solver/eso_downloads/trial/apicam.<date>t#:#:#.#.fits,0,10211,0.6809530472945509,1.8446952113335708,True,0.6809530472945653,1.8446952113335848,True,0.6809530472945653,1.8446952113335848,0.0,0.0,1.4432899320127035e-14,8.1,,saved_planet_gate_unavailable,[]
3f1ebdd0e54bd6a47915f9bbdad013974998c460a05007a4e098a2dbae19b9f4,1411x1422|/home/pth/workshop/wide-field-solver/raw_allsky_samples/mmto/mmto-skycam/<date>/<date>__#_#_#.fits.bz#,0,1487,0.32337846799652126,2.498701963067411,True,0.32337848355962,2.4987018432466557,True,0.32337848355962,2.4987018432466557,0.0,0.0,1.5563098754167726e-08,8.1,,,[]
42d6771f7b53a676e63b733836dcfccc80f5a3acefa5459bbbc70cda871c5994,1411x1422|/home/pth/workshop/wide-field-solver/raw_allsky_samples/mmto/mmto-skycam/<date>/<date>__#_#_#.fits.bz#,0,1100,0.3008112656258666,2.2950930111242975,True,0.30081126306958056,2.2950930272285412,True,0.30081126306958056,2.2950930272285412,0.0,0.0,-2.5562860161976175e-09,8.1,,,[]
43050cc4dd5929c798f01aca598e46c565689198a21f5c956bbb1be829dc4b3e,488x652|/home/pth/workshop/wide-field-solver/data/zenodo-#/all/r_darksubtracted_jd#.#<date>#.fits,0,139,0.30853313175141,3.502113436300388,True,0.3085331317514066,3.5021134363004043,True,0.3085331317514066,3.5021134363004043,0.0,0.0,-3.3861802251067274e-15,11.011149257824554,,,[]
45557ff27e93113035c42466227c32c078bd33ab0fb231eb4544dfa14b47d642,4096x4096|/home/pth/workshop/wide-field-solver/eso_downloads/trial/apicam.<date>t#:#:#.#.fits,0,10052,0.9973744515647932,2.779434333245828,True,0.9973744836466245,2.77943427625779,True,0.9973744836466245,2.77943427625779,0.0,0.0,3.208183130265496e-08,8.1,,saved_planet_gate_unavailable,[]
459365a525558bd7156d33476c3a33a93678a6378b2519a2d8e74ac0c337d0aa,1411x1422|/home/pth/workshop/wide-field-solver/raw_allsky_samples/mmto/mmto-skycam/<date>/<date>__#_#_#.fits.bz#,0,1191,0.3001410648503057,2.3049648170446386,True,0.3001460706132308,2.305447995373796,True,0.3001460706132308,2.305447995373796,0.0,0.0,5.005762925058832e-06,8.1,,,[]
460864a13226a1ad9e0535de9bbd7f4dfd78e947ef6c86d2b539294a7a684fbe,4096x4096|/home/pth/workshop/wide-field-solver/eso_downloads/trial/apicam.<date>t#:#:#.#.fits,0,10190,0.6770337166280511,1.836271373583632,True,0.6770337366492527,1.8362713692482613,True,0.6770337366492527,1.8362713692482613,0.0,0.0,2.0021201585507242e-08,8.1,,saved_planet_gate_unavailable,[]
46397fb04cd6574e1aaa9237890947b02e3285d08c32803e44c06add300aa386,4096x4096|/home/pth/workshop/wide-field-solver/eso_downloads/trial/apicam.<date>t#:#:#.#.fits,0,10322,0.7346745363022766,2.0040601764498978,True,0.7346744866092243,2.0040602007683392,True,0.7346744866092243,2.0040602007683392,0.0,0.0,-4.9693052339705446e-08,8.1,,saved_planet_gate_unavailable,[]
466e7843ba3845a5611bdfd2ef1dc16103f7fe90ecc8e360d663ceedffa6abea,4096x4096|/home/pth/workshop/wide-field-solver/eso_downloads/trial/apicam.<date>t#:#:#.#.fits,0,8637,0.6978166219496785,1.8928714348035538,True,0.6978165859459673,1.8928714462356677,True,0.6978165859459673,1.8928714462356677,0.0,0.0,-3.6003711234577906e-08,8.1,,saved_planet_gate_unavailable,[]
4788b0dbfe0f6517507b2b8855e814b68517222871936e73cc36fda70116b00e,1411x1422|/home/pth/workshop/wide-field-solver/raw_allsky_samples/mmto/mmto-skycam/<date>/<date>__#_#_#.fits.bz#,0,1214,0.3269746132112021,2.528270291979317,True,0.326985591179277,2.5275013689500048,True,0.326985591179277,2.5275013689500048,0.0,0.0,1.097796807492113e-05,8.1,,,[]
47dd809a8810a60907f27455c1d3f2e533b6e5b5a08f7115859b2a711cf52832,925x925|/home/pth/skrivebord/fisheeyeimagesnotrailser/fisheye#-#w_espenak.jpg,4,1084,0.34823716506490054,4.037310481640105,True,0.3482371192517625,4.037309842835936,True,0.3015881051425541,3.402680601754653,-0.04664901410920841,-0.6346292410812828,-0.04664905992234647,11.10182991184184,,,"[0.35894263569273827,-0.25061883424805165,1.9999999999999998,-1.2408026142003947]"
48a6b9e30552c3cf57572d90d9644007816610c80f5147e3ac72abf6e7aca1fe,4096x4096|/home/pth/workshop/wide-field-solver/eso_downloads/trial/apicam.<date>t#:#:#.#.fits,0,10508,0.9980431128959346,2.7831036835476257,True,0.9980431128959405,2.7831036835476577,True,0.9980431128959405,2.7831036835476577,0.0,0.0,5.88418203051333e-15,8.1,,saved_planet_gate_unavailable,[]
491fd04b094767251f9a783524f4218ef41ca9ff6466a06b463e3f6beadd7f54,1411x1422|/home/pth/workshop/wide-field-solver/raw_allsky_samples/mmto/mmto-skycam/<date>/<date>__#_#_#.fits.bz#,0,640,0.3063267926856016,2.326599284884062,True,0.30632679687807796,2.326599250802114,True,0.30632679687807796,2.326599250802114,0.0,0.0,4.1924763660716735e-09,8.1,,,[]
49d3cdd8f3aa14ed326e65c22da41121f20a1e90bb81814ba2962bcc3807788f,1411x1422|/home/pth/workshop/wide-field-solver/raw_allsky_samples/mmto/mmto-skycam/<date>/<date>__#_#_#.fits.bz#,0,86,0.5549337926598442,3.952728974438626,True,0.5547128143987194,3.9488600671136895,True,0.5547128143987194,3.9488600671136895,0.0,0.0,-0.00022097826112477126,8.1,,,[]
49e90a24c4294311d601449d374da3f4578f21a1f4f6627045362d7b1195f5b3,4096x4096|/home/pth/workshop/wide-field-solver/eso_downloads/trial/apicam.<date>t#:#:#.#.fits,0,10452,0.6801146977270728,1.840766206005278,True,0.68011469936915,1.8407662099379838,True,0.68011469936915,1.8407662099379838,0.0,0.0,1.6420772519509796e-09,8.1,,saved_planet_gate_unavailable,[]
4a7fec13d55ebd5fda86a442e9a372d2f9bfcd3b70232c152c160bfa8cbda487,488x652|/home/pth/workshop/wide-field-solver/data/zenodo-#/all/r_darksubtracted_jd#.#<date>#.fits,0,139,0.29018620583316584,3.2900108737954614,True,0.2901862059780486,3.290010875752702,True,0.2901862059780486,3.290010875752702,0.0,0.0,1.4488277244595338e-10,11.044080135662101,,,[]
4a83b5a3c15d0a8e15618737179c18747a63a49fdd8d91d04a2b837f87186cd7,3672x3672|/home/pth/skrivebord/fisheeyeimagesnotrailser/subaru_maunakea_<date>t#z.jpg,0,4097,1.0596987950859715,3.1176696489723565,True,1.0596987779729394,3.1176695578354057,True,1.0596987779729394,3.1176695578354057,0.0,0.0,-1.711303210250037e-08,8.1,,,[]
4bf85ecfacc8fd78629d81230316b6459577dfc168d5b319c6f4fc761fd658a7,4096x4096|/home/pth/workshop/wide-field-solver/eso_downloads/trial/apicam.<date>t#:#:#.#.fits,0,9895,0.6864573233493574,1.8561213559397884,True,0.6864573426906567,1.8561213517132606,True,0.6864573426906567,1.8561213517132606,0.0,0.0,1.934129933989226e-08,8.1,,saved_planet_gate_unavailable,[]
4c2fe96070384bbc2a5923c3047c65376ab9bae5ea2d1490a74cefc39df96a85,1411x1422|/home/pth/workshop/wide-field-solver/raw_allsky_samples/mmto/mmto-skycam/<date>/<date>__#_#_#.fits.bz#,0,523,0.29845267435830114,2.298493595252238,True,0.29845267482452104,2.2984936120348447,True,0.29845267482452104,2.2984936120348447,0.0,0.0,4.662198960225794e-10,8.1,,,[]
4c49a4ebf4d043c2835d37c0b7d5738b5039c96fc678537122b49858303866d2,1411x1422|/home/pth/workshop/wide-field-solver/raw_allsky_samples/mmto/mmto-skycam/<date>/<date>__#_#_#.fits.bz#,0,630,0.2989124929260482,2.299116921792615,True,0.29891249285940935,2.2991169223953656,True,0.29891249285940935,2.2991169223953656,0.0,0.0,-6.663886109592454e-11,8.1,,,[]
4cfd9107406de26614521fa37244326ba3b7fd92417eb711f1e33b43c529793f,1411x1422|/home/pth/workshop/wide-field-solver/raw_allsky_samples/mmto/mmto-skycam/<date>/<date>__#_#_#.fits.bz#,5,908,0.3321580623584602,2.565598433722515,True,0.3321580624071714,2.565598435687622,True,0.3088440780824767,2.3551238566625146,-0.02331398432469467,-0.21047457902510747,-0.023313984275983468,8.1,,,"[-0.042136807099518905,0.08170305839309583,0.14928345139925225,0.04252123803234496,-0.8091276449278739]"
4deedb690ad790a4672a292b08a5cb2297d6a142121224bd4c526796f2afcf7d,4096x4096|/home/pth/workshop/wide-field-solver/eso_downloads/trial/apicam.<date>t#:#:#.#.fits,0,10086,1.0150539937051695,2.8220455177542805,True,1.01505399370518,2.8220455177543062,True,1.01505399370518,2.8220455177543062,0.0,0.0,1.0436096431476471e-14,8.1,,saved_planet_gate_unavailable,[]
4e082e3590eacbc6323c3128fc491db87afda2c14a4bb10f9b55a2c970d06e0f,1411x1422|/home/pth/workshop/wide-field-solver/raw_allsky_samples/mmto/mmto-skycam/<date>/<date>__#_#_#.fits.bz#,4,820,0.3061164707304029,2.3233913056789004,True,0.30608109100141584,2.323662670311406,True,0.2798939102435052,2.102075643407154,-0.026187180757910655,-0.22158702690425214,-0.026222560486897695,8.1,,,"[0.36372474477572425,-0.11233640607819416,1.8191633638859932,-1.6994868327832955]"
4e491c8ecdc42cf2dc31bef0d17f9a980b40b5bd894e56f4d9a807101c1ac6b7,488x652|/home/pth/workshop/wide-field-solver/data/zenodo-#/all/r_darksubtracted_jd#.#<date>#.fits,0,129,0.2603445053249059,2.9481939448815053,True,0.26034450532491105,2.948193944881468,True,0.26034450532491105,2.948193944881468,0.0,0.0,5.162537064506978e-15,11.030703993618127,,,[]
4f53f9a45a786b55627c19658c0a01e45089b3a7f4902190b4714e60dbdd15f2,1411x1422|/home/pth/workshop/wide-field-solver/raw_allsky_samples/mmto/mmto-skycam/<date>/<date>__#_#_#.fits.bz#,2,225,0.2478265480061998,1.7944783227437537,True,0.2478265480062006,1.7944783227437804,True,0.23381704273364445,1.6695367975540043,-0.01400950527255615,-0.12494152518977608,-0.014009505272555345,8.1,,,"[0.28565522934676696,0.3890215427438848]"
501083705c952db2416c5b3e0a45c4856cf5af618c46729a7cae329f803e20f2,4096x4096|/home/pth/workshop/wide-field-solver/eso_downloads/trial/apicam.<date>t#:#:#.#.fits,0,10198,0.6899303921269204,1.8752006671469772,True,0.6899304164745611,1.875200633293803,True,0.6899304164745611,1.875200633293803,0.0,0.0,2.434764068137696e-08,8.1,,saved_planet_gate_unavailable,[]
5036b1d28fa675f131f8f368fbe1e92cd84895e4d163bff417edefc7c09c0bb3,1411x1422|/home/pth/workshop/wide-field-solver/raw_allsky_samples/mmto/mmto-skycam/<date>/<date>__#_#_#.fits.bz#,0,1397,0.33571475301175085,2.58688616779472,True,0.3357147199347999,2.5868861858620784,True,0.3357147199347999,2.5868861858620784,0.0,0.0,-3.307695095600138e-08,8.1,,,[]
504fc2b087c7f1574007cea2b402cd31fa1f4c13c41b2f5bd331d350becac72c,1411x1422|/home/pth/workshop/wide-field-solver/raw_allsky_samples/mmto/mmto-skycam/<date>/<date>__#_#_#.fits.bz#,0,885,0.3024676803382808,2.3080590584536016,True,0.3024676790968757,2.308059074520736,True,0.3024676790968757,2.308059074520736,0.0,0.0,-1.2414050898357232e-09,8.1,,,[]
50a15b608d929508062516f7820892343c79620f140bdf6b623e27408e63eca6,1411x1422|/home/pth/workshop/wide-field-solver/raw_allsky_samples/mmto/mmto-skycam/<date>/<date>__#_#_#.fits.bz#,1,56,0.33833820064407666,2.349221741085734,True,0.33833817145966366,2.349221748372768,True,0.3094107012607268,2.0166729061608275,-0.028927470198936878,-0.3325488422119407,-0.028927499383349875,8.1,,,[-0.10511365670743361]
50e7a8245493c06f52cc2c2d123b12b8a3578fbc774cae4188e7b65d4a9b1e30,1411x1422|/home/pth/workshop/wide-field-solver/raw_allsky_samples/mmto/mmto-skycam/<date>/<date>__#_#_#.fits.bz#,0,846,0.30660427826607634,2.3774945889935912,True,0.3066042782865585,2.3774945901680997,True,0.3066042782865585,2.3774945901680997,0.0,0.0,2.0482171514402125e-11,8.1,,,[]
50e7d5cb2fd7757cfea00efd2dd87557dd43e97f2b72104ebbbcb0bcb28330c5,4096x4096|/home/pth/workshop/wide-field-solver/eso_downloads/trial/apicam.<date>t#:#:#.#.fits,0,10528,0.7353121121578032,2.0016978336974014,True,0.7353121121578362,2.001697833697437,True,0.7353121121578362,2.001697833697437,0.0,0.0,3.297362383136715e-14,8.1,,saved_planet_gate_unavailable,[]
50f619d2659a96909f2b084424d989a98f5cef209582af0dd94cefd61bf3e032,4096x4096|/home/pth/workshop/wide-field-solver/eso_downloads/trial/apicam.<date>t#:#:#.#.fits,0,10044,0.7360560163636662,2.008546191380939,True,0.7360559873909011,2.008546218427358,True,0.7360559873909011,2.008546218427358,0.0,0.0,-2.8972765186985328e-08,8.1,,saved_planet_gate_unavailable,[]
514a3b8a168e4eb17a25da74567f95508732fbb02bb811cf687c8cb15e378d9e,1411x1422|/home/pth/workshop/wide-field-solver/raw_allsky_samples/mmto/mmto-skycam/<date>/<date>__#_#_#.fits.bz#,0,1426,0.3258925898930714,2.541673322525395,True,0.3258925885604641,2.54167334773656,True,0.3258925885604641,2.54167334773656,0.0,0.0,-1.332607302284572e-09,8.1,,,[]
5154e5583026d78e00fd6e7c141f59fa2439f31ef39238d00095ad7d72467346,4096x4096|/home/pth/workshop/wide-field-solver/eso_downloads/trial/apicam.<date>t#:#:#.#.fits,0,10253,0.998499173364187,2.7731891841848006,True,0.9984992372382107,2.7731890816086837,True,0.9984992372382107,2.7731890816086837,0.0,0.0,6.387402362584282e-08,8.1,,saved_planet_gate_unavailable,[]
52e95978df845b8ebe214cfca883774bc5d9ee3ab2a4363f544070bcf774c2ba,1411x1422|/home/pth/workshop/wide-field-solver/raw_allsky_samples/mmto/mmto-skycam/<date>/<date>__#_#_#.fits.bz#,0,258,0.5639880761956853,3.9946428606295843,True,0.5640273523369402,3.995072777477711,True,0.5640273523369402,3.995072777477711,0.0,0.0,3.927614125498469e-05,8.1,,,[]
52f92f2aa7f0d8697ec08cc64c91608c805390f898a0b709decbd245dc5a9f6d,4096x4096|/home/pth/workshop/wide-field-solver/eso_downloads/trial/apicam.<date>t#:#:#.#.fits,0,10043,0.8499839165272672,2.34405515679228,True,0.8499839155497554,2.3440551498092765,True,0.8499839155497554,2.3440551498092765,0.0,0.0,-9.775118492427737e-10,8.1,,saved_planet_gate_unavailable,[]
53c370e1a012391007f87bacfbe71be1239f5f512d92294336067cfe2d88eff0,1411x1422|/home/pth/workshop/wide-field-solver/raw_allsky_samples/mmto/mmto-skycam/<date>/<date>__#_#_#.fits.bz#,0,982,0.32095380679486873,2.4858965103990083,True,0.32095380818038594,2.4858965313667363,True,0.32095380818038594,2.4858965313667363,0.0,0.0,1.385517200969133e-09,8.1,,,[]
549c60cd3c7aac3429d9472efe5f2a705bdde15e0ed1f7b7b579f924522d44ae,1411x1422|/home/pth/workshop/wide-field-solver/raw_allsky_samples/mmto/mmto-skycam/<date>/<date>__#_#_#.fits.bz#,0,59,0.22667913912307505,1.62423949465828,True,0.2266791394636936,1.6242394832587383,True,0.2266791394636936,1.6242394832587383,0.0,0.0,3.4061856113432043e-10,8.1,,,[]
5508f4baee98ddeec2234684cf7c7c79383cd18716f0595d2c103e384049c69e,4096x4096|/home/pth/workshop/wide-field-solver/eso_downloads/trial/apicam.<date>t#:#:#.#.fits,0,10156,0.7291107504795032,1.9871565534196358,True,0.7291107616173802,1.9871565503946114,True,0.7291107616173802,1.9871565503946114,0.0,0.0,1.1137876954059323e-08,8.1,,saved_planet_gate_unavailable,[]
5552203ad7daab4330b9cf3b2bf0ae2df72ce32fc741a9a6c7a1e636381e7ce5,1411x1422|/home/pth/workshop/wide-field-solver/raw_allsky_samples/mmto/mmto-skycam/<date>/<date>__#_#_#.fits.bz#,0,1476,0.32333960018652785,2.495141084389352,True,0.32333959054399397,2.4951410610934452,True,0.32333959054399397,2.4951410610934452,0.0,0.0,-9.642533882470161e-09,8.1,,,[]
567d2b7347f8cd5a587af037ed70dc7797bdc6aa6b80cc2afcc6f76d8d27a5e1,1411x1422|/home/pth/workshop/wide-field-solver/raw_allsky_samples/mmto/mmto-skycam/<date>/<date>__#_#_#.fits.bz#,0,726,0.30113653284225717,2.343633158268368,True,0.3011365331166036,2.3436331703101074,True,0.3011365331166036,2.3436331703101074,0.0,0.0,2.743464344590052e-10,8.1,,,[]
5698ebfe9a33fc8f6ac10a481a2b04ba9c3103ce274c26c14460cec4d22f3fd2,1411x1422|/home/pth/workshop/wide-field-solver/raw_allsky_samples/mmto/mmto-skycam/<date>/<date>__#_#_#.fits.bz#,0,124,0.26732275409636985,1.8679521921122166,True,0.26732269924605406,1.8679520543631296,True,0.26732269924605406,1.8679520543631296,0.0,0.0,-5.48503157893343e-08,8.1,,,[]
571737baec2a6f426bfcbe69e5c73474f2916fd7bfb3f162cabbf1bb2cb2eb93,488x652|/home/pth/workshop/wide-field-solver/data/zenodo-#/all/r_darksubtracted_jd#.#<date>#.fits,0,103,0.3067120316934009,3.443020873484563,True,0.30671203169145644,3.4430208734681313,True,0.30671203169145644,3.4430208734681313,0.0,0.0,-1.944444605328499e-12,11.021190844977898,,,[]
572f60cdbab72531891ab4d2bfb03e5d2a0410b6c35203ac48cddaec59426a79,4096x4096|/home/pth/workshop/wide-field-solver/eso_downloads/trial/apicam.<date>t#:#:#.#.fits,0,10382,0.8558841205560348,2.35763037874669,True,0.8558841205560401,2.3576303787467268,True,0.8558841205560401,2.3576303787467268,0.0,0.0,5.329070518200751e-15,8.1,,saved_planet_gate_unavailable,[]
583a2000866908a4ea4842c756a89f75a7a4b91fd51e364fcced737aae4068f8,3672x3672|/home/pth/skrivebord/fisheeyeimagesnotrailser/subaru_maunakea_<date>t#z.jpg,0,3382,0.9699605499723386,2.8693683978341054,True,0.9699605764898229,2.8693684047854218,True,0.9699605764898229,2.8693684047854218,0.0,0.0,2.651748431947709e-08,8.1,,,[]
583c9c25d6448a052ed2f72c979d2747cc13c46e2b6aeeb8b0cafef450427061,4096x4096|/home/pth/workshop/wide-field-solver/eso_downloads/trial/apicam.<date>t#:#:#.#.fits,0,10524,0.8464290433046906,2.326787425637528,True,0.8464290433047227,2.3267874256375642,True,0.8464290433047227,2.3267874256375642,0.0,0.0,3.2085445411667024e-14,8.1,,saved_planet_gate_unavailable,[]
585cb0cc86e46d8befc8830e4ad0635b1dc954de80943b1ffa34efb43ad09d7f,3672x3672|/home/pth/skrivebord/fisheeyeimagesnotrailser/subaru_maunakea_<date>t#z.jpg,0,4153,1.0178685726156054,3.006807596477226,True,1.0178685874072484,3.0068076282320417,True,1.0178685874072484,3.0068076282320417,0.0,0.0,1.4791643021538903e-08,8.1,,,[]
58c3e2b3302ff18f4fe7d66a401a514fc61de3ba0993f4c3c514cd08910858db,3672x3672|/home/pth/skrivebord/fisheeyeimagesnotrailser/subaru_maunakea_<date>t#z.jpg,0,2956,1.0070833455806323,2.9778049592055265,True,1.007083319816595,2.9778048432890185,True,1.007083319816595,2.9778048432890185,0.0,0.0,-2.576403734799726e-08,8.1,,,[]
5a9393ffc85052d2b951c7562860938ac9ada2bfe1a78240ce95479183e60049,4096x4096|/home/pth/workshop/wide-field-solver/eso_downloads/trial/apicam.<date>t#:#:#.#.fits,0,10417,0.6864669649418124,1.867115154426898,True,0.6864669072442917,1.8671152226977203,True,0.6864669072442917,1.8671152226977203,0.0,0.0,-5.769752065010181e-08,8.1,,saved_planet_gate_unavailable,[]
5b05062fc0adc4926cab72da414135a6485468044c9e18035bf1fedeca027127,488x652|/home/pth/workshop/wide-field-solver/data/zenodo-#/all/r_darksubtracted_jd#.#<date>#.fits,0,95,0.31492837776050575,3.478248260979495,True,0.31492840956476986,3.4782484995700655,True,0.31492840956476986,3.4782484995700655,0.0,0.0,3.180426411120152e-08,11.012635985122602,,,[]
5bfa40dcddea5e0ce2dd1c5a2bcb8147853500c7693be322cd16d7b0eb700ba2,1411x1422|/home/pth/workshop/wide-field-solver/raw_allsky_samples/mmto/mmto-skycam/<date>/<date>__#_#_#.fits.bz#,0,71,0.3529312900525806,2.308861812100164,True,0.3529313828879393,2.3088620662273915,True,0.3529313828879393,2.3088620662273915,0.0,0.0,9.283535867821158e-08,8.1,,,[]
5c74d93cc6ff0c6bb8e39dece3667bc18943a1d68b3abc4e3d0c3d7fdd470c4f,488x652|/home/pth/workshop/wide-field-solver/data/zenodo-#/all/r_darksubtracted_jd#.#<date>#.fits,0,136,0.2947292475037321,3.342272343460933,True,0.29472924751713714,3.3422723436216195,True,0.29472924751713714,3.3422723436216195,0.0,0.0,1.3405054843929065e-11,10.999827095508751,,,[]
5db03d9a9d6c69923334c6cfaf5634179d024e5956d820232b4ab63fe45b033a,1411x1422|/home/pth/workshop/wide-field-solver/raw_allsky_samples/mmto/mmto-skycam/<date>/<date>__#_#_#.fits.bz#,0,1456,0.3381958142558569,2.600419084957711,True,0.3381958141949271,2.6004190979413995,True,0.3381958141949271,2.6004190979413995,0.0,0.0,-6.09297612363946e-11,8.1,,,[]
5dc3f76792264307c2386d36822bb92cbd258acf6d766898f74b9fdeae84d564,4096x4096|/home/pth/workshop/wide-field-solver/eso_downloads/trial/apicam.<date>t#:#:#.#.fits,0,10194,0.8452619914016821,2.3284455432945714,True,0.8452619914016939,2.3284455432946096,True,0.8452619914016939,2.3284455432946096,0.0,0.0,1.176836406102666e-14,8.1,,saved_planet_gate_unavailable,[]
5e79103c029f9d6fcfd801b3658566aeea0dceaa8c1896850e30678c19e48e94,3672x3672|/home/pth/skrivebord/fisheeyeimagesnotrailser/subaru_maunakea_<date>t#z.jpg,0,3650,0.9905317558667334,2.927383533195806,True,0.9905317755042337,2.9273835712312146,True,0.9905317755042337,2.9273835712312146,0.0,0.0,1.9637500292546406e-08,8.1,,,[]
5f37411bab6ae4738038e265358aafb5431b96e596dd11556fad352fd7df4b75,488x652|/home/pth/workshop/wide-field-solver/data/zenodo-#/all/r_darksubtracted_jd#.#<date>#.fits,0,100,0.2983037818446499,3.3843244822673904,True,0.29830378184466394,3.384324482267428,True,0.29830378184466394,3.384324482267428,0.0,0.0,1.404432126150823e-14,11.023572833437079,,,[]
6005d73ca633f8ad187b8551bfe2d2a81fe081467f9604d7d2a20ccd860e7ba7,1411x1422|/home/pth/workshop/wide-field-solver/raw_allsky_samples/mmto/mmto-skycam/<date>/<date>__#_#_#.fits.bz#,0,759,0.28379402990308417,2.1450037028952416,True,0.2837948423158804,2.1453584732173816,True,0.2837948423158804,2.1453584732173816,0.0,0.0,8.124127962583216e-07,8.1,,,[]
60f9ed6ea772056807fe66b8158810714d1de95a6929e8946b918ade2a01f2ff,1411x1422|/home/pth/workshop/wide-field-solver/raw_allsky_samples/mmto/mmto-skycam/<date>/<date>__#_#_#.fits.bz#,0,1254,0.330462259655764,2.54575924425096,True,0.3304552779774556,2.5464035775601515,True,0.3304552779774556,2.5464035775601515,0.0,0.0,-6.981678308370931e-06,8.1,,,[]
61020ace536750910ae5883913f24ee91f079f6d58e1ec3670aa7ef0bff27cb0,488x652|/home/pth/workshop/wide-field-solver/data/zenodo-#/all/r_darksubtracted_jd#.#<date>#.fits,0,112,0.33914046196562275,3.847220749884175,True,0.3391404618779409,3.847220812359282,True,0.3391404618779409,3.847220812359282,0.0,0.0,-8.768186177121606e-11,11.019985371172126,,,[]
6114fda9906ce27d43bcc59cc5f18bf432fff6780010d897c4d364805d0da843,4096x4096|/home/pth/workshop/wide-field-solver/eso_downloads/trial/apicam.<date>t#:#:#.#.fits,0,10104,0.6810106456819663,1.8530300030284075,True,0.6810106456820133,1.8530300030284215,True,0.6810106456820133,1.8530300030284215,0.0,0.0,4.696243394164412e-14,8.1,,saved_planet_gate_unavailable,[]
61b9883c184101bb5210b1d7efb17e3a3c4c6ff3a517371442e412d37949823e,1411x1422|/home/pth/workshop/wide-field-solver/raw_allsky_samples/mmto/mmto-skycam/<date>__#_#_#.fits.bz#,0,1311,0.3385500252697292,2.613251548622421,True,0.3385500259327688,2.6132515762306494,True,0.3385500259327688,2.6132515762306494,0.0,0.0,6.630395676943124e-10,8.1,,,[]
61dc347020eb6209828dce07b76fc0e6ed01dd09fc51383d514b99197157a73d,1411x1422|/home/pth/workshop/wide-field-solver/raw_allsky_samples/mmto/mmto-skycam/<date>/<date>__#_#_#.fits.bz#,4,1400,0.3312614097724208,2.585542305003507,True,0.3312567592897398,2.5855686665840327,True,0.3050301467068809,2.3481062287304977,-0.02622661258285891,-0.23746243785353505,-0.02623126306553991,8.1,,,"[0.4066604018610116,-0.2715645113013018,1.9999967881748426,-1.5396689769959733]"
6226234dd47e08b49b7b3ea48a1949dd8e5ad70bc8d3d7df4b8d49f7e73c473e,3672x3672|/home/pth/skrivebord/fisheeyeimagesnotrailser/subaru_maunakea_<date>t#z.jpg,0,6250,1.0452100069283112,3.070275236757367,True,1.0452100074796788,3.0702752349353863,True,1.0452100074796788,3.0702752349353863,0.0,0.0,5.513676182289373e-10,8.1,,,[]
62ad2e20284e4c488909cba1d596d55b537bc87df7bf64b98e30a621b773726b,1411x1422|/home/pth/workshop/wide-field-solver/raw_allsky_samples/mmto/mmto-skycam/<date>/<date>__#_#_#.fits.bz#,0,1315,0.3429337120651892,2.6501484424500465,True,0.3429337118309509,2.650148458255362,True,0.3429337118309509,2.650148458255362,0.0,0.0,-2.3423829542679186e-10,8.1,,,[]
64aa13ebb6e2dc93da763919c4c444c3bf903f5f85d01ecfef736c795d33fae7,1411x1422|/home/pth/workshop/wide-field-solver/raw_allsky_samples/mmto/mmto-skycam/<date>/<date>__#_#_#.fits.bz#,0,1209,0.3096815148744749,2.369804474161309,True,0.3096815148744646,2.369804474161258,True,0.3096815148744646,2.369804474161258,0.0,0.0,-1.0269562977782698e-14,8.1,,,[]
6588e8a68d163ec18e5710ed717ed3d0d1e16a61453e7683ce8020137e4bc043,4096x4096|/home/pth/workshop/wide-field-solver/eso_downloads/trial/apicam.<date>t#:#:#.#.fits,0,9757,0.7392533798037884,2.007091925421456,True,0.7392533771320756,2.0070919252767805,True,0.7392533771320756,2.0070919252767805,0.0,0.0,-2.671712739932275e-09,8.1,,saved_planet_gate_unavailable,[]
662fafb66caf13786e8ecf0d018116f75f361f1aff2ed6b16bbe407fedb25703,1411x1422|/home/pth/workshop/wide-field-solver/raw_allsky_samples/mmto/mmto-skycam/<date>/<date>__#_#_#.fits.bz#,0,64,0.2463714015654873,1.749573738030732,True,0.24637133802183164,1.7495737747512337,True,0.24637133802183164,1.7495737747512337,0.0,0.0,-6.354365567062814e-08,8.1,,,[]
665d076d6e8cdebbbabe214a82862a214087a1f08ffac373911bd7bd5c22863a,1411x1422|/home/pth/workshop/wide-field-solver/raw_allsky_samples/mmto/mmto-skycam/<date>/<date>__#_#_#.fits.bz#,0,799,0.3029297395838036,2.280322497018085,True,0.30292973993244304,2.280322525897195,True,0.30292973993244304,2.280322525897195,0.0,0.0,3.486394506424517e-10,8.1,,,[]
66df97563940545f6d4d81776998e2ce926a686fd678d0cc6b95285add662f9f,1411x1422|/home/pth/workshop/wide-field-solver/raw_allsky_samples/mmto/mmto-skycam/<date>/<date>__#_#_#.fits.bz#,2,761,0.3062510996954231,2.3654941083495924,True,0.3062511292020032,2.365493683363253,True,0.2796128601065107,2.127021633157339,-0.026638269095492495,-0.2384720502059139,-0.02663823958891237,8.1,,,"[0.004611787648427251,0.1515607434991402]"
673662c908f2dc8a7ad1cbc4e793ab705be3a54446fe642653d899a11ffd2135,4096x4096|/home/pth/workshop/wide-field-solver/eso_downloads/trial/apicam.<date>t#:#:#.#.fits,0,10122,1.0048399583966896,2.796416924105683,True,1.0048399442632319,2.7964169761656326,True,1.0048399442632319,2.7964169761656326,0.0,0.0,-1.413345773748631e-08,8.1,,saved_planet_gate_unavailable,[]
67fc9a3e9be38c3c9da75ef82b1945e81c26140e457c4fbe2b415fa612d62031,1411x1422|/home/pth/workshop/wide-field-solver/raw_allsky_samples/mmto/mmto-skycam/<date>/<date>__#_#_#.fits.bz#,0,779,0.30732035195155943,2.2881132894385763,True,0.30732035201506397,2.2881132911909483,True,0.30732035201506397,2.2881132911909483,0.0,0.0,6.350453496395403e-11,8.1,,,[]
68493aa903674d4724ef6110c9e32b7dfe593a7b6c18a3b82aecd2827d3dadcb,488x652|/home/pth/workshop/wide-field-solver/data/zenodo-#/all/r_darksubtracted_jd#.#<date>#.fits,0,109,0.2863053165355196,3.224023784918852,True,0.28630530818241823,3.2240236947992096,True,0.28630530818241823,3.2240236947992096,0.0,0.0,-8.353101377256422e-09,11.018229662591425,,,[]
69961a84633b022de53d946f97cf2e494e46b64a77cf3f1cc204a31f9fb7f64c,1411x1422|/home/pth/workshop/wide-field-solver/raw_allsky_samples/mmto/mmto-skycam/<date>/<date>__#_#_#.fits.bz#,0,1430,0.332407481381964,2.5551923369049603,True,0.3323828637107499,2.555904318426205,True,0.3323828637107499,2.555904318426205,0.0,0.0,-2.4617671214144377e-05,8.1,,,[]
6ad7ff0c33d6fe62906e38df2c148ced20b92c18151875ac74ff4297a9975fca,1411x1422|/home/pth/workshop/wide-field-solver/raw_allsky_samples/mmto/mmto-skycam/<date>/<date>__#_#_#.fits.bz#,0,1422,0.33332582832932206,2.5702566094895927,True,0.3333258281846207,2.570256635005725,True,0.3333258281846207,2.570256635005725,0.0,0.0,-1.4470136200372963e-10,8.1,,,[]
6ad828ec1c45c9426f2fa199617953ef42fa5030fae2877186e54c4d8d64f3d0,488x652|/home/pth/workshop/wide-field-solver/data/zenodo-#/all/r_darksubtracted_jd#.#<date>#.fits,0,122,0.25715860463181855,2.8900155227345703,True,0.25715864334309674,2.8900159927190248,True,0.25715864334309674,2.8900159927190248,0.0,0.0,3.871127818300124e-08,11.013439678210357,,,[]
6af52a4ae5e04b200225cd1f8a2241a012bcd9991d14f9d68aa408d36813943c,488x652|/home/pth/workshop/wide-field-solver/data/zenodo-#/all/r_darksubtracted_jd#.#<date>#.fits,0,123,0.27761830271655813,3.1456210672731535,True,0.27761830249773517,3.145621057711379,True,0.27761830249773517,3.145621057711379,0.0,0.0,-2.1882295975217403e-10,11.023374930716011,,,[]
6d5539157c2f91463c6dbab2060d9030e7b3cb5cacbc821420d648f6adf7261a,1411x1422|/home/pth/workshop/wide-field-solver/raw_allsky_samples/mmto/mmto-skycam/<date>/<date>__#_#_#.fits.bz#,0,62,0.5415723601280498,3.8210409508548855,True,0.5415723250428871,3.821041112029664,True,0.5415723250428871,3.821041112029664,0.0,0.0,-3.508516266403916e-08,8.1,,,[]
6f01418fb181f7a7d5a02fb161953435b3576f16270c33e22888de46c00e2163,1411x1422|/home/pth/workshop/wide-field-solver/raw_allsky_samples/mmto/mmto-skycam/<date>/<date>__#_#_#.fits.bz#,0,715,0.3159712913426888,2.4419107322984424,True,0.31597129143522235,2.441910734238692,True,0.31597129143522235,2.441910734238692,0.0,0.0,9.2533536388828e-11,8.1,,,[]
6f57653ce67215ae3f8a58397f1bfe02c41773cd1a71039d459d300e0931f2c9,4096x4096|/home/pth/workshop/wide-field-solver/eso_downloads/trial/apicam.<date>t#:#:#.#.fits,0,8974,0.8564874864445904,2.3507158673471458,True,0.8564875143053136,2.3507158626007776,True,0.8564875143053136,2.3507158626007776,0.0,0.0,2.7860723172956625e-08,8.1,,saved_planet_gate_unavailable,[]
70416f47c98dbfe639749526c20a1f442e48ef67ae6153bc20bbedc38acaf758,4096x4096|/home/pth/workshop/wide-field-solver/eso_downloads/trial/apicam.<date>t#:#:#.#.fits,0,10554,0.7350922041970811,2.0010844109132253,True,0.7350922041970923,2.001084410913252,True,0.7350922041970923,2.001084410913252,0.0,0.0,1.1213252548714081e-14,8.1,,saved_planet_gate_unavailable,[]
70b38e57cfd62c6ae2d42d05a73fd90ab8fd403960a42046ffb8f320d8f3ab6f,1411x1422|/home/pth/workshop/wide-field-solver/raw_allsky_samples/mmto/mmto-skycam/<date>/<date>__#_#_#.fits.bz#,0,1035,0.3211705966454547,2.472301315613928,True,0.3211705963072792,2.4723013201995925,True,0.3211705963072792,2.4723013201995925,0.0,0.0,-3.381755431242084e-10,8.1,,,[]
71cefdeef7dc421af0d0f40da713ac20afa140bc114a268c790aea03203636a5,4096x4096|/home/pth/workshop/wide-field-solver/eso_downloads/trial/apicam.<date>t#:#:#.#.fits,0,10623,0.8506334105896224,2.3422214496056304,True,0.8506334105896336,2.342221449605671,True,0.8506334105896336,2.342221449605671,0.0,0.0,1.1213252548714081e-14,8.1,,saved_planet_gate_unavailable,[]
71fb51555b193894a78b01b33bcb8adff66ab62bc4d7bc72f49013f3939d552b,1411x1422|/home/pth/workshop/wide-field-solver/raw_allsky_samples/mmto/mmto-skycam/<date>/<date>__#_#_#.fits.bz#,0,561,0.28927453017618066,2.183268381143808,True,0.2892744745298651,2.18326796443466,True,0.2892744745298651,2.18326796443466,0.0,0.0,-5.564631555543542e-08,8.1,,,[]
721a175c2ca002a35bda60f6fd2732efb27456f78978d5b9d6586d85a9c77996,3672x3672|/home/pth/skrivebord/fisheeyeimagesnotrailser/subaru_maunakea_<date>t#z.jpg,0,3886,1.0000429975100582,2.9453685495143356,True,1.0000430005216676,2.945368493524528,True,1.0000430005216676,2.945368493524528,0.0,0.0,3.0116094063004084e-09,8.1,,,[]
7233a1ec1405998d5ab56a660545e37e20b4d8b05604a9904bde825d82acc099,4096x4096|/home/pth/workshop/wide-field-solver/eso_downloads/trial/apicam.<date>t#:#:#.#.fits,0,9976,0.6844589289926997,1.8620575868409348,True,0.6844589289927334,1.8620575868409415,True,0.6844589289927334,1.8620575868409415,0.0,0.0,3.375077994860476e-14,8.1,,saved_planet_gate_unavailable,[]
7287154ca0fbea3ce65536b4a6a21c3aa66423da242e7f241b73b1805321975a,4096x4096|/home/pth/workshop/wide-field-solver/eso_downloads/trial/apicam.<date>t#:#:#.#.fits,0,10321,1.0148268496942483,2.8202371321614694,True,1.0148268251471608,2.8202371541303686,True,1.0148268251471608,2.8202371541303686,0.0,0.0,-2.4547087473791862e-08,8.1,,saved_planet_gate_unavailable,[]
7397fd9bc5dcd3f428aad89ecc5017966c97807500b1db529fbd6e3918b833ba,4096x4096|/home/pth/workshop/wide-field-solver/eso_downloads/trial/apicam.<date>t#:#:#.#.fits,0,8549,0.6993244712789194,1.8949677048187534,True,0.6993241586798532,1.8949677890452536,True,0.6993241586798532,1.8949677890452536,0.0,0.0,-3.125990661878575e-07,8.1,,saved_planet_gate_unavailable,[]
73b3045430b8fdd9122e1eac6aa553470148bce9e7008469af1b3aff9a1d4861,1411x1422|/home/pth/workshop/wide-field-solver/raw_allsky_samples/mmto/mmto-skycam/<date>/<date>__#_#_#.fits.bz#,0,615,0.23315102073039268,1.7588743422981292,True,0.23315102089652834,1.7588743533224616,True,0.23315102089652834,1.7588743533224616,0.0,0.0,1.661356607840503e-10,8.1,,,[]
740bc40241aebeef3570daa9c6333bc495305b4cf17f41719cc180d6554f65e6,3672x3672|/home/pth/skrivebord/fisheeyeimagesnotrailser/subaru_maunakea_<date>t#z.jpg,0,4879,1.0081694687686256,2.9581915719622507,True,1.0081694854356804,2.9581915683744717,True,1.0081694854356804,2.9581915683744717,0.0,0.0,1.666705484737463e-08,8.1,,,[]
74e3bee6665b7b23ba597ea5035d9260d24eec86294c1c000e51955606410d4e,1411x1422|/home/pth/workshop/wide-field-solver/raw_allsky_samples/mmto/mmto-skycam/<date>/<date>__#_#_#.fits.bz#,1,1401,0.3349058241282368,2.5732900032615964,True,0.33489659268614025,2.5732796098116895,True,0.32025716785664826,2.454301912891435,-0.014639424829491987,-0.1189776969202545,-0.014648656271588512,8.1,,,[-0.10539504466089006]
761d115daffdc00fc595d55617b8cf0824f8422195743c1cc2946bd5475b3c73,4096x4096|/home/pth/workshop/wide-field-solver/eso_downloads/trial/apicam.<date>t#:#:#.#.fits,0,10412,0.6955761807909342,1.894741194865681,True,0.6955761689007525,1.894741144370129,True,0.6955761689007525,1.894741144370129,0.0,0.0,-1.189018172809142e-08,8.1,,saved_planet_gate_unavailable,[]
76a4daeb250e9f79291b2ea8012414ce7acdc93eab26eed43c43083487cf4cfc,488x652|/home/pth/workshop/wide-field-solver/data/zenodo-#/all/g_darksubtracted_jd#.#<date>#.fits,0,69,0.2371837646585075,2.6939388532310797,True,0.23718376465854366,2.693938853231166,True,0.23718376465854366,2.693938853231166,0.0,0.0,3.6165515027164474e-14,11.028260594510604,,,[]
76ad93fbb30d62ccc7407207ecfe40bf78c3cecc9e2aaa23601ce4c2e35664a0,488x652|/home/pth/workshop/wide-field-solver/data/zenodo-#/all/r_darksubtracted_jd#.#<date>#.fits,0,110,0.3091385795420785,3.49261219135055,True,0.3091385804436646,3.4926122196843328,True,0.3091385804436646,3.4926122196843328,0.0,0.0,9.015860835681622e-10,11.019781878496053,,,[]
76e331b772333affaa93183e65ffc7be497180460ea7ad1de6db8124c431984b,1411x1422|/home/pth/workshop/wide-field-solver/raw_allsky_samples/mmto/mmto-skycam/<date>/<date>__#_#_#.fits.bz#,0,242,0.6085600373151284,4.2930454449906135,True,0.6087147455644019,4.2940196062291305,True,0.6087147455644019,4.2940196062291305,0.0,0.0,0.00015470824927343862,8.1,,,[]
77093c392be8091348da6c1a80ce79fa12d985363baa4b1b03f32de803042a66,1411x1422|/home/pth/workshop/wide-field-solver/raw_allsky_samples/mmto/mmto-skycam/<date>/<date>__#_#_#.fits.bz#,0,1510,0.33187754473968684,2.5817675901194748,True,0.3318775426584147,2.581767662882692,True,0.3318775426584147,2.581767662882692,0.0,0.0,-2.0812721546192847e-09,8.1,,,[]
7758baadb78ace8ae4a0bef40cdf2cc884c69903b5ba9fd0d8d8d15702fa4c1e,3672x3672|/home/pth/skrivebord/fisheeyeimagesnotrailser/subaru_maunakea_<date>t#z.jpg,0,3868,0.9876015867579421,2.912466527503405,True,0.9876015789114003,2.912466506970163,True,0.9876015789114003,2.912466506970163,0.0,0.0,-7.846541749678693e-09,8.1,,,[]
77a9ca7117e5ed24a5eb725491bce6f305f9ef1b2ea513fd3a65cf454ae19aee,1411x1422|/home/pth/workshop/wide-field-solver/raw_allsky_samples/mmto/mmto-skycam/<date>/<date>__#_#_#.fits.bz#,0,96,0.25569973568349763,1.8498099259116796,True,0.2556997240887333,1.8498099462828952,True,0.2556997240887333,1.8498099462828952,0.0,0.0,-1.1594764315336903e-08,8.1,,,[]
781be3347c3b964c41bfea67f53bfc2b7656c65bd0f75035f1c1df43476e0533,488x652|/home/pth/workshop/wide-field-solver/data/zenodo-#/all/r_darksubtracted_jd#.#<date>#.fits,0,132,0.30800029870267365,3.4825265591033565,True,0.30800028823634845,3.4825264234352478,True,0.30800028823634845,3.4825264234352478,0.0,0.0,-1.0466325195412907e-08,11.029175185696989,,,[]
782101f61ed3517cddac0074e3eda279c170b281f936f2474586b74072dd902c,1411x1422|/home/pth/workshop/wide-field-solver/raw_allsky_samples/mmto/mmto-skycam/<date>/<date>__#_#_#.fits.bz#,0,980,0.32945940698806786,2.5099068569917975,True,0.3293985815043178,2.509059429965396,True,0.3293985815043178,2.509059429965396,0.0,0.0,-6.082548375008212e-05,8.1,,,[]
7868f475c178b74ef31f31f9344491eaa02f880cd5a5c5bf53972b4f5775a3b3,4096x4096|/home/pth/workshop/wide-field-solver/eso_downloads/trial/apicam.<date>t#:#:#.#.fits,0,10081,0.8556367011288584,2.355376093179779,True,0.8556367011288569,2.355376093179799,True,0.8556367011288569,2.355376093179799,0.0,0.0,-1.4432899320127035e-15,8.1,,saved_planet_gate_unavailable,[]
78d7dc8d8b45971ccf3a82dd1762f79249ca9fa973d79967b0b08529f95b5898,1411x1422|/home/pth/workshop/wide-field-solver/raw_allsky_samples/mmto/mmto-skycam/<date>/<date>__#_#_#.fits.bz#,0,1085,0.29421150525572964,2.184944253680575,True,0.2942115098254783,2.184944232791127,True,0.2942115098254783,2.184944232791127,0.0,0.0,4.569748635052662e-09,8.1,,,[]
796234a574326d346be7d00bdda76c8545de885f2a5a7f14492959fed35de9c9,488x652|/home/pth/workshop/wide-field-solver/data/zenodo-#/all/r_darksubtracted_jd#.#<date>#.fits,0,106,0.2883800765555814,3.2532803335171865,True,0.2883800759648257,3.25328032861997,True,0.2883800759648257,3.25328032861997,0.0,0.0,-5.9075572211853e-10,11.029290691851257,,,[]
79e0f13abf36dc400224ec48680ec34121701f102448b6deb6c39300e502a991,3672x3672|/home/pth/skrivebord/fisheeyeimagesnotrailser/subaru_maunakea_<date>t#z.jpg,0,2910,0.9473208267408012,2.7994274496635976,True,0.9473208174985568,2.7994274107093218,True,0.9473208174985568,2.7994274107093218,0.0,0.0,-9.242244414231493e-09,8.1,,,[]
7a04c015add3f36e32bba4994304b77f3d829883657aed50ddc97b1140a68011,488x652|/home/pth/workshop/wide-field-solver/data/zenodo-#/all/r_darksubtracted_jd#.#<date>#.fits,0,133,0.2723939259127863,3.0965898853553084,True,0.27239392487175546,3.096589877894206,True,0.27239392487175546,3.096589877894206,0.0,0.0,-1.041030872617199e-09,11.021747161017048,,,[]
7a60313ccce68afad46d981cd96895c96776b61e48b6692afa333a84260d5b00,1411x1422|/home/pth/workshop/wide-field-solver/raw_allsky_samples/mmto/mmto-skycam/<date>/<date>__#_#_#.fits.bz#,0,1035,0.3179331751356696,2.4530237706937683,True,0.31793318572815454,2.453023703236946,True,0.31793318572815454,2.453023703236946,0.0,0.0,1.0592484944726976e-08,8.1,,,[]
7aeed4c3bdc8b7a82780a952484e9efec7a9d04af20750073d1d7d6115913114,1411x1422|/home/pth/workshop/wide-field-solver/raw_allsky_samples/mmto/mmto-skycam/<date>/<date>__#_#_#.fits.bz#,0,525,0.2912597433527848,2.1995548387222303,True,0.2912597412608244,2.1995548211671148,True,0.2912597412608244,2.1995548211671148,0.0,0.0,-2.091960438210805e-09,8.1,,,[]
7b96798ced90479f5f17b3c630ba37313840828717db3a755d637c879ff7f5c5,1411x1422|/home/pth/workshop/wide-field-solver/raw_allsky_samples/mmto/mmto-skycam/<date>/<date>__#_#_#.fits.bz#,0,1483,0.33878481284316375,2.6112338212561474,True,0.33878481292003393,2.611233823387372,True,0.33878481292003393,2.611233823387372,0.0,0.0,7.68701768905089e-11,8.1,,,[]
7bfb71d56c28e3bd171a15accf07b50bd6217892cba832b0c00e51a18715d28f,1411x1422|/home/pth/workshop/wide-field-solver/raw_allsky_samples/mmto/mmto-skycam/<date>/<date>__#_#_#.fits.bz#,4,1363,0.32983484117471873,2.537348073935492,True,0.3298259910424883,2.5374405946552403,True,0.3071874889306329,2.3294572173167905,-0.022638502111855363,-0.20798337733844985,-0.022647352244085817,8.1,,,"[0.42591837796331394,-0.2727874836756475,1.9999976611884789,-1.506013672378904]"
7d195d571288680d749bc9206372bd928668a2692c662365addf96114f9be828,1411x1422|/home/pth/workshop/wide-field-solver/raw_allsky_samples/mmto/mmto-skycam/<date>/<date>__#_#_#.fits.bz#,0,20,0.15500397105336897,1.126686823503302,True,0.1550039635850555,1.1266867386317088,True,0.1550039635850555,1.1266867386317088,0.0,0.0,-7.4683134676512e-09,8.1,,,[]
7e9f648932f00e6aa1ea9947b723887a019e7bccbabb7da967bc51ec8fa6ab1d,1411x1422|/home/pth/workshop/wide-field-solver/raw_allsky_samples/mmto/mmto-skycam/<date>/<date>__#_#_#.fits.bz#,0,878,0.31477551358953665,2.380909820778303,True,0.3147756659092561,2.380909247902183,True,0.3147756659092561,2.380909247902183,0.0,0.0,1.5231971944862366e-07,8.1,,,[]
7f16ccb637ba5e38d81285dcf2d92540b49458c0a4b204fe1530225425c0d2ac,1411x1422|/home/pth/workshop/wide-field-solver/raw_allsky_samples/mmto/mmto-skycam/<date>/<date>__#_#_#.fits.bz#,0,518,0.2605887788023326,1.9823596179763363,True,0.26058877902010713,1.9823596293867263,True,0.26058877902010713,1.9823596293867263,0.0,0.0,2.1777452063886926e-10,8.1,,,[]
8048ba1565f3c851647e816d110f60faf1a602b8fb31e78e3f42e3be225b0842,1411x1422|/home/pth/workshop/wide-field-solver/raw_allsky_samples/mmto/mmto-skycam/<date>/<date>__#_#_#.fits.bz#,0,544,0.3341130162444787,2.6013964294409737,True,0.33411314930257247,2.601395120657235,True,0.33411314930257247,2.601395120657235,0.0,0.0,1.3305809376529254e-07,8.1,,,[]
80a0f674b667328a80a4c5e749e75573b5e65b871fc276977d2bb2671471f8ee,4096x4096|/home/pth/workshop/wide-field-solver/eso_downloads/trial/apicam.<date>t#:#:#.#.fits,0,10132,0.8443352835795214,2.326388476044515,True,0.8443352835795377,2.326388476044551,True,0.8443352835795377,2.326388476044551,0.0,0.0,1.63202784619898e-14,8.1,,saved_planet_gate_unavailable,[]
80d26b40daf8d21745114465c91692a33bd6a4c0c403b64a6b91be984c8fc24d,4096x4096|/home/pth/workshop/wide-field-solver/eso_downloads/trial/apicam.<date>t#:#:#.#.fits,0,8927,0.994496513070057,2.761966794894913,True,0.9944965130700866,2.7619667948949194,True,0.9944965130700866,2.7619667948949194,0.0,0.0,2.9531932455029164e-14,8.1,,saved_planet_gate_unavailable,[]
80f6f4774841c9c575271b67aebca130e9b64c9b7bf48b90d10c4d89beb55da3,4096x4096|/home/pth/workshop/wide-field-solver/eso_downloads/trial/apicam.<date>t#:#:#.#.fits,0,7556,0.7100013865476255,1.9274584198088522,True,0.7100013848618933,1.9274584214745376,True,0.7100013848618933,1.9274584214745376,0.0,0.0,-1.6857321094576605e-09,8.1,,,[]
8101beccaae972c117048b710db15eab815382e30726eaa54ea233c4fad36742,1411x1422|/home/pth/workshop/wide-field-solver/raw_allsky_samples/mmto/mmto-skycam/<date>/<date>__#_#_#.fits.bz#,0,563,0.30700128384595615,2.328089234111042,True,0.3070012676923139,2.328089313504705,True,0.3070012676923139,2.328089313504705,0.0,0.0,-1.61536422571551e-08,8.1,,,[]
81f8e8c4284f1020772f12f9f14accadf24f3049e462cd4c23b84f19de0ce58a,488x652|/home/pth/workshop/wide-field-solver/data/zenodo-#/all/g_darksubtracted_jd#.#<date>#.fits,0,131,0.2871200792499012,3.250867125106969,True,0.28712007249868343,3.2508670287131345,True,0.28712007249868343,3.2508670287131345,0.0,0.0,-6.751217751510552e-09,11.03403637285426,,,[]
82039f290057b731f312242b500f8409012ab98ad5bd346da0c3b8fd52f58cce,1411x1422|/home/pth/workshop/wide-field-solver/raw_allsky_samples/mmto/mmto-skycam/<date>/<date>__#_#_#.fits.bz#,1,1514,0.33782726151111836,2.5980954494615873,True,0.33783144264881637,2.598086097826469,True,0.3190122126062953,2.4131376707385144,-0.018819230042521062,-0.18494842708795467,-0.01881504890482305,8.1,,,[-0.119915868297292]
822b01f30d3cf43173ce14b546ca12975f52ff9be0855e9b4f36f5e886afc346,1411x1422|/home/pth/workshop/wide-field-solver/raw_allsky_samples/mmto/mmto-skycam/<date>/<date>__#_#_#.fits.bz#,4,806,0.3060120589958356,2.3419675269258082,True,0.30601205926018976,2.3419675401229734,True,0.2874117819768608,2.1885904733574035,-0.01860027728332897,-0.15337706676556984,-0.01860027701897482,8.1,,,"[0.07928925270032666,-0.03700154844723218,1.1172028577459283,-1.4673806107423522]"
8326a502fdc9f602172228f34e8ad22e402eecf0b4ee84fcb8a747250da995c0,1411x1422|/home/pth/workshop/wide-field-solver/raw_allsky_samples/mmto/mmto-skycam/<date>/<date>__#_#_#.fits.bz#,0,1021,0.3046982296160102,2.3397375483183493,True,0.30469827053786097,2.339737036035295,True,0.30469827053786097,2.339737036035295,0.0,0.0,4.092185079684896e-08,8.1,,,[]
83a2e4dd192c09e408db5d8bcbfaff32073d760f44c1df076f8d8baa6c8e9a80,1411x1422|/home/pth/workshop/wide-field-solver/raw_allsky_samples/mmto/mmto-skycam/<date>/<date>__#_#_#.fits.bz#,0,469,0.29901785245130136,2.306167698778636,True,0.29901787285522285,2.3061674287660177,True,0.29901787285522285,2.3061674287660177,0.0,0.0,2.040392149682546e-08,8.1,,,[]
84253381385e8fd1d3e451c36464700ff1749dd1945d0625e10c0db10ff5be2a,4096x4096|/home/pth/workshop/wide-field-solver/eso_downloads/trial/apicam.<date>t#:#:#.#.fits,0,10297,1.0054272924678647,2.8021273384771184,True,1.0054272924678882,2.802127338477139,True,1.0054272924678882,2.802127338477139,0.0,0.0,2.353672812205332e-14,8.1,,saved_planet_gate_unavailable,[]
85816c7d36a54342b5b31bf54fccd86c8c9bda38c9f9e469411445a7c341ce86,1411x1422|/home/pth/workshop/wide-field-solver/raw_allsky_samples/mmto/mmto-skycam/<date>/<date>__#_#_#.fits.bz#,0,1445,0.32245220429885235,2.501637874242159,True,0.32245220401236246,2.5016378155018275,True,0.32245220401236246,2.5016378155018275,0.0,0.0,-2.8648988736890146e-10,8.1,,,[]
86218dc5d674cf67cf92a7d50fa43fce0704b75caafcadda1221588019d4f7db,1411x1422|/home/pth/workshop/wide-field-solver/raw_allsky_samples/mmto/mmto-skycam/<date>/<date>__#_#_#.fits.bz#,0,1320,0.3310917229412551,2.5495853381426707,True,0.3310513155949452,2.5496563602283655,True,0.3310513155949452,2.5496563602283655,0.0,0.0,-4.0407346309889736e-05,8.1,,,[]
86616c57a846f3571825c489913a50906787b6c2b4a027c748666b5af0128eec,1411x1422|/home/pth/workshop/wide-field-solver/raw_allsky_samples/mmto/mmto-skycam/<date>/<date>__#_#_#.fits.bz#,0,170,0.5716256847819889,4.096897216157991,True,0.571625684781999,4.096897216158016,True,0.571625684781999,4.096897216158016,0.0,0.0,1.0103029524088925e-14,8.1,,,[]
871802cb37ad7a6db2b63444121b379bee5b725c3ece23453aad861077495d40,488x652|/home/pth/workshop/wide-field-solver/data/zenodo-#/all/r_darksubtracted_jd#.#<date>#.fits,0,110,0.29350445037161593,3.3067414995866753,True,0.293504457108074,3.3067415787834222,True,0.293504457108074,3.3067415787834222,0.0,0.0,6.7364580580431266e-09,11.01540232797888,,,[]
8770ad80e6d016475fd0968ccc188b15241f1c4f13f2125017cf7cd747346212,4096x4096|/home/pth/workshop/wide-field-solver/eso_downloads/trial/apicam.<date>t#:#:#.#.fits,0,10575,1.0014738131302248,2.790532559378771,True,1.0014738131302325,2.7905325593787893,True,1.0014738131302325,2.7905325593787893,0.0,0.0,7.771561172376096e-15,8.1,,saved_planet_gate_unavailable,[]
8782049dfeaaa09d58082960c4754f9dddb8a4539fd671d02bca966bf3751730,488x652|/home/pth/workshop/wide-field-solver/data/zenodo-#/all/r_darksubtracted_jd#.#<date>#.fits,0,124,0.26371774834158584,2.9905111322836357,True,0.2637177483416106,2.990511132283596,True,0.2637177483416106,2.990511132283596,0.0,0.0,2.475797344914099e-14,11.027321179808203,,,[]
87e0d0c1a02575e67e157a5b4837dde16dc1abf2ebcf8305f821decc64f8b229,488x652|/home/pth/workshop/wide-field-solver/data/zenodo-#/all/r_darksubtracted_jd#.#<date>#.fits,0,122,0.2916228380755555,3.266331280045159,True,0.291622836489578,3.2663312634247452,True,0.291622836489578,3.2663312634247452,0.0,0.0,-1.5859775159832168e-09,11.01762894381816,,,[]
88b81be04b20c543800d6bfc990bc78156c1809876a1b2b66ac27a061b3acbc6,1411x1422|/home/pth/workshop/wide-field-solver/raw_allsky_samples/mmto/mmto-skycam/<date>/<date>__#_#_#.fits.bz#,0,1477,0.34743927161778854,2.695970172793457,True,0.3474392716280075,2.6959702095603317,True,0.3474392716280075,2.6959702095603317,0.0,0.0,1.0218936807859791e-11,8.1,,,[]
8967a10fceaa229517d826e8e1b8947569209171a186677c553ad5f3f6f516b2,3672x3672|/home/pth/workshop/wide-field-solver/skycam-images/subaru_maunakea_<date>t#z.jpg,0,3367,0.9861647897850322,,True,0.9827898618056667,2.9038509141416533,True,0.9827898618056667,2.9038509141416533,0.0,0.0,-0.0033749279793654496,,saved_association_gate_unavailable,saved_planet_gate_unavailable,[]
89cbd9c49e39ff949e82bb58cfe90f851481ffb685a4c7160e0690fe65f29228,4096x4096|/home/pth/workshop/wide-field-solver/eso_downloads/trial/apicam.<date>t#:#:#.#.fits,0,10419,0.6759070640659662,1.8314035300701028,True,0.6759071302520673,1.831403512025393,True,0.6759071302520673,1.831403512025393,0.0,0.0,6.618610104425215e-08,8.1,,saved_planet_gate_unavailable,[]
89cd4c35e9c6a18d452caa1acf5da91905c3fceb5e427c0b5be977ae532f67a3,925x925|/home/pth/skrivebord/fisheeyeimagesnotrailser/fisheye#-#w_espenak.jpg,4,946,0.335093801821811,3.9561908024158288,True,0.33509365363867644,3.9561889234169185,True,0.29758992669731493,3.479967763464196,-0.037503726941361504,-0.4762211599527224,-0.037503875124496044,11.116756243333933,,,"[-0.21458583644674456,-0.29697573666673316,1.420071312654142,-1.7737284247406329]"
89d18355111e2616ff458269641a973365f1a95912991092e8878ff87cbb29f4,1411x1422|/home/pth/workshop/wide-field-solver/raw_allsky_samples/mmto/mmto-skycam/<date>/<date>__#_#_#.fits.bz#,0,1392,0.33130449514474414,2.5537973391457482,True,0.3313044684705332,2.55379748644596,True,0.3313044684705332,2.55379748644596,0.0,0.0,-2.6674210951149746e-08,8.1,,,[]
8ab29cbe27c74954d5b3739544526d4ffba7504ac72fd8bef10e1a7f42f9c128,1411x1422|/home/pth/workshop/wide-field-solver/raw_allsky_samples/mmto/mmto-skycam/<date>/<date>__#_#_#.fits.bz#,0,1145,0.30400083239233033,2.306346291176449,True,0.3040008510102901,2.3063462550996103,True,0.3040008510102901,2.3063462550996103,0.0,0.0,1.861795978497227e-08,8.1,,,[]
8aed9a594227eaf7479814af938899e44233a414827200e2f83a6b2f254f31dd,3672x3672|/home/pth/skrivebord/fisheeyeimagesnotrailser/subaru_maunakea_<date>t#z.jpg,0,3945,1.0449862420296088,3.078466710715699,True,1.0449862190355395,3.078466620328168,True,1.0449862190355395,3.078466620328168,0.0,0.0,-2.2994069315274146e-08,8.1,,,[]
8aef82b31b65dcbe93ab61b53973f8be2530cabd7d201d8f4b4afb8e5922a8b8,1411x1422|/home/pth/workshop/wide-field-solver/raw_allsky_samples/mmto/mmto-skycam/<date>/<date>__#_#_#.fits.bz#,0,170,0.29534254417562583,2.254899346206008,True,0.29442312092364203,2.2477763737254053,True,0.29442312092364203,2.2477763737254053,0.0,0.0,-0.0009194232519837975,8.1,,,[]
8af164b9c20b20ee99c645d6b73d64bcc7788bb7fb1b6c5011fb5fa91107f89a,1411x1422|/home/pth/workshop/wide-field-solver/raw_allsky_samples/mmto/mmto-skycam/<date>/<date>__#_#_#.fits.bz#,5,1421,0.32960674360591813,2.5420768529245414,True,0.3296067430519381,2.542076886851636,True,0.30554530992523726,2.3208024220791006,-0.024061433126700837,-0.22127446477253532,-0.024061433680680866,8.1,,planet_candidates_unavailable,"[0.14144895119772513,0.02855662906661422,0.41738787433522045,0.43197816031605835,-1.1212731199672756]"
8b73442b11860efce2c341218b322947053ba33ccc8a13b097d7dec921d0094b,4096x4096|/home/pth/workshop/wide-field-solver/eso_downloads/trial/apicam.<date>t#:#:#.#.fits,0,9567,0.6964711191887121,1.8892438697968437,True,0.6964711191887201,1.889243869796844,True,0.6964711191887201,1.889243869796844,0.0,0.0,7.993605777301127e-15,8.1,,saved_planet_gate_unavailable,[]
8cf0788fbfd19c2901ad190f80e6320cd3c372764531fc57d736c99d22e5ec78,1411x1422|/home/pth/workshop/wide-field-solver/raw_allsky_samples/mmto/mmto-skycam/<date>/<date>__#_#_#.fits.bz#,0,150,0.26773449173000946,2.1062183108391337,True,0.2692334147449514,2.1167005779620074,True,0.2692334147449514,2.1167005779620074,0.0,0.0,0.001498923014941922,8.1,,,[]
8ef30eeda118477f4b7147835bf32134fdc3655f4589de41e28bdc1ccb9fef1c,4096x4096|/home/pth/workshop/wide-field-solver/eso_downloads/trial/apicam.<date>t#:#:#.#.fits,0,9797,0.6966339464072913,1.890385026094415,True,0.696633946407308,1.890385026094415,True,0.696633946407308,1.890385026094415,0.0,0.0,1.6764367671839864e-14,8.1,,saved_planet_gate_unavailable,[]
9099917c27a77be787da4b9262db3a433eca4a1399930c18243560350fa5b7a8,3672x3672|/home/pth/skrivebord/fisheeyeimagesnotrailser/subaru_maunakea_<date>t#z.jpg,0,3132,1.0174654094698574,2.9691838861549535,True,1.0174654493235973,2.9691840012781787,True,1.0174654493235973,2.9691840012781787,0.0,0.0,3.985373986381546e-08,8.1,,,[]
92702a602f4153c7540f5462f42f672dac1d07fff6cb6093c5787b5cc4d871e9,488x652|/home/pth/workshop/wide-field-solver/data/zenodo-#/all/r_darksubtracted_jd#.#<date>#.fits,0,115,0.28060810949999304,3.1532737679069456,True,0.28060811055008145,3.1532737785771348,True,0.28060811055008145,3.1532737785771348,0.0,0.0,1.0500884051189985e-09,11.017392612070052,,,[]
934544e05fa5f4385ad9dcb197826bf11068bd1026d502df16e1616144d60e06,1411x1422|/home/pth/workshop/wide-field-solver/raw_allsky_samples/mmto/mmto-skycam/<date>/<date>__#_#_#.fits.bz#,0,1350,0.3247320594153007,2.486205671271627,True,0.324732059451972,2.4862056727246498,True,0.324732059451972,2.4862056727246498,0.0,0.0,3.6671277126032464e-11,8.1,,planet_candidates_unavailable,[]
93b88d1624009d3036daee1524e89ab169d693792bb994d484408b464299dcc5,1411x1422|/home/pth/workshop/wide-field-solver/raw_allsky_samples/mmto/mmto-skycam/<date>/<date>__#_#_#.fits.bz#,0,897,0.3173988816620619,2.42188847785155,True,0.31739888237605285,2.4218884807542604,True,0.31739888237605285,2.4218884807542604,0.0,0.0,7.139909219411322e-10,8.1,,,[]
940646bf81c22bba725ef707d0b928298e2ecbf4af8f7d1e455b168a05017743,1411x1422|/home/pth/workshop/wide-field-solver/raw_allsky_samples/mmto/mmto-skycam/<date>/<date>__#_#_#.fits.bz#,0,767,0.3171760077950063,2.464975352454031,True,0.3171760093979443,2.4649753949336266,True,0.3171760093979443,2.4649753949336266,0.0,0.0,1.6029380045523567e-09,8.1,,,[]
9452eaa869b82ebf4ff7ab6bc4d93fc3da440e415168c57bf8f575124f18154c,1411x1422|/home/pth/workshop/wide-field-solver/raw_allsky_samples/mmto/mmto-skycam/<date>/<date>__#_#_#.fits.bz#,0,58,0.316883610726499,2.0772466412906696,True,0.31688361072649845,2.0772466412906563,True,0.31688361072649845,2.0772466412906563,0.0,0.0,-5.551115123125783e-16,8.1,,,[]
9478ce0bdd55aac31dbfe756bf8d3454956ee6bebfc381bdab6b9952e6133159,488x652|/home/pth/workshop/wide-field-solver/data/zenodo-#/all/r_darksubtracted_jd#.#<date>#.fits,0,127,0.3017308144861753,3.3686187349265846,True,0.3017307950365127,3.368618576504063,True,0.3017307950365127,3.368618576504063,0.0,0.0,-1.9449662602699647e-08,11.040590910359379,,,[]
964ee44dba87e56df67c3a90ab65b0e0b59ce58ef1052bb938e92ecbedcf45be,4096x4096|/home/pth/workshop/wide-field-solver/eso_downloads/trial/apicam.<date>t#:#:#.#.fits,0,10273,0.7330670805724108,1.9969669811457933,True,0.7330671552890969,1.9969669420701632,True,0.7330671552890969,1.9969669420701632,0.0,0.0,7.471668617142768e-08,8.1,,saved_planet_gate_unavailable,[]
968e6e04bad1d1d6420627678578fc63f6cdd8b8af54b7cef03beebb6131879c,1200x900|/home/pth/skrivebord/fisheeyeimagesnotrailser/milkyway_gc#-#-#_with_planets_no_trails.jpg,0,379,0.255483616940478,1.37838555840553,True,0.2554836169393885,1.3783855584111764,True,0.2554836169393885,1.3783855584111764,0.0,0.0,-1.0895173652158974e-12,8.1,,,[]
96db5b71f6feada034d97e071a896c6a1f71ab9fea48abd7752c10009412c9ad,1411x1422|/home/pth/workshop/wide-field-solver/raw_allsky_samples/mmto/mmto-skycam/<date>/<date>__#_#_#.fits.bz#,5,347,0.34227349564682225,2.6042225870796463,True,0.3422734500206705,2.6042225742229297,True,0.3060831516326806,2.2930141562364432,-0.03619029838798993,-0.31120841798648646,-0.03619034401414167,8.1,,,"[-0.07755136983400437,0.0516139431089559,0.20005877841163527,0.014698708258273036,-0.8284697678835331]"
96e0cbe69b318387d2326fb898581060832a342ab1557652fad5206f377230ab,4096x4096|/home/pth/workshop/wide-field-solver/eso_downloads/trial/apicam.<date>t#:#:#.#.fits,0,10076,0.8490383435776951,2.3393408828766034,True,0.8490383778314686,2.33934082724108,True,0.8490383778314686,2.33934082724108,0.0,0.0,3.425377348431624e-08,8.1,,saved_planet_gate_unavailable,[]
9703f9ef6b6433dc96edf538c2c2fb81344d1ccb266a5a305da94fb37eed2e28,3672x3672|/home/pth/skrivebord/fisheeyeimagesnotrailser/subaru_maunakea_<date>t#z.jpg,0,4385,0.9263342787195172,2.724890402267624,True,0.9263342899679579,2.724890431768876,True,0.9263342899679579,2.724890431768876,0.0,0.0,1.1248440623390366e-08,8.1,,,[]
972593e3571c6a9f0ba66289163427e26809e02c746d0251373c58d5c0475fa5,1411x1422|/home/pth/workshop/wide-field-solver/raw_allsky_samples/mmto/mmto-skycam/<date>/<date>__#_#_#.fits.bz#,0,182,0.22794137353346378,1.6541429769652132,True,0.2279413736164387,1.654142977773342,True,0.2279413736164387,1.654142977773342,0.0,0.0,8.297493248043963e-11,8.1,,,[]
972fba46f47b236c5d3f687c12e8cbd5c51fab983b3e171af43762bf3425b6ed,1411x1422|/home/pth/workshop/wide-field-solver/raw_allsky_samples/mmto/mmto-skycam/<date>/<date>__#_#_#.fits.bz#,0,887,0.32136664429961226,2.480081983729177,True,0.3213788170422045,2.4788641585053357,True,0.3213788170422045,2.4788641585053357,0.0,0.0,1.2172742592242436e-05,8.1,,,[]
973ce4ea04090fff94f659a94493868ab329c39edfbb1628981abe7862f345ae,1411x1422|/home/pth/workshop/wide-field-solver/raw_allsky_samples/mmto/mmto-skycam/<date>/<date>__#_#_#.fits.bz#,0,298,0.2852775871906281,2.253221471640265,True,0.2852775887071257,2.2532215051924824,True,0.2852775887071257,2.2532215051924824,0.0,0.0,1.5164975941672765e-09,8.1,,,[]
9771397c6a7be1a89d30616229a9333f47878b2490150315838dd53405c43b98,1411x1422|/home/pth/workshop/wide-field-solver/raw_allsky_samples/mmto/mmto-skycam/<date>/<date>__#_#_#.fits.bz#,1,820,0.29583997510392057,2.28299991026757,True,0.29583999705558917,2.282999563103036,True,0.27982738572390187,2.1609417241654265,-0.0160126113316873,-0.12205783893760946,-0.016012589380018705,8.1,,,[-0.10419054610300553]
9876d22f5d83c3549e4320980373982cf44d129d5511e2aaa79f02d4e7a7851b,1411x1422|/home/pth/workshop/wide-field-solver/raw_allsky_samples/mmto/mmto-skycam/<date>/<date>__#_#_#.fits.bz#,0,589,0.30191062837938437,2.3361321584899626,True,0.30202815467597893,2.335605254846331,True,0.30202815467597893,2.335605254846331,0.0,0.0,0.00011752629659456115,8.1,,,[]
99e9ceff20ca34fe85d6561b8400bc1f1adcd57f23f23d914d6f033f8d26ad90,3672x3672|/home/pth/skrivebord/fisheeyeimagesnotrailser/subaru_maunakea_<date>t#z.jpg,0,3865,0.9969593126033975,2.9427527892764833,True,0.9969592818251706,2.942752609821062,True,0.9969592818251706,2.942752609821062,0.0,0.0,-3.0778226967065336e-08,8.1,,,[]
9a069c7d180e6b11c4133551e91d3cb5015d3fb22806bf016d1e86b48e22d8ea,488x652|/home/pth/workshop/wide-field-solver/data/zenodo-#/all/g_darksubtracted_jd#.#<date>#.fits,0,129,0.29355948822104105,3.3355901527496794,True,0.2935594972901455,3.3355902591908597,True,0.2935594972901455,3.3355902591908597,0.0,0.0,9.069104467407385e-09,10.998251424544936,,,[]
9a0f3660fd9e80be5aad26bb15de52fb5df19886cb7d81981156f796cb2b15b9,1411x1422|/home/pth/workshop/wide-field-solver/raw_allsky_samples/mmto/mmto-skycam/<date>/<date>__#_#_#.fits.bz#,0,1333,0.34444692837427676,2.630512804326478,True,0.34443161577123627,2.630879625448695,True,0.34443161577123627,2.630879625448695,0.0,0.0,-1.5312603040495976e-05,8.1,,,[]
9a8ee7968fea65dea2bd160095087795726c6bf88d56b77d146633eaf3de12ba,480x640|/home/pth/skrivebord/fisheeyeimagesnotrailser/allskycurrentimage.jpeg,0,176,0.3310607878692474,5.54643436062929,True,0.3310607869568374,5.546434358558899,True,0.3310607869568374,5.546434358558899,0.0,0.0,-9.124100364132914e-10,16.04975415446357,,,[]
9b10dd0eacbff0a5db5715682d36e49b1556a2c3357133d439ec382637ce112b,1411x1422|/home/pth/workshop/wide-field-solver/raw_allsky_samples/mmto/mmto-skycam/<date>/<date>__#_#_#.fits.bz#,0,464,0.26706094120395263,1.9968897767213611,True,0.2670609409703846,1.9968897901564973,True,0.2670609409703846,1.9968897901564973,0.0,0.0,-2.3356805378682566e-10,8.1,,,[]
9b301d74370e98385b1d0e319e91c95f4aa99fae8bfbfa001f8055fc38dc7090,1411x1422|/home/pth/workshop/wide-field-solver/raw_allsky_samples/mmto/mmto-skycam/<date>/<date>__#_#_#.fits.bz#,0,980,0.3221144439557898,2.4927492819300068,True,0.3221144505108154,2.4927492566096903,True,0.3221144505108154,2.4927492566096903,0.0,0.0,6.555025577892337e-09,8.1,,,[]
9b5c7eca90d385da7181608061988a85269c3256193b32e0863958d5db2c4617,1411x1422|/home/pth/workshop/wide-field-solver/raw_allsky_samples/mmto/mmto-skycam/<date>/<date>__#_#_#.fits.bz#,0,1049,0.3304573760767037,2.5383549221628976,True,0.33045735801495346,2.5383545169333717,True,0.33045735801495346,2.5383545169333717,0.0,0.0,-1.806175026208834e-08,8.1,,,[]
9b915e798a1bee0e6d01d118b56e05222b93fe4eb9f6597db163d89b6d4ac30b,4096x4096|/home/pth/workshop/wide-field-solver/eso_downloads/trial/apicam.<date>t#:#:#.#.fits,0,10516,0.731414577366978,1.987029797057569,True,0.7314146321911696,1.9870297740640144,True,0.7314146321911696,1.9870297740640144,0.0,0.0,5.482419163094221e-08,8.1,,saved_planet_gate_unavailable,[]
9c7bcb087dea6912b3cfec9d4413d144dc01a9bf7b1e1c6496c8fefe9453566e,1411x1422|/home/pth/workshop/wide-field-solver/raw_allsky_samples/mmto/mmto-skycam/<date>/<date>__#_#_#.fits.bz#,4,662,0.30047503859351277,2.275654503271516,True,0.30047503723534075,2.275654506227753,True,0.28353416693672445,2.126551464392585,-0.016940870298616295,-0.14910304183516798,-0.016940871656788314,8.1,,,"[0.11735778399531949,-0.07991741250388226,1.1886842023941266,-1.5046748329693274]"
9d18136b858f666e06293003787f8277b272baba4c32db7ec30209320439a9a2,4096x4096|/home/pth/workshop/wide-field-solver/eso_downloads/trial/apicam.<date>t#:#:#.#.fits,0,10003,0.687107099273922,1.8693171804854842,True,0.687107093317845,1.8693170960677048,True,0.687107093317845,1.8693170960677048,0.0,0.0,-5.956076964963586e-09,8.1,,saved_planet_gate_unavailable,[]
9d65d31113e85b8aa691d503800fbc33b45f025746d7e8012c9b93aad8a63de8,4096x4096|/home/pth/workshop/wide-field-solver/eso_downloads/trial/apicam.<date>t#:#:#.#.fits,0,4712,0.6208947571831508,1.68118877099739,True,0.6208947475230757,1.6811886901217217,True,0.6208947475230757,1.6811886901217217,0.0,0.0,-9.660075073192331e-09,8.1,,,[]
9d9a6e2c3d074ea4effabf87dfbedd5a418c45eef554eb0356d9fe015658a4c7,1411x1422|/home/pth/workshop/wide-field-solver/raw_allsky_samples/mmto/mmto-skycam/<date>/<date>__#_#_#.fits.bz#,0,1521,0.32723345668975307,2.5334975211244717,True,0.3272334585391251,2.533497554965236,True,0.3272334585391251,2.533497554965236,0.0,0.0,1.8493720443935047e-09,8.1,,planet_candidates_unavailable,[]
9e3f258ebf024822941af6825d61e96951ab0dc2e0b864d301e5be0bd10261e3,1411x1422|/home/pth/workshop/wide-field-solver/raw_allsky_samples/mmto/mmto-skycam/<date>/<date>__#_#_#.fits.bz#,0,976,0.32444886976129655,2.507133389426345,True,0.32444889880404026,2.507133207644329,True,0.32444889880404026,2.507133207644329,0.0,0.0,2.9042743709961627e-08,8.1,,,[]
9e8211cb58e683456a485ebcd3ef503e43ee7967dbc99b1b003faf2f7d1659de,3672x3672|/home/pth/skrivebord/fisheeyeimagesnotrailser/subaru_maunakea_<date>t#z.jpg,0,3503,0.9861740977276614,2.9108671437238747,True,0.9861740916087143,2.910867116666485,True,0.9861740916087143,2.910867116666485,0.0,0.0,-6.118947126765306e-09,8.1,,,[]
9ec5d12745633efd8cf9ed19c3067ca1c0a4aa67289b32e2102fd5bb3d76dcdc,488x652|/home/pth/workshop/wide-field-solver/data/zenodo-#/all/r_darksubtracted_jd#.#<date>#.fits,0,127,0.2921618722533933,3.278874200391317,True,0.29216187156482887,3.278874192692361,True,0.29216187156482887,3.278874192692361,0.0,0.0,-6.885644276977132e-10,11.02308391649323,,,[]
9ed69a75b593f983e63fe57ba16d23323342dcd96bbd97f5afd8eff7725d9615,488x652|/home/pth/workshop/wide-field-solver/data/zenodo-#/all/r_darksubtracted_jd#.#<date>#.fits,0,76,0.31515151334122304,3.397095062509766,True,0.3120190587179431,3.361808436227735,True,0.3120190587179431,3.361808436227735,0.0,0.0,-0.0031324546232799344,11.02622382635771,,,[]
9edfa08c57f579d8ffb59e3bed4375ef04c5dbd144c92fbe36157289f838f077,1411x1422|/home/pth/workshop/wide-field-solver/raw_allsky_samples/mmto/mmto-skycam/<date>/<date>__#_#_#.fits.bz#,0,798,0.3066598220292438,2.346690710492227,True,0.3066599263777815,2.3466906979657867,True,0.3066599263777815,2.3466906979657867,0.0,0.0,1.0434853769947239e-07,8.1,,,[]
9fd705592fc5f0d4be0bedc057132b639c2011ee425f125a574771313966eb5b,1411x1422|/home/pth/workshop/wide-field-solver/raw_allsky_samples/mmto/mmto-skycam/<date>/<date>__#_#_#.fits.bz#,0,288,0.5596317153184028,3.987072289099347,True,0.5589300357221706,3.9819616887327935,True,0.5589300357221706,3.9819616887327935,0.0,0.0,-0.0007016795962322409,8.1,,,[]
a246a66b8438f42e9fd9a3251c7f341af0d20bd6b9aee199c021e11ceb3aaf6d,4096x4096|/home/pth/workshop/wide-field-solver/eso_downloads/trial/apicam.<date>t#:#:#.#.fits,0,10439,0.7325307522401604,1.9961738219400122,True,0.7325307169417374,1.996173840769565,True,0.7325307169417374,1.996173840769565,0.0,0.0,-3.529842296234875e-08,8.1,,saved_planet_gate_unavailable,[]
a3719d72a3ed2f9ef6e6e4b1d4c3268f1750f5400e618d3bc24a2d503e1dc93b,488x652|/home/pth/workshop/wide-field-solver/data/zenodo-#/all/r_darksubtracted_jd#.#<date>#.fits,0,123,0.32133380849843757,3.6521107102322183,True,0.3213338084984432,3.652110710232248,True,0.3213338084984432,3.652110710232248,0.0,0.0,5.6066262743570405e-15,11.016949093761164,,,[]
a37e1ae17e7dd328e5f8bc0e524e0a75f95154ff3d04eaa560c26b70305b4e29,1411x1422|/home/pth/workshop/wide-field-solver/raw_allsky_samples/mmto/mmto-skycam/<date>/<date>__#_#_#.fits.bz#,0,883,0.32547093968162827,2.5114684887456424,True,0.3254709404563073,2.51146851294195,True,0.3254709404563073,2.51146851294195,0.0,0.0,7.746790431362172e-10,8.1,,,[]
a39df5668ca8e3eff363421a44e5e25e3eaf6d440e6d95cea0e7209725a71c56,800x600|/home/pth/skrivebord/fisheeyeimagesnotrailser/#_orig.jpg,0,141,0.29691602321206706,2.832018214216423,True,0.2969160232120552,2.832018214216455,True,0.2969160232120552,2.832018214216455,0.0,0.0,-1.1879386363489175e-14,9.550353590279174,,,[]
a3c6f7b1ef9bd49367da4e84e3b8343d68909787342a226c43891c397be356cd,1411x1422|/home/pth/workshop/wide-field-solver/raw_allsky_samples/mmto/mmto-skycam/<date>/<date>__#_#_#.fits.bz#,0,338,0.2677365749715445,1.9937297761939003,True,0.2677365821297553,1.9937296879548887,True,0.2677365821297553,1.9937296879548887,0.0,0.0,7.158210801883058e-09,8.1,,,[]
a4e70f6e9345d48ce3420932e59be8bac81f9eb628e62a632350475b21d79064,488x652|/home/pth/workshop/wide-field-solver/data/zenodo-#/all/r_darksubtracted_jd#.#<date>#.fits,0,136,0.29687574437644865,3.3155857734279595,True,0.29687572990757155,3.315585673787169,True,0.29687572990757155,3.315585673787169,0.0,0.0,-1.4468877096440735e-08,11.01536667412583,,,[]
a4ec23cd516d968108d3de93048848012e24b565b4c4d2df856675a4ce226a55,1411x1422|/home/pth/workshop/wide-field-solver/raw_allsky_samples/mmto/mmto-skycam/<date>/<date>__#_#_#.fits.bz#,4,47,0.320637056729228,2.4277429554643395,True,0.320637049185089,2.4277426561240074,True,0.29188436215895325,2.1874024472780658,-0.02875268702613576,-0.24034020884594165,-0.02875269457027474,8.1,,,"[0.16679500686069548,-0.05407265788854382,1.6317200710977322,-1.6775511675182277]"
a514a87aea330a1566459c8bf7604b7b90869ad7e756373d516c6e33064b38f5,4096x4096|/home/pth/workshop/wide-field-solver/eso_downloads/trial/apicam.<date>t#:#:#.#.fits,0,9737,0.6883159208228858,1.8603860145187532,True,0.6883159208228985,1.8603860145187623,True,0.6883159208228985,1.8603860145187623,0.0,0.0,1.2656542480726785e-14,8.1,,saved_planet_gate_unavailable,[]
a517deccee3b243268b9d4d9520ce37e8c64f165f22567c5a16ba0dfee9957d1,3672x3672|/home/pth/skrivebord/fisheeyeimagesnotrailser/subaru_maunakea_<date>t#z.jpg,0,4727,1.0291732710137553,3.0158986024480794,True,1.029173277937692,3.0158986111389647,True,1.029173277937692,3.0158986111389647,0.0,0.0,6.923936757274873e-09,8.1,,,[]
a5e30dd8c121c0bc5aa587c3f6a8399a9099f8d7282c66014fba247582d0d0b1,4096x4096|/home/pth/workshop/wide-field-solver/eso_downloads/trial/apicam.<date>t#:#:#.#.fits,0,10008,0.6987754858028781,1.8971414588097841,True,0.6987755074068404,1.8971414443172148,True,0.6987755074068404,1.8971414443172148,0.0,0.0,2.160396228578776e-08,8.1,,saved_planet_gate_unavailable,[]
a681e1118299522baf70413e86f82f37910af22b4c35e8d703c24983aef67805,488x652|/home/pth/workshop/wide-field-solver/data/zenodo-#/all/g_darksubtracted_jd#.#<date>#.fits,0,119,0.27833986220908685,3.157841372038038,True,0.2783398622188831,3.157841372157509,True,0.2783398622188831,3.157841372157509,0.0,0.0,9.796274902384994e-12,11.003991630210365,,,[]
a71288c5eba09d5176d10afa8d727bba7c6b7add8f010e9e5736d3acf664d97d,1411x1422|/home/pth/workshop/wide-field-solver/raw_allsky_samples/mmto/mmto-skycam/<date>/<date>__#_#_#.fits.bz#,1,1399,0.3392086069575104,2.63244675321602,True,0.33920860563861793,2.632446819262635,True,0.31482743666458285,2.402260924496754,-0.024381168974035083,-0.23018589476588103,-0.024381170292927523,8.1,,,[-0.11978504643068144]
a727fc118c7e033de13c823b32f9510afec25125819a73db921a6e8606255769,4096x4096|/home/pth/workshop/wide-field-solver/eso_downloads/trial/apicam.<date>t#:#:#.#.fits,0,10132,0.6771997125153021,1.832568347480591,True,0.6771998108237324,1.8325682939919739,True,0.6771998108237324,1.8325682939919739,0.0,0.0,9.830843028524328e-08,8.1,,saved_planet_gate_unavailable,[]
a841dab37adf58942db059a41d1298ce4d26144259210394454c3c10c379b951,1411x1422|/home/pth/workshop/wide-field-solver/raw_allsky_samples/mmto/mmto-skycam/<date>/<date>__#_#_#.fits.bz#,0,1149,0.3203109159248505,2.4600429105352046,True,0.3203109158923239,2.460042911418363,True,0.3203109158923239,2.460042911418363,0.0,0.0,-3.252659253050183e-11,8.1,,,[]
a85581331440ecd740af583d002614e3e3f7ccd490c7f864d229ad7b7ce346eb,1411x1422|/home/pth/workshop/wide-field-solver/raw_allsky_samples/mmto/mmto-skycam/<date>/<date>__#_#_#.fits.bz#,0,197,0.5847781790514034,4.092993876750101,True,0.5847964249498299,4.094284427969947,True,0.5847964249498299,4.094284427969947,0.0,0.0,1.8245898426472174e-05,8.1,,,[]
a8abcd40d9c8a7f91070a76c4d5d3e969a2df2cc5839c8450189f363c8e6902a,1411x1422|/home/pth/workshop/wide-field-solver/raw_allsky_samples/mmto/mmto-skycam/<date>/<date>__#_#_#.fits.bz#,0,91,0.6081420977118508,4.359997817957413,True,0.608142097831051,4.359997819581216,True,0.608142097831051,4.359997819581216,0.0,0.0,1.1920020526190456e-10,8.1,,,[]
aa0826de4bb25526c6c3f92de5b3c49f283e87f18098dc9e9a1cac4a200e42e8,4096x4096|/home/pth/workshop/wide-field-solver/eso_downloads/trial/apicam.<date>t#:#:#.#.fits,0,10285,1.002614748397018,2.7963464998269676,True,1.0026147483970098,2.7963464998269996,True,1.0026147483970098,2.7963464998269996,0.0,0.0,-8.215650382226158e-15,8.1,,saved_planet_gate_unavailable,[]
aa9f7e26f578939e7d49257650aef95c2fc92387a8c9838170c0c7902d5ad959,488x652|/home/pth/workshop/wide-field-solver/data/zenodo-#/all/r_darksubtracted_jd#.#<date>#.fits,0,130,0.2646178932919961,2.9987638581357956,True,0.26461739456533445,2.9987598448480046,True,0.26461739456533445,2.9987598448480046,0.0,0.0,-4.98726661635196e-07,11.028223207319655,,,[]
ab36ba13f71f19d10ca6c0b4597abd6efbfc46f8dd77802be9bb17711eceed2d,4480x6720|/home/pth/workshop/wide-field-solver/.worktrees/raw-allsky-acquisition/raw_allsky_samples/rubin/asc<date>#.cr#,0,3587,1.7644424052592051,3.451445087906605,True,1.7644424052592036,3.4514450879065857,True,1.7644424052592036,3.4514450879065857,0.0,0.0,-1.5543122344752192e-15,8.1,,planet_candidates_unavailable,[]
aca1ed41c985d67bf8fb13447c5186b8e9a390d19c77c784517a420f2120b7b3,3672x3672|/home/pth/skrivebord/fisheeyeimagesnotrailser/subaru_maunakea_<date>t#z.jpg,0,2649,0.898790149966765,2.6632579347203977,True,0.8987902480787205,2.6632581621742073,True,0.8987902480787205,2.6632581621742073,0.0,0.0,9.81119555598653e-08,8.1,,,[]
ad43ce08d89a1a7be2ce51c10e1f1fbed00b127d8c32b25886d548d9790b3d9a,1411x1422|/home/pth/workshop/wide-field-solver/raw_allsky_samples/mmto/mmto-skycam/<date>/<date>__#_#_#.fits.bz#,0,1436,0.3349682130040708,2.5910144777830015,True,0.3349682138429275,2.5910144856382282,True,0.3349682138429275,2.5910144856382282,0.0,0.0,8.388567063200014e-10,8.1,,,[]
ae5e0f5ce8baee1675aa4cd828b66d8cd91593dcf9c173ccf51b58b1b286719e,4096x4096|/home/pth/workshop/wide-field-solver/eso_downloads/trial/apicam.<date>t#:#:#.#.fits,0,10075,0.7333880726126264,2.001512128709025,True,0.7333880726126355,2.0015121287090563,True,0.7333880726126355,2.0015121287090563,0.0,0.0,9.103828801926284e-15,8.1,,saved_planet_gate_unavailable,[]
af720f1f6990f546c7f84c619357a389f08da8c227d939325de5cc2e39806243,1411x1422|/home/pth/workshop/wide-field-solver/raw_allsky_samples/mmto/mmto-skycam/<date>/<date>__#_#_#.fits.bz#,0,1485,0.3336723039081266,2.5710980807130204,True,0.33367230369920486,2.5710981024319675,True,0.33367230369920486,2.5710981024319675,0.0,0.0,-2.0892171326281073e-10,8.1,,planet_candidates_unavailable,[]
afcd05b609c069fdedef739864208f558daa8c1fd8d736886fb8410ee7ce8aff,4096x4096|/home/pth/workshop/wide-field-solver/eso_downloads/trial/apicam.<date>t#:#:#.#.fits,0,10288,1.0016984205200785,2.793327758794718,True,1.0016984205200772,2.793327758794743,True,1.0016984205200772,2.793327758794743,0.0,0.0,-1.3322676295501878e-15,8.1,,saved_planet_gate_unavailable,[]
b1f601df2582e390d3388d5c6d681a1c8308aba05052670d7e8284fc17ae8361,4096x4096|/home/pth/workshop/wide-field-solver/eso_downloads/trial/apicam.<date>t#:#:#.#.fits,0,10131,0.6905624816363423,1.8788652323430854,True,0.6905627111337628,1.8788651161995205,True,0.6905627111337628,1.8788651161995205,0.0,0.0,2.29497420511926e-07,8.1,,saved_planet_gate_unavailable,[]
b307200de46c7fdf5caaf27f6d84a1fab2d6f2705487fbba15daec1e58f12a47,1411x1422|/home/pth/workshop/wide-field-solver/raw_allsky_samples/mmto/mmto-skycam/<date>/<date>__#_#_#.fits.bz#,0,835,0.3069170050076034,2.3790875382542223,True,0.3069170051496727,2.3790875408024417,True,0.3069170051496727,2.3790875408024417,0.0,0.0,1.4206930076809954e-10,8.1,,,[]
b3c9ce9ded696d7b6c8b7986b89723196efde20ba1286d818f1cb579de0f6420,3672x3672|/home/pth/skrivebord/fisheeyeimagesnotrailser/subaru_maunakea_<date>t#z.jpg,0,3932,1.0623944051948688,3.1443658890168997,True,1.0623944051948677,3.1443658890169206,True,1.0623944051948677,3.1443658890169206,0.0,0.0,-1.1102230246251565e-15,8.1,,,[]
b5e941cf49d75b65e491a6cef3e989f588ee1694b5404e9cc39f681354e4d441,1411x1422|/home/pth/workshop/wide-field-solver/raw_allsky_samples/mmto/mmto-skycam/<date>/<date>__#_#_#.fits.bz#,0,975,0.3239080894171805,2.507597299519987,True,0.3239081506401883,2.5075973716264977,True,0.3239081506401883,2.5075973716264977,0.0,0.0,6.122300777455791e-08,8.1,,,[]
b5f35b81a363cb386a05dcea8e0ec8ecf3a087fcc0e480da56958848a8610e6a,4096x4096|/home/pth/workshop/wide-field-solver/eso_downloads/trial/apicam.<date>t#:#:#.#.fits,0,9967,0.6887600762636438,1.8602534839240215,True,0.6887600871885623,1.8602534813936753,True,0.6887600871885623,1.8602534813936753,0.0,0.0,1.0924918525390126e-08,8.1,,saved_planet_gate_unavailable,[]
b62e6ced6af3fd832908089d91771e58ba0c93f866e908dfc3676fb7c865d0dd,488x652|/home/pth/workshop/wide-field-solver/data/zenodo-#/all/r_darksubtracted_jd#.#<date>#.fits,0,126,0.3004967756336016,3.3636638150890703,True,0.30049677825514237,3.363663848017301,True,0.30049677825514237,3.363663848017301,0.0,0.0,2.621540762248742e-09,11.005475856370323,,,[]
b6341a08438b02b4e290ac69d4ae8f32341ca94c317f7994b11cc8c969be9fd2,1411x1422|/home/pth/workshop/wide-field-solver/raw_allsky_samples/mmto/mmto-skycam/<date>/<date>__#_#_#.fits.bz#,0,735,0.29444036370400256,2.251831596451247,True,0.29444036370400417,2.2518315964512454,True,0.29444036370400417,2.2518315964512454,0.0,0.0,1.609823385706477e-15,8.1,,,[]
b6d4d1cfbef66882848766f2b9d9bb151bc00d3d2fb888ca5f83ee4842d096b5,1411x1422|/home/pth/workshop/wide-field-solver/raw_allsky_samples/mmto/mmto-skycam/<date>/<date>__#_#_#.fits.bz#,4,1423,0.3317060707504368,2.5711896895264648,True,0.3317060706045983,2.571189715190916,True,0.30908427499846913,2.3760181939667224,-0.022621795606129147,-0.1951715212241938,-0.022621795751967655,8.1,,planet_candidates_unavailable,"[0.4446276600637787,-0.20447511518911424,1.9999910724264685,-1.6869423526219265]"
b8498017042a064b27a6084b3f7fa08e70fdb781469b2b50278391e5d8044344,1411x1422|/home/pth/workshop/wide-field-solver/raw_allsky_samples/mmto/mmto-skycam/<date>/<date>__#_#_#.fits.bz#,0,1398,0.33042038610981556,2.552170212071982,True,0.3304203861408831,2.5521702136853754,True,0.3304203861408831,2.5521702136853754,0.0,0.0,3.106753743153945e-11,8.1,,,[]
b918b18f64e8f9bed6b53db1ea89812e860b5f8b3eb4b46630ed484660a2f1c0,1411x1422|/home/pth/workshop/wide-field-solver/raw_allsky_samples/mmto/mmto-skycam/<date>/<date>__#_#_#.fits.bz#,0,512,0.2637904492318396,2.026842722726574,True,0.2637904564658286,2.0268428152916407,True,0.2637904564658286,2.0268428152916407,0.0,0.0,7.233989018917697e-09,8.1,,,[]
b936e2fec65921d71a76ef1f817c18161a77b6d2a7ba094d8e07939a15724210,1411x1422|/home/pth/workshop/wide-field-solver/raw_allsky_samples/mmto/mmto-skycam/<date>/<date>__#_#_#.fits.bz#,0,1385,0.3443897030984665,2.6279569351604652,True,0.3443897030984582,2.627956935160435,True,0.3443897030984582,2.627956935160435,0.0,0.0,-8.326672684688674e-15,8.1,,,[]
b9980a6ca6849e782fc4b0fb3231ed94b15090eb63f2469f4e0a1e90d8c08e3a,488x652|/home/pth/workshop/wide-field-solver/data/zenodo-#/all/r_darksubtracted_jd#.#<date>#.fits,0,95,0.2858553585501428,3.246399444198485,True,0.28585535855014393,3.2463994441985005,True,0.28585535855014393,3.2463994441985005,0.0,0.0,1.1102230246251565e-15,11.033906004634607,,,[]
b99d9dff44f23445d09d9725d01a50d81e83d5936d98e3b141641236ee99ba7d,488x652|/home/pth/workshop/wide-field-solver/data/zenodo-#/all/r_darksubtracted_jd#.#<date>#.fits,0,131,0.273192399396207,3.0861118076989023,True,0.27319239939838647,3.0861118077291763,True,0.27319239939838647,3.0861118077291763,0.0,0.0,2.179478819641645e-12,11.012386600683213,,,[]
bb1db3503140947679c2687e604f8f37a58f0c0707a7f89518b353272d72e334,1411x1422|/home/pth/workshop/wide-field-solver/raw_allsky_samples/mmto/mmto-skycam/<date>/<date>__#_#_#.fits.bz#,4,1446,0.3329048342296384,2.5921062734087816,True,0.33289859557927254,2.592247519661282,True,0.30691066085234525,2.352593162070585,-0.025987934726927286,-0.23965435759069686,-0.02599417337729315,8.1,,,"[0.42478182168351813,-0.27555064736876383,1.9999999999999998,-1.4619820861993642]"
bb39c396911668fedc7279b58637713fe77d22e750bb2d5addff9587b61cae3f,1411x1422|/home/pth/workshop/wide-field-solver/raw_allsky_samples/mmto/mmto-skycam/<date>/<date>__#_#_#.fits.bz#,0,890,0.32924363102437754,2.5477856676305857,True,0.32917411907437627,2.5479709937114556,True,0.32917411907437627,2.5479709937114556,0.0,0.0,-6.951195000126642e-05,8.1,,,[]
bd122e562f2a23d29e282288c7e8322dec5345a7129313d57ed24f29341e61aa,1411x1422|/home/pth/workshop/wide-field-solver/raw_allsky_samples/mmto/mmto-skycam/<date>/<date>__#_#_#.fits.bz#,0,462,0.36899792994463393,2.6613124809947326,True,0.36884949460976774,2.662345267463877,True,0.36884949460976774,2.662345267463877,0.0,0.0,-0.00014843533486619265,8.1,,,[]
bd4ed7cc0366be6e95f5012b28f4a9e9bd3a7ce0219946943ae60b64d0667086,1411x1422|/home/pth/workshop/wide-field-solver/raw_allsky_samples/mmto/mmto-skycam/<date>/<date>__#_#_#.fits.bz#,0,575,0.2887358800655774,2.2303533733651086,True,0.2887358802659699,2.2303533756140337,True,0.2887358802659699,2.2303533756140337,0.0,0.0,2.0039253589843042e-10,8.1,,,[]
be9b73f4bd9c6aa791fdaaddfb42d5972b80635113f1436c63fd202812a4b893,1411x1422|/home/pth/workshop/wide-field-solver/raw_allsky_samples/mmto/mmto-skycam/<date>/<date>__#_#_#.fits.bz#,0,52,0.21374932106573552,1.5917196505571263,True,0.21374931249592233,1.5917196536369536,True,0.21374931249592233,1.5917196536369536,0.0,0.0,-8.56981319241612e-09,8.1,,,[]
c10346a1d01381824af281835a32900db1c4734e8da2ddf885c1f78f7e9c9ff3,3672x3672|/home/pth/skrivebord/fisheeyeimagesnotrailser/subaru_maunakea_<date>t#z.jpg,0,4825,1.0221606607412224,3.002828383937185,True,1.022160618197314,3.0028282713643484,True,1.022160618197314,3.0028282713643484,0.0,0.0,-4.2543908396197594e-08,8.1,,,[]
c15804b86622604b5d16ef03f2bcb79490afbd770d4b05874240698c601532b1,1411x1422|/home/pth/workshop/wide-field-solver/raw_allsky_samples/mmto/mmto-skycam/<date>/<date>__#_#_#.fits.bz#,0,1097,0.33294748526513956,2.5782610358515394,True,0.33292964498895317,2.5784268302565376,True,0.33292964498895317,2.5784268302565376,0.0,0.0,-1.7840276186398274e-05,8.1,,,[]
c1d668e7120decd55d7a1a4dfafd2626006c135c4a795fb90bcc783d05042b8b,4096x4096|/home/pth/workshop/wide-field-solver/eso_downloads/trial/apicam.<date>t#:#:#.#.fits,0,10098,1.013323747657896,2.8177888644308022,True,1.0133237122967236,2.817788941595445,True,1.0133237122967236,2.817788941595445,0.0,0.0,-3.536117243463366e-08,8.1,,saved_planet_gate_unavailable,[]
c235945685d388b4551e7745269daa17fcd3edbd3483de06ca14af8d26bb1a48,4096x4096|/home/pth/workshop/wide-field-solver/eso_downloads/trial/apicam.<date>t#:#:#.#.fits,0,10294,0.8500936456136775,2.3426875949489196,True,0.8500936319345134,2.3426876038827706,True,0.8500936319345134,2.3426876038827706,0.0,0.0,-1.367916413475001e-08,8.1,,saved_planet_gate_unavailable,[]
c2d413666bb7d547b951f323a69ad1d459a72313cd0b529d9154cf3812f17506,1411x1422|/home/pth/workshop/wide-field-solver/raw_allsky_samples/mmto/mmto-skycam/<date>/<date>__#_#_#.fits.bz#,5,1443,0.32795313812189997,2.509684845794258,True,0.3279425090232416,2.509880203805673,True,0.3047365355452182,2.303374914568607,-0.023205973478023445,-0.20650528923706624,-0.02321660257668179,8.1,,,"[0.19685134064031382,0.06851888996816671,0.44338698463753595,0.47769139975996344,-1.1328021580981529]"
c30433b4ac11cfc03e17308de75ed60164b769e3bd6adb3396f8f7fe5e40f43b,4096x4096|/home/pth/workshop/wide-field-solver/eso_downloads/trial/apicam.<date>t#:#:#.#.fits,4,10070,0.6719075732367412,1.8224857795775486,True,0.6719075674565227,1.8224857841045905,True,0.633237731056383,1.713505785584994,-0.03866983640013966,-0.1089799985195965,-0.03866984218035818,8.1,,saved_planet_gate_unavailable,"[0.2954595062674308,0.43848752498373955,-1.3915662835124352,1.9999593166085674]"
c41bc6360237adb8e57aa7126727a81e0f78f3ed3805decdfe060e1796fe00c6,1411x1422|/home/pth/workshop/wide-field-solver/raw_allsky_samples/mmto/mmto-skycam/<date>/<date>__#_#_#.fits.bz#,0,1507,0.33701740971968347,2.6010023685325967,True,0.3370266221279801,2.6009283235464324,True,0.3370266221279801,2.6009283235464324,0.0,0.0,9.212408296654928e-06,8.1,,,[]
c46e0bed9d4becbacf166f3a54b3fe218d1406121d709ffeebf3b18af54effec,1411x1422|/home/pth/workshop/wide-field-solver/raw_allsky_samples/mmto/mmto-skycam/<date>/<date>__#_#_#.fits.bz#,0,154,0.5991503744589042,4.27175549001346,True,0.5991503578054868,4.271755399293777,True,0.5991503578054868,4.271755399293777,0.0,0.0,-1.6653417422851646e-08,8.1,,,[]
c48195107c953cc9deaf01400eba43398ea014ef598d65c5cf0085ce210d5939,1411x1422|/home/pth/workshop/wide-field-solver/raw_allsky_samples/mmto/mmto-skycam/<date>/<date>__#_#_#.fits.bz#,4,1443,0.33127503031812533,2.5392040557716817,True,0.33127518876010165,2.5391890025993518,True,0.3107973880705408,2.3553817011013325,-0.020477800689560843,-0.18380730149801927,-0.020477642247584527,8.1,,,"[0.3831668503080486,-0.23287911658553914,1.989516487208522,-1.7912539382135324]"
c49bffabc1fe7b85dbe6167e50d45b27e714f3c612e51d585015c0c91745f131,4096x4096|/home/pth/workshop/wide-field-solver/eso_downloads/trial/apicam.<date>t#:#:#.#.fits,0,10152,0.6827684435193216,1.8459868597102982,True,0.6827684643865872,1.84598685575972,True,0.6827684643865872,1.84598685575972,0.0,0.0,2.0867265582147354e-08,8.1,,saved_planet_gate_unavailable,[]
c5196cdcfceb57fa5621236717e7ded4103573c645bc2a8074cd2f281d54eb1e,4096x4096|/home/pth/workshop/wide-field-solver/eso_downloads/trial/apicam.<date>t#:#:#.#.fits,0,10440,1.002525576378648,2.7977539773247906,True,1.0025255763786551,2.797753977324822,True,1.0025255763786551,2.797753977324822,0.0,0.0,7.105427357601002e-15,8.1,,saved_planet_gate_unavailable,[]
c58f973d2a34ffd2fe9585cb9a9c457625f9ea0e1cee2ee91c3ed84d091103d6,4096x4096|/home/pth/workshop/wide-field-solver/eso_downloads/trial/apicam.<date>t#:#:#.#.fits,0,9890,0.737965715303383,2.003952593156965,True,0.7379657318570625,2.003952588330051,True,0.7379657318570625,2.003952588330051,0.0,0.0,1.6553679538233723e-08,8.1,,saved_planet_gate_unavailable,[]
c6d1c00e18235e0b574b6746ed93cf3c10825047513d1ab35f86d0f258658ae8,4096x4096|/home/pth/workshop/wide-field-solver/eso_downloads/trial/apicam.<date>t#:#:#.#.fits,0,9687,0.8523338152763109,2.3454624779766204,True,0.8523339670332434,2.345462304354069,True,0.8523339670332434,2.345462304354069,0.0,0.0,1.5175693246494149e-07,8.1,,saved_planet_gate_unavailable,[]
c6ead0e6ee2f65bf8d2c89de3351ca8d89d6270d765265e2c2a03d0d3a809791,1411x1422|/home/pth/workshop/wide-field-solver/raw_allsky_samples/mmto/mmto-skycam/<date>/<date>__#_#_#.fits.bz#,0,319,0.567181518036814,4.008081134581368,True,0.5671505913750644,4.0079174990756705,True,0.5671505913750644,4.0079174990756705,0.0,0.0,-3.092666174964176e-05,8.1,,,[]
c7e063ca5bbca8f4c752fe2c2b6e58ad3ccb77f95c99947dc1584d6ac61954c9,1411x1422|/home/pth/workshop/wide-field-solver/raw_allsky_samples/mmto/mmto-skycam/<date>/<date>__#_#_#.fits.bz#,0,1450,0.32861065213671803,2.5457861043643484,True,0.3286106516184569,2.545786125115075,True,0.3286106516184569,2.545786125115075,0.0,0.0,-5.182611562126738e-10,8.1,,,[]
c8644e198c6704183cdcc79ccad97d808a9807dd0ddf48bd057dd3d120dc6fed,1411x1422|/home/pth/workshop/wide-field-solver/raw_allsky_samples/mmto/mmto-skycam/<date>/<date>__#_#_#.fits.bz#,0,1307,0.3303517517977098,2.5431043811962817,True,0.3303517518427933,2.543104389408628,True,0.3303517518427933,2.543104389408628,0.0,0.0,4.5083492494768507e-11,8.1,,,[]
c902278e43ee42176e32f71f7d3e25fab1212b4e7a89a18b984b70dfd8a9e646,4096x4096|/home/pth/workshop/wide-field-solver/eso_downloads/trial/apicam.<date>t#:#:#.#.fits,0,10171,0.7310979428918751,1.9924245140855326,True,0.7310979246824951,1.9924245241438943,True,0.7310979246824951,1.9924245241438943,0.0,0.0,-1.820938000385297e-08,8.1,,saved_planet_gate_unavailable,[]
c999714ab093f4fbc077450fb8f395d01eb4bfa91486cc96b53e9ca91df42e5f,1411x1422|/home/pth/workshop/wide-field-solver/raw_allsky_samples/mmto/mmto-skycam/<date>/<date>__#_#_#.fits.bz#,4,1013,0.33460147907070603,2.5659484005673927,True,0.33460557155316095,2.565996928944943,True,0.31337891173665655,2.3847402358822323,-0.0212266598165044,-0.18125669306271064,-0.02122256733404948,8.1,,,"[0.3344271191945034,-0.1859755434807316,1.8346110526016264,-1.731630641452037]"
caae72fb62e24157cecece92f9013bbd5d5fddda18a9e4e303963699f4cfb067,1411x1422|/home/pth/workshop/wide-field-solver/raw_allsky_samples/mmto/mmto-skycam/<date>/<date>__#_#_#.fits.bz#,4,460,0.3047443672540061,2.2446339760350225,True,0.30474436872371974,2.244633984107079,True,0.28274619997686595,2.0592511087465666,-0.021998168746853786,-0.18538287536051223,-0.021998167277140157,8.1,,,"[0.3305506258670427,-0.1471432259741723,1.7374629773837287,-1.6875371094877936]"
cbe09c2e07e0acc623a7ed84b56dc5c11f424038ab15d448038a139845382cdf,4096x4096|/home/pth/workshop/wide-field-solver/eso_downloads/trial/apicam.<date>t#:#:#.#.fits,0,10159,1.0138386488193953,2.815755241985888,True,1.013838286668048,2.8157557999006047,True,1.013838286668048,2.8157557999006047,0.0,0.0,-3.621513473550664e-07,8.1,,saved_planet_gate_unavailable,[]
cc8113e38965ce35d4412e67ee920aa2e3472d2e9113b541c29e737fbc0a8e4c,1411x1422|/home/pth/workshop/wide-field-solver/raw_allsky_samples/mmto/mmto-skycam/<date>/<date>__#_#_#.fits.bz#,0,1506,0.3417314451900596,2.65039301085607,True,0.34172223490674897,2.6503988178630995,True,0.34172223490674897,2.6503988178630995,0.0,0.0,-9.210283310634448e-06,8.1,,,[]
cc90030794fb0158107fa6ce2ab6c2bacf07bd7334b7e1999f10d21fc19e5f73,4096x4096|/home/pth/workshop/wide-field-solver/eso_downloads/trial/apicam.<date>t#:#:#.#.fits,0,9844,0.6965932760827056,1.8940538998131424,True,0.6965932760827189,1.894053899813139,True,0.6965932760827189,1.894053899813139,0.0,0.0,1.3322676295501878e-14,8.1,,saved_planet_gate_unavailable,[]
ccf4dff6c1d78b7eec25145a505d0441d14f0c206f438d549e8a4eee53a604e2,4096x4096|/home/pth/workshop/wide-field-solver/eso_downloads/trial/apicam.<date>t#:#:#.#.fits,0,10202,0.8587829867205834,2.3634879723041915,True,0.8587829713214935,2.363487989927245,True,0.8587829713214935,2.363487989927245,0.0,0.0,-1.53990898921208e-08,8.1,,saved_planet_gate_unavailable,[]
ce74e64750a2ef66e9568034fe1df4a97b0f406037691d2e8e9f636ad4aa2440,488x652|/home/pth/workshop/wide-field-solver/data/zenodo-#/all/r_darksubtracted_jd#.#<date>#.fits,0,113,0.30060133378503834,3.398268835041078,True,0.30060147488989064,3.3982703555723672,True,0.30060147488989064,3.3982703555723672,0.0,0.0,1.4110485230256486e-07,11.019530275489542,,,[]
cf4d3d2574ef44cd668547ad22427a2394046ee9687c7484093bd3a4c80f588f,1411x1422|/home/pth/workshop/wide-field-solver/raw_allsky_samples/mmto/mmto-skycam/<date>/<date>__#_#_#.fits.bz#,2,63,0.3114887972450544,2.308184881964135,True,0.311488797244948,2.308184881964015,True,0.2971798212691442,1.9938798019560235,-0.014308975975803773,-0.3143050800079914,-0.014308975975910188,8.1,,,"[0.387292069948099,0.3639101856655063]"
cfcb89b0fa15a63c44d991da73e7980e9cb49465f7cd03ca8036a9a0d8965be4,4096x4096|/home/pth/workshop/wide-field-solver/eso_downloads/trial/apicam.<date>t#:#:#.#.fits,0,8676,0.9974217294310511,2.7743747872932465,True,0.997421735600625,2.7743748372828088,True,0.997421735600625,2.7743748372828088,0.0,0.0,6.169573851799726e-09,8.1,,saved_planet_gate_unavailable,[]
d102dbc8d9062bea57c32b4971e94d96b2b40e78990eadbbffe8a6f925217d90,1411x1422|/home/pth/workshop/wide-field-solver/raw_allsky_samples/mmto/mmto-skycam/<date>/<date>__#_#_#.fits.bz#,0,1350,0.3236867498893766,2.5015829123107562,True,0.32368674231990896,2.5015825957876574,True,0.32368674231990896,2.5015825957876574,0.0,0.0,-7.569467663781637e-09,8.1,,,[]
d14332d82070e6b02d1e3188b4d4cd9a39b66780716ddda984a739b2d85d8727,2251x3372|/home/pth/workshop/wide-field-solver/.worktrees/raw-allsky-acquisition/raw_allsky_samples/derived/rubin_fits_conversion/l#/<date>_#_asc<date>#_ab#ba#_l#_rawcube.fits,0,1507,0.6958293809456265,2.867788255584798,True,0.6958295121585055,2.867787907344872,True,0.6958295121585055,2.867787907344872,0.0,0.0,1.312128790065259e-07,8.1,,,[]
d2e61f85becf73063eb0d9fce62745c85b663d49ef6c783da7e95a931e4fced7,4096x4096|/home/pth/workshop/wide-field-solver/eso_downloads/trial/apicam.<date>t#:#:#.#.fits,0,9864,0.9960706601581131,2.773405331449278,True,0.9960707036758765,2.7734052443872113,True,0.9960707036758765,2.7734052443872113,0.0,0.0,4.351776339284186e-08,8.1,,saved_planet_gate_unavailable,[]
d4404c7a676fc24a6f46c51d3b7a7ee75ea84db1a62735e8d11d4cb2c17f98ee,1411x1422|/home/pth/workshop/wide-field-solver/raw_allsky_samples/mmto/mmto-skycam/<date>/<date>__#_#_#.fits.bz#,0,621,0.2418048565492739,1.7740582119269221,True,0.24180483983060455,1.7740581165458955,True,0.24180483983060455,1.7740581165458955,0.0,0.0,-1.6718669337834058e-08,8.1,,,[]
d56b852a9b224bbe74d29eee97d12940c49646dfb2274784f0160369e4ef902f,4096x4096|/home/pth/workshop/wide-field-solver/eso_downloads/trial/apicam.<date>t#:#:#.#.fits,0,9772,0.7379133869724789,2.0022152710484256,True,0.7379134122375827,2.0022152599422767,True,0.7379134122375827,2.0022152599422767,0.0,0.0,2.526510378686453e-08,8.1,,saved_planet_gate_unavailable,[]
d5d991288b273bf46401b50889e47fb184f3279b51fca13e7b4c135cca69c22e,1411x1422|/home/pth/workshop/wide-field-solver/raw_allsky_samples/mmto/mmto-skycam/<date>/<date>__#_#_#.fits.bz#,0,913,0.3226282533589544,2.4699636452066813,True,0.32262825213541213,2.4699636339018576,True,0.32262825213541213,2.4699636339018576,0.0,0.0,-1.2235422675033192e-09,8.1,,,[]
d5e3932b0dda229fd23c00eba4c537344433178eb72b25d606cf6034d7198c8c,4096x4096|/home/pth/workshop/wide-field-solver/eso_downloads/trial/apicam.<date>t#:#:#.#.fits,0,10166,0.8563087563293713,2.3584846162909567,True,0.8563087563293816,2.3584846162909883,True,0.8563087563293816,2.3584846162909883,0.0,0.0,1.0325074129013956e-14,8.1,,saved_planet_gate_unavailable,[]
d6e0538fa2ced3fede6c1c856e4d42e22849796f1df5546e7082ccab03cfc227,1411x1422|/home/pth/workshop/wide-field-solver/raw_allsky_samples/mmto/mmto-skycam/<date>/<date>__#_#_#.fits.bz#,1,49,0.3911128896120832,2.7442527375939325,True,0.3911129454127255,2.7442529832555325,True,0.3756431578181608,2.5576120550960715,-0.015469787594564688,-0.18664092815946098,-0.015469731793922359,8.1,,,[-0.06377122887807002]
d7278337c18a87e19b4254dbd053769cc10233732f1ce686a44b235a567fa960,1411x1422|/home/pth/workshop/wide-field-solver/raw_allsky_samples/mmto/mmto-skycam/<date>/<date>__#_#_#.fits.bz#,0,1409,0.32893926051195427,2.5433602862569376,True,0.3289316324375701,2.5435196247221987,True,0.3289316324375701,2.5435196247221987,0.0,0.0,-7.628074384147254e-06,8.1,,,[]
d8b9fddfb7b1fa726a4204a83d5dcd1c77a7f1ef3e578b79525f46a4537aa40f,1411x1422|/home/pth/workshop/wide-field-solver/raw_allsky_samples/mmto/mmto-skycam/<date>/<date>__#_#_#.fits.bz#,0,733,0.2902652075847549,2.1629720976286615,True,0.29026745803073334,2.1629027412669055,True,0.29026745803073334,2.1629027412669055,0.0,0.0,2.2504459784578046e-06,8.1,,,[]
d8bab3c12d4544208103240b5681665d823495a8d585c2a67999cd92304a34f4,1411x1422|/home/pth/workshop/wide-field-solver/raw_allsky_samples/mmto/mmto-skycam/<date>/<date>__#_#_#.fits.bz#,4,802,0.325770524445836,2.5117236628342967,True,0.3257705246788732,2.511723665201538,True,0.31102453918239426,2.3659328588502273,-0.01474598549647893,-0.14579080635131048,-0.01474598526344173,8.1,,,"[0.1935247306025674,-0.09203372207714126,1.3636245377504532,-1.5267841226094276]"
d8c03a5344c756cd4b4384c2cb8baac2a5aa70f6f03e035f93dcc5f54f60993d,1411x1422|/home/pth/workshop/wide-field-solver/raw_allsky_samples/mmto/mmto-skycam/<date>/<date>__#_#_#.fits.bz#,0,257,0.5753895314265622,4.072093601235673,True,0.5751174457101509,4.067103137974967,True,0.5751174457101509,4.067103137974967,0.0,0.0,-0.00027208571641135215,8.1,,,[]
d8d0d38b728efc6740f514c0cc7f0932d70f41a1f5875da29aeb17990eb5fa68,4096x4096|/home/pth/workshop/wide-field-solver/eso_downloads/trial/apicam.<date>t#:#:#.#.fits,0,9938,0.7396820279066176,2.010405885401742,True,0.7396820519090832,2.0104058775297786,True,0.7396820519090832,2.0104058775297786,0.0,0.0,2.4002465570660547e-08,8.1,,saved_planet_gate_unavailable,[]
d902adf6120976ebc4b8afef62f640ee575a2afb45e5a3308bfad4c0810dcb5b,1411x1422|/home/pth/workshop/wide-field-solver/raw_allsky_samples/mmto/mmto-skycam/<date>/<date>__#_#_#.fits.bz#,0,584,0.30067282923083916,2.337235862572967,True,0.3006410321433799,2.3356418730680817,True,0.3006410321433799,2.3356418730680817,0.0,0.0,-3.179708745926213e-05,8.1,,,[]
d975a4d4f424f749220f3c068e6325c99475d6f29810464103acc1b778443f2d,488x652|/home/pth/workshop/wide-field-solver/data/zenodo-#/all/r_darksubtracted_jd#.#<date>#.fits,0,120,0.3011449450156238,3.405312940378938,True,0.301144945181142,3.4053129416333814,True,0.301144945181142,3.4053129416333814,0.0,0.0,1.65518210248905e-10,11.023659099778694,,,[]
da17e33ca4bf1acfa5dd7b53c419214e10a4c8ff764415f0c6c4459cd41a71e1,1411x1422|/home/pth/workshop/wide-field-solver/raw_allsky_samples/mmto/mmto-skycam/<date>/<date>__#_#_#.fits.bz#,0,126,0.2591233875403177,2.0505964374164485,True,0.2591233879811121,2.0505964436421484,True,0.2591233879811121,2.0505964436421484,0.0,0.0,4.4079440097988254e-10,8.1,,,[]
da8e00c52f7119114e1a6e730aed02ac752def1b9dc04d77d3e3de0795438c56,488x652|/home/pth/workshop/wide-field-solver/data/zenodo-#/all/r_darksubtracted_jd#.#<date>#.fits,0,114,0.2865127955762413,3.177108480788573,True,0.286512798430833,3.1771085113346134,True,0.286512798430833,3.1771085113346134,0.0,0.0,2.854591674150697e-09,11.027235061915182,,,[]
dbaae670723e5d48b01b2b99a4d23c65f92c4e6b380d70152ccff7e305711aba,4096x4096|/home/pth/workshop/wide-field-solver/eso_downloads/trial/apicam.<date>t#:#:#.#.fits,0,9932,0.6852409782067145,1.852972258090205,True,0.6852407381440643,1.8529723014287145,True,0.6852407381440643,1.8529723014287145,0.0,0.0,-2.400626502030434e-07,8.1,,planet_candidates_unavailable,[]
dbd617910d965c2a0ff8c8aa80803c533bc4eb64f6e18672b05ec56b65b4883a,1411x1422|/home/pth/workshop/wide-field-solver/raw_allsky_samples/mmto/mmto-skycam/<date>/<date>__#_#_#.fits.bz#,1,1443,0.332623491569866,2.5730178845569194,True,0.332623498054887,2.5730177590674197,True,0.31136401556127646,2.3796692060803113,-0.021259482493610538,-0.1933485529871084,-0.021259476008589517,8.1,,,[-0.11609505535610608]
dbf4fe1f9192deef430bc5b852210d27690bd6722902e59e5b3f72ddf1c2ea08,4096x4096|/home/pth/workshop/wide-field-solver/eso_downloads/trial/apicam.<date>t#:#:#.#.fits,0,10627,1.0046434457389193,2.8007617695369342,True,1.0046434457389324,2.80076176953697,True,1.0046434457389324,2.80076176953697,0.0,0.0,1.3100631690576847e-14,8.1,,saved_planet_gate_unavailable,[]
dc57198ae963d9f48b38750d9c8d296b5ad65063f883c9d0794bb19dccefbe56,4096x4096|/home/pth/workshop/wide-field-solver/eso_downloads/trial/apicam.<date>t#:#:#.#.fits,0,9941,0.687191053339637,1.8666983756413338,True,0.6871910689050094,1.866698320830153,True,0.6871910689050094,1.866698320830153,0.0,0.0,1.5565372324388704e-08,8.1,,saved_planet_gate_unavailable,[]
dc96fde5c4d9ff769fe32b9c6af214c97791355b4e25074c3b368e640e2943b4,3672x3672|/home/pth/skrivebord/fisheeyeimagesnotrailser/subaru_maunakea_<date>t#z.jpg,0,3036,0.9747660864592774,2.8447938456205337,True,0.9747661030265315,2.844793892720482,True,0.9747661030265315,2.844793892720482,0.0,0.0,1.6567254124133513e-08,8.1,,,[]
dcda58081ae47ea9c479a9feaad275e6c662a559ddf26f10afb3f5b040f94a6a,1411x1422|/home/pth/workshop/wide-field-solver/raw_allsky_samples/mmto/mmto-skycam/<date>/<date>__#_#_#.fits.bz#,0,474,0.30055258279158736,2.3324561464914333,True,0.30055262859098475,2.3324555310467336,True,0.30055262859098475,2.3324555310467336,0.0,0.0,4.579939738569294e-08,8.1,,,[]
dd71e537deab6085693298fb1bedfa20db62fab41ea1ec364173b408bcaa3005,1411x1422|/home/pth/workshop/wide-field-solver/raw_allsky_samples/mmto/mmto-skycam/<date>/<date>__#_#_#.fits.bz#,0,533,0.23917436058056868,1.748043669495243,True,0.2391743607329793,1.7480436662322,True,0.2391743607329793,1.7480436662322,0.0,0.0,1.5241061190884864e-10,8.1,,,[]
ddefe2d1bca427e33a98b0c3329a510da0c135e3e3cf45bb2291468a3e7d4da8,1411x1422|/home/pth/workshop/wide-field-solver/raw_allsky_samples/mmto/mmto-skycam/<date>/<date>__#_#_#.fits.bz#,0,1328,0.3244105805781821,2.488906443851788,True,0.32437874874367933,2.4897591876274046,True,0.32437874874367933,2.4897591876274046,0.0,0.0,-3.1831834502782375e-05,8.1,,,[]
de2384c647a6a35fe3c05b8373918d59fa504e5211a6bd7056bc6ae997ef520e,4096x4096|/home/pth/workshop/wide-field-solver/eso_downloads/trial/apicam.<date>t#:#:#.#.fits,0,9602,0.6973569282808163,1.893371503592196,True,0.6973569282808245,1.8933715035922027,True,0.6973569282808245,1.8933715035922027,0.0,0.0,8.215650382226158e-15,8.1,,saved_planet_gate_unavailable,[]
df8f9222ad4af910976dede6d2ca093f461fcd2b8430365a2814193df8a89c53,488x652|/home/pth/workshop/wide-field-solver/data/zenodo-#/all/r_darksubtracted_jd#.#<date>#.fits,0,95,0.30020032722069456,3.3739059698967897,True,0.3002003524763131,3.3739062839283878,True,0.3002003524763131,3.3739062839283878,0.0,0.0,2.5255618540942493e-08,11.037778119505122,,,[]
dfeecb9178b50827a50d558ce66408cc1afb863c21ccbfd69d61716f4da9b2b4,1411x1422|/home/pth/workshop/wide-field-solver/raw_allsky_samples/mmto/mmto-skycam/<date>/<date>__#_#_#.fits.bz#,0,324,0.3059579467480098,2.4148344753461983,True,0.30595795623562627,2.4148343224382818,True,0.30595795623562627,2.4148343224382818,0.0,0.0,9.487616470238436e-09,8.1,,,[]
e0100b4b531ba806f514611ded51372d49043d5b4d780b341fcc6296c0a03f3d,1411x1422|/home/pth/workshop/wide-field-solver/raw_allsky_samples/mmto/mmto-skycam/<date>/<date>__#_#_#.fits.bz#,0,309,0.30305338730880077,2.3946531883734794,True,0.3028299962053765,2.3956125489239533,True,0.3028299962053765,2.3956125489239533,0.0,0.0,-0.00022339110342428636,8.1,,,[]
e0acd9269e25a2e364caff61cca4a9fbffacb8a28f3783712e0473ac7ed57814,1411x1422|/home/pth/workshop/wide-field-solver/raw_allsky_samples/mmto/mmto-skycam/<date>/<date>__#_#_#.fits.bz#,0,858,0.2649451960510389,2.0045698849796465,True,0.26494519553951024,2.004569899362474,True,0.26494519553951024,2.004569899362474,0.0,0.0,-5.115286527690444e-10,8.1,,,[]
e0c4bd3c47a5420143979cd9b8976cbd8ab48ba21d6070fe679b33b165d8c820,1411x1422|/home/pth/workshop/wide-field-solver/raw_allsky_samples/mmto/mmto-skycam/<date>/<date>__#_#_#.fits.bz#,0,500,0.2750073696686231,2.044850746467905,True,0.2750073696982842,2.0448507466916794,True,0.2750073696982842,2.0448507466916794,0.0,0.0,2.96611069039443e-11,8.1,,,[]
e0cc5bb87ff4c3bf77cce55494e5305c50da751afd82255e37ae5e67a1cee44d,1411x1422|/home/pth/workshop/wide-field-solver/raw_allsky_samples/mmto/mmto-skycam/<date>/<date>__#_#_#.fits.bz#,0,1024,0.3315971750202105,2.5251346581737195,True,0.33159717504213915,2.52513465973966,True,0.33159717504213915,2.52513465973966,0.0,0.0,2.192862558203501e-11,8.1,,,[]
e0d89a2b893ac85f04bad1953e9c1c0937405929d73dedc91cf56932de4e104b,1411x1422|/home/pth/workshop/wide-field-solver/raw_allsky_samples/mmto/mmto-skycam/<date>/<date>__#_#_#.fits.bz#,0,772,0.3151776577668832,2.457590626820927,True,0.3151776593312422,2.4575906269342696,True,0.3151776593312422,2.4575906269342696,0.0,0.0,1.5643589756919596e-09,8.1,,,[]
e15e70cb3c54668bc92a6ab8ab331633bc4fc1654cba8f26059e6af3bf810cde,1411x1422|/home/pth/workshop/wide-field-solver/raw_allsky_samples/mmto/mmto-skycam/<date>/<date>__#_#_#.fits.bz#,0,781,0.31386050090854073,2.3948529181747698,True,0.31386050186454484,2.394852921754053,True,0.31386050186454484,2.394852921754053,0.0,0.0,9.56004109209374e-10,8.1,,,[]
e1664ffde4ef123b2db9e6f312effe7c890e8cc0a5be4c94c31d6833b7c443b4,1411x1422|/home/pth/skrivebord/fisheeyeimagesnotrailser/mmto.fits,0,1380,0.3267188587123408,2.50171205435736,True,0.32671885519553656,2.5017121327270173,True,0.32671885519553656,2.5017121327270173,0.0,0.0,-3.5168042367139662e-09,8.1,,,[]
e1a17f1fdee9ab44e9afc8b9da82694541d9fe8f2f0585dac5366c370da50154,4096x4096|/home/pth/workshop/wide-field-solver/eso_downloads/trial/apicam.<date>t#:#:#.#.fits,0,9980,1.002354454041301,2.794274688304894,True,1.0023544671923839,2.7942746712545192,True,1.0023544671923839,2.7942746712545192,0.0,0.0,1.3151082889351073e-08,8.1,,saved_planet_gate_unavailable,[]
e228acfae53763aec5c9d8f6cded7e7d1cd4ab6bbe29355c01c117a2abfed6cf,1411x1422|/home/pth/workshop/wide-field-solver/raw_allsky_samples/mmto/mmto-skycam/<date>/<date>__#_#_#.fits.bz#,0,859,0.3194087567053702,2.380026431952342,True,0.31940875681862674,2.380026433889082,True,0.31940875681862674,2.380026433889082,0.0,0.0,1.1325651527727132e-10,8.1,,,[]
e258d44122c072ddc8f84f7b438fdd71066ef2d602dbd1666ffab8fb500fef8f,1411x1422|/home/pth/workshop/wide-field-solver/raw_allsky_samples/mmto/mmto-skycam/<date>/<date>__#_#_#.fits.bz#,0,96,0.25769067315865957,1.8067530982394449,True,0.25769067332756346,1.8067531007107973,True,0.25769067332756346,1.8067531007107973,0.0,0.0,1.6890389087365065e-10,8.1,,,[]
e25c43d349e11382670295e283573f77b1b3352d3e2c1ba7bbfa8ef5f9339633,1411x1422|/home/pth/workshop/wide-field-solver/raw_allsky_samples/mmto/mmto-skycam/<date>/<date>__#_#_#.fits.bz#,4,398,0.29203838944039523,2.2386967108267735,True,0.29203838936499127,2.2386967113684935,True,0.25782193184732904,1.9416592344602355,-0.034216457517662224,-0.297037476908258,-0.034216457593066185,8.1,,,"[0.509898646320735,-0.20378287454367147,1.9999999999999998,-1.6252915062620619]"
e367afa9686c5a9524113b56f96fa14a0e3d96ddaa7ce2109846004df8ea84aa,1411x1422|/home/pth/workshop/wide-field-solver/raw_allsky_samples/mmto/mmto-skycam/<date>/<date>__#_#_#.fits.bz#,0,1424,0.32439779188572204,2.4941254510513553,True,0.3244103407961317,2.4940234786712594,True,0.3244103407961317,2.4940234786712594,0.0,0.0,1.2548910409637681e-05,8.1,,,[]
e3c5c5be86996e6250d528e1059c5bb375f5ffa7456529ca5b6f1c48a9f994a8,1411x1422|/home/pth/workshop/wide-field-solver/raw_allsky_samples/mmto/mmto-skycam/<date>/<date>__#_#_#.fits.bz#,5,365,0.3215444568658792,2.4910324852895074,True,0.3215444587680994,2.491032543302061,True,0.28061556298833823,2.0705686426614194,-0.040928895779761165,-0.42046390064064143,-0.04092889387754095,8.1,,,"[0.22575788669839406,-0.026882108969713273,0.8055918660521025,0.09828510759630647,-1.0037799094610604]"
e3e772045b805d91ead31330bebc297e37b02fdfc62d4f4bb6c42b9064362de8,1411x1422|/home/pth/workshop/wide-field-solver/raw_allsky_samples/mmto/mmto-skycam/<date>/<date>__#_#_#.fits.bz#,0,1151,0.3154610329221592,2.4392310509944997,True,0.3154610331277922,2.4392310656611134,True,0.3154610331277922,2.4392310656611134,0.0,0.0,2.056330106192661e-10,8.1,,,[]
e4881ba2fa71d4648af869795b6ac7be526f56202a06ef792e2fee631fc96cf9,672x1000|/home/pth/hentet/lithuania.png,0,107,0.28128005560433694,4.511460119303758,True,0.2812800638904908,4.51145986866043,True,0.2812800638904908,4.51145986866043,0.0,0.0,8.286153874159652e-09,15.822938765722233,,,[]
e69f8c5fcc0e2fbd22464601e5f4efa1e82c351a34655f405a7e0e0af8bb24ca,1411x1422|/home/pth/workshop/wide-field-solver/raw_allsky_samples/mmto/mmto-skycam/<date>/<date>__#_#_#.fits.bz#,0,649,0.303815030444588,2.2790830297660007,True,0.30381503095691303,2.279083052676743,True,0.30381503095691303,2.279083052676743,0.0,0.0,5.12325015744608e-10,8.1,,,[]
e79ff5ef77b99addf568f06cc72be41eac741ab9ff8f57611770a7f1cc9a8a7f,1411x1422|/home/pth/workshop/wide-field-solver/raw_allsky_samples/mmto/mmto-skycam/<date>/<date>__#_#_#.fits.bz#,0,815,0.29867699677642817,2.278720611062282,True,0.2986769931301206,2.278720644107402,True,0.2986769931301206,2.278720644107402,0.0,0.0,-3.6463075892001484e-09,8.1,,,[]
e86231f0f6028504e1d67ecf0c17359dee376f90dfc3726e0fa37f88482a413b,1411x1422|/home/pth/workshop/wide-field-solver/raw_allsky_samples/mmto/mmto-skycam/<date>/<date>__#_#_#.fits.bz#,0,955,0.3071038044957068,2.4003619345582883,True,0.30710376680449075,2.4003617072477774,True,0.30710376680449075,2.4003617072477774,0.0,0.0,-3.7691216037138986e-08,8.1,,,[]
e95413796109a85e49263e47924b20a75465964d9bed0c0a6000c44341775d00,3672x3672|/home/pth/skrivebord/fisheeyeimagesnotrailser/subaru_maunakea_<date>t#z.jpg,0,3560,0.9923401657185033,2.92720819578317,True,0.9923401768834683,2.9272082148078433,True,0.9923401768834683,2.9272082148078433,0.0,0.0,1.1164965063592547e-08,8.1,,,[]
ea09bda56c11e5eeab29f3e1cbf296031212c251508dca13e21326982c941b5c,4096x4096|/home/pth/workshop/wide-field-solver/eso_downloads/trial/apicam.<date>t#:#:#.#.fits,0,10195,0.7352685918019588,2.005859675445309,True,0.7352685918020048,2.005859675445346,True,0.7352685918020048,2.005859675445346,0.0,0.0,4.596323321948148e-14,8.1,,saved_planet_gate_unavailable,[]
eaa7db6209061d6b17480dde9115ec29d30782c3d9fc57842004eab3f0749406,1411x1422|/home/pth/workshop/wide-field-solver/raw_allsky_samples/mmto/mmto-skycam/<date>/<date>__#_#_#.fits.bz#,0,897,0.3132096140380661,2.4125887543958187,True,0.3132096140380721,2.412588754395847,True,0.3132096140380721,2.412588754395847,0.0,0.0,6.050715484207103e-15,8.1,,,[]
eaa95e726abff8fc0e9ad228a68540b35eddca35db35f11a2fab025f35c5f996,4096x4096|/home/pth/workshop/wide-field-solver/eso_downloads/trial/apicam.<date>t#:#:#.#.fits,0,8821,0.7504001602934286,2.0406682454051794,True,0.7504001602934388,2.0406682454052105,True,0.7504001602934388,2.0406682454052105,0.0,0.0,1.021405182655144e-14,8.1,,saved_planet_gate_unavailable,[]
eb4fbbe32a105464f5e01baa54165c601b8490c0cc60d2bb1214ac5079950d06,3672x3672|/home/pth/skrivebord/fisheeyeimagesnotrailser/subaru_maunakea_<date>t#z.jpg,0,3796,0.9877420369971256,2.9155804517373594,True,0.9877420357357186,2.915580375579883,True,0.9877420357357186,2.915580375579883,0.0,0.0,-1.2614069788696725e-09,8.1,,,[]
eb7d7640a494d7bb2df8cae3da51c0b5999760b8a63a149207b5d123274ab062,1411x1422|/home/pth/workshop/wide-field-solver/raw_allsky_samples/mmto/mmto-skycam/<date>/<date>__#_#_#.fits.bz#,0,1068,0.3070223987470068,2.3255974805606736,True,0.30698881531232003,2.325493669573502,True,0.30698881531232003,2.325493669573502,0.0,0.0,-3.358343468679026e-05,8.1,,,[]
ec71bca7142a8e9bc04ee2b91661b63f28a65cc42444ecc0c15dce504d887733,3672x3672|/home/pth/skrivebord/fisheeyeimagesnotrailser/subaru_maunakea_<date>t#z.jpg,0,3815,0.9884035588944614,2.923262954052825,True,0.9884034186820362,2.9232623500049404,True,0.9884034186820362,2.9232623500049404,0.0,0.0,-1.4021242522588295e-07,8.1,,,[]
ecafac93b4421ca2e73d9e769602c9ca3460353852c42268d23cb97b1927eda9,4096x4096|/home/pth/workshop/wide-field-solver/eso_downloads/trial/apicam.<date>t#:#:#.#.fits,0,10092,0.6742868508470272,1.8294497632730289,True,0.6742868806274788,1.8294497500864986,True,0.6742868806274788,1.8294497500864986,0.0,0.0,2.978045154922171e-08,8.1,,saved_planet_gate_unavailable,[]
ed0bbf0f4d40febda19910479d1930ff913a502d204551c131e1163427d42544,4096x4096|/home/pth/workshop/wide-field-solver/eso_downloads/trial/apicam.<date>t#:#:#.#.fits,0,10018,0.739479954142393,2.0129256641122604,True,0.7394799763987336,2.012925652298331,True,0.7394799763987336,2.012925652298331,0.0,0.0,2.2256340659332352e-08,8.1,,saved_planet_gate_unavailable,[]
ed401b93f3a9a7843b99f4a35d60123add1b7ebece8a312a156d72a618bb235c,4096x4096|/home/pth/workshop/wide-field-solver/eso_downloads/trial/apicam.<date>t#:#:#.#.fits,0,9978,0.8481206687548494,2.3325033683098955,True,0.8481207765216274,2.3325032407408366,True,0.8481207765216274,2.3325032407408366,0.0,0.0,1.0776677805690582e-07,8.1,,saved_planet_gate_unavailable,[]
ed607f5a2a8e92fc5eec6b5e0d92fa0cd284c9a6e3d2f23517717f4182fe90f7,4096x4096|/home/pth/workshop/wide-field-solver/eso_downloads/trial/apicam.<date>t#:#:#.#.fits,0,9766,0.6953000855359713,1.8873871961789546,True,0.6953000855359869,1.8873871961789557,True,0.6953000855359869,1.8873871961789557,0.0,0.0,1.554312234475219e-14,8.1,,saved_planet_gate_unavailable,[]
ed8bbaf1ae797e5d26d334918d831525c42cc10fc2f1f10fb3fbc9a4ebc6775e,488x652|/home/pth/workshop/wide-field-solver/data/zenodo-#/all/g_darksubtracted_jd#.#<date>#.fits,0,102,0.2611595924812798,2.9560148877657038,True,0.26115959248125725,2.95601488776565,True,0.26115959248125725,2.95601488776565,0.0,0.0,-2.2537527399890678e-14,11.008489097106349,,,[]
ef25c8e633dc072c81bd642a3371e438504ded3a43f1f9f474cddd60edc0d5a1,4096x4096|/home/pth/workshop/wide-field-solver/eso_downloads/trial/apicam.<date>t#:#:#.#.fits,0,9725,1.0019218599567519,2.785626201012348,True,1.0019217286864548,2.785626371484498,True,1.0019217286864548,2.785626371484498,0.0,0.0,-1.3127029707682425e-07,8.1,,saved_planet_gate_unavailable,[]
ef50ad44d6d455c6cd08f4f75f7bca6538a2b4e3355c9bd5ad8a178fc2c7ebc4,1411x1422|/home/pth/workshop/wide-field-solver/raw_allsky_samples/mmto/mmto-skycam/<date>/<date>__#_#_#.fits.bz#,0,292,0.2648981110702168,2.0331473751742775,True,0.2648981111282152,2.0331473762308887,True,0.2648981111282152,2.0331473762308887,0.0,0.0,5.7998383873325565e-11,8.1,,,[]
efa45fde2bd42ef815321dc0456b38e1e3492fe46b3d8989a04e0bfdb75dc653,1411x1422|/home/pth/workshop/wide-field-solver/raw_allsky_samples/mmto/mmto-skycam/<date>/<date>__#_#_#.fits.bz#,0,759,0.32150559175514853,2.455005097274198,True,0.3215062811306638,2.4544437806672317,True,0.3215062811306638,2.4544437806672317,0.0,0.0,6.893755152836967e-07,8.1,,,[]
f043f681e1a18f1741f7f261235d79041acae57671e2a31afb8a26d7bcb42c44,1411x1422|/home/pth/workshop/wide-field-solver/raw_allsky_samples/mmto/mmto-skycam/<date>/<date>__#_#_#.fits.bz#,0,1206,0.31039599652992084,2.376629105718598,True,0.31038696396124243,2.3766732791202885,True,0.31038696396124243,2.3766732791202885,0.0,0.0,-9.032568678402075e-06,8.1,,,[]
f06569c1397e92d60740d55cf9910113418f8bfc01ee0d9b24aa6cd1f8d467c2,1444x1569|/home/pth/workshop/wide-field-solver/v#/examples/milky_way/input.jpeg,5,3611,0.37016466933788855,2.5685258742491253,True,0.37016466933788983,2.5685258742491244,False,,2.337211383686029,,-0.23131449056309528,,8.1,operational_fit_failed,planet_candidates_unavailable,"[0.026175921075901158,0.04144175115701308,-0.014101535178614047,-0.09529394260642883,-0.1712073240965599]"
f1a21afab0d737a54cc7647946df653c3f18b9437707c4866cd033f887daf692,4096x4096|/home/pth/workshop/wide-field-solver/eso_downloads/trial/apicam.<date>t#:#:#.#.fits,0,9883,0.851675701869692,2.3415494342524648,True,0.8516758280490286,2.34154932326492,True,0.8516758280490286,2.34154932326492,0.0,0.0,1.2617933664582637e-07,8.1,,saved_planet_gate_unavailable,[]
f24763bad78a79da4eec2d48af0f12db307f43ee582cff631f3296748196c426,1411x1422|/home/pth/workshop/wide-field-solver/raw_allsky_samples/mmto/mmto-skycam/<date>/<date>__#_#_#.fits.bz#,0,89,0.20628222389514206,1.5913313021458084,True,0.2062822233012188,1.5913312357636396,True,0.2062822233012188,1.5913312357636396,0.0,0.0,-5.939232716745124e-10,8.1,,,[]
f26888556ca695f89d45eaf0946d1e4c1e1d05989eb68d3eee4c7192c02355ec,1411x1422|/home/pth/workshop/wide-field-solver/raw_allsky_samples/mmto/mmto-skycam/<date>/<date>__#_#_#.fits.bz#,4,1448,0.33057564551447544,2.5440792606195672,True,0.33055980371340865,2.544161562487442,True,0.30823568305305027,2.3398534296326123,-0.022324120660358382,-0.20430813285482952,-0.022339962461425167,8.1,,,"[0.31208283157921857,-0.2748672488399672,1.9999804195382112,-1.8426014591315316]"
f4a42e627fd7e415f1630ce41824c254ec390812df996b846bb3d5dd7130f925,4096x4096|/home/pth/workshop/wide-field-solver/eso_downloads/trial/apicam.<date>t#:#:#.#.fits,0,9705,0.6879918579783851,1.8581392413830158,True,0.6879917861627306,1.8581392623242028,True,0.6879917861627306,1.8581392623242028,0.0,0.0,-7.181565453429073e-08,8.1,,saved_planet_gate_unavailable,[]
f4b6dc286f1f84ed28cc4f6106a7766bd6fe88d8280dbe8849db2f00dbc38a72,1411x1422|/home/pth/workshop/wide-field-solver/raw_allsky_samples/mmto/mmto-skycam/<date>/<date>__#_#_#.fits.bz#,0,1518,0.3375390111577936,2.580913432696592,True,0.33753901108196827,2.5809134417584167,True,0.33753901108196827,2.5809134417584167,0.0,0.0,-7.582534600203417e-11,8.1,,planet_candidates_unavailable,[]
f52def39ae29135f43263569ca2bfa2c818222a14fa25059be198a99582a23e3,1411x1422|/home/pth/workshop/wide-field-solver/raw_allsky_samples/mmto/mmto-skycam/<date>/<date>__#_#_#.fits.bz#,0,791,0.28930967658046136,2.211412793927049,True,0.28930966189036034,2.2114124235414976,True,0.28930966189036034,2.2114124235414976,0.0,0.0,-1.4690101024505964e-08,8.1,,,[]
f82a9f65ac1b061f8b8649002ed020b3277f09cf6a5840034ee6e06f10ebb807,3672x3672|/home/pth/skrivebord/fisheeyeimagesnotrailser/subaru_maunakea_<date>t#z.jpg,0,4524,1.041990468556501,3.063944731390739,True,1.0419904696798579,3.063944735234184,True,1.0419904696798579,3.063944735234184,0.0,0.0,1.1233569630064721e-09,8.1,,,[]
f853ebf1a87f37d85f3f3adc52f12bb0e7d5c7ba877b7166e0d4f0b586da6996,488x652|/home/pth/workshop/wide-field-solver/data/zenodo-#/all/r_darksubtracted_jd#.#<date>#.fits,0,143,0.30173426496391237,3.3693984881148524,True,0.30173426410617304,3.3693984871251024,True,0.30173426410617304,3.3693984871251024,0.0,0.0,-8.577393240116749e-10,11.0244672345821,,,[]
f85f237735bb492b6f9c01a382416e0790ab13a8f64991b372daa0433849a950,4096x4096|/home/pth/workshop/wide-field-solver/eso_downloads/trial/apicam.<date>t#:#:#.#.fits,0,10060,0.7324011647253401,1.9942302487812436,True,0.7324011133551334,1.9942302736736166,True,0.7324011133551334,1.9942302736736166,0.0,0.0,-5.137020675505255e-08,8.1,,saved_planet_gate_unavailable,[]
f92d04e33ca6b6435734ada7fd88e71b6bfac2690423e8de7649dac357b25bf8,4096x4096|/home/pth/workshop/wide-field-solver/eso_downloads/trial/apicam.<date>t#:#:#.#.fits,0,10532,0.679316963663309,1.8382698506166717,True,0.6793169889891415,1.8382698463222795,True,0.6793169889891415,1.8382698463222795,0.0,0.0,2.5325832542222315e-08,8.1,,saved_planet_gate_unavailable,[]
f94f80dee80dfaec82717c7cbd4ff27e78004d43963f73b4b90d093b9f89ad4e,1411x1422|/home/pth/workshop/wide-field-solver/raw_allsky_samples/mmto/mmto-skycam/<date>/<date>__#_#_#.fits.bz#,0,340,0.29296915741310947,2.2354816920670424,True,0.29288608038286396,2.234789121440706,True,0.29288608038286396,2.234789121440706,0.0,0.0,-8.307703024551527e-05,8.1,,,[]
f97fe47bcc6f34ec222e6c661e7d01a8e64b7fa025430110e543309d32983576,1411x1422|/home/pth/workshop/wide-field-solver/raw_allsky_samples/mmto/mmto-skycam/<date>/<date>__#_#_#.fits.bz#,0,814,0.3031457356774275,2.340978595127559,True,0.30314566221256084,2.340978948877361,True,0.30314566221256084,2.340978948877361,0.0,0.0,-7.346486663450946e-08,8.1,,,[]
f98ba93297eb23058e5257f2a1d85c1f463506b765fbdf06ad7a44189157437b,1411x1422|/home/pth/workshop/wide-field-solver/raw_allsky_samples/mmto/mmto-skycam/<date>/<date>__#_#_#.fits.bz#,4,1469,0.34235822577272595,2.620283663300176,True,0.3423562770023733,2.620288652298495,True,0.31750129418821926,2.3876996637964476,-0.024854982814154047,-0.23258898850204757,-0.024856931584506692,8.1,,,"[0.4037824862012396,-0.26381455401285125,1.9999975816857105,-1.5937556682454004]"
f9a7d0d5aa457a2b0f383caa454ccef1324629d92cc101653c65c7cf0e6a1f23,488x652|/home/pth/workshop/wide-field-solver/data/zenodo-#/all/r_darksubtracted_jd#.#<date>#.fits,0,133,0.2981645909513864,3.359555625073956,True,0.2981646356637569,3.3595559467193308,True,0.2981646356637569,3.3595559467193308,0.0,0.0,4.471237047276588e-08,11.03850538645279,,,[]
fa667700bf3127b5cf59159f475f230da2408fdee471f918ab56d514e5d1625d,1411x1422|/home/pth/workshop/wide-field-solver/raw_allsky_samples/mmto/mmto-skycam/<date>/<date>__#_#_#.fits.bz#,0,1432,0.32524148727831775,2.520742152411087,True,0.3252414876201793,2.520742156878111,True,0.3252414876201793,2.520742156878111,0.0,0.0,3.4186153907711514e-10,8.1,,,[]
fbd7089152493a507d9e7b39cfd55ba0ea26f92025ffec8dc4017356f0a7db5f,1411x1422|/home/pth/workshop/wide-field-solver/raw_allsky_samples/mmto/mmto-skycam/<date>/<date>__#_#_#.fits.bz#,5,621,0.3134401633955593,2.4081615816117092,True,0.31344017219998466,2.4081614053998694,True,0.2925827086548937,2.225127586609339,-0.020857463545090937,-0.1830338187905305,-0.020857454740665582,8.1,,,"[0.09016412152215461,0.12703596292379501,0.2591098720201153,0.07152017434627718,-0.8034989709730792]"
fd8dd2b82a4c6230ca492f4a52625e2cdd9aea95ca7f907d11595d3b4ca3cc3f,1411x1422|/home/pth/workshop/wide-field-solver/raw_allsky_samples/mmto/mmto-skycam/<date>/<date>__#_#_#.fits.bz#,0,1447,0.3380509368492059,2.6007325022598504,True,0.33804096453409,2.600795725841439,True,0.33804096453409,2.600795725841439,0.0,0.0,-9.972315115902575e-06,8.1,,,[]
fe1d4acfa663e98c68cd513a5e88c367c3216b6f29d929a4ec847f173fee2a2d,1411x1422|/home/pth/workshop/wide-field-solver/raw_allsky_samples/mmto/mmto-skycam/<date>/<date>__#_#_#.fits.bz#,1,1456,0.3356331577322751,2.5717542592686518,True,0.33563736390919163,2.571766468626648,True,0.32066037473891873,2.4448078105700257,-0.014976989170272903,-0.1269586580566222,-0.01497278299335636,8.1,,,[-0.1023812518463079]
ff8bc20cff45359fe9a2fc6f7afbcf6533752a0511e3fe956a5b3d8941e20892,1411x1422|/home/pth/workshop/wide-field-solver/raw_allsky_samples/mmto/mmto-skycam/<date>/<date>__#_#_#.fits.bz#,2,1124,0.31369181496748194,2.40043069730751,True,0.3136918016930662,2.4004307728224052,True,0.2897393373933824,2.1925155711333404,-0.023952464299683784,-0.20791520168906485,-0.023952477574099518,8.1,,,"[-0.001108280648798282,0.15461590597980332]"
