source_sha256,source_group,selected_order,radial_bin,identity_type,candidates,median_selected_minus_baseline_arcmin,improved,unchanged,worsened,outside_to_inside,inside_to_outside,stayed_inside,stayed_outside
00c1641e84c7166db924b04aac01c0c3f1258b9efa23cd17fbe0817d58b70829,3672x3672|/home/pth/skrivebord/fisheeyeimagesnotrailser/subaru_maunakea_<date>t#z.jpg,0,0.00-0.25,major_planet,1,0.0,0,1,0,0,0,1,0
00c1641e84c7166db924b04aac01c0c3f1258b9efa23cd17fbe0817d58b70829,3672x3672|/home/pth/skrivebord/fisheeyeimagesnotrailser/subaru_maunakea_<date>t#z.jpg,0,0.25-0.50,minor_planet,1,0.0,0,1,0,0,0,1,0
01055e8cde552f69f66e3887f64f923dd466fb4090bc987fc497d1304fb0b5b7,1411x1422|/home/pth/workshop/wide-field-solver/raw_allsky_samples/mmto/mmto-skycam/<date>/<date>__#_#_#.fits.bz#,0,0.25-0.50,major_planet,290,0.0,0,290,0,0,0,290,0
01055e8cde552f69f66e3887f64f923dd466fb4090bc987fc497d1304fb0b5b7,1411x1422|/home/pth/workshop/wide-field-solver/raw_allsky_samples/mmto/mmto-skycam/<date>/<date>__#_#_#.fits.bz#,0,0.25-0.50,minor_planet,5,0.0,0,5,0,0,0,5,0
01055e8cde552f69f66e3887f64f923dd466fb4090bc987fc497d1304fb0b5b7,1411x1422|/home/pth/workshop/wide-field-solver/raw_allsky_samples/mmto/mmto-skycam/<date>/<date>__#_#_#.fits.bz#,0,0.50-0.75,major_planet,34,0.0,0,34,0,0,0,34,0
01055e8cde552f69f66e3887f64f923dd466fb4090bc987fc497d1304fb0b5b7,1411x1422|/home/pth/workshop/wide-field-solver/raw_allsky_samples/mmto/mmto-skycam/<date>/<date>__#_#_#.fits.bz#,0,0.50-0.75,minor_planet,55,0.0,0,55,0,0,0,54,1
0110785777cb67860df64350aa990d412f2d082c21b39f75bed24bacac9c7fa2,488x652|/home/pth/workshop/wide-field-solver/data/zenodo-#/all/r_darksubtracted_jd#.#<date>#.fits,0,0.50-0.75,minor_planet,1,0.0,0,1,0,0,0,1,0
0110785777cb67860df64350aa990d412f2d082c21b39f75bed24bacac9c7fa2,488x652|/home/pth/workshop/wide-field-solver/data/zenodo-#/all/r_darksubtracted_jd#.#<date>#.fits,0,0.75-1.00,minor_planet,2,0.0,0,2,0,0,0,2,0
0110ae82ec865017c89e99f3d94dd294997cb34a97ecb7a6f77a4ca7fb08ee84,4096x4096|/home/pth/workshop/wide-field-solver/eso_downloads/trial/apicam.<date>t#:#:#.#.fits,0,0.00-0.25,major_planet,1,0.0,0,1,0,0,0,0,0
0110ae82ec865017c89e99f3d94dd294997cb34a97ecb7a6f77a4ca7fb08ee84,4096x4096|/home/pth/workshop/wide-field-solver/eso_downloads/trial/apicam.<date>t#:#:#.#.fits,0,0.25-0.50,major_planet,2,0.0,0,2,0,0,0,0,0
01b4edc12a3bc2a07c05c417fcc5e7c87e17d1639b8ddcac7515ce8bb17f0d68,1411x1422|/home/pth/workshop/wide-field-solver/raw_allsky_samples/mmto/mmto-skycam/<date>/<date>__#_#_#.fits.bz#,0,0.25-0.50,major_planet,100,0.0,0,100,0,0,0,99,1
01b4edc12a3bc2a07c05c417fcc5e7c87e17d1639b8ddcac7515ce8bb17f0d68,1411x1422|/home/pth/workshop/wide-field-solver/raw_allsky_samples/mmto/mmto-skycam/<date>/<date>__#_#_#.fits.bz#,0,0.25-0.50,minor_planet,22,0.0,0,22,0,0,0,22,0
01b4edc12a3bc2a07c05c417fcc5e7c87e17d1639b8ddcac7515ce8bb17f0d68,1411x1422|/home/pth/workshop/wide-field-solver/raw_allsky_samples/mmto/mmto-skycam/<date>/<date>__#_#_#.fits.bz#,0,0.50-0.75,major_planet,142,0.0,0,142,0,0,0,139,3
01b4edc12a3bc2a07c05c417fcc5e7c87e17d1639b8ddcac7515ce8bb17f0d68,1411x1422|/home/pth/workshop/wide-field-solver/raw_allsky_samples/mmto/mmto-skycam/<date>/<date>__#_#_#.fits.bz#,0,0.50-0.75,minor_planet,77,0.0,0,77,0,0,0,77,0
01cc1f79d3e22637a6f3c923939320d289e63f1455b532131d327d59f30d6f5d,1411x1422|/home/pth/workshop/wide-field-solver/raw_allsky_samples/mmto/mmto-skycam/<date>/<date>__#_#_#.fits.bz#,0,0.00-0.25,major_planet,148,0.0,0,148,0,0,0,148,0
01cc1f79d3e22637a6f3c923939320d289e63f1455b532131d327d59f30d6f5d,1411x1422|/home/pth/workshop/wide-field-solver/raw_allsky_samples/mmto/mmto-skycam/<date>/<date>__#_#_#.fits.bz#,0,0.25-0.50,major_planet,888,0.0,0,888,0,0,0,885,3
01cc1f79d3e22637a6f3c923939320d289e63f1455b532131d327d59f30d6f5d,1411x1422|/home/pth/workshop/wide-field-solver/raw_allsky_samples/mmto/mmto-skycam/<date>/<date>__#_#_#.fits.bz#,0,0.25-0.50,minor_planet,319,0.0,0,319,0,0,0,313,6
01cc1f79d3e22637a6f3c923939320d289e63f1455b532131d327d59f30d6f5d,1411x1422|/home/pth/workshop/wide-field-solver/raw_allsky_samples/mmto/mmto-skycam/<date>/<date>__#_#_#.fits.bz#,0,0.50-0.75,major_planet,153,0.0,0,153,0,0,0,153,0
01cc1f79d3e22637a6f3c923939320d289e63f1455b532131d327d59f30d6f5d,1411x1422|/home/pth/workshop/wide-field-solver/raw_allsky_samples/mmto/mmto-skycam/<date>/<date>__#_#_#.fits.bz#,0,0.50-0.75,minor_planet,10,0.0,0,10,0,0,0,10,0
030065a209f023f445a348a662739cff6c6efbd25c34cedd0a43d585766cdfc0,1411x1422|/home/pth/workshop/wide-field-solver/raw_allsky_samples/mmto/mmto-skycam/<date>/<date>__#_#_#.fits.bz#,0,0.00-0.25,major_planet,133,0.0,0,133,0,0,0,133,0
030065a209f023f445a348a662739cff6c6efbd25c34cedd0a43d585766cdfc0,1411x1422|/home/pth/workshop/wide-field-solver/raw_allsky_samples/mmto/mmto-skycam/<date>/<date>__#_#_#.fits.bz#,0,0.25-0.50,major_planet,124,0.0,0,124,0,0,0,123,1
030065a209f023f445a348a662739cff6c6efbd25c34cedd0a43d585766cdfc0,1411x1422|/home/pth/workshop/wide-field-solver/raw_allsky_samples/mmto/mmto-skycam/<date>/<date>__#_#_#.fits.bz#,0,0.25-0.50,minor_planet,18,0.0,0,18,0,0,0,18,0
030065a209f023f445a348a662739cff6c6efbd25c34cedd0a43d585766cdfc0,1411x1422|/home/pth/workshop/wide-field-solver/raw_allsky_samples/mmto/mmto-skycam/<date>/<date>__#_#_#.fits.bz#,0,0.50-0.75,major_planet,336,0.0,0,336,0,0,0,336,0
030065a209f023f445a348a662739cff6c6efbd25c34cedd0a43d585766cdfc0,1411x1422|/home/pth/workshop/wide-field-solver/raw_allsky_samples/mmto/mmto-skycam/<date>/<date>__#_#_#.fits.bz#,0,0.50-0.75,minor_planet,50,0.0,0,50,0,0,0,50,0
04411e4e4f2a6b9b3703813366e855183be56385a50cceaafe270554e4f2855b,4096x4096|/home/pth/workshop/wide-field-solver/eso_downloads/trial/apicam.<date>t#:#:#.#.fits,0,0.00-0.25,major_planet,3,0.0,0,3,0,0,0,0,0
04411e4e4f2a6b9b3703813366e855183be56385a50cceaafe270554e4f2855b,4096x4096|/home/pth/workshop/wide-field-solver/eso_downloads/trial/apicam.<date>t#:#:#.#.fits,0,0.25-0.50,major_planet,1,0.0,0,1,0,0,0,0,0
045d84af6cfc773c2174ec756f36dfa22fdc1f4999a779b8c4bd7eacf8a7f4fd,1411x1422|/home/pth/workshop/wide-field-solver/raw_allsky_samples/mmto/mmto-skycam/<date>/<date>__#_#_#.fits.bz#,0,0.25-0.50,major_planet,85,0.0,0,85,0,0,0,84,1
045d84af6cfc773c2174ec756f36dfa22fdc1f4999a779b8c4bd7eacf8a7f4fd,1411x1422|/home/pth/workshop/wide-field-solver/raw_allsky_samples/mmto/mmto-skycam/<date>/<date>__#_#_#.fits.bz#,0,0.25-0.50,minor_planet,6,0.0,0,6,0,0,0,6,0
045d84af6cfc773c2174ec756f36dfa22fdc1f4999a779b8c4bd7eacf8a7f4fd,1411x1422|/home/pth/workshop/wide-field-solver/raw_allsky_samples/mmto/mmto-skycam/<date>/<date>__#_#_#.fits.bz#,0,0.50-0.75,major_planet,245,0.0,0,245,0,0,0,242,3
045d84af6cfc773c2174ec756f36dfa22fdc1f4999a779b8c4bd7eacf8a7f4fd,1411x1422|/home/pth/workshop/wide-field-solver/raw_allsky_samples/mmto/mmto-skycam/<date>/<date>__#_#_#.fits.bz#,0,0.50-0.75,minor_planet,28,0.0,0,28,0,0,0,27,1
0496633e2db232272b487568d1b5715261fd4a80b8972aea0680ca5b6de79d4a,1411x1422|/home/pth/workshop/wide-field-solver/raw_allsky_samples/mmto/mmto-skycam/<date>/<date>__#_#_#.fits.bz#,4,0.25-0.50,major_planet,516,-0.04253106877597457,273,0,243,0,3,513,0
0496633e2db232272b487568d1b5715261fd4a80b8972aea0680ca5b6de79d4a,1411x1422|/home/pth/workshop/wide-field-solver/raw_allsky_samples/mmto/mmto-skycam/<date>/<date>__#_#_#.fits.bz#,4,0.25-0.50,minor_planet,5,0.7356270233081244,2,0,3,0,0,5,0
0496633e2db232272b487568d1b5715261fd4a80b8972aea0680ca5b6de79d4a,1411x1422|/home/pth/workshop/wide-field-solver/raw_allsky_samples/mmto/mmto-skycam/<date>/<date>__#_#_#.fits.bz#,4,0.50-0.75,major_planet,110,-0.7798845460369423,57,0,53,0,3,107,0
0496633e2db232272b487568d1b5715261fd4a80b8972aea0680ca5b6de79d4a,1411x1422|/home/pth/workshop/wide-field-solver/raw_allsky_samples/mmto/mmto-skycam/<date>/<date>__#_#_#.fits.bz#,4,0.50-0.75,minor_planet,87,2.3000275022338244,36,0,51,1,4,82,0
058eed8617ff7c8d04933a9edc38977177c4f3dc03f84a43f4b4e2d2e412d220,1411x1422|/home/pth/workshop/wide-field-solver/raw_allsky_samples/mmto/mmto-skycam/<date>/<date>__#_#_#.fits.bz#,0,0.00-0.25,major_planet,289,0.0,0,289,0,0,0,288,1
058eed8617ff7c8d04933a9edc38977177c4f3dc03f84a43f4b4e2d2e412d220,1411x1422|/home/pth/workshop/wide-field-solver/raw_allsky_samples/mmto/mmto-skycam/<date>/<date>__#_#_#.fits.bz#,0,0.00-0.25,minor_planet,13,0.0,0,13,0,0,0,13,0
058eed8617ff7c8d04933a9edc38977177c4f3dc03f84a43f4b4e2d2e412d220,1411x1422|/home/pth/workshop/wide-field-solver/raw_allsky_samples/mmto/mmto-skycam/<date>/<date>__#_#_#.fits.bz#,0,0.25-0.50,major_planet,224,0.0,0,224,0,0,0,224,0
058eed8617ff7c8d04933a9edc38977177c4f3dc03f84a43f4b4e2d2e412d220,1411x1422|/home/pth/workshop/wide-field-solver/raw_allsky_samples/mmto/mmto-skycam/<date>/<date>__#_#_#.fits.bz#,0,0.25-0.50,minor_planet,68,0.0,0,68,0,0,0,68,0
058eed8617ff7c8d04933a9edc38977177c4f3dc03f84a43f4b4e2d2e412d220,1411x1422|/home/pth/workshop/wide-field-solver/raw_allsky_samples/mmto/mmto-skycam/<date>/<date>__#_#_#.fits.bz#,0,0.50-0.75,major_planet,46,0.0,0,46,0,0,0,46,0
058eed8617ff7c8d04933a9edc38977177c4f3dc03f84a43f4b4e2d2e412d220,1411x1422|/home/pth/workshop/wide-field-solver/raw_allsky_samples/mmto/mmto-skycam/<date>/<date>__#_#_#.fits.bz#,0,0.50-0.75,minor_planet,16,0.0,0,16,0,0,0,16,0
05dd28e9632ea96defd5fbc54e1b25b3a9bf19c075b7a6616f82f50f21255c27,1411x1422|/home/pth/workshop/wide-field-solver/raw_allsky_samples/mmto/mmto-skycam/<date>/<date>__#_#_#.fits.bz#,0,0.25-0.50,major_planet,105,0.0,0,105,0,0,0,105,0
05dd28e9632ea96defd5fbc54e1b25b3a9bf19c075b7a6616f82f50f21255c27,1411x1422|/home/pth/workshop/wide-field-solver/raw_allsky_samples/mmto/mmto-skycam/<date>/<date>__#_#_#.fits.bz#,0,0.25-0.50,minor_planet,35,0.0,0,35,0,0,0,35,0
05dd28e9632ea96defd5fbc54e1b25b3a9bf19c075b7a6616f82f50f21255c27,1411x1422|/home/pth/workshop/wide-field-solver/raw_allsky_samples/mmto/mmto-skycam/<date>/<date>__#_#_#.fits.bz#,0,0.50-0.75,major_planet,21,0.0,0,21,0,0,0,21,0
05dd28e9632ea96defd5fbc54e1b25b3a9bf19c075b7a6616f82f50f21255c27,1411x1422|/home/pth/workshop/wide-field-solver/raw_allsky_samples/mmto/mmto-skycam/<date>/<date>__#_#_#.fits.bz#,0,0.50-0.75,minor_planet,13,0.0,0,13,0,0,0,13,0
0624ff9d47d2cf04ae1a84cde02b397a91767429fb21b177eba18b23aefe0f66,1411x1422|/home/pth/workshop/wide-field-solver/raw_allsky_samples/mmto/mmto-skycam/<date>/<date>__#_#_#.fits.bz#,0,0.00-0.25,major_planet,88,0.0,0,88,0,0,0,87,1
0624ff9d47d2cf04ae1a84cde02b397a91767429fb21b177eba18b23aefe0f66,1411x1422|/home/pth/workshop/wide-field-solver/raw_allsky_samples/mmto/mmto-skycam/<date>/<date>__#_#_#.fits.bz#,0,0.00-0.25,minor_planet,35,0.0,0,35,0,0,0,35,0
0624ff9d47d2cf04ae1a84cde02b397a91767429fb21b177eba18b23aefe0f66,1411x1422|/home/pth/workshop/wide-field-solver/raw_allsky_samples/mmto/mmto-skycam/<date>/<date>__#_#_#.fits.bz#,0,0.25-0.50,major_planet,80,0.0,0,80,0,0,0,80,0
0624ff9d47d2cf04ae1a84cde02b397a91767429fb21b177eba18b23aefe0f66,1411x1422|/home/pth/workshop/wide-field-solver/raw_allsky_samples/mmto/mmto-skycam/<date>/<date>__#_#_#.fits.bz#,0,0.25-0.50,minor_planet,2,0.0,0,2,0,0,0,2,0
0624ff9d47d2cf04ae1a84cde02b397a91767429fb21b177eba18b23aefe0f66,1411x1422|/home/pth/workshop/wide-field-solver/raw_allsky_samples/mmto/mmto-skycam/<date>/<date>__#_#_#.fits.bz#,0,0.50-0.75,major_planet,177,0.0,0,177,0,0,0,177,0
0624ff9d47d2cf04ae1a84cde02b397a91767429fb21b177eba18b23aefe0f66,1411x1422|/home/pth/workshop/wide-field-solver/raw_allsky_samples/mmto/mmto-skycam/<date>/<date>__#_#_#.fits.bz#,0,0.50-0.75,minor_planet,38,0.0,0,38,0,0,0,38,0
06df9ff9310431e4df9f523fb4b5d74576711d641f5f5e8431c42c0bca19e736,1411x1422|/home/pth/workshop/wide-field-solver/raw_allsky_samples/mmto/mmto-skycam/<date>/<date>__#_#_#.fits.bz#,0,0.25-0.50,major_planet,17,0.0,0,17,0,0,0,17,0
06df9ff9310431e4df9f523fb4b5d74576711d641f5f5e8431c42c0bca19e736,1411x1422|/home/pth/workshop/wide-field-solver/raw_allsky_samples/mmto/mmto-skycam/<date>/<date>__#_#_#.fits.bz#,0,0.25-0.50,minor_planet,8,0.0,0,8,0,0,0,8,0
06df9ff9310431e4df9f523fb4b5d74576711d641f5f5e8431c42c0bca19e736,1411x1422|/home/pth/workshop/wide-field-solver/raw_allsky_samples/mmto/mmto-skycam/<date>/<date>__#_#_#.fits.bz#,0,0.50-0.75,major_planet,385,0.0,0,385,0,0,0,384,1
06df9ff9310431e4df9f523fb4b5d74576711d641f5f5e8431c42c0bca19e736,1411x1422|/home/pth/workshop/wide-field-solver/raw_allsky_samples/mmto/mmto-skycam/<date>/<date>__#_#_#.fits.bz#,0,0.50-0.75,minor_planet,35,0.0,0,35,0,0,0,35,0
074e797a98fd92ad13fe2ca142ba752d57f77a529f2ee416d1dcb9948bea6ccf,4096x4096|/home/pth/workshop/wide-field-solver/eso_downloads/trial/apicam.<date>t#:#:#.#.fits,0,0.00-0.25,major_planet,3,0.0,0,3,0,0,0,0,0
082c80f6fa8ed0f3255e6ea03497b43525cc0972be8ee446002571a8028bb237,4096x4096|/home/pth/workshop/wide-field-solver/eso_downloads/trial/apicam.<date>t#:#:#.#.fits,0,0.00-0.25,major_planet,1,0.0,0,1,0,0,0,0,0
082c80f6fa8ed0f3255e6ea03497b43525cc0972be8ee446002571a8028bb237,4096x4096|/home/pth/workshop/wide-field-solver/eso_downloads/trial/apicam.<date>t#:#:#.#.fits,0,0.25-0.50,major_planet,2,0.0,0,2,0,0,0,0,0
093f34eb3d7cd8562e962ec49f29a54641d6e132883e71b346fc826c0491292b,1411x1422|/home/pth/workshop/wide-field-solver/raw_allsky_samples/mmto/mmto-skycam/<date>/<date>__#_#_#.fits.bz#,0,0.00-0.25,major_planet,80,0.0,0,80,0,0,0,80,0
093f34eb3d7cd8562e962ec49f29a54641d6e132883e71b346fc826c0491292b,1411x1422|/home/pth/workshop/wide-field-solver/raw_allsky_samples/mmto/mmto-skycam/<date>/<date>__#_#_#.fits.bz#,0,0.00-0.25,minor_planet,6,0.0,0,6,0,0,0,6,0
093f34eb3d7cd8562e962ec49f29a54641d6e132883e71b346fc826c0491292b,1411x1422|/home/pth/workshop/wide-field-solver/raw_allsky_samples/mmto/mmto-skycam/<date>/<date>__#_#_#.fits.bz#,0,0.25-0.50,major_planet,432,0.0,0,432,0,0,0,428,4
093f34eb3d7cd8562e962ec49f29a54641d6e132883e71b346fc826c0491292b,1411x1422|/home/pth/workshop/wide-field-solver/raw_allsky_samples/mmto/mmto-skycam/<date>/<date>__#_#_#.fits.bz#,0,0.25-0.50,minor_planet,71,0.0,0,71,0,0,0,71,0
093f34eb3d7cd8562e962ec49f29a54641d6e132883e71b346fc826c0491292b,1411x1422|/home/pth/workshop/wide-field-solver/raw_allsky_samples/mmto/mmto-skycam/<date>/<date>__#_#_#.fits.bz#,0,0.50-0.75,major_planet,247,0.0,0,247,0,0,0,246,1
093f34eb3d7cd8562e962ec49f29a54641d6e132883e71b346fc826c0491292b,1411x1422|/home/pth/workshop/wide-field-solver/raw_allsky_samples/mmto/mmto-skycam/<date>/<date>__#_#_#.fits.bz#,0,0.50-0.75,minor_planet,17,0.0,0,17,0,0,0,17,0
09c208b28b3dc83f9694098233ef0cb2a663fa4f5ecaa20d7405953f16ee8c3e,1411x1422|/home/pth/workshop/wide-field-solver/raw_allsky_samples/mmto/mmto-skycam/<date>/<date>__#_#_#.fits.bz#,0,0.25-0.50,major_planet,330,0.0,0,330,0,0,0,330,0
09c208b28b3dc83f9694098233ef0cb2a663fa4f5ecaa20d7405953f16ee8c3e,1411x1422|/home/pth/workshop/wide-field-solver/raw_allsky_samples/mmto/mmto-skycam/<date>/<date>__#_#_#.fits.bz#,0,0.25-0.50,minor_planet,45,0.0,0,45,0,0,0,45,0
09c208b28b3dc83f9694098233ef0cb2a663fa4f5ecaa20d7405953f16ee8c3e,1411x1422|/home/pth/workshop/wide-field-solver/raw_allsky_samples/mmto/mmto-skycam/<date>/<date>__#_#_#.fits.bz#,0,0.50-0.75,major_planet,17,0.0,0,17,0,0,0,17,0
09c208b28b3dc83f9694098233ef0cb2a663fa4f5ecaa20d7405953f16ee8c3e,1411x1422|/home/pth/workshop/wide-field-solver/raw_allsky_samples/mmto/mmto-skycam/<date>/<date>__#_#_#.fits.bz#,0,0.50-0.75,minor_planet,69,0.0,0,69,0,0,0,69,0
09f3c681782c2dfc630496350c5a30fb39a6e1199372efd7b36ef46f7f9d762b,1411x1422|/home/pth/workshop/wide-field-solver/raw_allsky_samples/mmto/mmto-skycam/<date>/<date>__#_#_#.fits.bz#,0,0.00-0.25,major_planet,22,0.0,0,22,0,0,0,22,0
09f3c681782c2dfc630496350c5a30fb39a6e1199372efd7b36ef46f7f9d762b,1411x1422|/home/pth/workshop/wide-field-solver/raw_allsky_samples/mmto/mmto-skycam/<date>/<date>__#_#_#.fits.bz#,0,0.25-0.50,major_planet,235,0.0,0,235,0,0,0,235,0
09f3c681782c2dfc630496350c5a30fb39a6e1199372efd7b36ef46f7f9d762b,1411x1422|/home/pth/workshop/wide-field-solver/raw_allsky_samples/mmto/mmto-skycam/<date>/<date>__#_#_#.fits.bz#,0,0.25-0.50,minor_planet,70,0.0,0,70,0,0,0,70,0
09f3c681782c2dfc630496350c5a30fb39a6e1199372efd7b36ef46f7f9d762b,1411x1422|/home/pth/workshop/wide-field-solver/raw_allsky_samples/mmto/mmto-skycam/<date>/<date>__#_#_#.fits.bz#,0,0.50-0.75,major_planet,167,0.0,0,167,0,0,0,167,0
09f3c681782c2dfc630496350c5a30fb39a6e1199372efd7b36ef46f7f9d762b,1411x1422|/home/pth/workshop/wide-field-solver/raw_allsky_samples/mmto/mmto-skycam/<date>/<date>__#_#_#.fits.bz#,0,0.50-0.75,minor_planet,23,0.0,0,23,0,0,0,23,0
0a7a63a3edcad526812ec705b23393871f44cb076b8f5463a1ec861206116a20,4096x4096|/home/pth/workshop/wide-field-solver/eso_downloads/trial/apicam.<date>t#:#:#.#.fits,0,0.00-0.25,major_planet,1,0.0,0,1,0,0,0,0,0
0a7a63a3edcad526812ec705b23393871f44cb076b8f5463a1ec861206116a20,4096x4096|/home/pth/workshop/wide-field-solver/eso_downloads/trial/apicam.<date>t#:#:#.#.fits,0,0.25-0.50,major_planet,1,0.0,0,1,0,0,0,0,0
0a7a63a3edcad526812ec705b23393871f44cb076b8f5463a1ec861206116a20,4096x4096|/home/pth/workshop/wide-field-solver/eso_downloads/trial/apicam.<date>t#:#:#.#.fits,0,0.50-0.75,major_planet,1,0.0,0,1,0,0,0,0,0
0b73b53768b6f8dbfff80b90d89a02023be3415fe76f04fd9419b2baad61cf57,4096x4096|/home/pth/workshop/wide-field-solver/eso_downloads/trial/apicam.<date>t#:#:#.#.fits,0,0.00-0.25,major_planet,1,0.0,0,1,0,0,0,0,0
0b73b53768b6f8dbfff80b90d89a02023be3415fe76f04fd9419b2baad61cf57,4096x4096|/home/pth/workshop/wide-field-solver/eso_downloads/trial/apicam.<date>t#:#:#.#.fits,0,0.25-0.50,major_planet,1,0.0,0,1,0,0,0,0,0
0b73b53768b6f8dbfff80b90d89a02023be3415fe76f04fd9419b2baad61cf57,4096x4096|/home/pth/workshop/wide-field-solver/eso_downloads/trial/apicam.<date>t#:#:#.#.fits,0,0.50-0.75,major_planet,1,0.0,0,1,0,0,0,0,0
0bd063b64d6e200f635f02ba06feef36645f3bfb4d0f1cd64702ba6b80c4366f,1411x1422|/home/pth/workshop/wide-field-solver/raw_allsky_samples/mmto/mmto-skycam/<date>/<date>__#_#_#.fits.bz#,1,0.00-0.25,major_planet,461,0.5011629044610828,188,0,273,0,7,453,1
0bd063b64d6e200f635f02ba06feef36645f3bfb4d0f1cd64702ba6b80c4366f,1411x1422|/home/pth/workshop/wide-field-solver/raw_allsky_samples/mmto/mmto-skycam/<date>/<date>__#_#_#.fits.bz#,1,0.25-0.50,major_planet,167,0.12704581215915667,79,0,88,0,1,166,0
0bd063b64d6e200f635f02ba06feef36645f3bfb4d0f1cd64702ba6b80c4366f,1411x1422|/home/pth/workshop/wide-field-solver/raw_allsky_samples/mmto/mmto-skycam/<date>/<date>__#_#_#.fits.bz#,1,0.25-0.50,minor_planet,143,0.15597722964484184,53,0,90,0,2,141,0
0bd063b64d6e200f635f02ba06feef36645f3bfb4d0f1cd64702ba6b80c4366f,1411x1422|/home/pth/workshop/wide-field-solver/raw_allsky_samples/mmto/mmto-skycam/<date>/<date>__#_#_#.fits.bz#,1,0.50-0.75,major_planet,144,1.4198564916901706,63,0,81,0,4,139,1
0bd063b64d6e200f635f02ba06feef36645f3bfb4d0f1cd64702ba6b80c4366f,1411x1422|/home/pth/workshop/wide-field-solver/raw_allsky_samples/mmto/mmto-skycam/<date>/<date>__#_#_#.fits.bz#,1,0.50-0.75,minor_planet,24,0.26536030939387345,12,0,12,0,2,22,0
0c319f23d92f3af5f70a54231baeb802d9f4fcf8d1c5527fb7e6e0233e932bbc,488x652|/home/pth/workshop/wide-field-solver/data/zenodo-#/all/r_darksubtracted_jd#.#<date>#.fits,0,0.50-0.75,major_planet,291,0.0,0,291,0,0,0,291,0
0c319f23d92f3af5f70a54231baeb802d9f4fcf8d1c5527fb7e6e0233e932bbc,488x652|/home/pth/workshop/wide-field-solver/data/zenodo-#/all/r_darksubtracted_jd#.#<date>#.fits,0,0.50-0.75,minor_planet,18,0.0,0,18,0,0,0,18,0
0f600259966e97dd504979a681fb7b548d5429834fa7d133f42ecc0df69c5c6c,4096x4096|/home/pth/workshop/wide-field-solver/eso_downloads/trial/apicam.<date>t#:#:#.#.fits,0,0.00-0.25,major_planet,3,0.0,0,3,0,0,0,0,0
0f600259966e97dd504979a681fb7b548d5429834fa7d133f42ecc0df69c5c6c,4096x4096|/home/pth/workshop/wide-field-solver/eso_downloads/trial/apicam.<date>t#:#:#.#.fits,0,0.25-0.50,major_planet,1,0.0,0,1,0,0,0,0,0
10590f833e326f6fb95f7d7c70498e4c3a733d27d00468fc3aff45dd040620eb,3672x3672|/home/pth/skrivebord/fisheeyeimagesnotrailser/subaru_maunakea_<date>t#z.jpg,0,0.00-0.25,major_planet,1,0.0,0,1,0,0,0,1,0
10590f833e326f6fb95f7d7c70498e4c3a733d27d00468fc3aff45dd040620eb,3672x3672|/home/pth/skrivebord/fisheeyeimagesnotrailser/subaru_maunakea_<date>t#z.jpg,0,0.00-0.25,minor_planet,1,0.0,0,1,0,0,0,1,0
10d408c309e57ded9965ecec9ca749b97db6556dfee77afcf351117258de7661,1411x1422|/home/pth/workshop/wide-field-solver/raw_allsky_samples/mmto/mmto-skycam/<date>/<date>__#_#_#.fits.bz#,0,0.25-0.50,major_planet,170,0.0,0,170,0,0,0,170,0
10d408c309e57ded9965ecec9ca749b97db6556dfee77afcf351117258de7661,1411x1422|/home/pth/workshop/wide-field-solver/raw_allsky_samples/mmto/mmto-skycam/<date>/<date>__#_#_#.fits.bz#,0,0.25-0.50,minor_planet,75,0.0,0,75,0,0,0,75,0
10d408c309e57ded9965ecec9ca749b97db6556dfee77afcf351117258de7661,1411x1422|/home/pth/workshop/wide-field-solver/raw_allsky_samples/mmto/mmto-skycam/<date>/<date>__#_#_#.fits.bz#,0,0.50-0.75,major_planet,318,0.0,0,318,0,0,0,318,0
10d408c309e57ded9965ecec9ca749b97db6556dfee77afcf351117258de7661,1411x1422|/home/pth/workshop/wide-field-solver/raw_allsky_samples/mmto/mmto-skycam/<date>/<date>__#_#_#.fits.bz#,0,0.50-0.75,minor_planet,37,0.0,0,37,0,0,0,37,0
11d67b550e46c96687ca45deb96ae581cbb973ab6dd604d84a7bad749d2c5a1f,4096x4096|/home/pth/workshop/wide-field-solver/eso_downloads/trial/apicam.<date>t#:#:#.#.fits,0,0.00-0.25,major_planet,1,0.0,0,1,0,0,0,0,0
11d67b550e46c96687ca45deb96ae581cbb973ab6dd604d84a7bad749d2c5a1f,4096x4096|/home/pth/workshop/wide-field-solver/eso_downloads/trial/apicam.<date>t#:#:#.#.fits,0,0.25-0.50,major_planet,4,0.0,0,4,0,0,0,0,0
121687f4dc5b986a5c353124d918e9fb4362ec206fc6e936b07c31e0e0e3c655,488x652|/home/pth/workshop/wide-field-solver/data/zenodo-#/all/r_darksubtracted_jd#.#<date>#.fits,0,0.25-0.50,minor_planet,8,0.0,0,8,0,0,0,8,0
121687f4dc5b986a5c353124d918e9fb4362ec206fc6e936b07c31e0e0e3c655,488x652|/home/pth/workshop/wide-field-solver/data/zenodo-#/all/r_darksubtracted_jd#.#<date>#.fits,0,0.50-0.75,major_planet,182,0.0,0,182,0,0,0,182,0
121687f4dc5b986a5c353124d918e9fb4362ec206fc6e936b07c31e0e0e3c655,488x652|/home/pth/workshop/wide-field-solver/data/zenodo-#/all/r_darksubtracted_jd#.#<date>#.fits,0,0.50-0.75,minor_planet,42,0.0,0,42,0,0,0,42,0
121687f4dc5b986a5c353124d918e9fb4362ec206fc6e936b07c31e0e0e3c655,488x652|/home/pth/workshop/wide-field-solver/data/zenodo-#/all/r_darksubtracted_jd#.#<date>#.fits,0,0.75-1.00,major_planet,88,0.0,0,88,0,0,0,88,0
121687f4dc5b986a5c353124d918e9fb4362ec206fc6e936b07c31e0e0e3c655,488x652|/home/pth/workshop/wide-field-solver/data/zenodo-#/all/r_darksubtracted_jd#.#<date>#.fits,0,0.75-1.00,minor_planet,13,0.0,0,13,0,0,0,13,0
121819508a532c1a254a05569c6d7ce30599dfd827a66425d04a8bb5b2c09e65,4096x4096|/home/pth/workshop/wide-field-solver/eso_downloads/trial/apicam.<date>t#:#:#.#.fits,0,0.00-0.25,major_planet,2,0.0,0,2,0,0,0,0,0
14a8bd7e0225bafd8f46a9fbfab45ad5da72bc79a76a076c83117a43f652d707,4096x4096|/home/pth/workshop/wide-field-solver/eso_downloads/trial/apicam.<date>t#:#:#.#.fits,0,0.00-0.25,major_planet,1,0.0,0,1,0,0,0,0,0
14a8bd7e0225bafd8f46a9fbfab45ad5da72bc79a76a076c83117a43f652d707,4096x4096|/home/pth/workshop/wide-field-solver/eso_downloads/trial/apicam.<date>t#:#:#.#.fits,0,0.25-0.50,major_planet,1,0.0,0,1,0,0,0,0,0
14a8bd7e0225bafd8f46a9fbfab45ad5da72bc79a76a076c83117a43f652d707,4096x4096|/home/pth/workshop/wide-field-solver/eso_downloads/trial/apicam.<date>t#:#:#.#.fits,0,0.50-0.75,major_planet,1,0.0,0,1,0,0,0,0,0
16b666727d4aabb147a855710499d6c9a0261c164c886105d4d33e9992f25c4e,1411x1422|/home/pth/workshop/wide-field-solver/raw_allsky_samples/mmto/mmto-skycam/<date>/<date>__#_#_#.fits.bz#,1,0.00-0.25,major_planet,136,-0.36230216838256846,72,0,64,0,1,135,0
16b666727d4aabb147a855710499d6c9a0261c164c886105d4d33e9992f25c4e,1411x1422|/home/pth/workshop/wide-field-solver/raw_allsky_samples/mmto/mmto-skycam/<date>/<date>__#_#_#.fits.bz#,1,0.00-0.25,minor_planet,14,0.5050099804368262,3,0,11,0,0,14,0
16b666727d4aabb147a855710499d6c9a0261c164c886105d4d33e9992f25c4e,1411x1422|/home/pth/workshop/wide-field-solver/raw_allsky_samples/mmto/mmto-skycam/<date>/<date>__#_#_#.fits.bz#,1,0.25-0.50,major_planet,269,-0.12304620292550084,166,0,103,1,0,268,0
16b666727d4aabb147a855710499d6c9a0261c164c886105d4d33e9992f25c4e,1411x1422|/home/pth/workshop/wide-field-solver/raw_allsky_samples/mmto/mmto-skycam/<date>/<date>__#_#_#.fits.bz#,1,0.25-0.50,minor_planet,15,0.08669778385302962,6,0,9,0,0,14,1
16b666727d4aabb147a855710499d6c9a0261c164c886105d4d33e9992f25c4e,1411x1422|/home/pth/workshop/wide-field-solver/raw_allsky_samples/mmto/mmto-skycam/<date>/<date>__#_#_#.fits.bz#,1,0.50-0.75,major_planet,154,1.8871734793746846,29,0,125,0,8,146,0
16b666727d4aabb147a855710499d6c9a0261c164c886105d4d33e9992f25c4e,1411x1422|/home/pth/workshop/wide-field-solver/raw_allsky_samples/mmto/mmto-skycam/<date>/<date>__#_#_#.fits.bz#,1,0.50-0.75,minor_planet,35,0.6323428230395427,10,0,25,0,2,33,0
16c7951d0f296ad243c8b8e0bf1ac96438e96c7e928a13a869fcfd9e17ebaa8a,1411x1422|/home/pth/workshop/wide-field-solver/raw_allsky_samples/mmto/mmto-skycam/<date>/<date>__#_#_#.fits.bz#,0,0.25-0.50,major_planet,23,0.0,0,23,0,0,0,23,0
16c7951d0f296ad243c8b8e0bf1ac96438e96c7e928a13a869fcfd9e17ebaa8a,1411x1422|/home/pth/workshop/wide-field-solver/raw_allsky_samples/mmto/mmto-skycam/<date>/<date>__#_#_#.fits.bz#,0,0.25-0.50,minor_planet,53,0.0,0,53,0,0,0,52,1
16c7951d0f296ad243c8b8e0bf1ac96438e96c7e928a13a869fcfd9e17ebaa8a,1411x1422|/home/pth/workshop/wide-field-solver/raw_allsky_samples/mmto/mmto-skycam/<date>/<date>__#_#_#.fits.bz#,0,0.50-0.75,major_planet,199,0.0,0,199,0,0,0,199,0
16c7951d0f296ad243c8b8e0bf1ac96438e96c7e928a13a869fcfd9e17ebaa8a,1411x1422|/home/pth/workshop/wide-field-solver/raw_allsky_samples/mmto/mmto-skycam/<date>/<date>__#_#_#.fits.bz#,0,0.50-0.75,minor_planet,86,0.0,0,86,0,0,0,86,0
16dc6d0e6f3b3f9954dbcf90dd802fe53cc10c6b0ec0690a022d53382f2d81cf,1411x1422|/home/pth/workshop/wide-field-solver/raw_allsky_samples/mmto/mmto-skycam/<date>/<date>__#_#_#.fits.bz#,4,0.00-0.25,major_planet,43,0.8820542812424144,12,0,31,0,2,41,0
16dc6d0e6f3b3f9954dbcf90dd802fe53cc10c6b0ec0690a022d53382f2d81cf,1411x1422|/home/pth/workshop/wide-field-solver/raw_allsky_samples/mmto/mmto-skycam/<date>/<date>__#_#_#.fits.bz#,4,0.00-0.25,minor_planet,3,0.7790570413690467,1,0,2,0,1,2,0
16dc6d0e6f3b3f9954dbcf90dd802fe53cc10c6b0ec0690a022d53382f2d81cf,1411x1422|/home/pth/workshop/wide-field-solver/raw_allsky_samples/mmto/mmto-skycam/<date>/<date>__#_#_#.fits.bz#,4,0.25-0.50,major_planet,80,0.30678440563500864,31,0,49,0,1,79,0
16dc6d0e6f3b3f9954dbcf90dd802fe53cc10c6b0ec0690a022d53382f2d81cf,1411x1422|/home/pth/workshop/wide-field-solver/raw_allsky_samples/mmto/mmto-skycam/<date>/<date>__#_#_#.fits.bz#,4,0.25-0.50,minor_planet,46,0.01285312538638217,18,0,28,1,1,43,1
16dc6d0e6f3b3f9954dbcf90dd802fe53cc10c6b0ec0690a022d53382f2d81cf,1411x1422|/home/pth/workshop/wide-field-solver/raw_allsky_samples/mmto/mmto-skycam/<date>/<date>__#_#_#.fits.bz#,4,0.50-0.75,major_planet,249,0.07053456858265861,103,0,146,0,1,248,0
16dc6d0e6f3b3f9954dbcf90dd802fe53cc10c6b0ec0690a022d53382f2d81cf,1411x1422|/home/pth/workshop/wide-field-solver/raw_allsky_samples/mmto/mmto-skycam/<date>/<date>__#_#_#.fits.bz#,4,0.50-0.75,minor_planet,59,0.37267890216423005,22,0,37,1,1,57,0
1715da29de6de67e8e2d7ab25ed5d5aad6a7d9411c897266cf7d2a6b4637842e,3672x3672|/home/pth/skrivebord/fisheeyeimagesnotrailser/subaru_maunakea_<date>t#z.jpg,0,0.00-0.25,major_planet,1,0.0,0,1,0,0,0,1,0
1715da29de6de67e8e2d7ab25ed5d5aad6a7d9411c897266cf7d2a6b4637842e,3672x3672|/home/pth/skrivebord/fisheeyeimagesnotrailser/subaru_maunakea_<date>t#z.jpg,0,0.00-0.25,minor_planet,1,0.0,0,1,0,0,0,1,0
17651d6cbc81fcfeca48d77f27a4d766259b410131b7f3281d8f749327b4216e,1411x1422|/home/pth/workshop/wide-field-solver/raw_allsky_samples/mmto/mmto-skycam/<date>/<date>__#_#_#.fits.bz#,0,0.25-0.50,major_planet,401,0.0,0,401,0,0,0,398,3
17651d6cbc81fcfeca48d77f27a4d766259b410131b7f3281d8f749327b4216e,1411x1422|/home/pth/workshop/wide-field-solver/raw_allsky_samples/mmto/mmto-skycam/<date>/<date>__#_#_#.fits.bz#,0,0.25-0.50,minor_planet,86,0.0,0,86,0,0,0,86,0
17651d6cbc81fcfeca48d77f27a4d766259b410131b7f3281d8f749327b4216e,1411x1422|/home/pth/workshop/wide-field-solver/raw_allsky_samples/mmto/mmto-skycam/<date>/<date>__#_#_#.fits.bz#,0,0.50-0.75,major_planet,177,0.0,0,177,0,0,0,177,0
17651d6cbc81fcfeca48d77f27a4d766259b410131b7f3281d8f749327b4216e,1411x1422|/home/pth/workshop/wide-field-solver/raw_allsky_samples/mmto/mmto-skycam/<date>/<date>__#_#_#.fits.bz#,0,0.50-0.75,minor_planet,43,0.0,0,43,0,0,0,42,1
17cdca28ec3a0fc85ecc5c43f63b5df3893f30e469963b749c7abafcc068a8c1,915x915|/home/pth/junk/wide-field-solver/results/runs/fisheye#-#w_espenak-v#.#.#-<date>t#z-t#n#mc/analysis/solution.fits,4,0.50-0.75,major_planet,342,4.415146638165367,155,0,187,0,0,0,0
17f285dbe7957c992934b5df45b67aa048a0fd51f3546fd7142b91062234295e,1411x1422|/home/pth/workshop/wide-field-solver/raw_allsky_samples/mmto/mmto-skycam/<date>/<date>__#_#_#.fits.bz#,0,0.25-0.50,major_planet,1,0.0,0,1,0,0,0,1,0
18d75cf1a53114fbd213f48eb74b6211506d14fe2032854962d5cfee1a4e40fa,4096x4096|/home/pth/workshop/wide-field-solver/eso_downloads/trial/apicam.<date>t#:#:#.#.fits,0,0.00-0.25,major_planet,3,0.0,0,3,0,0,0,0,0
18d75cf1a53114fbd213f48eb74b6211506d14fe2032854962d5cfee1a4e40fa,4096x4096|/home/pth/workshop/wide-field-solver/eso_downloads/trial/apicam.<date>t#:#:#.#.fits,0,0.25-0.50,major_planet,1,0.0,0,1,0,0,0,0,0
196e6e9a549695574b599666eb0740f90fecb96c210521ab624145c064c3d7df,3672x3672|/home/pth/skrivebord/fisheeyeimagesnotrailser/subaru_maunakea_<date>t#z.jpg,0,0.00-0.25,major_planet,1,0.0,0,1,0,0,0,1,0
196e6e9a549695574b599666eb0740f90fecb96c210521ab624145c064c3d7df,3672x3672|/home/pth/skrivebord/fisheeyeimagesnotrailser/subaru_maunakea_<date>t#z.jpg,0,0.25-0.50,major_planet,1,0.0,0,1,0,0,0,1,0
196e6e9a549695574b599666eb0740f90fecb96c210521ab624145c064c3d7df,3672x3672|/home/pth/skrivebord/fisheeyeimagesnotrailser/subaru_maunakea_<date>t#z.jpg,0,0.25-0.50,minor_planet,1,0.0,0,1,0,0,0,1,0
1a1a5923d5e2b1723450cc28ad1cdb1af2ce106d5b69e9d098415236ec7e02cb,4096x4096|/home/pth/workshop/wide-field-solver/eso_downloads/trial/apicam.<date>t#:#:#.#.fits,0,0.00-0.25,major_planet,2,0.0,0,2,0,0,0,0,0
1a1a5923d5e2b1723450cc28ad1cdb1af2ce106d5b69e9d098415236ec7e02cb,4096x4096|/home/pth/workshop/wide-field-solver/eso_downloads/trial/apicam.<date>t#:#:#.#.fits,0,0.25-0.50,major_planet,1,0.0,0,1,0,0,0,0,0
1b506bb910143c29d3adbb219a750153361b7a897dbb832acc86a9553d6f0cd3,1411x1422|/home/pth/workshop/wide-field-solver/raw_allsky_samples/mmto/mmto-skycam/<date>/<date>__#_#_#.fits.bz#,0,0.00-0.25,minor_planet,19,0.0,0,19,0,0,0,19,0
1b506bb910143c29d3adbb219a750153361b7a897dbb832acc86a9553d6f0cd3,1411x1422|/home/pth/workshop/wide-field-solver/raw_allsky_samples/mmto/mmto-skycam/<date>/<date>__#_#_#.fits.bz#,0,0.25-0.50,major_planet,282,0.0,0,282,0,0,0,282,0
1b506bb910143c29d3adbb219a750153361b7a897dbb832acc86a9553d6f0cd3,1411x1422|/home/pth/workshop/wide-field-solver/raw_allsky_samples/mmto/mmto-skycam/<date>/<date>__#_#_#.fits.bz#,0,0.25-0.50,minor_planet,12,0.0,0,12,0,0,0,12,0
1b506bb910143c29d3adbb219a750153361b7a897dbb832acc86a9553d6f0cd3,1411x1422|/home/pth/workshop/wide-field-solver/raw_allsky_samples/mmto/mmto-skycam/<date>/<date>__#_#_#.fits.bz#,0,0.50-0.75,major_planet,135,0.0,0,135,0,0,0,134,1
1b506bb910143c29d3adbb219a750153361b7a897dbb832acc86a9553d6f0cd3,1411x1422|/home/pth/workshop/wide-field-solver/raw_allsky_samples/mmto/mmto-skycam/<date>/<date>__#_#_#.fits.bz#,0,0.50-0.75,minor_planet,17,0.0,0,17,0,0,0,17,0
1bf3a681c9d9ac8e11fee917ad5ca569f40131c5d9a26108fcc04e3f57547ba3,1411x1422|/home/pth/workshop/wide-field-solver/raw_allsky_samples/mmto/mmto-skycam/<date>/<date>__#_#_#.fits.bz#,0,0.25-0.50,major_planet,19,0.0,0,19,0,0,0,19,0
1bf3a681c9d9ac8e11fee917ad5ca569f40131c5d9a26108fcc04e3f57547ba3,1411x1422|/home/pth/workshop/wide-field-solver/raw_allsky_samples/mmto/mmto-skycam/<date>/<date>__#_#_#.fits.bz#,0,0.25-0.50,minor_planet,13,0.0,0,13,0,0,0,13,0
1bf3a681c9d9ac8e11fee917ad5ca569f40131c5d9a26108fcc04e3f57547ba3,1411x1422|/home/pth/workshop/wide-field-solver/raw_allsky_samples/mmto/mmto-skycam/<date>/<date>__#_#_#.fits.bz#,0,0.50-0.75,major_planet,319,0.0,0,319,0,0,0,319,0
1bf3a681c9d9ac8e11fee917ad5ca569f40131c5d9a26108fcc04e3f57547ba3,1411x1422|/home/pth/workshop/wide-field-solver/raw_allsky_samples/mmto/mmto-skycam/<date>/<date>__#_#_#.fits.bz#,0,0.50-0.75,minor_planet,32,0.0,0,32,0,0,0,32,0
1c09747f99f842a65c60be406cff1b6bbaec93a4a9c1bcac2d2e556e8f4119cf,4096x4096|/home/pth/workshop/wide-field-solver/eso_downloads/trial/apicam.<date>t#:#:#.#.fits,0,0.00-0.25,major_planet,3,0.0,0,3,0,0,0,0,0
1c09747f99f842a65c60be406cff1b6bbaec93a4a9c1bcac2d2e556e8f4119cf,4096x4096|/home/pth/workshop/wide-field-solver/eso_downloads/trial/apicam.<date>t#:#:#.#.fits,0,0.25-0.50,major_planet,1,0.0,0,1,0,0,0,0,0
1c2bb842a36424a968f75cd6f0f824025f97ca151241bc8edea15f00b135dd13,1411x1422|/home/pth/workshop/wide-field-solver/raw_allsky_samples/mmto/mmto-skycam/<date>/<date>__#_#_#.fits.bz#,0,0.25-0.50,major_planet,351,0.0,0,351,0,0,0,351,0
1c2bb842a36424a968f75cd6f0f824025f97ca151241bc8edea15f00b135dd13,1411x1422|/home/pth/workshop/wide-field-solver/raw_allsky_samples/mmto/mmto-skycam/<date>/<date>__#_#_#.fits.bz#,0,0.25-0.50,minor_planet,66,0.0,0,66,0,0,0,66,0
1c2bb842a36424a968f75cd6f0f824025f97ca151241bc8edea15f00b135dd13,1411x1422|/home/pth/workshop/wide-field-solver/raw_allsky_samples/mmto/mmto-skycam/<date>/<date>__#_#_#.fits.bz#,0,0.50-0.75,major_planet,76,0.0,0,76,0,0,0,76,0
1c2bb842a36424a968f75cd6f0f824025f97ca151241bc8edea15f00b135dd13,1411x1422|/home/pth/workshop/wide-field-solver/raw_allsky_samples/mmto/mmto-skycam/<date>/<date>__#_#_#.fits.bz#,0,0.50-0.75,minor_planet,12,0.0,0,12,0,0,0,12,0
1f46083f12cc43820fd83eb5e46be297e3f774127723bc176c06a45451fdb659,1411x1422|/home/pth/workshop/wide-field-solver/raw_allsky_samples/mmto/mmto-skycam/<date>/<date>__#_#_#.fits.bz#,0,0.00-0.25,major_planet,370,0.0,0,370,0,0,0,370,0
1f46083f12cc43820fd83eb5e46be297e3f774127723bc176c06a45451fdb659,1411x1422|/home/pth/workshop/wide-field-solver/raw_allsky_samples/mmto/mmto-skycam/<date>/<date>__#_#_#.fits.bz#,0,0.00-0.25,minor_planet,16,0.0,0,16,0,0,0,15,1
1f46083f12cc43820fd83eb5e46be297e3f774127723bc176c06a45451fdb659,1411x1422|/home/pth/workshop/wide-field-solver/raw_allsky_samples/mmto/mmto-skycam/<date>/<date>__#_#_#.fits.bz#,0,0.25-0.50,major_planet,83,0.0,0,83,0,0,0,82,1
1f46083f12cc43820fd83eb5e46be297e3f774127723bc176c06a45451fdb659,1411x1422|/home/pth/workshop/wide-field-solver/raw_allsky_samples/mmto/mmto-skycam/<date>/<date>__#_#_#.fits.bz#,0,0.25-0.50,minor_planet,45,0.0,0,45,0,0,0,45,0
1f46083f12cc43820fd83eb5e46be297e3f774127723bc176c06a45451fdb659,1411x1422|/home/pth/workshop/wide-field-solver/raw_allsky_samples/mmto/mmto-skycam/<date>/<date>__#_#_#.fits.bz#,0,0.50-0.75,major_planet,233,0.0,0,233,0,0,0,228,5
1f46083f12cc43820fd83eb5e46be297e3f774127723bc176c06a45451fdb659,1411x1422|/home/pth/workshop/wide-field-solver/raw_allsky_samples/mmto/mmto-skycam/<date>/<date>__#_#_#.fits.bz#,0,0.50-0.75,minor_planet,30,0.0,0,30,0,0,0,30,0
1f48db2bcaed9aa70879079044240b7bf764d914eee8113df669f7e24dc09ced,1411x1422|/home/pth/workshop/wide-field-solver/raw_allsky_samples/mmto/mmto-skycam/<date>/<date>__#_#_#.fits.bz#,0,0.25-0.50,major_planet,970,0.0,0,970,0,0,0,968,2
1f48db2bcaed9aa70879079044240b7bf764d914eee8113df669f7e24dc09ced,1411x1422|/home/pth/workshop/wide-field-solver/raw_allsky_samples/mmto/mmto-skycam/<date>/<date>__#_#_#.fits.bz#,0,0.25-0.50,minor_planet,37,0.0,0,37,0,0,0,37,0
1f48db2bcaed9aa70879079044240b7bf764d914eee8113df669f7e24dc09ced,1411x1422|/home/pth/workshop/wide-field-solver/raw_allsky_samples/mmto/mmto-skycam/<date>/<date>__#_#_#.fits.bz#,0,0.50-0.75,major_planet,3,0.0,0,3,0,0,0,3,0
219ebe1862f1d51e04a270520e733c83f98f90bd55846befb1b3d72174db290b,3672x3672|/home/pth/skrivebord/fisheeyeimagesnotrailser/subaru_maunakea_<date>t#z.jpg,0,0.25-0.50,minor_planet,1,0.0,0,1,0,0,0,1,0
21bd26fb3970a3734a43eec8aae2ee8fc0911452e8cef5a66c28554d1899994a,1411x1422|/home/pth/workshop/wide-field-solver/raw_allsky_samples/mmto/mmto-skycam/<date>/<date>__#_#_#.fits.bz#,0,0.00-0.25,major_planet,143,0.0,0,143,0,0,0,141,2
21bd26fb3970a3734a43eec8aae2ee8fc0911452e8cef5a66c28554d1899994a,1411x1422|/home/pth/workshop/wide-field-solver/raw_allsky_samples/mmto/mmto-skycam/<date>/<date>__#_#_#.fits.bz#,0,0.00-0.25,minor_planet,6,0.0,0,6,0,0,0,6,0
21bd26fb3970a3734a43eec8aae2ee8fc0911452e8cef5a66c28554d1899994a,1411x1422|/home/pth/workshop/wide-field-solver/raw_allsky_samples/mmto/mmto-skycam/<date>/<date>__#_#_#.fits.bz#,0,0.25-0.50,major_planet,282,0.0,0,282,0,0,0,281,1
21bd26fb3970a3734a43eec8aae2ee8fc0911452e8cef5a66c28554d1899994a,1411x1422|/home/pth/workshop/wide-field-solver/raw_allsky_samples/mmto/mmto-skycam/<date>/<date>__#_#_#.fits.bz#,0,0.25-0.50,minor_planet,12,0.0,0,12,0,0,0,12,0
21bd26fb3970a3734a43eec8aae2ee8fc0911452e8cef5a66c28554d1899994a,1411x1422|/home/pth/workshop/wide-field-solver/raw_allsky_samples/mmto/mmto-skycam/<date>/<date>__#_#_#.fits.bz#,0,0.50-0.75,major_planet,698,0.0,0,698,0,0,0,692,6
21bd26fb3970a3734a43eec8aae2ee8fc0911452e8cef5a66c28554d1899994a,1411x1422|/home/pth/workshop/wide-field-solver/raw_allsky_samples/mmto/mmto-skycam/<date>/<date>__#_#_#.fits.bz#,0,0.50-0.75,minor_planet,26,0.0,0,26,0,0,0,26,0
221e51ffbae3a67bdb51e26af7c822804090f36d3b4367d99093bf9a0e176a50,1411x1422|/home/pth/workshop/wide-field-solver/raw_allsky_samples/mmto/mmto-skycam/<date>/<date>__#_#_#.fits.bz#,4,0.00-0.25,major_planet,1,0.8229070157654483,0,0,1,0,0,1,0
221e51ffbae3a67bdb51e26af7c822804090f36d3b4367d99093bf9a0e176a50,1411x1422|/home/pth/workshop/wide-field-solver/raw_allsky_samples/mmto/mmto-skycam/<date>/<date>__#_#_#.fits.bz#,4,0.25-0.50,major_planet,301,0.2013799631208002,144,0,157,1,3,296,1
221e51ffbae3a67bdb51e26af7c822804090f36d3b4367d99093bf9a0e176a50,1411x1422|/home/pth/workshop/wide-field-solver/raw_allsky_samples/mmto/mmto-skycam/<date>/<date>__#_#_#.fits.bz#,4,0.25-0.50,minor_planet,87,-0.2926514023289464,64,0,23,0,1,86,0
221e51ffbae3a67bdb51e26af7c822804090f36d3b4367d99093bf9a0e176a50,1411x1422|/home/pth/workshop/wide-field-solver/raw_allsky_samples/mmto/mmto-skycam/<date>/<date>__#_#_#.fits.bz#,4,0.50-0.75,major_planet,190,2.221184142096096,80,0,110,1,22,167,0
221e51ffbae3a67bdb51e26af7c822804090f36d3b4367d99093bf9a0e176a50,1411x1422|/home/pth/workshop/wide-field-solver/raw_allsky_samples/mmto/mmto-skycam/<date>/<date>__#_#_#.fits.bz#,4,0.50-0.75,minor_planet,50,2.461190921961599,18,0,32,1,5,44,0
22f397dceedf6dd92f957a0fe0cc57547fb7b251b20984ed1e67ce1fa8782c95,4096x4096|/home/pth/workshop/wide-field-solver/eso_downloads/trial/apicam.<date>t#:#:#.#.fits,0,0.00-0.25,major_planet,1,0.0,0,1,0,0,0,0,0
22f397dceedf6dd92f957a0fe0cc57547fb7b251b20984ed1e67ce1fa8782c95,4096x4096|/home/pth/workshop/wide-field-solver/eso_downloads/trial/apicam.<date>t#:#:#.#.fits,0,0.25-0.50,major_planet,2,0.0,0,2,0,0,0,0,0
22f397dceedf6dd92f957a0fe0cc57547fb7b251b20984ed1e67ce1fa8782c95,4096x4096|/home/pth/workshop/wide-field-solver/eso_downloads/trial/apicam.<date>t#:#:#.#.fits,0,0.50-0.75,major_planet,2,0.0,0,2,0,0,0,0,0
2315971c2a2aaf6b80af50bc2620bed9a4ebeb71ae09f6a968666b86cc526cb4,3672x3672|/home/pth/workshop/wide-field-solver/skycam-images/subaru_maunakea_<date>t#z.jpg,0,0.25-0.50,major_planet,119,0.0,0,119,0,0,0,0,0
2315971c2a2aaf6b80af50bc2620bed9a4ebeb71ae09f6a968666b86cc526cb4,3672x3672|/home/pth/workshop/wide-field-solver/skycam-images/subaru_maunakea_<date>t#z.jpg,0,0.50-0.75,major_planet,34,0.0,0,34,0,0,0,0,0
2325eaa695bf8aa196b3cf01e5aac1dd333a9c47759582baa4beda8a39eb0aef,1411x1422|/home/pth/workshop/wide-field-solver/raw_allsky_samples/mmto/mmto-skycam/<date>/<date>__#_#_#.fits.bz#,0,0.00-0.25,major_planet,525,0.0,0,525,0,0,0,525,0
2325eaa695bf8aa196b3cf01e5aac1dd333a9c47759582baa4beda8a39eb0aef,1411x1422|/home/pth/workshop/wide-field-solver/raw_allsky_samples/mmto/mmto-skycam/<date>/<date>__#_#_#.fits.bz#,0,0.00-0.25,minor_planet,28,0.0,0,28,0,0,0,27,1
2325eaa695bf8aa196b3cf01e5aac1dd333a9c47759582baa4beda8a39eb0aef,1411x1422|/home/pth/workshop/wide-field-solver/raw_allsky_samples/mmto/mmto-skycam/<date>/<date>__#_#_#.fits.bz#,0,0.25-0.50,major_planet,276,0.0,0,276,0,0,0,276,0
2325eaa695bf8aa196b3cf01e5aac1dd333a9c47759582baa4beda8a39eb0aef,1411x1422|/home/pth/workshop/wide-field-solver/raw_allsky_samples/mmto/mmto-skycam/<date>/<date>__#_#_#.fits.bz#,0,0.25-0.50,minor_planet,20,0.0,0,20,0,0,0,19,1
2325eaa695bf8aa196b3cf01e5aac1dd333a9c47759582baa4beda8a39eb0aef,1411x1422|/home/pth/workshop/wide-field-solver/raw_allsky_samples/mmto/mmto-skycam/<date>/<date>__#_#_#.fits.bz#,0,0.50-0.75,major_planet,822,0.0,0,822,0,0,0,818,4
2325eaa695bf8aa196b3cf01e5aac1dd333a9c47759582baa4beda8a39eb0aef,1411x1422|/home/pth/workshop/wide-field-solver/raw_allsky_samples/mmto/mmto-skycam/<date>/<date>__#_#_#.fits.bz#,0,0.50-0.75,minor_planet,9,0.0,0,9,0,0,0,9,0
236379d1ca9204ba5c30b2e0da4dfa1d6f08b793ba27547a6019537635e83597,4096x4096|/home/pth/workshop/wide-field-solver/eso_downloads/trial/apicam.<date>t#:#:#.#.fits,0,0.00-0.25,major_planet,1,0.0,0,1,0,0,0,0,0
236379d1ca9204ba5c30b2e0da4dfa1d6f08b793ba27547a6019537635e83597,4096x4096|/home/pth/workshop/wide-field-solver/eso_downloads/trial/apicam.<date>t#:#:#.#.fits,0,0.25-0.50,major_planet,1,0.0,0,1,0,0,0,0,0
236379d1ca9204ba5c30b2e0da4dfa1d6f08b793ba27547a6019537635e83597,4096x4096|/home/pth/workshop/wide-field-solver/eso_downloads/trial/apicam.<date>t#:#:#.#.fits,0,0.50-0.75,major_planet,1,0.0,0,1,0,0,0,0,0
238266304890db0fb0e1907bb5790d51714dae6c1fa11af897ba0448efb9837f,915x915|/home/pth/junk/wide-field-solver/results/runs/fisheye#-#w_espenak-v#.#.#-<date>t#z-t#n#mc/analysis/solution_annotated.fits,0,0.50-0.75,major_planet,142,0.0,0,142,0,0,0,0,0
23d3cc2a2ed1843ed5d72b9720e6f34c534a3132aafd50ca3f53af1dd78d0e67,1411x1422|/home/pth/workshop/wide-field-solver/raw_allsky_samples/mmto/mmto-skycam/<date>/<date>__#_#_#.fits.bz#,0,0.25-0.50,major_planet,1,0.0,0,1,0,0,0,1,0
252e0125269e3f85a18321eb452ea16e33bc14b022953d534d5fac7d8e68cdc7,1411x1422|/home/pth/workshop/wide-field-solver/raw_allsky_samples/mmto/mmto-skycam/<date>/<date>__#_#_#.fits.bz#,0,0.00-0.25,major_planet,231,0.0,0,231,0,0,0,231,0
252e0125269e3f85a18321eb452ea16e33bc14b022953d534d5fac7d8e68cdc7,1411x1422|/home/pth/workshop/wide-field-solver/raw_allsky_samples/mmto/mmto-skycam/<date>/<date>__#_#_#.fits.bz#,0,0.25-0.50,major_planet,86,0.0,0,86,0,0,0,86,0
252e0125269e3f85a18321eb452ea16e33bc14b022953d534d5fac7d8e68cdc7,1411x1422|/home/pth/workshop/wide-field-solver/raw_allsky_samples/mmto/mmto-skycam/<date>/<date>__#_#_#.fits.bz#,0,0.25-0.50,minor_planet,46,0.0,0,46,0,0,0,46,0
252e0125269e3f85a18321eb452ea16e33bc14b022953d534d5fac7d8e68cdc7,1411x1422|/home/pth/workshop/wide-field-solver/raw_allsky_samples/mmto/mmto-skycam/<date>/<date>__#_#_#.fits.bz#,0,0.50-0.75,major_planet,426,0.0,0,426,0,0,0,426,0
252e0125269e3f85a18321eb452ea16e33bc14b022953d534d5fac7d8e68cdc7,1411x1422|/home/pth/workshop/wide-field-solver/raw_allsky_samples/mmto/mmto-skycam/<date>/<date>__#_#_#.fits.bz#,0,0.50-0.75,minor_planet,63,0.0,0,63,0,0,0,63,0
25abd5b00fc80970307439d1b9c9e501362319408b70eb11bf5c7496fd3e2413,4096x4096|/home/pth/workshop/wide-field-solver/eso_downloads/trial/apicam.<date>t#:#:#.#.fits,0,0.00-0.25,major_planet,3,0.0,0,3,0,0,0,0,0
25d780da6333ce85198a57e30de885afae1e3cc7de27fd618322995a68ed46e6,1411x1422|/home/pth/workshop/wide-field-solver/raw_allsky_samples/mmto/mmto-skycam/<date>/<date>__#_#_#.fits.bz#,0,0.25-0.50,major_planet,284,0.0,0,284,0,0,0,284,0
25d780da6333ce85198a57e30de885afae1e3cc7de27fd618322995a68ed46e6,1411x1422|/home/pth/workshop/wide-field-solver/raw_allsky_samples/mmto/mmto-skycam/<date>/<date>__#_#_#.fits.bz#,0,0.25-0.50,minor_planet,83,0.0,0,83,0,0,0,83,0
25d780da6333ce85198a57e30de885afae1e3cc7de27fd618322995a68ed46e6,1411x1422|/home/pth/workshop/wide-field-solver/raw_allsky_samples/mmto/mmto-skycam/<date>/<date>__#_#_#.fits.bz#,0,0.50-0.75,minor_planet,30,0.0,0,30,0,0,0,30,0
2691380cdc884bdc0292638f95222d0ccb215feed88d21b8669e52943412fbae,1411x1422|/home/pth/workshop/wide-field-solver/raw_allsky_samples/mmto/mmto-skycam/<date>/<date>__#_#_#.fits.bz#,4,0.00-0.25,major_planet,1,-0.9889463172677126,1,0,0,0,0,1,0
2691380cdc884bdc0292638f95222d0ccb215feed88d21b8669e52943412fbae,1411x1422|/home/pth/workshop/wide-field-solver/raw_allsky_samples/mmto/mmto-skycam/<date>/<date>__#_#_#.fits.bz#,4,0.25-0.50,major_planet,2,-0.45943742549976285,2,0,0,0,0,2,0
2691380cdc884bdc0292638f95222d0ccb215feed88d21b8669e52943412fbae,1411x1422|/home/pth/workshop/wide-field-solver/raw_allsky_samples/mmto/mmto-skycam/<date>/<date>__#_#_#.fits.bz#,4,0.50-0.75,major_planet,1,1.6982454034680028,0,0,1,0,0,1,0
26d46f405930786b627387f89ca7ca9b83f56a8d8af7252218ce4010592586cc,488x652|/home/pth/workshop/wide-field-solver/data/zenodo-#/all/r_darksubtracted_jd#.#<date>#.fits,0,0.25-0.50,minor_planet,6,0.0,0,6,0,0,0,6,0
26d46f405930786b627387f89ca7ca9b83f56a8d8af7252218ce4010592586cc,488x652|/home/pth/workshop/wide-field-solver/data/zenodo-#/all/r_darksubtracted_jd#.#<date>#.fits,0,0.50-0.75,major_planet,197,0.0,0,197,0,0,0,197,0
26d46f405930786b627387f89ca7ca9b83f56a8d8af7252218ce4010592586cc,488x652|/home/pth/workshop/wide-field-solver/data/zenodo-#/all/r_darksubtracted_jd#.#<date>#.fits,0,0.50-0.75,minor_planet,63,0.0,0,63,0,0,0,63,0
27434dae14ff3d7109840af41832f0e271a50de20df9b866ce2fef6d4e378c78,1411x1422|/home/pth/workshop/wide-field-solver/raw_allsky_samples/mmto/mmto-skycam/<date>/<date>__#_#_#.fits.bz#,0,0.00-0.25,major_planet,16,0.0,0,16,0,0,0,16,0
27434dae14ff3d7109840af41832f0e271a50de20df9b866ce2fef6d4e378c78,1411x1422|/home/pth/workshop/wide-field-solver/raw_allsky_samples/mmto/mmto-skycam/<date>/<date>__#_#_#.fits.bz#,0,0.25-0.50,major_planet,316,0.0,0,316,0,0,0,316,0
27434dae14ff3d7109840af41832f0e271a50de20df9b866ce2fef6d4e378c78,1411x1422|/home/pth/workshop/wide-field-solver/raw_allsky_samples/mmto/mmto-skycam/<date>/<date>__#_#_#.fits.bz#,0,0.25-0.50,minor_planet,27,0.0,0,27,0,0,0,27,0
27434dae14ff3d7109840af41832f0e271a50de20df9b866ce2fef6d4e378c78,1411x1422|/home/pth/workshop/wide-field-solver/raw_allsky_samples/mmto/mmto-skycam/<date>/<date>__#_#_#.fits.bz#,0,0.50-0.75,major_planet,151,0.0,0,151,0,0,0,150,1
27434dae14ff3d7109840af41832f0e271a50de20df9b866ce2fef6d4e378c78,1411x1422|/home/pth/workshop/wide-field-solver/raw_allsky_samples/mmto/mmto-skycam/<date>/<date>__#_#_#.fits.bz#,0,0.50-0.75,minor_planet,30,0.0,0,30,0,0,0,30,0
279fc46ce0678ac6c5e0bd73224a35b236bba44254f1b5bc6d29cea8c32d80b6,4096x4096|/home/pth/workshop/wide-field-solver/eso_downloads/trial/apicam.<date>t#:#:#.#.fits,0,0.00-0.25,major_planet,1,0.0,0,1,0,0,0,0,0
279fc46ce0678ac6c5e0bd73224a35b236bba44254f1b5bc6d29cea8c32d80b6,4096x4096|/home/pth/workshop/wide-field-solver/eso_downloads/trial/apicam.<date>t#:#:#.#.fits,0,0.25-0.50,major_planet,2,0.0,0,2,0,0,0,0,0
29a607f91d6f1a3ed556d1ce4ac353af9e902b554bd651fe6891ef88792d18e8,1411x1422|/home/pth/workshop/wide-field-solver/raw_allsky_samples/mmto/mmto-skycam/<date>/<date>__#_#_#.fits.bz#,0,0.25-0.50,major_planet,20,0.0,0,20,0,0,0,20,0
29a607f91d6f1a3ed556d1ce4ac353af9e902b554bd651fe6891ef88792d18e8,1411x1422|/home/pth/workshop/wide-field-solver/raw_allsky_samples/mmto/mmto-skycam/<date>/<date>__#_#_#.fits.bz#,0,0.25-0.50,minor_planet,9,0.0,0,9,0,0,0,8,1
29a607f91d6f1a3ed556d1ce4ac353af9e902b554bd651fe6891ef88792d18e8,1411x1422|/home/pth/workshop/wide-field-solver/raw_allsky_samples/mmto/mmto-skycam/<date>/<date>__#_#_#.fits.bz#,0,0.50-0.75,major_planet,282,0.0,0,282,0,0,0,282,0
29a607f91d6f1a3ed556d1ce4ac353af9e902b554bd651fe6891ef88792d18e8,1411x1422|/home/pth/workshop/wide-field-solver/raw_allsky_samples/mmto/mmto-skycam/<date>/<date>__#_#_#.fits.bz#,0,0.50-0.75,minor_planet,5,0.0,0,5,0,0,0,5,0
2a59c4c212146204c88b2b0f4d1c6130b3479aa0593a851b653f45d29497b145,488x652|/home/pth/workshop/wide-field-solver/data/zenodo-#/all/r_darksubtracted_jd#.#<date>#.fits,0,0.50-0.75,minor_planet,4,0.0,0,4,0,0,0,4,0
2a59c4c212146204c88b2b0f4d1c6130b3479aa0593a851b653f45d29497b145,488x652|/home/pth/workshop/wide-field-solver/data/zenodo-#/all/r_darksubtracted_jd#.#<date>#.fits,0,0.75-1.00,minor_planet,44,0.0,0,44,0,0,0,44,0
2a933641cb36e23149c3e92ea9884ffa4e0ab43599ef9519420b58b593518e02,1411x1422|/home/pth/workshop/wide-field-solver/raw_allsky_samples/mmto/mmto-skycam/<date>/<date>__#_#_#.fits.bz#,0,0.25-0.50,major_planet,45,0.0,0,45,0,0,0,45,0
2a933641cb36e23149c3e92ea9884ffa4e0ab43599ef9519420b58b593518e02,1411x1422|/home/pth/workshop/wide-field-solver/raw_allsky_samples/mmto/mmto-skycam/<date>/<date>__#_#_#.fits.bz#,0,0.25-0.50,minor_planet,10,0.0,0,10,0,0,0,10,0
2a933641cb36e23149c3e92ea9884ffa4e0ab43599ef9519420b58b593518e02,1411x1422|/home/pth/workshop/wide-field-solver/raw_allsky_samples/mmto/mmto-skycam/<date>/<date>__#_#_#.fits.bz#,0,0.50-0.75,major_planet,97,0.0,0,97,0,0,0,97,0
2a933641cb36e23149c3e92ea9884ffa4e0ab43599ef9519420b58b593518e02,1411x1422|/home/pth/workshop/wide-field-solver/raw_allsky_samples/mmto/mmto-skycam/<date>/<date>__#_#_#.fits.bz#,0,0.50-0.75,minor_planet,53,0.0,0,53,0,0,0,53,0
2aa8bfc2d5f0d7dace7670ca49e93c5fcdc0e79788c09811849070a83b219816,3672x3672|/home/pth/skrivebord/fisheeyeimagesnotrailser/subaru_maunakea_<date>t#z.jpg,0,0.25-0.50,minor_planet,1,0.0,0,1,0,0,0,1,0
2b226f7de9c3b73f75ee45c20f3080d5ca8d59fc4db80a9c55173c5de256cd1c,4096x4096|/home/pth/workshop/wide-field-solver/eso_downloads/trial/apicam.<date>t#:#:#.#.fits,0,0.25-0.50,major_planet,5,0.0,0,5,0,0,0,0,0
2c0e54cba166b558ab9bde7d5687c27a69cbd46f0f79f6d236a919bd3c6d387c,1411x1422|/home/pth/workshop/wide-field-solver/raw_allsky_samples/mmto/mmto-skycam/<date>/<date>__#_#_#.fits.bz#,0,0.00-0.25,major_planet,137,0.0,0,137,0,0,0,137,0
2c0e54cba166b558ab9bde7d5687c27a69cbd46f0f79f6d236a919bd3c6d387c,1411x1422|/home/pth/workshop/wide-field-solver/raw_allsky_samples/mmto/mmto-skycam/<date>/<date>__#_#_#.fits.bz#,0,0.00-0.25,minor_planet,7,0.0,0,7,0,0,0,7,0
2c0e54cba166b558ab9bde7d5687c27a69cbd46f0f79f6d236a919bd3c6d387c,1411x1422|/home/pth/workshop/wide-field-solver/raw_allsky_samples/mmto/mmto-skycam/<date>/<date>__#_#_#.fits.bz#,0,0.25-0.50,major_planet,270,0.0,0,270,0,0,0,270,0
2c0e54cba166b558ab9bde7d5687c27a69cbd46f0f79f6d236a919bd3c6d387c,1411x1422|/home/pth/workshop/wide-field-solver/raw_allsky_samples/mmto/mmto-skycam/<date>/<date>__#_#_#.fits.bz#,0,0.25-0.50,minor_planet,12,0.0,0,12,0,0,0,12,0
2c0e54cba166b558ab9bde7d5687c27a69cbd46f0f79f6d236a919bd3c6d387c,1411x1422|/home/pth/workshop/wide-field-solver/raw_allsky_samples/mmto/mmto-skycam/<date>/<date>__#_#_#.fits.bz#,0,0.50-0.75,major_planet,161,0.0,0,161,0,0,0,160,1
2c0e54cba166b558ab9bde7d5687c27a69cbd46f0f79f6d236a919bd3c6d387c,1411x1422|/home/pth/workshop/wide-field-solver/raw_allsky_samples/mmto/mmto-skycam/<date>/<date>__#_#_#.fits.bz#,0,0.50-0.75,minor_planet,25,0.0,0,25,0,0,0,25,0
2c4b757f5af9448684d0fb07a9f2d325eb779ff4eca58fdfa1c9825b62d34356,3672x3672|/home/pth/skrivebord/fisheeyeimagesnotrailser/subaru_maunakea_<date>t#z.jpg,0,0.00-0.25,minor_planet,1,0.0,0,1,0,0,0,1,0
2c4b757f5af9448684d0fb07a9f2d325eb779ff4eca58fdfa1c9825b62d34356,3672x3672|/home/pth/skrivebord/fisheeyeimagesnotrailser/subaru_maunakea_<date>t#z.jpg,0,0.25-0.50,major_planet,1,0.0,0,1,0,0,0,1,0
2d28261011a0a232492151c724d5f49251116bb02d608280b36ed40ab7578fec,4096x4096|/home/pth/workshop/wide-field-solver/eso_downloads/trial/apicam.<date>t#:#:#.#.fits,0,0.00-0.25,major_planet,3,0.0,0,3,0,0,0,0,0
2d28261011a0a232492151c724d5f49251116bb02d608280b36ed40ab7578fec,4096x4096|/home/pth/workshop/wide-field-solver/eso_downloads/trial/apicam.<date>t#:#:#.#.fits,0,0.25-0.50,major_planet,1,0.0,0,1,0,0,0,0,0
2d3b20cbc2d99160e604654ca7771fd8bca6d2184327ff3552b5f9cb93a515b7,4096x4096|/home/pth/workshop/wide-field-solver/eso_downloads/trial/apicam.<date>t#:#:#.#.fits,0,0.00-0.25,major_planet,2,0.0,0,2,0,0,0,0,0
2d3b20cbc2d99160e604654ca7771fd8bca6d2184327ff3552b5f9cb93a515b7,4096x4096|/home/pth/workshop/wide-field-solver/eso_downloads/trial/apicam.<date>t#:#:#.#.fits,0,0.50-0.75,major_planet,1,0.0,0,1,0,0,0,0,0
2d4abe213f109b17155b101beb86bb64c5f3cc03b0299f46a3887fab030bebb9,1411x1422|/home/pth/workshop/wide-field-solver/raw_allsky_samples/mmto/mmto-skycam/<date>/<date>__#_#_#.fits.bz#,0,0.25-0.50,major_planet,1,0.0,0,1,0,0,0,1,0
303d40b4249f9b2a217953460b89b4150e6f4a7c6f2918efd095d014fbba832b,1411x1422|/home/pth/workshop/wide-field-solver/raw_allsky_samples/mmto/mmto-skycam/<date>/<date>__#_#_#.fits.bz#,5,0.00-0.25,major_planet,4,0.6615299976160222,1,0,3,0,0,4,0
303d40b4249f9b2a217953460b89b4150e6f4a7c6f2918efd095d014fbba832b,1411x1422|/home/pth/workshop/wide-field-solver/raw_allsky_samples/mmto/mmto-skycam/<date>/<date>__#_#_#.fits.bz#,5,0.25-0.50,major_planet,327,0.12422955023054794,137,0,190,0,3,324,0
303d40b4249f9b2a217953460b89b4150e6f4a7c6f2918efd095d014fbba832b,1411x1422|/home/pth/workshop/wide-field-solver/raw_allsky_samples/mmto/mmto-skycam/<date>/<date>__#_#_#.fits.bz#,5,0.25-0.50,minor_planet,5,-0.6790701610361083,4,0,1,0,0,5,0
303d40b4249f9b2a217953460b89b4150e6f4a7c6f2918efd095d014fbba832b,1411x1422|/home/pth/workshop/wide-field-solver/raw_allsky_samples/mmto/mmto-skycam/<date>/<date>__#_#_#.fits.bz#,5,0.50-0.75,major_planet,361,1.8933575376942602,143,0,218,0,42,319,0
303d40b4249f9b2a217953460b89b4150e6f4a7c6f2918efd095d014fbba832b,1411x1422|/home/pth/workshop/wide-field-solver/raw_allsky_samples/mmto/mmto-skycam/<date>/<date>__#_#_#.fits.bz#,5,0.50-0.75,minor_planet,72,4.115235391185442,25,0,47,1,7,64,0
30cf546851f1cc5ff0e0e9b7e49a1099c1d4edad254fcdec66423e5f898e8f47,1411x1422|/home/pth/workshop/wide-field-solver/raw_allsky_samples/mmto/mmto-skycam/<date>/<date>__#_#_#.fits.bz#,0,0.00-0.25,major_planet,3,0.0,0,3,0,0,0,3,0
30cf546851f1cc5ff0e0e9b7e49a1099c1d4edad254fcdec66423e5f898e8f47,1411x1422|/home/pth/workshop/wide-field-solver/raw_allsky_samples/mmto/mmto-skycam/<date>/<date>__#_#_#.fits.bz#,0,0.25-0.50,major_planet,301,0.0,0,301,0,0,0,298,3
30cf546851f1cc5ff0e0e9b7e49a1099c1d4edad254fcdec66423e5f898e8f47,1411x1422|/home/pth/workshop/wide-field-solver/raw_allsky_samples/mmto/mmto-skycam/<date>/<date>__#_#_#.fits.bz#,0,0.25-0.50,minor_planet,50,0.0,0,50,0,0,0,50,0
30cf546851f1cc5ff0e0e9b7e49a1099c1d4edad254fcdec66423e5f898e8f47,1411x1422|/home/pth/workshop/wide-field-solver/raw_allsky_samples/mmto/mmto-skycam/<date>/<date>__#_#_#.fits.bz#,0,0.50-0.75,major_planet,214,0.0,0,214,0,0,0,214,0
30cf546851f1cc5ff0e0e9b7e49a1099c1d4edad254fcdec66423e5f898e8f47,1411x1422|/home/pth/workshop/wide-field-solver/raw_allsky_samples/mmto/mmto-skycam/<date>/<date>__#_#_#.fits.bz#,0,0.50-0.75,minor_planet,41,0.0,0,41,0,0,0,41,0
3126e4f2810b9bf373875e74cd83ba66f0e5a7ebf73d97b9ea9dc9f24b944db9,1411x1422|/home/pth/workshop/wide-field-solver/raw_allsky_samples/mmto/mmto-skycam/<date>/<date>__#_#_#.fits.bz#,2,0.25-0.50,major_planet,1,-0.3031845552526623,1,0,0,0,0,1,0
3126e9bfa19e7aefb942ef316035d5ea28aed32c59e28572b05adea99e334e94,4096x4096|/home/pth/workshop/wide-field-solver/eso_downloads/trial/apicam.<date>t#:#:#.#.fits,0,0.00-0.25,major_planet,1,0.0,0,1,0,0,0,0,0
3126e9bfa19e7aefb942ef316035d5ea28aed32c59e28572b05adea99e334e94,4096x4096|/home/pth/workshop/wide-field-solver/eso_downloads/trial/apicam.<date>t#:#:#.#.fits,0,0.25-0.50,major_planet,4,0.0,0,4,0,0,0,0,0
316c57cc2d12fcb5d92992badb601e65689fb941869746c658f75b5e5be9165c,1411x1422|/home/pth/workshop/wide-field-solver/raw_allsky_samples/mmto/mmto-skycam/<date>/<date>__#_#_#.fits.bz#,0,0.00-0.25,major_planet,3,0.0,0,3,0,0,0,3,0
316c57cc2d12fcb5d92992badb601e65689fb941869746c658f75b5e5be9165c,1411x1422|/home/pth/workshop/wide-field-solver/raw_allsky_samples/mmto/mmto-skycam/<date>/<date>__#_#_#.fits.bz#,0,0.25-0.50,major_planet,355,0.0,0,355,0,0,0,355,0
316c57cc2d12fcb5d92992badb601e65689fb941869746c658f75b5e5be9165c,1411x1422|/home/pth/workshop/wide-field-solver/raw_allsky_samples/mmto/mmto-skycam/<date>/<date>__#_#_#.fits.bz#,0,0.25-0.50,minor_planet,5,0.0,0,5,0,0,0,5,0
316c57cc2d12fcb5d92992badb601e65689fb941869746c658f75b5e5be9165c,1411x1422|/home/pth/workshop/wide-field-solver/raw_allsky_samples/mmto/mmto-skycam/<date>/<date>__#_#_#.fits.bz#,0,0.50-0.75,major_planet,220,0.0,0,220,0,0,0,220,0
316c57cc2d12fcb5d92992badb601e65689fb941869746c658f75b5e5be9165c,1411x1422|/home/pth/workshop/wide-field-solver/raw_allsky_samples/mmto/mmto-skycam/<date>/<date>__#_#_#.fits.bz#,0,0.50-0.75,minor_planet,88,0.0,0,88,0,0,0,86,2
3218d3e041640515feedecedb5bdb3424affbd79d48bd1cf8a64bd4944bbd0fa,1411x1422|/home/pth/workshop/wide-field-solver/raw_allsky_samples/mmto/mmto-skycam/<date>/<date>__#_#_#.fits.bz#,0,0.00-0.25,major_planet,34,0.0,0,34,0,0,0,34,0
3218d3e041640515feedecedb5bdb3424affbd79d48bd1cf8a64bd4944bbd0fa,1411x1422|/home/pth/workshop/wide-field-solver/raw_allsky_samples/mmto/mmto-skycam/<date>/<date>__#_#_#.fits.bz#,0,0.25-0.50,major_planet,251,0.0,0,251,0,0,0,249,2
3218d3e041640515feedecedb5bdb3424affbd79d48bd1cf8a64bd4944bbd0fa,1411x1422|/home/pth/workshop/wide-field-solver/raw_allsky_samples/mmto/mmto-skycam/<date>/<date>__#_#_#.fits.bz#,0,0.25-0.50,minor_planet,80,0.0,0,80,0,0,0,80,0
3218d3e041640515feedecedb5bdb3424affbd79d48bd1cf8a64bd4944bbd0fa,1411x1422|/home/pth/workshop/wide-field-solver/raw_allsky_samples/mmto/mmto-skycam/<date>/<date>__#_#_#.fits.bz#,0,0.50-0.75,major_planet,378,0.0,0,378,0,0,0,375,3
3218d3e041640515feedecedb5bdb3424affbd79d48bd1cf8a64bd4944bbd0fa,1411x1422|/home/pth/workshop/wide-field-solver/raw_allsky_samples/mmto/mmto-skycam/<date>/<date>__#_#_#.fits.bz#,0,0.50-0.75,minor_planet,55,0.0,0,55,0,0,0,54,1
326869644eeab23255c039c68e46e594971e6f74db9819506af028111659a8b2,1411x1422|/home/pth/workshop/wide-field-solver/raw_allsky_samples/mmto/mmto-skycam/<date>/<date>__#_#_#.fits.bz#,0,0.25-0.50,major_planet,308,0.0,0,308,0,0,0,308,0
326869644eeab23255c039c68e46e594971e6f74db9819506af028111659a8b2,1411x1422|/home/pth/workshop/wide-field-solver/raw_allsky_samples/mmto/mmto-skycam/<date>/<date>__#_#_#.fits.bz#,0,0.25-0.50,minor_planet,85,0.0,0,85,0,0,0,85,0
326869644eeab23255c039c68e46e594971e6f74db9819506af028111659a8b2,1411x1422|/home/pth/workshop/wide-field-solver/raw_allsky_samples/mmto/mmto-skycam/<date>/<date>__#_#_#.fits.bz#,0,0.50-0.75,major_planet,240,0.0,0,240,0,0,0,240,0
326869644eeab23255c039c68e46e594971e6f74db9819506af028111659a8b2,1411x1422|/home/pth/workshop/wide-field-solver/raw_allsky_samples/mmto/mmto-skycam/<date>/<date>__#_#_#.fits.bz#,0,0.50-0.75,minor_planet,40,0.0,0,40,0,0,0,40,0
32689842d6ae38bdaee2d0f8b90e63c9ab5a7ebfe6b89b87f02894758e6d5119,1411x1422|/home/pth/workshop/wide-field-solver/raw_allsky_samples/mmto/mmto-skycam/<date>/<date>__#_#_#.fits.bz#,0,0.00-0.25,minor_planet,13,0.0,0,13,0,0,0,13,0
32689842d6ae38bdaee2d0f8b90e63c9ab5a7ebfe6b89b87f02894758e6d5119,1411x1422|/home/pth/workshop/wide-field-solver/raw_allsky_samples/mmto/mmto-skycam/<date>/<date>__#_#_#.fits.bz#,0,0.25-0.50,major_planet,267,0.0,0,267,0,0,0,265,2
32689842d6ae38bdaee2d0f8b90e63c9ab5a7ebfe6b89b87f02894758e6d5119,1411x1422|/home/pth/workshop/wide-field-solver/raw_allsky_samples/mmto/mmto-skycam/<date>/<date>__#_#_#.fits.bz#,0,0.25-0.50,minor_planet,54,0.0,0,54,0,0,0,54,0
32689842d6ae38bdaee2d0f8b90e63c9ab5a7ebfe6b89b87f02894758e6d5119,1411x1422|/home/pth/workshop/wide-field-solver/raw_allsky_samples/mmto/mmto-skycam/<date>/<date>__#_#_#.fits.bz#,0,0.50-0.75,major_planet,346,0.0,0,346,0,0,0,345,1
32689842d6ae38bdaee2d0f8b90e63c9ab5a7ebfe6b89b87f02894758e6d5119,1411x1422|/home/pth/workshop/wide-field-solver/raw_allsky_samples/mmto/mmto-skycam/<date>/<date>__#_#_#.fits.bz#,0,0.50-0.75,minor_planet,58,0.0,0,58,0,0,0,58,0
333b868310658de7c6f20f6a169a900519704b956095b8e25f68dafae3a19afb,1411x1422|/home/pth/workshop/wide-field-solver/raw_allsky_samples/mmto/mmto-skycam/<date>/<date>__#_#_#.fits.bz#,0,0.25-0.50,major_planet,9,0.0,0,9,0,0,0,9,0
333b868310658de7c6f20f6a169a900519704b956095b8e25f68dafae3a19afb,1411x1422|/home/pth/workshop/wide-field-solver/raw_allsky_samples/mmto/mmto-skycam/<date>/<date>__#_#_#.fits.bz#,0,0.25-0.50,minor_planet,4,0.0,0,4,0,0,0,4,0
333b868310658de7c6f20f6a169a900519704b956095b8e25f68dafae3a19afb,1411x1422|/home/pth/workshop/wide-field-solver/raw_allsky_samples/mmto/mmto-skycam/<date>/<date>__#_#_#.fits.bz#,0,0.50-0.75,major_planet,12,0.0,0,12,0,0,0,12,0
333b868310658de7c6f20f6a169a900519704b956095b8e25f68dafae3a19afb,1411x1422|/home/pth/workshop/wide-field-solver/raw_allsky_samples/mmto/mmto-skycam/<date>/<date>__#_#_#.fits.bz#,0,0.50-0.75,minor_planet,55,0.0,0,55,0,0,0,55,0
336de2fba0640ed11fc548b486cf14f2bae4e333eac3802d946f288d816598ae,1411x1422|/home/pth/workshop/wide-field-solver/raw_allsky_samples/mmto/mmto-skycam/<date>/<date>__#_#_#.fits.bz#,5,0.00-0.25,minor_planet,7,0.15511901689756868,2,0,5,0,0,7,0
336de2fba0640ed11fc548b486cf14f2bae4e333eac3802d946f288d816598ae,1411x1422|/home/pth/workshop/wide-field-solver/raw_allsky_samples/mmto/mmto-skycam/<date>/<date>__#_#_#.fits.bz#,5,0.25-0.50,major_planet,85,0.04955354008491142,33,0,52,0,0,85,0
336de2fba0640ed11fc548b486cf14f2bae4e333eac3802d946f288d816598ae,1411x1422|/home/pth/workshop/wide-field-solver/raw_allsky_samples/mmto/mmto-skycam/<date>/<date>__#_#_#.fits.bz#,5,0.25-0.50,minor_planet,47,0.13872595736966176,17,0,30,0,0,47,0
336de2fba0640ed11fc548b486cf14f2bae4e333eac3802d946f288d816598ae,1411x1422|/home/pth/workshop/wide-field-solver/raw_allsky_samples/mmto/mmto-skycam/<date>/<date>__#_#_#.fits.bz#,5,0.50-0.75,major_planet,12,-0.5218509650689969,8,0,4,0,0,12,0
336de2fba0640ed11fc548b486cf14f2bae4e333eac3802d946f288d816598ae,1411x1422|/home/pth/workshop/wide-field-solver/raw_allsky_samples/mmto/mmto-skycam/<date>/<date>__#_#_#.fits.bz#,5,0.50-0.75,minor_planet,44,0.8343210687285794,18,0,26,0,2,42,0
3371c220f6253f59980f274279ba81971142bd564e28fec05085f98e6b822966,1411x1422|/home/pth/workshop/wide-field-solver/raw_allsky_samples/mmto/mmto-skycam/<date>/<date>__#_#_#.fits.bz#,0,0.25-0.50,major_planet,960,0.0,0,960,0,0,0,956,4
3371c220f6253f59980f274279ba81971142bd564e28fec05085f98e6b822966,1411x1422|/home/pth/workshop/wide-field-solver/raw_allsky_samples/mmto/mmto-skycam/<date>/<date>__#_#_#.fits.bz#,0,0.25-0.50,minor_planet,98,0.0,0,98,0,0,0,97,1
3371c220f6253f59980f274279ba81971142bd564e28fec05085f98e6b822966,1411x1422|/home/pth/workshop/wide-field-solver/raw_allsky_samples/mmto/mmto-skycam/<date>/<date>__#_#_#.fits.bz#,0,0.50-0.75,major_planet,78,0.0,0,78,0,0,0,78,0
3371c220f6253f59980f274279ba81971142bd564e28fec05085f98e6b822966,1411x1422|/home/pth/workshop/wide-field-solver/raw_allsky_samples/mmto/mmto-skycam/<date>/<date>__#_#_#.fits.bz#,0,0.50-0.75,minor_planet,26,0.0,0,26,0,0,0,26,0
33ebd70917520821d010c494b0dfbe2bf3a25e8f6ab8a1e52f2011171f3f1e6c,488x652|/home/pth/workshop/wide-field-solver/data/zenodo-#/all/r_darksubtracted_jd#.#<date>#.fits,0,0.50-0.75,minor_planet,14,0.0,0,14,0,0,0,14,0
33ebd70917520821d010c494b0dfbe2bf3a25e8f6ab8a1e52f2011171f3f1e6c,488x652|/home/pth/workshop/wide-field-solver/data/zenodo-#/all/r_darksubtracted_jd#.#<date>#.fits,0,0.75-1.00,minor_planet,15,0.0,0,15,0,0,0,15,0
3594e5e846de64c321ffae032f54e993ee8159c888edc936017024ad6e4d99d5,4096x4096|/home/pth/workshop/wide-field-solver/eso_downloads/trial/apicam.<date>t#:#:#.#.fits,0,0.00-0.25,major_planet,1,0.0,0,1,0,0,0,0,0
3594e5e846de64c321ffae032f54e993ee8159c888edc936017024ad6e4d99d5,4096x4096|/home/pth/workshop/wide-field-solver/eso_downloads/trial/apicam.<date>t#:#:#.#.fits,0,0.25-0.50,major_planet,2,0.0,0,2,0,0,0,0,0
3594e5e846de64c321ffae032f54e993ee8159c888edc936017024ad6e4d99d5,4096x4096|/home/pth/workshop/wide-field-solver/eso_downloads/trial/apicam.<date>t#:#:#.#.fits,0,0.50-0.75,major_planet,2,0.0,0,2,0,0,0,0,0
35dada79110fedf0419aa4874705dd7a997d444ae23fbe0faff4a74671c45b89,4096x4096|/home/pth/workshop/wide-field-solver/eso_downloads/trial/apicam.<date>t#:#:#.#.fits,0,0.00-0.25,major_planet,2,0.0,0,2,0,0,0,0,0
35f27eaa66ff703df849c5fbeafc7a25f07d63ad23c42003cfe1213776d51485,1411x1422|/home/pth/workshop/wide-field-solver/raw_allsky_samples/mmto/mmto-skycam/<date>/<date>__#_#_#.fits.bz#,0,0.25-0.50,major_planet,107,0.0,0,107,0,0,0,107,0
35f27eaa66ff703df849c5fbeafc7a25f07d63ad23c42003cfe1213776d51485,1411x1422|/home/pth/workshop/wide-field-solver/raw_allsky_samples/mmto/mmto-skycam/<date>/<date>__#_#_#.fits.bz#,0,0.25-0.50,minor_planet,7,0.0,0,7,0,0,0,7,0
35f27eaa66ff703df849c5fbeafc7a25f07d63ad23c42003cfe1213776d51485,1411x1422|/home/pth/workshop/wide-field-solver/raw_allsky_samples/mmto/mmto-skycam/<date>/<date>__#_#_#.fits.bz#,0,0.50-0.75,major_planet,17,0.0,0,17,0,0,0,17,0
35f27eaa66ff703df849c5fbeafc7a25f07d63ad23c42003cfe1213776d51485,1411x1422|/home/pth/workshop/wide-field-solver/raw_allsky_samples/mmto/mmto-skycam/<date>/<date>__#_#_#.fits.bz#,0,0.50-0.75,minor_planet,22,0.0,0,22,0,0,0,22,0
364e05365496842f55bfbc7957a2f777f68b617f66fb56d1417d31881071034a,4096x4096|/home/pth/workshop/wide-field-solver/eso_downloads/trial/apicam.<date>t#:#:#.#.fits,0,0.00-0.25,major_planet,1,0.0,0,1,0,0,0,0,0
364e05365496842f55bfbc7957a2f777f68b617f66fb56d1417d31881071034a,4096x4096|/home/pth/workshop/wide-field-solver/eso_downloads/trial/apicam.<date>t#:#:#.#.fits,0,0.25-0.50,major_planet,2,0.0,0,2,0,0,0,0,0
364e05365496842f55bfbc7957a2f777f68b617f66fb56d1417d31881071034a,4096x4096|/home/pth/workshop/wide-field-solver/eso_downloads/trial/apicam.<date>t#:#:#.#.fits,0,0.50-0.75,major_planet,2,0.0,0,2,0,0,0,0,0
36e514bd2b883d3e7111306da670a8a7729ca745ba3ece71340f21127ce86e42,1411x1422|/home/pth/workshop/wide-field-solver/raw_allsky_samples/mmto/mmto-skycam/<date>/<date>__#_#_#.fits.bz#,0,0.25-0.50,major_planet,1,0.0,0,1,0,0,0,1,0
379be9b28c11806e56f6f87ed26fa4fb4d7284e6c3e1a300776d0eb9543aab86,4096x4096|/home/pth/workshop/wide-field-solver/eso_downloads/trial/apicam.<date>t#:#:#.#.fits,0,0.00-0.25,major_planet,3,0.0,0,3,0,0,0,0,0
379be9b28c11806e56f6f87ed26fa4fb4d7284e6c3e1a300776d0eb9543aab86,4096x4096|/home/pth/workshop/wide-field-solver/eso_downloads/trial/apicam.<date>t#:#:#.#.fits,0,0.25-0.50,major_planet,1,0.0,0,1,0,0,0,0,0
37f9747df1ee9d1fcd4b08df3cdaf6a119f4c68c309870de41f99b9c0d0e57a6,3672x3672|/home/pth/skrivebord/fisheeyeimagesnotrailser/subaru_maunakea_<date>t#z.jpg,0,0.00-0.25,major_planet,1,0.0,0,1,0,0,0,1,0
37f9747df1ee9d1fcd4b08df3cdaf6a119f4c68c309870de41f99b9c0d0e57a6,3672x3672|/home/pth/skrivebord/fisheeyeimagesnotrailser/subaru_maunakea_<date>t#z.jpg,0,0.00-0.25,minor_planet,1,0.0,0,1,0,0,0,1,0
398ad31c70dfb8d5a47e5ba226e39b34db7733028e9889cd382687e4a7472836,1411x1422|/home/pth/workshop/wide-field-solver/raw_allsky_samples/mmto/mmto-skycam/<date>/<date>__#_#_#.fits.bz#,0,0.25-0.50,major_planet,654,0.0,0,654,0,0,0,651,3
398ad31c70dfb8d5a47e5ba226e39b34db7733028e9889cd382687e4a7472836,1411x1422|/home/pth/workshop/wide-field-solver/raw_allsky_samples/mmto/mmto-skycam/<date>/<date>__#_#_#.fits.bz#,0,0.25-0.50,minor_planet,96,0.0,0,96,0,0,0,95,1
398ad31c70dfb8d5a47e5ba226e39b34db7733028e9889cd382687e4a7472836,1411x1422|/home/pth/workshop/wide-field-solver/raw_allsky_samples/mmto/mmto-skycam/<date>/<date>__#_#_#.fits.bz#,0,0.50-0.75,major_planet,223,0.0,0,223,0,0,0,223,0
398ad31c70dfb8d5a47e5ba226e39b34db7733028e9889cd382687e4a7472836,1411x1422|/home/pth/workshop/wide-field-solver/raw_allsky_samples/mmto/mmto-skycam/<date>/<date>__#_#_#.fits.bz#,0,0.50-0.75,minor_planet,96,0.0,0,96,0,0,0,94,2
39c0b7bb7f71958aeb4a12b46b91abee0447a729b72e87c99a5e0d27857160c6,1411x1422|/home/pth/workshop/wide-field-solver/raw_allsky_samples/mmto/mmto-skycam/<date>/<date>__#_#_#.fits.bz#,2,0.25-0.50,major_planet,1,-0.9454003525198837,1,0,0,0,0,1,0
39c0b7bb7f71958aeb4a12b46b91abee0447a729b72e87c99a5e0d27857160c6,1411x1422|/home/pth/workshop/wide-field-solver/raw_allsky_samples/mmto/mmto-skycam/<date>/<date>__#_#_#.fits.bz#,2,0.50-0.75,major_planet,1,1.0608383558582861,0,0,1,0,0,1,0
3b72278b044df1f9c17e2768983d5c2fbd99d202ee288c6a6d7220aad6c1eb3e,488x652|/home/pth/workshop/wide-field-solver/data/zenodo-#/all/r_darksubtracted_jd#.#<date>#.fits,0,0.50-0.75,major_planet,30,0.0,0,30,0,0,0,30,0
3b72278b044df1f9c17e2768983d5c2fbd99d202ee288c6a6d7220aad6c1eb3e,488x652|/home/pth/workshop/wide-field-solver/data/zenodo-#/all/r_darksubtracted_jd#.#<date>#.fits,0,0.50-0.75,minor_planet,22,0.0,0,22,0,0,0,22,0
3d13aefca428239d975eca6d58ca63acb2b48b30267afbe20cd83fbfb118e4fa,4096x4096|/home/pth/workshop/wide-field-solver/eso_downloads/trial/apicam.<date>t#:#:#.#.fits,0,0.00-0.25,major_planet,1,0.0,0,1,0,0,0,0,0
3d13aefca428239d975eca6d58ca63acb2b48b30267afbe20cd83fbfb118e4fa,4096x4096|/home/pth/workshop/wide-field-solver/eso_downloads/trial/apicam.<date>t#:#:#.#.fits,0,0.25-0.50,major_planet,1,0.0,0,1,0,0,0,0,0
3d13aefca428239d975eca6d58ca63acb2b48b30267afbe20cd83fbfb118e4fa,4096x4096|/home/pth/workshop/wide-field-solver/eso_downloads/trial/apicam.<date>t#:#:#.#.fits,0,0.50-0.75,major_planet,2,0.0,0,2,0,0,0,0,0
3d64d006481a95a4d0b5864b8511eb0a9a206ec5ccb3a3e1d89911a82f9531aa,488x652|/home/pth/workshop/wide-field-solver/data/zenodo-#/all/r_darksubtracted_jd#.#<date>#.fits,0,0.25-0.50,minor_planet,8,0.0,0,8,0,0,0,8,0
3d64d006481a95a4d0b5864b8511eb0a9a206ec5ccb3a3e1d89911a82f9531aa,488x652|/home/pth/workshop/wide-field-solver/data/zenodo-#/all/r_darksubtracted_jd#.#<date>#.fits,0,0.50-0.75,major_planet,103,0.0,0,103,0,0,0,103,0
3d64d006481a95a4d0b5864b8511eb0a9a206ec5ccb3a3e1d89911a82f9531aa,488x652|/home/pth/workshop/wide-field-solver/data/zenodo-#/all/r_darksubtracted_jd#.#<date>#.fits,0,0.50-0.75,minor_planet,28,0.0,0,28,0,0,0,28,0
3d64d006481a95a4d0b5864b8511eb0a9a206ec5ccb3a3e1d89911a82f9531aa,488x652|/home/pth/workshop/wide-field-solver/data/zenodo-#/all/r_darksubtracted_jd#.#<date>#.fits,0,0.75-1.00,major_planet,97,0.0,0,97,0,0,0,97,0
3d64d006481a95a4d0b5864b8511eb0a9a206ec5ccb3a3e1d89911a82f9531aa,488x652|/home/pth/workshop/wide-field-solver/data/zenodo-#/all/r_darksubtracted_jd#.#<date>#.fits,0,0.75-1.00,minor_planet,9,0.0,0,9,0,0,0,9,0
3db664704f5bba18444fa77093701fb2316b5fe8cad601d24543fe349c41a87a,488x652|/home/pth/workshop/wide-field-solver/data/zenodo-#/all/r_darksubtracted_jd#.#<date>#.fits,0,0.50-0.75,minor_planet,26,0.0,0,26,0,0,0,26,0
3e6ff57a9fdb7f30f6cbdfd56dc1255cd6409bd3e80746a1528a1bd072c8bc60,4096x4096|/home/pth/workshop/wide-field-solver/eso_downloads/trial/apicam.<date>t#:#:#.#.fits,0,0.00-0.25,major_planet,1,0.0,0,1,0,0,0,0,0
3e6ff57a9fdb7f30f6cbdfd56dc1255cd6409bd3e80746a1528a1bd072c8bc60,4096x4096|/home/pth/workshop/wide-field-solver/eso_downloads/trial/apicam.<date>t#:#:#.#.fits,0,0.25-0.50,major_planet,1,0.0,0,1,0,0,0,0,0
3e6ff57a9fdb7f30f6cbdfd56dc1255cd6409bd3e80746a1528a1bd072c8bc60,4096x4096|/home/pth/workshop/wide-field-solver/eso_downloads/trial/apicam.<date>t#:#:#.#.fits,0,0.50-0.75,major_planet,1,0.0,0,1,0,0,0,0,0
3f1ebdd0e54bd6a47915f9bbdad013974998c460a05007a4e098a2dbae19b9f4,1411x1422|/home/pth/workshop/wide-field-solver/raw_allsky_samples/mmto/mmto-skycam/<date>/<date>__#_#_#.fits.bz#,0,0.00-0.25,major_planet,226,0.0,0,226,0,0,0,226,0
3f1ebdd0e54bd6a47915f9bbdad013974998c460a05007a4e098a2dbae19b9f4,1411x1422|/home/pth/workshop/wide-field-solver/raw_allsky_samples/mmto/mmto-skycam/<date>/<date>__#_#_#.fits.bz#,0,0.25-0.50,major_planet,202,0.0,0,202,0,0,0,202,0
3f1ebdd0e54bd6a47915f9bbdad013974998c460a05007a4e098a2dbae19b9f4,1411x1422|/home/pth/workshop/wide-field-solver/raw_allsky_samples/mmto/mmto-skycam/<date>/<date>__#_#_#.fits.bz#,0,0.25-0.50,minor_planet,32,0.0,0,32,0,0,0,32,0
3f1ebdd0e54bd6a47915f9bbdad013974998c460a05007a4e098a2dbae19b9f4,1411x1422|/home/pth/workshop/wide-field-solver/raw_allsky_samples/mmto/mmto-skycam/<date>/<date>__#_#_#.fits.bz#,0,0.50-0.75,major_planet,152,0.0,0,152,0,0,0,152,0
3f1ebdd0e54bd6a47915f9bbdad013974998c460a05007a4e098a2dbae19b9f4,1411x1422|/home/pth/workshop/wide-field-solver/raw_allsky_samples/mmto/mmto-skycam/<date>/<date>__#_#_#.fits.bz#,0,0.50-0.75,minor_planet,30,0.0,0,30,0,0,0,30,0
42d6771f7b53a676e63b733836dcfccc80f5a3acefa5459bbbc70cda871c5994,1411x1422|/home/pth/workshop/wide-field-solver/raw_allsky_samples/mmto/mmto-skycam/<date>/<date>__#_#_#.fits.bz#,0,0.00-0.25,major_planet,230,0.0,0,230,0,0,0,230,0
42d6771f7b53a676e63b733836dcfccc80f5a3acefa5459bbbc70cda871c5994,1411x1422|/home/pth/workshop/wide-field-solver/raw_allsky_samples/mmto/mmto-skycam/<date>/<date>__#_#_#.fits.bz#,0,0.25-0.50,major_planet,159,0.0,0,159,0,0,0,158,1
42d6771f7b53a676e63b733836dcfccc80f5a3acefa5459bbbc70cda871c5994,1411x1422|/home/pth/workshop/wide-field-solver/raw_allsky_samples/mmto/mmto-skycam/<date>/<date>__#_#_#.fits.bz#,0,0.25-0.50,minor_planet,25,0.0,0,25,0,0,0,25,0
42d6771f7b53a676e63b733836dcfccc80f5a3acefa5459bbbc70cda871c5994,1411x1422|/home/pth/workshop/wide-field-solver/raw_allsky_samples/mmto/mmto-skycam/<date>/<date>__#_#_#.fits.bz#,0,0.50-0.75,major_planet,359,0.0,0,359,0,0,0,359,0
42d6771f7b53a676e63b733836dcfccc80f5a3acefa5459bbbc70cda871c5994,1411x1422|/home/pth/workshop/wide-field-solver/raw_allsky_samples/mmto/mmto-skycam/<date>/<date>__#_#_#.fits.bz#,0,0.50-0.75,minor_planet,88,0.0,0,88,0,0,0,88,0
45557ff27e93113035c42466227c32c078bd33ab0fb231eb4544dfa14b47d642,4096x4096|/home/pth/workshop/wide-field-solver/eso_downloads/trial/apicam.<date>t#:#:#.#.fits,0,0.00-0.25,major_planet,3,0.0,0,3,0,0,0,0,0
459365a525558bd7156d33476c3a33a93678a6378b2519a2d8e74ac0c337d0aa,1411x1422|/home/pth/workshop/wide-field-solver/raw_allsky_samples/mmto/mmto-skycam/<date>/<date>__#_#_#.fits.bz#,0,0.00-0.25,major_planet,120,0.0,0,120,0,0,0,119,1
459365a525558bd7156d33476c3a33a93678a6378b2519a2d8e74ac0c337d0aa,1411x1422|/home/pth/workshop/wide-field-solver/raw_allsky_samples/mmto/mmto-skycam/<date>/<date>__#_#_#.fits.bz#,0,0.00-0.25,minor_planet,26,0.0,0,26,0,0,0,26,0
459365a525558bd7156d33476c3a33a93678a6378b2519a2d8e74ac0c337d0aa,1411x1422|/home/pth/workshop/wide-field-solver/raw_allsky_samples/mmto/mmto-skycam/<date>/<date>__#_#_#.fits.bz#,0,0.25-0.50,major_planet,187,0.0,0,187,0,0,0,186,1
459365a525558bd7156d33476c3a33a93678a6378b2519a2d8e74ac0c337d0aa,1411x1422|/home/pth/workshop/wide-field-solver/raw_allsky_samples/mmto/mmto-skycam/<date>/<date>__#_#_#.fits.bz#,0,0.25-0.50,minor_planet,40,0.0,0,40,0,0,0,40,0
459365a525558bd7156d33476c3a33a93678a6378b2519a2d8e74ac0c337d0aa,1411x1422|/home/pth/workshop/wide-field-solver/raw_allsky_samples/mmto/mmto-skycam/<date>/<date>__#_#_#.fits.bz#,0,0.50-0.75,major_planet,187,0.0,0,187,0,0,0,187,0
459365a525558bd7156d33476c3a33a93678a6378b2519a2d8e74ac0c337d0aa,1411x1422|/home/pth/workshop/wide-field-solver/raw_allsky_samples/mmto/mmto-skycam/<date>/<date>__#_#_#.fits.bz#,0,0.50-0.75,minor_planet,31,0.0,0,31,0,0,0,30,1
460864a13226a1ad9e0535de9bbd7f4dfd78e947ef6c86d2b539294a7a684fbe,4096x4096|/home/pth/workshop/wide-field-solver/eso_downloads/trial/apicam.<date>t#:#:#.#.fits,0,0.00-0.25,major_planet,1,0.0,0,1,0,0,0,0,0
460864a13226a1ad9e0535de9bbd7f4dfd78e947ef6c86d2b539294a7a684fbe,4096x4096|/home/pth/workshop/wide-field-solver/eso_downloads/trial/apicam.<date>t#:#:#.#.fits,0,0.25-0.50,major_planet,2,0.0,0,2,0,0,0,0,0
460864a13226a1ad9e0535de9bbd7f4dfd78e947ef6c86d2b539294a7a684fbe,4096x4096|/home/pth/workshop/wide-field-solver/eso_downloads/trial/apicam.<date>t#:#:#.#.fits,0,0.50-0.75,major_planet,2,0.0,0,2,0,0,0,0,0
46397fb04cd6574e1aaa9237890947b02e3285d08c32803e44c06add300aa386,4096x4096|/home/pth/workshop/wide-field-solver/eso_downloads/trial/apicam.<date>t#:#:#.#.fits,0,0.00-0.25,major_planet,1,0.0,0,1,0,0,0,0,0
46397fb04cd6574e1aaa9237890947b02e3285d08c32803e44c06add300aa386,4096x4096|/home/pth/workshop/wide-field-solver/eso_downloads/trial/apicam.<date>t#:#:#.#.fits,0,0.25-0.50,major_planet,2,0.0,0,2,0,0,0,0,0
46397fb04cd6574e1aaa9237890947b02e3285d08c32803e44c06add300aa386,4096x4096|/home/pth/workshop/wide-field-solver/eso_downloads/trial/apicam.<date>t#:#:#.#.fits,0,0.50-0.75,major_planet,4,0.0,0,4,0,0,0,0,0
4788b0dbfe0f6517507b2b8855e814b68517222871936e73cc36fda70116b00e,1411x1422|/home/pth/workshop/wide-field-solver/raw_allsky_samples/mmto/mmto-skycam/<date>/<date>__#_#_#.fits.bz#,0,0.25-0.50,major_planet,327,0.0,0,327,0,0,0,326,1
4788b0dbfe0f6517507b2b8855e814b68517222871936e73cc36fda70116b00e,1411x1422|/home/pth/workshop/wide-field-solver/raw_allsky_samples/mmto/mmto-skycam/<date>/<date>__#_#_#.fits.bz#,0,0.25-0.50,minor_planet,9,0.0,0,9,0,0,0,9,0
4788b0dbfe0f6517507b2b8855e814b68517222871936e73cc36fda70116b00e,1411x1422|/home/pth/workshop/wide-field-solver/raw_allsky_samples/mmto/mmto-skycam/<date>/<date>__#_#_#.fits.bz#,0,0.50-0.75,major_planet,226,0.0,0,226,0,0,0,224,2
4788b0dbfe0f6517507b2b8855e814b68517222871936e73cc36fda70116b00e,1411x1422|/home/pth/workshop/wide-field-solver/raw_allsky_samples/mmto/mmto-skycam/<date>/<date>__#_#_#.fits.bz#,0,0.50-0.75,minor_planet,51,0.0,0,51,0,0,0,51,0
47dd809a8810a60907f27455c1d3f2e533b6e5b5a08f7115859b2a711cf52832,925x925|/home/pth/skrivebord/fisheeyeimagesnotrailser/fisheye#-#w_espenak.jpg,4,0.25-0.50,major_planet,1,1.204698926888474,0,0,1,0,0,1,0
48a6b9e30552c3cf57572d90d9644007816610c80f5147e3ac72abf6e7aca1fe,4096x4096|/home/pth/workshop/wide-field-solver/eso_downloads/trial/apicam.<date>t#:#:#.#.fits,0,0.00-0.25,major_planet,1,0.0,0,1,0,0,0,0,0
48a6b9e30552c3cf57572d90d9644007816610c80f5147e3ac72abf6e7aca1fe,4096x4096|/home/pth/workshop/wide-field-solver/eso_downloads/trial/apicam.<date>t#:#:#.#.fits,0,0.25-0.50,major_planet,2,0.0,0,2,0,0,0,0,0
48a6b9e30552c3cf57572d90d9644007816610c80f5147e3ac72abf6e7aca1fe,4096x4096|/home/pth/workshop/wide-field-solver/eso_downloads/trial/apicam.<date>t#:#:#.#.fits,0,0.50-0.75,major_planet,2,0.0,0,2,0,0,0,0,0
491fd04b094767251f9a783524f4218ef41ca9ff6466a06b463e3f6beadd7f54,1411x1422|/home/pth/workshop/wide-field-solver/raw_allsky_samples/mmto/mmto-skycam/<date>/<date>__#_#_#.fits.bz#,0,0.25-0.50,major_planet,1,0.0,0,1,0,0,0,1,0
49d3cdd8f3aa14ed326e65c22da41121f20a1e90bb81814ba2962bcc3807788f,1411x1422|/home/pth/workshop/wide-field-solver/raw_allsky_samples/mmto/mmto-skycam/<date>/<date>__#_#_#.fits.bz#,0,0.00-0.25,major_planet,261,0.0,0,261,0,0,0,261,0
49d3cdd8f3aa14ed326e65c22da41121f20a1e90bb81814ba2962bcc3807788f,1411x1422|/home/pth/workshop/wide-field-solver/raw_allsky_samples/mmto/mmto-skycam/<date>/<date>__#_#_#.fits.bz#,0,0.00-0.25,minor_planet,11,0.0,0,11,0,0,0,11,0
49d3cdd8f3aa14ed326e65c22da41121f20a1e90bb81814ba2962bcc3807788f,1411x1422|/home/pth/workshop/wide-field-solver/raw_allsky_samples/mmto/mmto-skycam/<date>/<date>__#_#_#.fits.bz#,0,0.25-0.50,major_planet,19,0.0,0,19,0,0,0,19,0
49d3cdd8f3aa14ed326e65c22da41121f20a1e90bb81814ba2962bcc3807788f,1411x1422|/home/pth/workshop/wide-field-solver/raw_allsky_samples/mmto/mmto-skycam/<date>/<date>__#_#_#.fits.bz#,0,0.25-0.50,minor_planet,89,0.0,0,89,0,0,0,89,0
49d3cdd8f3aa14ed326e65c22da41121f20a1e90bb81814ba2962bcc3807788f,1411x1422|/home/pth/workshop/wide-field-solver/raw_allsky_samples/mmto/mmto-skycam/<date>/<date>__#_#_#.fits.bz#,0,0.50-0.75,major_planet,14,0.0,0,14,0,0,0,14,0
49d3cdd8f3aa14ed326e65c22da41121f20a1e90bb81814ba2962bcc3807788f,1411x1422|/home/pth/workshop/wide-field-solver/raw_allsky_samples/mmto/mmto-skycam/<date>/<date>__#_#_#.fits.bz#,0,0.50-0.75,minor_planet,17,0.0,0,17,0,0,0,17,0
49e90a24c4294311d601449d374da3f4578f21a1f4f6627045362d7b1195f5b3,4096x4096|/home/pth/workshop/wide-field-solver/eso_downloads/trial/apicam.<date>t#:#:#.#.fits,0,0.00-0.25,major_planet,1,0.0,0,1,0,0,0,0,0
49e90a24c4294311d601449d374da3f4578f21a1f4f6627045362d7b1195f5b3,4096x4096|/home/pth/workshop/wide-field-solver/eso_downloads/trial/apicam.<date>t#:#:#.#.fits,0,0.25-0.50,major_planet,2,0.0,0,2,0,0,0,0,0
49e90a24c4294311d601449d374da3f4578f21a1f4f6627045362d7b1195f5b3,4096x4096|/home/pth/workshop/wide-field-solver/eso_downloads/trial/apicam.<date>t#:#:#.#.fits,0,0.50-0.75,major_planet,2,0.0,0,2,0,0,0,0,0
4a7fec13d55ebd5fda86a442e9a372d2f9bfcd3b70232c152c160bfa8cbda487,488x652|/home/pth/workshop/wide-field-solver/data/zenodo-#/all/r_darksubtracted_jd#.#<date>#.fits,0,0.50-0.75,minor_planet,14,0.0,0,14,0,0,0,14,0
4bf85ecfacc8fd78629d81230316b6459577dfc168d5b319c6f4fc761fd658a7,4096x4096|/home/pth/workshop/wide-field-solver/eso_downloads/trial/apicam.<date>t#:#:#.#.fits,0,0.00-0.25,major_planet,3,0.0,0,3,0,0,0,0,0
4bf85ecfacc8fd78629d81230316b6459577dfc168d5b319c6f4fc761fd658a7,4096x4096|/home/pth/workshop/wide-field-solver/eso_downloads/trial/apicam.<date>t#:#:#.#.fits,0,0.25-0.50,major_planet,1,0.0,0,1,0,0,0,0,0
4c2fe96070384bbc2a5923c3047c65376ab9bae5ea2d1490a74cefc39df96a85,1411x1422|/home/pth/workshop/wide-field-solver/raw_allsky_samples/mmto/mmto-skycam/<date>/<date>__#_#_#.fits.bz#,0,0.25-0.50,major_planet,21,0.0,0,21,0,0,0,21,0
4c2fe96070384bbc2a5923c3047c65376ab9bae5ea2d1490a74cefc39df96a85,1411x1422|/home/pth/workshop/wide-field-solver/raw_allsky_samples/mmto/mmto-skycam/<date>/<date>__#_#_#.fits.bz#,0,0.25-0.50,minor_planet,13,0.0,0,13,0,0,0,13,0
4c2fe96070384bbc2a5923c3047c65376ab9bae5ea2d1490a74cefc39df96a85,1411x1422|/home/pth/workshop/wide-field-solver/raw_allsky_samples/mmto/mmto-skycam/<date>/<date>__#_#_#.fits.bz#,0,0.50-0.75,major_planet,132,0.0,0,132,0,0,0,132,0
4c49a4ebf4d043c2835d37c0b7d5738b5039c96fc678537122b49858303866d2,1411x1422|/home/pth/workshop/wide-field-solver/raw_allsky_samples/mmto/mmto-skycam/<date>/<date>__#_#_#.fits.bz#,0,0.25-0.50,major_planet,1,0.0,0,1,0,0,0,1,0
4cfd9107406de26614521fa37244326ba3b7fd92417eb711f1e33b43c529793f,1411x1422|/home/pth/workshop/wide-field-solver/raw_allsky_samples/mmto/mmto-skycam/<date>/<date>__#_#_#.fits.bz#,5,0.25-0.50,major_planet,117,-0.488360535945322,65,0,52,0,1,116,0
4cfd9107406de26614521fa37244326ba3b7fd92417eb711f1e33b43c529793f,1411x1422|/home/pth/workshop/wide-field-solver/raw_allsky_samples/mmto/mmto-skycam/<date>/<date>__#_#_#.fits.bz#,5,0.50-0.75,major_planet,198,0.10002023906034802,98,0,100,0,8,190,0
4cfd9107406de26614521fa37244326ba3b7fd92417eb711f1e33b43c529793f,1411x1422|/home/pth/workshop/wide-field-solver/raw_allsky_samples/mmto/mmto-skycam/<date>/<date>__#_#_#.fits.bz#,5,0.50-0.75,minor_planet,91,1.1999923960464685,40,0,51,0,4,87,0
4deedb690ad790a4672a292b08a5cb2297d6a142121224bd4c526796f2afcf7d,4096x4096|/home/pth/workshop/wide-field-solver/eso_downloads/trial/apicam.<date>t#:#:#.#.fits,0,0.00-0.25,major_planet,1,0.0,0,1,0,0,0,0,0
4deedb690ad790a4672a292b08a5cb2297d6a142121224bd4c526796f2afcf7d,4096x4096|/home/pth/workshop/wide-field-solver/eso_downloads/trial/apicam.<date>t#:#:#.#.fits,0,0.25-0.50,major_planet,2,0.0,0,2,0,0,0,0,0
4deedb690ad790a4672a292b08a5cb2297d6a142121224bd4c526796f2afcf7d,4096x4096|/home/pth/workshop/wide-field-solver/eso_downloads/trial/apicam.<date>t#:#:#.#.fits,0,0.50-0.75,major_planet,2,0.0,0,2,0,0,0,0,0
4e082e3590eacbc6323c3128fc491db87afda2c14a4bb10f9b55a2c970d06e0f,1411x1422|/home/pth/workshop/wide-field-solver/raw_allsky_samples/mmto/mmto-skycam/<date>/<date>__#_#_#.fits.bz#,4,0.00-0.25,minor_planet,15,0.7714792395765038,5,0,10,0,0,15,0
4e082e3590eacbc6323c3128fc491db87afda2c14a4bb10f9b55a2c970d06e0f,1411x1422|/home/pth/workshop/wide-field-solver/raw_allsky_samples/mmto/mmto-skycam/<date>/<date>__#_#_#.fits.bz#,4,0.25-0.50,major_planet,265,-0.018109496936303593,141,0,124,0,0,264,1
4e082e3590eacbc6323c3128fc491db87afda2c14a4bb10f9b55a2c970d06e0f,1411x1422|/home/pth/workshop/wide-field-solver/raw_allsky_samples/mmto/mmto-skycam/<date>/<date>__#_#_#.fits.bz#,4,0.25-0.50,minor_planet,22,-0.059696987058766915,13,0,9,0,0,22,0
4e082e3590eacbc6323c3128fc491db87afda2c14a4bb10f9b55a2c970d06e0f,1411x1422|/home/pth/workshop/wide-field-solver/raw_allsky_samples/mmto/mmto-skycam/<date>/<date>__#_#_#.fits.bz#,4,0.50-0.75,major_planet,22,0.8695831939301768,6,0,16,0,2,20,0
4e082e3590eacbc6323c3128fc491db87afda2c14a4bb10f9b55a2c970d06e0f,1411x1422|/home/pth/workshop/wide-field-solver/raw_allsky_samples/mmto/mmto-skycam/<date>/<date>__#_#_#.fits.bz#,4,0.50-0.75,minor_planet,37,1.8684050833602246,8,0,29,0,1,36,0
4e491c8ecdc42cf2dc31bef0d17f9a980b40b5bd894e56f4d9a807101c1ac6b7,488x652|/home/pth/workshop/wide-field-solver/data/zenodo-#/all/r_darksubtracted_jd#.#<date>#.fits,0,0.50-0.75,minor_planet,1,0.0,0,1,0,0,0,1,0
4e491c8ecdc42cf2dc31bef0d17f9a980b40b5bd894e56f4d9a807101c1ac6b7,488x652|/home/pth/workshop/wide-field-solver/data/zenodo-#/all/r_darksubtracted_jd#.#<date>#.fits,0,0.75-1.00,minor_planet,2,0.0,0,2,0,0,0,2,0
4f53f9a45a786b55627c19658c0a01e45089b3a7f4902190b4714e60dbdd15f2,1411x1422|/home/pth/workshop/wide-field-solver/raw_allsky_samples/mmto/mmto-skycam/<date>/<date>__#_#_#.fits.bz#,2,0.25-0.50,major_planet,2,0.6616814506931606,0,0,2,0,0,2,0
501083705c952db2416c5b3e0a45c4856cf5af618c46729a7cae329f803e20f2,4096x4096|/home/pth/workshop/wide-field-solver/eso_downloads/trial/apicam.<date>t#:#:#.#.fits,0,0.00-0.25,major_planet,1,0.0,0,1,0,0,0,0,0
501083705c952db2416c5b3e0a45c4856cf5af618c46729a7cae329f803e20f2,4096x4096|/home/pth/workshop/wide-field-solver/eso_downloads/trial/apicam.<date>t#:#:#.#.fits,0,0.25-0.50,major_planet,2,0.0,0,2,0,0,0,0,0
501083705c952db2416c5b3e0a45c4856cf5af618c46729a7cae329f803e20f2,4096x4096|/home/pth/workshop/wide-field-solver/eso_downloads/trial/apicam.<date>t#:#:#.#.fits,0,0.50-0.75,major_planet,2,0.0,0,2,0,0,0,0,0
5036b1d28fa675f131f8f368fbe1e92cd84895e4d163bff417edefc7c09c0bb3,1411x1422|/home/pth/workshop/wide-field-solver/raw_allsky_samples/mmto/mmto-skycam/<date>/<date>__#_#_#.fits.bz#,0,0.00-0.25,major_planet,238,0.0,0,238,0,0,0,237,1
5036b1d28fa675f131f8f368fbe1e92cd84895e4d163bff417edefc7c09c0bb3,1411x1422|/home/pth/workshop/wide-field-solver/raw_allsky_samples/mmto/mmto-skycam/<date>/<date>__#_#_#.fits.bz#,0,0.25-0.50,major_planet,224,0.0,0,224,0,0,0,224,0
5036b1d28fa675f131f8f368fbe1e92cd84895e4d163bff417edefc7c09c0bb3,1411x1422|/home/pth/workshop/wide-field-solver/raw_allsky_samples/mmto/mmto-skycam/<date>/<date>__#_#_#.fits.bz#,0,0.25-0.50,minor_planet,46,0.0,0,46,0,0,0,45,1
5036b1d28fa675f131f8f368fbe1e92cd84895e4d163bff417edefc7c09c0bb3,1411x1422|/home/pth/workshop/wide-field-solver/raw_allsky_samples/mmto/mmto-skycam/<date>/<date>__#_#_#.fits.bz#,0,0.50-0.75,major_planet,223,0.0,0,223,0,0,0,223,0
5036b1d28fa675f131f8f368fbe1e92cd84895e4d163bff417edefc7c09c0bb3,1411x1422|/home/pth/workshop/wide-field-solver/raw_allsky_samples/mmto/mmto-skycam/<date>/<date>__#_#_#.fits.bz#,0,0.50-0.75,minor_planet,69,0.0,0,69,0,0,0,68,1
504fc2b087c7f1574007cea2b402cd31fa1f4c13c41b2f5bd331d350becac72c,1411x1422|/home/pth/workshop/wide-field-solver/raw_allsky_samples/mmto/mmto-skycam/<date>/<date>__#_#_#.fits.bz#,0,0.00-0.25,major_planet,16,0.0,0,16,0,0,0,16,0
504fc2b087c7f1574007cea2b402cd31fa1f4c13c41b2f5bd331d350becac72c,1411x1422|/home/pth/workshop/wide-field-solver/raw_allsky_samples/mmto/mmto-skycam/<date>/<date>__#_#_#.fits.bz#,0,0.25-0.50,major_planet,85,0.0,0,85,0,0,0,85,0
504fc2b087c7f1574007cea2b402cd31fa1f4c13c41b2f5bd331d350becac72c,1411x1422|/home/pth/workshop/wide-field-solver/raw_allsky_samples/mmto/mmto-skycam/<date>/<date>__#_#_#.fits.bz#,0,0.25-0.50,minor_planet,10,0.0,0,10,0,0,0,10,0
504fc2b087c7f1574007cea2b402cd31fa1f4c13c41b2f5bd331d350becac72c,1411x1422|/home/pth/workshop/wide-field-solver/raw_allsky_samples/mmto/mmto-skycam/<date>/<date>__#_#_#.fits.bz#,0,0.50-0.75,major_planet,139,0.0,0,139,0,0,0,139,0
504fc2b087c7f1574007cea2b402cd31fa1f4c13c41b2f5bd331d350becac72c,1411x1422|/home/pth/workshop/wide-field-solver/raw_allsky_samples/mmto/mmto-skycam/<date>/<date>__#_#_#.fits.bz#,0,0.50-0.75,minor_planet,25,0.0,0,25,0,0,0,25,0
50a15b608d929508062516f7820892343c79620f140bdf6b623e27408e63eca6,1411x1422|/home/pth/workshop/wide-field-solver/raw_allsky_samples/mmto/mmto-skycam/<date>/<date>__#_#_#.fits.bz#,1,0.25-0.50,major_planet,2,-1.2933335910635484,2,0,0,0,0,2,0
50e7a8245493c06f52cc2c2d123b12b8a3578fbc774cae4188e7b65d4a9b1e30,1411x1422|/home/pth/workshop/wide-field-solver/raw_allsky_samples/mmto/mmto-skycam/<date>/<date>__#_#_#.fits.bz#,0,0.25-0.50,major_planet,84,0.0,0,84,0,0,0,84,0
50e7a8245493c06f52cc2c2d123b12b8a3578fbc774cae4188e7b65d4a9b1e30,1411x1422|/home/pth/workshop/wide-field-solver/raw_allsky_samples/mmto/mmto-skycam/<date>/<date>__#_#_#.fits.bz#,0,0.25-0.50,minor_planet,32,0.0,0,32,0,0,0,32,0
50e7a8245493c06f52cc2c2d123b12b8a3578fbc774cae4188e7b65d4a9b1e30,1411x1422|/home/pth/workshop/wide-field-solver/raw_allsky_samples/mmto/mmto-skycam/<date>/<date>__#_#_#.fits.bz#,0,0.50-0.75,major_planet,226,0.0,0,226,0,0,0,226,0
50e7a8245493c06f52cc2c2d123b12b8a3578fbc774cae4188e7b65d4a9b1e30,1411x1422|/home/pth/workshop/wide-field-solver/raw_allsky_samples/mmto/mmto-skycam/<date>/<date>__#_#_#.fits.bz#,0,0.50-0.75,minor_planet,6,0.0,0,6,0,0,0,6,0
50e7d5cb2fd7757cfea00efd2dd87557dd43e97f2b72104ebbbcb0bcb28330c5,4096x4096|/home/pth/workshop/wide-field-solver/eso_downloads/trial/apicam.<date>t#:#:#.#.fits,0,0.00-0.25,major_planet,1,0.0,0,1,0,0,0,0,0
50e7d5cb2fd7757cfea00efd2dd87557dd43e97f2b72104ebbbcb0bcb28330c5,4096x4096|/home/pth/workshop/wide-field-solver/eso_downloads/trial/apicam.<date>t#:#:#.#.fits,0,0.25-0.50,major_planet,2,0.0,0,2,0,0,0,0,0
50e7d5cb2fd7757cfea00efd2dd87557dd43e97f2b72104ebbbcb0bcb28330c5,4096x4096|/home/pth/workshop/wide-field-solver/eso_downloads/trial/apicam.<date>t#:#:#.#.fits,0,0.50-0.75,major_planet,2,0.0,0,2,0,0,0,0,0
50f619d2659a96909f2b084424d989a98f5cef209582af0dd94cefd61bf3e032,4096x4096|/home/pth/workshop/wide-field-solver/eso_downloads/trial/apicam.<date>t#:#:#.#.fits,0,0.00-0.25,major_planet,1,0.0,0,1,0,0,0,0,0
50f619d2659a96909f2b084424d989a98f5cef209582af0dd94cefd61bf3e032,4096x4096|/home/pth/workshop/wide-field-solver/eso_downloads/trial/apicam.<date>t#:#:#.#.fits,0,0.25-0.50,major_planet,4,0.0,0,4,0,0,0,0,0
514a3b8a168e4eb17a25da74567f95508732fbb02bb811cf687c8cb15e378d9e,1411x1422|/home/pth/workshop/wide-field-solver/raw_allsky_samples/mmto/mmto-skycam/<date>/<date>__#_#_#.fits.bz#,0,0.00-0.25,major_planet,93,0.0,0,93,0,0,0,93,0
514a3b8a168e4eb17a25da74567f95508732fbb02bb811cf687c8cb15e378d9e,1411x1422|/home/pth/workshop/wide-field-solver/raw_allsky_samples/mmto/mmto-skycam/<date>/<date>__#_#_#.fits.bz#,0,0.00-0.25,minor_planet,37,0.0,0,37,0,0,0,37,0
514a3b8a168e4eb17a25da74567f95508732fbb02bb811cf687c8cb15e378d9e,1411x1422|/home/pth/workshop/wide-field-solver/raw_allsky_samples/mmto/mmto-skycam/<date>/<date>__#_#_#.fits.bz#,0,0.50-0.75,major_planet,183,0.0,0,183,0,0,0,183,0
514a3b8a168e4eb17a25da74567f95508732fbb02bb811cf687c8cb15e378d9e,1411x1422|/home/pth/workshop/wide-field-solver/raw_allsky_samples/mmto/mmto-skycam/<date>/<date>__#_#_#.fits.bz#,0,0.50-0.75,minor_planet,33,0.0,0,33,0,0,0,33,0
52e95978df845b8ebe214cfca883774bc5d9ee3ab2a4363f544070bcf774c2ba,1411x1422|/home/pth/workshop/wide-field-solver/raw_allsky_samples/mmto/mmto-skycam/<date>/<date>__#_#_#.fits.bz#,0,0.00-0.25,major_planet,348,0.0,0,348,0,0,0,348,0
52e95978df845b8ebe214cfca883774bc5d9ee3ab2a4363f544070bcf774c2ba,1411x1422|/home/pth/workshop/wide-field-solver/raw_allsky_samples/mmto/mmto-skycam/<date>/<date>__#_#_#.fits.bz#,0,0.00-0.25,minor_planet,82,0.0,0,82,0,0,0,82,0
52e95978df845b8ebe214cfca883774bc5d9ee3ab2a4363f544070bcf774c2ba,1411x1422|/home/pth/workshop/wide-field-solver/raw_allsky_samples/mmto/mmto-skycam/<date>/<date>__#_#_#.fits.bz#,0,0.25-0.50,major_planet,460,0.0,0,460,0,0,0,456,4
52e95978df845b8ebe214cfca883774bc5d9ee3ab2a4363f544070bcf774c2ba,1411x1422|/home/pth/workshop/wide-field-solver/raw_allsky_samples/mmto/mmto-skycam/<date>/<date>__#_#_#.fits.bz#,0,0.25-0.50,minor_planet,24,0.0,0,24,0,0,0,24,0
52e95978df845b8ebe214cfca883774bc5d9ee3ab2a4363f544070bcf774c2ba,1411x1422|/home/pth/workshop/wide-field-solver/raw_allsky_samples/mmto/mmto-skycam/<date>/<date>__#_#_#.fits.bz#,0,0.50-0.75,major_planet,67,0.0,0,67,0,0,0,67,0
52e95978df845b8ebe214cfca883774bc5d9ee3ab2a4363f544070bcf774c2ba,1411x1422|/home/pth/workshop/wide-field-solver/raw_allsky_samples/mmto/mmto-skycam/<date>/<date>__#_#_#.fits.bz#,0,0.50-0.75,minor_planet,18,0.0,0,18,0,0,0,18,0
52f92f2aa7f0d8697ec08cc64c91608c805390f898a0b709decbd245dc5a9f6d,4096x4096|/home/pth/workshop/wide-field-solver/eso_downloads/trial/apicam.<date>t#:#:#.#.fits,0,0.00-0.25,major_planet,1,0.0,0,1,0,0,0,0,0
52f92f2aa7f0d8697ec08cc64c91608c805390f898a0b709decbd245dc5a9f6d,4096x4096|/home/pth/workshop/wide-field-solver/eso_downloads/trial/apicam.<date>t#:#:#.#.fits,0,0.25-0.50,major_planet,4,0.0,0,4,0,0,0,0,0
53c370e1a012391007f87bacfbe71be1239f5f512d92294336067cfe2d88eff0,1411x1422|/home/pth/workshop/wide-field-solver/raw_allsky_samples/mmto/mmto-skycam/<date>/<date>__#_#_#.fits.bz#,0,0.25-0.50,major_planet,24,0.0,0,24,0,0,0,24,0
53c370e1a012391007f87bacfbe71be1239f5f512d92294336067cfe2d88eff0,1411x1422|/home/pth/workshop/wide-field-solver/raw_allsky_samples/mmto/mmto-skycam/<date>/<date>__#_#_#.fits.bz#,0,0.25-0.50,minor_planet,10,0.0,0,10,0,0,0,10,0
53c370e1a012391007f87bacfbe71be1239f5f512d92294336067cfe2d88eff0,1411x1422|/home/pth/workshop/wide-field-solver/raw_allsky_samples/mmto/mmto-skycam/<date>/<date>__#_#_#.fits.bz#,0,0.50-0.75,major_planet,250,0.0,0,250,0,0,0,249,1
53c370e1a012391007f87bacfbe71be1239f5f512d92294336067cfe2d88eff0,1411x1422|/home/pth/workshop/wide-field-solver/raw_allsky_samples/mmto/mmto-skycam/<date>/<date>__#_#_#.fits.bz#,0,0.50-0.75,minor_planet,11,0.0,0,11,0,0,0,11,0
549c60cd3c7aac3429d9472efe5f2a705bdde15e0ed1f7b7b579f924522d44ae,1411x1422|/home/pth/workshop/wide-field-solver/raw_allsky_samples/mmto/mmto-skycam/<date>/<date>__#_#_#.fits.bz#,0,0.50-0.75,major_planet,1,0.0,0,1,0,0,0,1,0
5508f4baee98ddeec2234684cf7c7c79383cd18716f0595d2c103e384049c69e,4096x4096|/home/pth/workshop/wide-field-solver/eso_downloads/trial/apicam.<date>t#:#:#.#.fits,0,0.00-0.25,major_planet,3,0.0,0,3,0,0,0,0,0
5552203ad7daab4330b9cf3b2bf0ae2df72ce32fc741a9a6c7a1e636381e7ce5,1411x1422|/home/pth/workshop/wide-field-solver/raw_allsky_samples/mmto/mmto-skycam/<date>/<date>__#_#_#.fits.bz#,0,0.00-0.25,major_planet,92,0.0,0,92,0,0,0,91,1
5552203ad7daab4330b9cf3b2bf0ae2df72ce32fc741a9a6c7a1e636381e7ce5,1411x1422|/home/pth/workshop/wide-field-solver/raw_allsky_samples/mmto/mmto-skycam/<date>/<date>__#_#_#.fits.bz#,0,0.00-0.25,minor_planet,28,0.0,0,28,0,0,0,28,0
5552203ad7daab4330b9cf3b2bf0ae2df72ce32fc741a9a6c7a1e636381e7ce5,1411x1422|/home/pth/workshop/wide-field-solver/raw_allsky_samples/mmto/mmto-skycam/<date>/<date>__#_#_#.fits.bz#,0,0.25-0.50,major_planet,420,0.0,0,420,0,0,0,418,2
5552203ad7daab4330b9cf3b2bf0ae2df72ce32fc741a9a6c7a1e636381e7ce5,1411x1422|/home/pth/workshop/wide-field-solver/raw_allsky_samples/mmto/mmto-skycam/<date>/<date>__#_#_#.fits.bz#,0,0.25-0.50,minor_planet,37,0.0,0,37,0,0,0,37,0
5552203ad7daab4330b9cf3b2bf0ae2df72ce32fc741a9a6c7a1e636381e7ce5,1411x1422|/home/pth/workshop/wide-field-solver/raw_allsky_samples/mmto/mmto-skycam/<date>/<date>__#_#_#.fits.bz#,0,0.50-0.75,major_planet,293,0.0,0,293,0,0,0,293,0
5552203ad7daab4330b9cf3b2bf0ae2df72ce32fc741a9a6c7a1e636381e7ce5,1411x1422|/home/pth/workshop/wide-field-solver/raw_allsky_samples/mmto/mmto-skycam/<date>/<date>__#_#_#.fits.bz#,0,0.50-0.75,minor_planet,52,0.0,0,52,0,0,0,52,0
567d2b7347f8cd5a587af037ed70dc7797bdc6aa6b80cc2afcc6f76d8d27a5e1,1411x1422|/home/pth/workshop/wide-field-solver/raw_allsky_samples/mmto/mmto-skycam/<date>/<date>__#_#_#.fits.bz#,0,0.25-0.50,major_planet,216,0.0,0,216,0,0,0,216,0
567d2b7347f8cd5a587af037ed70dc7797bdc6aa6b80cc2afcc6f76d8d27a5e1,1411x1422|/home/pth/workshop/wide-field-solver/raw_allsky_samples/mmto/mmto-skycam/<date>/<date>__#_#_#.fits.bz#,0,0.25-0.50,minor_planet,26,0.0,0,26,0,0,0,26,0
567d2b7347f8cd5a587af037ed70dc7797bdc6aa6b80cc2afcc6f76d8d27a5e1,1411x1422|/home/pth/workshop/wide-field-solver/raw_allsky_samples/mmto/mmto-skycam/<date>/<date>__#_#_#.fits.bz#,0,0.50-0.75,major_planet,163,0.0,0,163,0,0,0,163,0
567d2b7347f8cd5a587af037ed70dc7797bdc6aa6b80cc2afcc6f76d8d27a5e1,1411x1422|/home/pth/workshop/wide-field-solver/raw_allsky_samples/mmto/mmto-skycam/<date>/<date>__#_#_#.fits.bz#,0,0.50-0.75,minor_planet,28,0.0,0,28,0,0,0,28,0
5698ebfe9a33fc8f6ac10a481a2b04ba9c3103ce274c26c14460cec4d22f3fd2,1411x1422|/home/pth/workshop/wide-field-solver/raw_allsky_samples/mmto/mmto-skycam/<date>/<date>__#_#_#.fits.bz#,0,0.25-0.50,major_planet,2,0.0,0,2,0,0,0,2,0
571737baec2a6f426bfcbe69e5c73474f2916fd7bfb3f162cabbf1bb2cb2eb93,488x652|/home/pth/workshop/wide-field-solver/data/zenodo-#/all/r_darksubtracted_jd#.#<date>#.fits,0,0.25-0.50,minor_planet,7,0.0,0,7,0,0,0,7,0
571737baec2a6f426bfcbe69e5c73474f2916fd7bfb3f162cabbf1bb2cb2eb93,488x652|/home/pth/workshop/wide-field-solver/data/zenodo-#/all/r_darksubtracted_jd#.#<date>#.fits,0,0.50-0.75,major_planet,42,0.0,0,42,0,0,0,42,0
571737baec2a6f426bfcbe69e5c73474f2916fd7bfb3f162cabbf1bb2cb2eb93,488x652|/home/pth/workshop/wide-field-solver/data/zenodo-#/all/r_darksubtracted_jd#.#<date>#.fits,0,0.50-0.75,minor_planet,9,0.0,0,9,0,0,0,9,0
572f60cdbab72531891ab4d2bfb03e5d2a0410b6c35203ac48cddaec59426a79,4096x4096|/home/pth/workshop/wide-field-solver/eso_downloads/trial/apicam.<date>t#:#:#.#.fits,0,0.00-0.25,major_planet,1,0.0,0,1,0,0,0,0,0
572f60cdbab72531891ab4d2bfb03e5d2a0410b6c35203ac48cddaec59426a79,4096x4096|/home/pth/workshop/wide-field-solver/eso_downloads/trial/apicam.<date>t#:#:#.#.fits,0,0.25-0.50,major_planet,2,0.0,0,2,0,0,0,0,0
572f60cdbab72531891ab4d2bfb03e5d2a0410b6c35203ac48cddaec59426a79,4096x4096|/home/pth/workshop/wide-field-solver/eso_downloads/trial/apicam.<date>t#:#:#.#.fits,0,0.50-0.75,major_planet,2,0.0,0,2,0,0,0,0,0
583c9c25d6448a052ed2f72c979d2747cc13c46e2b6aeeb8b0cafef450427061,4096x4096|/home/pth/workshop/wide-field-solver/eso_downloads/trial/apicam.<date>t#:#:#.#.fits,0,0.00-0.25,major_planet,1,0.0,0,1,0,0,0,0,0
583c9c25d6448a052ed2f72c979d2747cc13c46e2b6aeeb8b0cafef450427061,4096x4096|/home/pth/workshop/wide-field-solver/eso_downloads/trial/apicam.<date>t#:#:#.#.fits,0,0.25-0.50,major_planet,2,0.0,0,2,0,0,0,0,0
583c9c25d6448a052ed2f72c979d2747cc13c46e2b6aeeb8b0cafef450427061,4096x4096|/home/pth/workshop/wide-field-solver/eso_downloads/trial/apicam.<date>t#:#:#.#.fits,0,0.50-0.75,major_planet,2,0.0,0,2,0,0,0,0,0
585cb0cc86e46d8befc8830e4ad0635b1dc954de80943b1ffa34efb43ad09d7f,3672x3672|/home/pth/skrivebord/fisheeyeimagesnotrailser/subaru_maunakea_<date>t#z.jpg,0,0.25-0.50,minor_planet,1,0.0,0,1,0,0,0,1,0
585cb0cc86e46d8befc8830e4ad0635b1dc954de80943b1ffa34efb43ad09d7f,3672x3672|/home/pth/skrivebord/fisheeyeimagesnotrailser/subaru_maunakea_<date>t#z.jpg,0,0.50-0.75,major_planet,1,0.0,0,1,0,0,0,1,0
58c3e2b3302ff18f4fe7d66a401a514fc61de3ba0993f4c3c514cd08910858db,3672x3672|/home/pth/skrivebord/fisheeyeimagesnotrailser/subaru_maunakea_<date>t#z.jpg,0,0.00-0.25,minor_planet,1,0.0,0,1,0,0,0,1,0
58c3e2b3302ff18f4fe7d66a401a514fc61de3ba0993f4c3c514cd08910858db,3672x3672|/home/pth/skrivebord/fisheeyeimagesnotrailser/subaru_maunakea_<date>t#z.jpg,0,0.25-0.50,major_planet,1,0.0,0,1,0,0,0,1,0
5a9393ffc85052d2b951c7562860938ac9ada2bfe1a78240ce95479183e60049,4096x4096|/home/pth/workshop/wide-field-solver/eso_downloads/trial/apicam.<date>t#:#:#.#.fits,0,0.00-0.25,major_planet,1,0.0,0,1,0,0,0,0,0
5a9393ffc85052d2b951c7562860938ac9ada2bfe1a78240ce95479183e60049,4096x4096|/home/pth/workshop/wide-field-solver/eso_downloads/trial/apicam.<date>t#:#:#.#.fits,0,0.25-0.50,major_planet,2,0.0,0,2,0,0,0,0,0
5a9393ffc85052d2b951c7562860938ac9ada2bfe1a78240ce95479183e60049,4096x4096|/home/pth/workshop/wide-field-solver/eso_downloads/trial/apicam.<date>t#:#:#.#.fits,0,0.50-0.75,major_planet,2,0.0,0,2,0,0,0,0,0
5b05062fc0adc4926cab72da414135a6485468044c9e18035bf1fedeca027127,488x652|/home/pth/workshop/wide-field-solver/data/zenodo-#/all/r_darksubtracted_jd#.#<date>#.fits,0,0.25-0.50,minor_planet,7,0.0,0,7,0,0,0,7,0
5b05062fc0adc4926cab72da414135a6485468044c9e18035bf1fedeca027127,488x652|/home/pth/workshop/wide-field-solver/data/zenodo-#/all/r_darksubtracted_jd#.#<date>#.fits,0,0.50-0.75,major_planet,63,0.0,0,63,0,0,0,63,0
5b05062fc0adc4926cab72da414135a6485468044c9e18035bf1fedeca027127,488x652|/home/pth/workshop/wide-field-solver/data/zenodo-#/all/r_darksubtracted_jd#.#<date>#.fits,0,0.50-0.75,minor_planet,32,0.0,0,32,0,0,0,32,0
5bfa40dcddea5e0ce2dd1c5a2bcb8147853500c7693be322cd16d7b0eb700ba2,1411x1422|/home/pth/workshop/wide-field-solver/raw_allsky_samples/mmto/mmto-skycam/<date>/<date>__#_#_#.fits.bz#,0,0.25-0.50,major_planet,2,0.0,0,2,0,0,0,2,0
5c74d93cc6ff0c6bb8e39dece3667bc18943a1d68b3abc4e3d0c3d7fdd470c4f,488x652|/home/pth/workshop/wide-field-solver/data/zenodo-#/all/r_darksubtracted_jd#.#<date>#.fits,0,0.50-0.75,minor_planet,5,0.0,0,5,0,0,0,5,0
5db03d9a9d6c69923334c6cfaf5634179d024e5956d820232b4ab63fe45b033a,1411x1422|/home/pth/workshop/wide-field-solver/raw_allsky_samples/mmto/mmto-skycam/<date>/<date>__#_#_#.fits.bz#,0,0.00-0.25,major_planet,121,0.0,0,121,0,0,0,121,0
5db03d9a9d6c69923334c6cfaf5634179d024e5956d820232b4ab63fe45b033a,1411x1422|/home/pth/workshop/wide-field-solver/raw_allsky_samples/mmto/mmto-skycam/<date>/<date>__#_#_#.fits.bz#,0,0.00-0.25,minor_planet,21,0.0,0,21,0,0,0,21,0
5db03d9a9d6c69923334c6cfaf5634179d024e5956d820232b4ab63fe45b033a,1411x1422|/home/pth/workshop/wide-field-solver/raw_allsky_samples/mmto/mmto-skycam/<date>/<date>__#_#_#.fits.bz#,0,0.25-0.50,major_planet,139,0.0,0,139,0,0,0,139,0
5db03d9a9d6c69923334c6cfaf5634179d024e5956d820232b4ab63fe45b033a,1411x1422|/home/pth/workshop/wide-field-solver/raw_allsky_samples/mmto/mmto-skycam/<date>/<date>__#_#_#.fits.bz#,0,0.25-0.50,minor_planet,40,0.0,0,40,0,0,0,40,0
5db03d9a9d6c69923334c6cfaf5634179d024e5956d820232b4ab63fe45b033a,1411x1422|/home/pth/workshop/wide-field-solver/raw_allsky_samples/mmto/mmto-skycam/<date>/<date>__#_#_#.fits.bz#,0,0.50-0.75,major_planet,100,0.0,0,100,0,0,0,100,0
5db03d9a9d6c69923334c6cfaf5634179d024e5956d820232b4ab63fe45b033a,1411x1422|/home/pth/workshop/wide-field-solver/raw_allsky_samples/mmto/mmto-skycam/<date>/<date>__#_#_#.fits.bz#,0,0.50-0.75,minor_planet,35,0.0,0,35,0,0,0,35,0
5dc3f76792264307c2386d36822bb92cbd258acf6d766898f74b9fdeae84d564,4096x4096|/home/pth/workshop/wide-field-solver/eso_downloads/trial/apicam.<date>t#:#:#.#.fits,0,0.00-0.25,major_planet,1,0.0,0,1,0,0,0,0,0
5dc3f76792264307c2386d36822bb92cbd258acf6d766898f74b9fdeae84d564,4096x4096|/home/pth/workshop/wide-field-solver/eso_downloads/trial/apicam.<date>t#:#:#.#.fits,0,0.25-0.50,major_planet,2,0.0,0,2,0,0,0,0,0
5dc3f76792264307c2386d36822bb92cbd258acf6d766898f74b9fdeae84d564,4096x4096|/home/pth/workshop/wide-field-solver/eso_downloads/trial/apicam.<date>t#:#:#.#.fits,0,0.50-0.75,major_planet,2,0.0,0,2,0,0,0,0,0
5e79103c029f9d6fcfd801b3658566aeea0dceaa8c1896850e30678c19e48e94,3672x3672|/home/pth/skrivebord/fisheeyeimagesnotrailser/subaru_maunakea_<date>t#z.jpg,0,0.25-0.50,major_planet,1,0.0,0,1,0,0,0,1,0
5e79103c029f9d6fcfd801b3658566aeea0dceaa8c1896850e30678c19e48e94,3672x3672|/home/pth/skrivebord/fisheeyeimagesnotrailser/subaru_maunakea_<date>t#z.jpg,0,0.25-0.50,minor_planet,1,0.0,0,1,0,0,0,1,0
5f37411bab6ae4738038e265358aafb5431b96e596dd11556fad352fd7df4b75,488x652|/home/pth/workshop/wide-field-solver/data/zenodo-#/all/r_darksubtracted_jd#.#<date>#.fits,0,0.25-0.50,minor_planet,7,0.0,0,7,0,0,0,7,0
5f37411bab6ae4738038e265358aafb5431b96e596dd11556fad352fd7df4b75,488x652|/home/pth/workshop/wide-field-solver/data/zenodo-#/all/r_darksubtracted_jd#.#<date>#.fits,0,0.50-0.75,major_planet,124,0.0,0,124,0,0,0,124,0
5f37411bab6ae4738038e265358aafb5431b96e596dd11556fad352fd7df4b75,488x652|/home/pth/workshop/wide-field-solver/data/zenodo-#/all/r_darksubtracted_jd#.#<date>#.fits,0,0.50-0.75,minor_planet,21,0.0,0,21,0,0,0,21,0
6005d73ca633f8ad187b8551bfe2d2a81fe081467f9604d7d2a20ccd860e7ba7,1411x1422|/home/pth/workshop/wide-field-solver/raw_allsky_samples/mmto/mmto-skycam/<date>/<date>__#_#_#.fits.bz#,0,0.00-0.25,minor_planet,10,0.0,0,10,0,0,0,10,0
6005d73ca633f8ad187b8551bfe2d2a81fe081467f9604d7d2a20ccd860e7ba7,1411x1422|/home/pth/workshop/wide-field-solver/raw_allsky_samples/mmto/mmto-skycam/<date>/<date>__#_#_#.fits.bz#,0,0.25-0.50,major_planet,265,0.0,0,265,0,0,0,265,0
6005d73ca633f8ad187b8551bfe2d2a81fe081467f9604d7d2a20ccd860e7ba7,1411x1422|/home/pth/workshop/wide-field-solver/raw_allsky_samples/mmto/mmto-skycam/<date>/<date>__#_#_#.fits.bz#,0,0.25-0.50,minor_planet,15,0.0,0,15,0,0,0,15,0
6005d73ca633f8ad187b8551bfe2d2a81fe081467f9604d7d2a20ccd860e7ba7,1411x1422|/home/pth/workshop/wide-field-solver/raw_allsky_samples/mmto/mmto-skycam/<date>/<date>__#_#_#.fits.bz#,0,0.50-0.75,major_planet,27,0.0,0,27,0,0,0,27,0
6005d73ca633f8ad187b8551bfe2d2a81fe081467f9604d7d2a20ccd860e7ba7,1411x1422|/home/pth/workshop/wide-field-solver/raw_allsky_samples/mmto/mmto-skycam/<date>/<date>__#_#_#.fits.bz#,0,0.50-0.75,minor_planet,20,0.0,0,20,0,0,0,20,0
60f9ed6ea772056807fe66b8158810714d1de95a6929e8946b918ade2a01f2ff,1411x1422|/home/pth/workshop/wide-field-solver/raw_allsky_samples/mmto/mmto-skycam/<date>/<date>__#_#_#.fits.bz#,0,0.00-0.25,major_planet,135,0.0,0,135,0,0,0,135,0
60f9ed6ea772056807fe66b8158810714d1de95a6929e8946b918ade2a01f2ff,1411x1422|/home/pth/workshop/wide-field-solver/raw_allsky_samples/mmto/mmto-skycam/<date>/<date>__#_#_#.fits.bz#,0,0.00-0.25,minor_planet,6,0.0,0,6,0,0,0,6,0
60f9ed6ea772056807fe66b8158810714d1de95a6929e8946b918ade2a01f2ff,1411x1422|/home/pth/workshop/wide-field-solver/raw_allsky_samples/mmto/mmto-skycam/<date>/<date>__#_#_#.fits.bz#,0,0.25-0.50,major_planet,274,0.0,0,274,0,0,0,273,1
60f9ed6ea772056807fe66b8158810714d1de95a6929e8946b918ade2a01f2ff,1411x1422|/home/pth/workshop/wide-field-solver/raw_allsky_samples/mmto/mmto-skycam/<date>/<date>__#_#_#.fits.bz#,0,0.25-0.50,minor_planet,16,0.0,0,16,0,0,0,16,0
60f9ed6ea772056807fe66b8158810714d1de95a6929e8946b918ade2a01f2ff,1411x1422|/home/pth/workshop/wide-field-solver/raw_allsky_samples/mmto/mmto-skycam/<date>/<date>__#_#_#.fits.bz#,0,0.50-0.75,major_planet,163,0.0,0,163,0,0,0,162,1
60f9ed6ea772056807fe66b8158810714d1de95a6929e8946b918ade2a01f2ff,1411x1422|/home/pth/workshop/wide-field-solver/raw_allsky_samples/mmto/mmto-skycam/<date>/<date>__#_#_#.fits.bz#,0,0.50-0.75,minor_planet,17,0.0,0,17,0,0,0,17,0
61020ace536750910ae5883913f24ee91f079f6d58e1ec3670aa7ef0bff27cb0,488x652|/home/pth/workshop/wide-field-solver/data/zenodo-#/all/r_darksubtracted_jd#.#<date>#.fits,0,0.25-0.50,minor_planet,7,0.0,0,7,0,0,0,7,0
61020ace536750910ae5883913f24ee91f079f6d58e1ec3670aa7ef0bff27cb0,488x652|/home/pth/workshop/wide-field-solver/data/zenodo-#/all/r_darksubtracted_jd#.#<date>#.fits,0,0.50-0.75,major_planet,108,0.0,0,108,0,0,0,108,0
61020ace536750910ae5883913f24ee91f079f6d58e1ec3670aa7ef0bff27cb0,488x652|/home/pth/workshop/wide-field-solver/data/zenodo-#/all/r_darksubtracted_jd#.#<date>#.fits,0,0.50-0.75,minor_planet,32,0.0,0,32,0,0,0,32,0
61020ace536750910ae5883913f24ee91f079f6d58e1ec3670aa7ef0bff27cb0,488x652|/home/pth/workshop/wide-field-solver/data/zenodo-#/all/r_darksubtracted_jd#.#<date>#.fits,0,0.75-1.00,major_planet,14,0.0,0,14,0,0,0,14,0
61020ace536750910ae5883913f24ee91f079f6d58e1ec3670aa7ef0bff27cb0,488x652|/home/pth/workshop/wide-field-solver/data/zenodo-#/all/r_darksubtracted_jd#.#<date>#.fits,0,0.75-1.00,minor_planet,7,0.0,0,7,0,0,0,7,0
6114fda9906ce27d43bcc59cc5f18bf432fff6780010d897c4d364805d0da843,4096x4096|/home/pth/workshop/wide-field-solver/eso_downloads/trial/apicam.<date>t#:#:#.#.fits,0,0.00-0.25,major_planet,1,0.0,0,1,0,0,0,0,0
6114fda9906ce27d43bcc59cc5f18bf432fff6780010d897c4d364805d0da843,4096x4096|/home/pth/workshop/wide-field-solver/eso_downloads/trial/apicam.<date>t#:#:#.#.fits,0,0.25-0.50,major_planet,1,0.0,0,1,0,0,0,0,0
6114fda9906ce27d43bcc59cc5f18bf432fff6780010d897c4d364805d0da843,4096x4096|/home/pth/workshop/wide-field-solver/eso_downloads/trial/apicam.<date>t#:#:#.#.fits,0,0.50-0.75,major_planet,1,0.0,0,1,0,0,0,0,0
61b9883c184101bb5210b1d7efb17e3a3c4c6ff3a517371442e412d37949823e,1411x1422|/home/pth/workshop/wide-field-solver/raw_allsky_samples/mmto/mmto-skycam/<date>__#_#_#.fits.bz#,0,0.25-0.50,major_planet,1,0.0,0,1,0,0,0,1,0
61dc347020eb6209828dce07b76fc0e6ed01dd09fc51383d514b99197157a73d,1411x1422|/home/pth/workshop/wide-field-solver/raw_allsky_samples/mmto/mmto-skycam/<date>/<date>__#_#_#.fits.bz#,4,0.00-0.25,major_planet,193,0.865150587033078,85,0,108,0,3,189,1
61dc347020eb6209828dce07b76fc0e6ed01dd09fc51383d514b99197157a73d,1411x1422|/home/pth/workshop/wide-field-solver/raw_allsky_samples/mmto/mmto-skycam/<date>/<date>__#_#_#.fits.bz#,4,0.25-0.50,major_planet,184,0.1050623504207504,88,0,96,1,2,181,0
61dc347020eb6209828dce07b76fc0e6ed01dd09fc51383d514b99197157a73d,1411x1422|/home/pth/workshop/wide-field-solver/raw_allsky_samples/mmto/mmto-skycam/<date>/<date>__#_#_#.fits.bz#,4,0.25-0.50,minor_planet,55,-0.1656688883719042,36,0,19,1,0,54,0
61dc347020eb6209828dce07b76fc0e6ed01dd09fc51383d514b99197157a73d,1411x1422|/home/pth/workshop/wide-field-solver/raw_allsky_samples/mmto/mmto-skycam/<date>/<date>__#_#_#.fits.bz#,4,0.50-0.75,major_planet,278,-0.3648738535400313,151,0,127,0,5,273,0
61dc347020eb6209828dce07b76fc0e6ed01dd09fc51383d514b99197157a73d,1411x1422|/home/pth/workshop/wide-field-solver/raw_allsky_samples/mmto/mmto-skycam/<date>/<date>__#_#_#.fits.bz#,4,0.50-0.75,minor_planet,39,0.81558773155,18,0,21,0,0,39,0
6226234dd47e08b49b7b3ea48a1949dd8e5ad70bc8d3d7df4b8d49f7e73c473e,3672x3672|/home/pth/skrivebord/fisheeyeimagesnotrailser/subaru_maunakea_<date>t#z.jpg,0,0.00-0.25,major_planet,1,0.0,0,1,0,0,0,1,0
6226234dd47e08b49b7b3ea48a1949dd8e5ad70bc8d3d7df4b8d49f7e73c473e,3672x3672|/home/pth/skrivebord/fisheeyeimagesnotrailser/subaru_maunakea_<date>t#z.jpg,0,0.25-0.50,major_planet,2,0.0,0,2,0,0,0,2,0
6226234dd47e08b49b7b3ea48a1949dd8e5ad70bc8d3d7df4b8d49f7e73c473e,3672x3672|/home/pth/skrivebord/fisheeyeimagesnotrailser/subaru_maunakea_<date>t#z.jpg,0,0.25-0.50,minor_planet,1,0.0,0,1,0,0,0,1,0
62ad2e20284e4c488909cba1d596d55b537bc87df7bf64b98e30a621b773726b,1411x1422|/home/pth/workshop/wide-field-solver/raw_allsky_samples/mmto/mmto-skycam/<date>/<date>__#_#_#.fits.bz#,0,0.25-0.50,major_planet,108,0.0,0,108,0,0,0,108,0
62ad2e20284e4c488909cba1d596d55b537bc87df7bf64b98e30a621b773726b,1411x1422|/home/pth/workshop/wide-field-solver/raw_allsky_samples/mmto/mmto-skycam/<date>/<date>__#_#_#.fits.bz#,0,0.25-0.50,minor_planet,34,0.0,0,34,0,0,0,34,0
62ad2e20284e4c488909cba1d596d55b537bc87df7bf64b98e30a621b773726b,1411x1422|/home/pth/workshop/wide-field-solver/raw_allsky_samples/mmto/mmto-skycam/<date>/<date>__#_#_#.fits.bz#,0,0.50-0.75,major_planet,82,0.0,0,82,0,0,0,82,0
62ad2e20284e4c488909cba1d596d55b537bc87df7bf64b98e30a621b773726b,1411x1422|/home/pth/workshop/wide-field-solver/raw_allsky_samples/mmto/mmto-skycam/<date>/<date>__#_#_#.fits.bz#,0,0.50-0.75,minor_planet,22,0.0,0,22,0,0,0,22,0
64aa13ebb6e2dc93da763919c4c444c3bf903f5f85d01ecfef736c795d33fae7,1411x1422|/home/pth/workshop/wide-field-solver/raw_allsky_samples/mmto/mmto-skycam/<date>/<date>__#_#_#.fits.bz#,0,0.25-0.50,major_planet,441,0.0,0,441,0,0,0,441,0
64aa13ebb6e2dc93da763919c4c444c3bf903f5f85d01ecfef736c795d33fae7,1411x1422|/home/pth/workshop/wide-field-solver/raw_allsky_samples/mmto/mmto-skycam/<date>/<date>__#_#_#.fits.bz#,0,0.25-0.50,minor_planet,7,0.0,0,7,0,0,0,7,0
64aa13ebb6e2dc93da763919c4c444c3bf903f5f85d01ecfef736c795d33fae7,1411x1422|/home/pth/workshop/wide-field-solver/raw_allsky_samples/mmto/mmto-skycam/<date>/<date>__#_#_#.fits.bz#,0,0.50-0.75,major_planet,366,0.0,0,366,0,0,0,365,1
64aa13ebb6e2dc93da763919c4c444c3bf903f5f85d01ecfef736c795d33fae7,1411x1422|/home/pth/workshop/wide-field-solver/raw_allsky_samples/mmto/mmto-skycam/<date>/<date>__#_#_#.fits.bz#,0,0.50-0.75,minor_planet,44,0.0,0,44,0,0,0,44,0
6588e8a68d163ec18e5710ed717ed3d0d1e16a61453e7683ce8020137e4bc043,4096x4096|/home/pth/workshop/wide-field-solver/eso_downloads/trial/apicam.<date>t#:#:#.#.fits,0,0.00-0.25,major_planet,3,0.0,0,3,0,0,0,0,0
6588e8a68d163ec18e5710ed717ed3d0d1e16a61453e7683ce8020137e4bc043,4096x4096|/home/pth/workshop/wide-field-solver/eso_downloads/trial/apicam.<date>t#:#:#.#.fits,0,0.25-0.50,major_planet,1,0.0,0,1,0,0,0,0,0
6588e8a68d163ec18e5710ed717ed3d0d1e16a61453e7683ce8020137e4bc043,4096x4096|/home/pth/workshop/wide-field-solver/eso_downloads/trial/apicam.<date>t#:#:#.#.fits,0,0.50-0.75,major_planet,1,0.0,0,1,0,0,0,0,0
662fafb66caf13786e8ecf0d018116f75f361f1aff2ed6b16bbe407fedb25703,1411x1422|/home/pth/workshop/wide-field-solver/raw_allsky_samples/mmto/mmto-skycam/<date>/<date>__#_#_#.fits.bz#,0,0.00-0.25,major_planet,1,0.0,0,1,0,0,0,1,0
665d076d6e8cdebbbabe214a82862a214087a1f08ffac373911bd7bd5c22863a,1411x1422|/home/pth/workshop/wide-field-solver/raw_allsky_samples/mmto/mmto-skycam/<date>/<date>__#_#_#.fits.bz#,0,0.00-0.25,major_planet,2,0.0,0,2,0,0,0,2,0
665d076d6e8cdebbbabe214a82862a214087a1f08ffac373911bd7bd5c22863a,1411x1422|/home/pth/workshop/wide-field-solver/raw_allsky_samples/mmto/mmto-skycam/<date>/<date>__#_#_#.fits.bz#,0,0.25-0.50,major_planet,446,0.0,0,446,0,0,0,445,1
665d076d6e8cdebbbabe214a82862a214087a1f08ffac373911bd7bd5c22863a,1411x1422|/home/pth/workshop/wide-field-solver/raw_allsky_samples/mmto/mmto-skycam/<date>/<date>__#_#_#.fits.bz#,0,0.25-0.50,minor_planet,9,0.0,0,9,0,0,0,9,0
665d076d6e8cdebbbabe214a82862a214087a1f08ffac373911bd7bd5c22863a,1411x1422|/home/pth/workshop/wide-field-solver/raw_allsky_samples/mmto/mmto-skycam/<date>/<date>__#_#_#.fits.bz#,0,0.50-0.75,major_planet,74,0.0,0,74,0,0,0,74,0
665d076d6e8cdebbbabe214a82862a214087a1f08ffac373911bd7bd5c22863a,1411x1422|/home/pth/workshop/wide-field-solver/raw_allsky_samples/mmto/mmto-skycam/<date>/<date>__#_#_#.fits.bz#,0,0.50-0.75,minor_planet,49,0.0,0,49,0,0,0,49,0
66df97563940545f6d4d81776998e2ce926a686fd678d0cc6b95285add662f9f,1411x1422|/home/pth/workshop/wide-field-solver/raw_allsky_samples/mmto/mmto-skycam/<date>/<date>__#_#_#.fits.bz#,2,0.00-0.25,major_planet,1,0.890088377157068,0,0,1,0,0,1,0
673662c908f2dc8a7ad1cbc4e793ab705be3a54446fe642653d899a11ffd2135,4096x4096|/home/pth/workshop/wide-field-solver/eso_downloads/trial/apicam.<date>t#:#:#.#.fits,0,0.00-0.25,major_planet,1,0.0,0,1,0,0,0,0,0
673662c908f2dc8a7ad1cbc4e793ab705be3a54446fe642653d899a11ffd2135,4096x4096|/home/pth/workshop/wide-field-solver/eso_downloads/trial/apicam.<date>t#:#:#.#.fits,0,0.25-0.50,major_planet,2,0.0,0,2,0,0,0,0,0
673662c908f2dc8a7ad1cbc4e793ab705be3a54446fe642653d899a11ffd2135,4096x4096|/home/pth/workshop/wide-field-solver/eso_downloads/trial/apicam.<date>t#:#:#.#.fits,0,0.50-0.75,major_planet,2,0.0,0,2,0,0,0,0,0
67fc9a3e9be38c3c9da75ef82b1945e81c26140e457c4fbe2b415fa612d62031,1411x1422|/home/pth/workshop/wide-field-solver/raw_allsky_samples/mmto/mmto-skycam/<date>/<date>__#_#_#.fits.bz#,0,0.25-0.50,major_planet,116,0.0,0,116,0,0,0,116,0
67fc9a3e9be38c3c9da75ef82b1945e81c26140e457c4fbe2b415fa612d62031,1411x1422|/home/pth/workshop/wide-field-solver/raw_allsky_samples/mmto/mmto-skycam/<date>/<date>__#_#_#.fits.bz#,0,0.25-0.50,minor_planet,23,0.0,0,23,0,0,0,23,0
67fc9a3e9be38c3c9da75ef82b1945e81c26140e457c4fbe2b415fa612d62031,1411x1422|/home/pth/workshop/wide-field-solver/raw_allsky_samples/mmto/mmto-skycam/<date>/<date>__#_#_#.fits.bz#,0,0.50-0.75,major_planet,18,0.0,0,18,0,0,0,18,0
67fc9a3e9be38c3c9da75ef82b1945e81c26140e457c4fbe2b415fa612d62031,1411x1422|/home/pth/workshop/wide-field-solver/raw_allsky_samples/mmto/mmto-skycam/<date>/<date>__#_#_#.fits.bz#,0,0.50-0.75,minor_planet,32,0.0,0,32,0,0,0,32,0
68493aa903674d4724ef6110c9e32b7dfe593a7b6c18a3b82aecd2827d3dadcb,488x652|/home/pth/workshop/wide-field-solver/data/zenodo-#/all/r_darksubtracted_jd#.#<date>#.fits,0,0.25-0.50,minor_planet,7,0.0,0,7,0,0,0,7,0
68493aa903674d4724ef6110c9e32b7dfe593a7b6c18a3b82aecd2827d3dadcb,488x652|/home/pth/workshop/wide-field-solver/data/zenodo-#/all/r_darksubtracted_jd#.#<date>#.fits,0,0.50-0.75,major_planet,59,0.0,0,59,0,0,0,59,0
68493aa903674d4724ef6110c9e32b7dfe593a7b6c18a3b82aecd2827d3dadcb,488x652|/home/pth/workshop/wide-field-solver/data/zenodo-#/all/r_darksubtracted_jd#.#<date>#.fits,0,0.50-0.75,minor_planet,27,0.0,0,27,0,0,0,27,0
69961a84633b022de53d946f97cf2e494e46b64a77cf3f1cc204a31f9fb7f64c,1411x1422|/home/pth/workshop/wide-field-solver/raw_allsky_samples/mmto/mmto-skycam/<date>/<date>__#_#_#.fits.bz#,0,0.00-0.25,major_planet,136,0.0,0,136,0,0,0,136,0
69961a84633b022de53d946f97cf2e494e46b64a77cf3f1cc204a31f9fb7f64c,1411x1422|/home/pth/workshop/wide-field-solver/raw_allsky_samples/mmto/mmto-skycam/<date>/<date>__#_#_#.fits.bz#,0,0.00-0.25,minor_planet,19,0.0,0,19,0,0,0,19,0
69961a84633b022de53d946f97cf2e494e46b64a77cf3f1cc204a31f9fb7f64c,1411x1422|/home/pth/workshop/wide-field-solver/raw_allsky_samples/mmto/mmto-skycam/<date>/<date>__#_#_#.fits.bz#,0,0.25-0.50,major_planet,267,0.0,0,267,0,0,0,267,0
69961a84633b022de53d946f97cf2e494e46b64a77cf3f1cc204a31f9fb7f64c,1411x1422|/home/pth/workshop/wide-field-solver/raw_allsky_samples/mmto/mmto-skycam/<date>/<date>__#_#_#.fits.bz#,0,0.25-0.50,minor_planet,12,0.0,0,12,0,0,0,12,0
69961a84633b022de53d946f97cf2e494e46b64a77cf3f1cc204a31f9fb7f64c,1411x1422|/home/pth/workshop/wide-field-solver/raw_allsky_samples/mmto/mmto-skycam/<date>/<date>__#_#_#.fits.bz#,0,0.50-0.75,major_planet,177,0.0,0,177,0,0,0,176,1
69961a84633b022de53d946f97cf2e494e46b64a77cf3f1cc204a31f9fb7f64c,1411x1422|/home/pth/workshop/wide-field-solver/raw_allsky_samples/mmto/mmto-skycam/<date>/<date>__#_#_#.fits.bz#,0,0.50-0.75,minor_planet,17,0.0,0,17,0,0,0,17,0
6ad7ff0c33d6fe62906e38df2c148ced20b92c18151875ac74ff4297a9975fca,1411x1422|/home/pth/workshop/wide-field-solver/raw_allsky_samples/mmto/mmto-skycam/<date>/<date>__#_#_#.fits.bz#,0,0.00-0.25,major_planet,3,0.0,0,3,0,0,0,3,0
6ad7ff0c33d6fe62906e38df2c148ced20b92c18151875ac74ff4297a9975fca,1411x1422|/home/pth/workshop/wide-field-solver/raw_allsky_samples/mmto/mmto-skycam/<date>/<date>__#_#_#.fits.bz#,0,0.25-0.50,major_planet,88,0.0,0,88,0,0,0,88,0
6ad7ff0c33d6fe62906e38df2c148ced20b92c18151875ac74ff4297a9975fca,1411x1422|/home/pth/workshop/wide-field-solver/raw_allsky_samples/mmto/mmto-skycam/<date>/<date>__#_#_#.fits.bz#,0,0.25-0.50,minor_planet,45,0.0,0,45,0,0,0,45,0
6ad7ff0c33d6fe62906e38df2c148ced20b92c18151875ac74ff4297a9975fca,1411x1422|/home/pth/workshop/wide-field-solver/raw_allsky_samples/mmto/mmto-skycam/<date>/<date>__#_#_#.fits.bz#,0,0.50-0.75,major_planet,390,0.0,0,390,0,0,0,388,2
6ad7ff0c33d6fe62906e38df2c148ced20b92c18151875ac74ff4297a9975fca,1411x1422|/home/pth/workshop/wide-field-solver/raw_allsky_samples/mmto/mmto-skycam/<date>/<date>__#_#_#.fits.bz#,0,0.50-0.75,minor_planet,64,0.0,0,64,0,0,0,64,0
6ad828ec1c45c9426f2fa199617953ef42fa5030fae2877186e54c4d8d64f3d0,488x652|/home/pth/workshop/wide-field-solver/data/zenodo-#/all/r_darksubtracted_jd#.#<date>#.fits,0,0.50-0.75,major_planet,44,0.0,0,44,0,0,0,44,0
6ad828ec1c45c9426f2fa199617953ef42fa5030fae2877186e54c4d8d64f3d0,488x652|/home/pth/workshop/wide-field-solver/data/zenodo-#/all/r_darksubtracted_jd#.#<date>#.fits,0,0.50-0.75,minor_planet,23,0.0,0,23,0,0,0,23,0
6af52a4ae5e04b200225cd1f8a2241a012bcd9991d14f9d68aa408d36813943c,488x652|/home/pth/workshop/wide-field-solver/data/zenodo-#/all/r_darksubtracted_jd#.#<date>#.fits,0,0.50-0.75,major_planet,77,0.0,0,77,0,0,0,77,0
6af52a4ae5e04b200225cd1f8a2241a012bcd9991d14f9d68aa408d36813943c,488x652|/home/pth/workshop/wide-field-solver/data/zenodo-#/all/r_darksubtracted_jd#.#<date>#.fits,0,0.50-0.75,minor_planet,35,0.0,0,35,0,0,0,35,0
6af52a4ae5e04b200225cd1f8a2241a012bcd9991d14f9d68aa408d36813943c,488x652|/home/pth/workshop/wide-field-solver/data/zenodo-#/all/r_darksubtracted_jd#.#<date>#.fits,0,0.75-1.00,major_planet,157,0.0,0,157,0,0,0,157,0
6af52a4ae5e04b200225cd1f8a2241a012bcd9991d14f9d68aa408d36813943c,488x652|/home/pth/workshop/wide-field-solver/data/zenodo-#/all/r_darksubtracted_jd#.#<date>#.fits,0,0.75-1.00,minor_planet,11,0.0,0,11,0,0,0,11,0
6d5539157c2f91463c6dbab2060d9030e7b3cb5cacbc821420d648f6adf7261a,1411x1422|/home/pth/workshop/wide-field-solver/raw_allsky_samples/mmto/mmto-skycam/<date>/<date>__#_#_#.fits.bz#,0,0.00-0.25,major_planet,140,0.0,0,140,0,0,0,140,0
6d5539157c2f91463c6dbab2060d9030e7b3cb5cacbc821420d648f6adf7261a,1411x1422|/home/pth/workshop/wide-field-solver/raw_allsky_samples/mmto/mmto-skycam/<date>/<date>__#_#_#.fits.bz#,0,0.25-0.50,major_planet,136,0.0,0,136,0,0,0,136,0
6d5539157c2f91463c6dbab2060d9030e7b3cb5cacbc821420d648f6adf7261a,1411x1422|/home/pth/workshop/wide-field-solver/raw_allsky_samples/mmto/mmto-skycam/<date>/<date>__#_#_#.fits.bz#,0,0.25-0.50,minor_planet,27,0.0,0,27,0,0,0,27,0
6d5539157c2f91463c6dbab2060d9030e7b3cb5cacbc821420d648f6adf7261a,1411x1422|/home/pth/workshop/wide-field-solver/raw_allsky_samples/mmto/mmto-skycam/<date>/<date>__#_#_#.fits.bz#,0,0.50-0.75,major_planet,131,0.0,0,131,0,0,0,131,0
6d5539157c2f91463c6dbab2060d9030e7b3cb5cacbc821420d648f6adf7261a,1411x1422|/home/pth/workshop/wide-field-solver/raw_allsky_samples/mmto/mmto-skycam/<date>/<date>__#_#_#.fits.bz#,0,0.50-0.75,minor_planet,8,0.0,0,8,0,0,0,8,0
6f01418fb181f7a7d5a02fb161953435b3576f16270c33e22888de46c00e2163,1411x1422|/home/pth/workshop/wide-field-solver/raw_allsky_samples/mmto/mmto-skycam/<date>/<date>__#_#_#.fits.bz#,0,0.25-0.50,major_planet,43,0.0,0,43,0,0,0,43,0
6f01418fb181f7a7d5a02fb161953435b3576f16270c33e22888de46c00e2163,1411x1422|/home/pth/workshop/wide-field-solver/raw_allsky_samples/mmto/mmto-skycam/<date>/<date>__#_#_#.fits.bz#,0,0.25-0.50,minor_planet,41,0.0,0,41,0,0,0,41,0
6f01418fb181f7a7d5a02fb161953435b3576f16270c33e22888de46c00e2163,1411x1422|/home/pth/workshop/wide-field-solver/raw_allsky_samples/mmto/mmto-skycam/<date>/<date>__#_#_#.fits.bz#,0,0.50-0.75,major_planet,234,0.0,0,234,0,0,0,234,0
6f01418fb181f7a7d5a02fb161953435b3576f16270c33e22888de46c00e2163,1411x1422|/home/pth/workshop/wide-field-solver/raw_allsky_samples/mmto/mmto-skycam/<date>/<date>__#_#_#.fits.bz#,0,0.50-0.75,minor_planet,8,0.0,0,8,0,0,0,8,0
6f57653ce67215ae3f8a58397f1bfe02c41773cd1a71039d459d300e0931f2c9,4096x4096|/home/pth/workshop/wide-field-solver/eso_downloads/trial/apicam.<date>t#:#:#.#.fits,0,0.00-0.25,major_planet,3,0.0,0,3,0,0,0,0,0
6f57653ce67215ae3f8a58397f1bfe02c41773cd1a71039d459d300e0931f2c9,4096x4096|/home/pth/workshop/wide-field-solver/eso_downloads/trial/apicam.<date>t#:#:#.#.fits,0,0.25-0.50,major_planet,1,0.0,0,1,0,0,0,0,0
70416f47c98dbfe639749526c20a1f442e48ef67ae6153bc20bbedc38acaf758,4096x4096|/home/pth/workshop/wide-field-solver/eso_downloads/trial/apicam.<date>t#:#:#.#.fits,0,0.00-0.25,major_planet,1,0.0,0,1,0,0,0,0,0
70416f47c98dbfe639749526c20a1f442e48ef67ae6153bc20bbedc38acaf758,4096x4096|/home/pth/workshop/wide-field-solver/eso_downloads/trial/apicam.<date>t#:#:#.#.fits,0,0.25-0.50,major_planet,2,0.0,0,2,0,0,0,0,0
70b38e57cfd62c6ae2d42d05a73fd90ab8fd403960a42046ffb8f320d8f3ab6f,1411x1422|/home/pth/workshop/wide-field-solver/raw_allsky_samples/mmto/mmto-skycam/<date>/<date>__#_#_#.fits.bz#,0,0.00-0.25,major_planet,163,0.0,0,163,0,0,0,163,0
70b38e57cfd62c6ae2d42d05a73fd90ab8fd403960a42046ffb8f320d8f3ab6f,1411x1422|/home/pth/workshop/wide-field-solver/raw_allsky_samples/mmto/mmto-skycam/<date>/<date>__#_#_#.fits.bz#,0,0.25-0.50,major_planet,246,0.0,0,246,0,0,0,244,2
70b38e57cfd62c6ae2d42d05a73fd90ab8fd403960a42046ffb8f320d8f3ab6f,1411x1422|/home/pth/workshop/wide-field-solver/raw_allsky_samples/mmto/mmto-skycam/<date>/<date>__#_#_#.fits.bz#,0,0.25-0.50,minor_planet,35,0.0,0,35,0,0,0,35,0
70b38e57cfd62c6ae2d42d05a73fd90ab8fd403960a42046ffb8f320d8f3ab6f,1411x1422|/home/pth/workshop/wide-field-solver/raw_allsky_samples/mmto/mmto-skycam/<date>/<date>__#_#_#.fits.bz#,0,0.50-0.75,major_planet,428,0.0,0,428,0,0,0,428,0
70b38e57cfd62c6ae2d42d05a73fd90ab8fd403960a42046ffb8f320d8f3ab6f,1411x1422|/home/pth/workshop/wide-field-solver/raw_allsky_samples/mmto/mmto-skycam/<date>/<date>__#_#_#.fits.bz#,0,0.50-0.75,minor_planet,70,0.0,0,70,0,0,0,70,0
71cefdeef7dc421af0d0f40da713ac20afa140bc114a268c790aea03203636a5,4096x4096|/home/pth/workshop/wide-field-solver/eso_downloads/trial/apicam.<date>t#:#:#.#.fits,0,0.00-0.25,major_planet,1,0.0,0,1,0,0,0,0,0
71cefdeef7dc421af0d0f40da713ac20afa140bc114a268c790aea03203636a5,4096x4096|/home/pth/workshop/wide-field-solver/eso_downloads/trial/apicam.<date>t#:#:#.#.fits,0,0.25-0.50,major_planet,2,0.0,0,2,0,0,0,0,0
71fb51555b193894a78b01b33bcb8adff66ab62bc4d7bc72f49013f3939d552b,1411x1422|/home/pth/workshop/wide-field-solver/raw_allsky_samples/mmto/mmto-skycam/<date>/<date>__#_#_#.fits.bz#,0,0.25-0.50,major_planet,37,0.0,0,37,0,0,0,37,0
71fb51555b193894a78b01b33bcb8adff66ab62bc4d7bc72f49013f3939d552b,1411x1422|/home/pth/workshop/wide-field-solver/raw_allsky_samples/mmto/mmto-skycam/<date>/<date>__#_#_#.fits.bz#,0,0.25-0.50,minor_planet,26,0.0,0,26,0,0,0,26,0
71fb51555b193894a78b01b33bcb8adff66ab62bc4d7bc72f49013f3939d552b,1411x1422|/home/pth/workshop/wide-field-solver/raw_allsky_samples/mmto/mmto-skycam/<date>/<date>__#_#_#.fits.bz#,0,0.50-0.75,major_planet,196,0.0,0,196,0,0,0,196,0
71fb51555b193894a78b01b33bcb8adff66ab62bc4d7bc72f49013f3939d552b,1411x1422|/home/pth/workshop/wide-field-solver/raw_allsky_samples/mmto/mmto-skycam/<date>/<date>__#_#_#.fits.bz#,0,0.50-0.75,minor_planet,22,0.0,0,22,0,0,0,22,0
721a175c2ca002a35bda60f6fd2732efb27456f78978d5b9d6586d85a9c77996,3672x3672|/home/pth/skrivebord/fisheeyeimagesnotrailser/subaru_maunakea_<date>t#z.jpg,0,0.00-0.25,minor_planet,1,0.0,0,1,0,0,0,1,0
721a175c2ca002a35bda60f6fd2732efb27456f78978d5b9d6586d85a9c77996,3672x3672|/home/pth/skrivebord/fisheeyeimagesnotrailser/subaru_maunakea_<date>t#z.jpg,0,0.25-0.50,major_planet,1,0.0,0,1,0,0,0,1,0
7233a1ec1405998d5ab56a660545e37e20b4d8b05604a9904bde825d82acc099,4096x4096|/home/pth/workshop/wide-field-solver/eso_downloads/trial/apicam.<date>t#:#:#.#.fits,0,0.25-0.50,major_planet,5,0.0,0,5,0,0,0,0,0
7287154ca0fbea3ce65536b4a6a21c3aa66423da242e7f241b73b1805321975a,4096x4096|/home/pth/workshop/wide-field-solver/eso_downloads/trial/apicam.<date>t#:#:#.#.fits,0,0.00-0.25,major_planet,1,0.0,0,1,0,0,0,0,0
7287154ca0fbea3ce65536b4a6a21c3aa66423da242e7f241b73b1805321975a,4096x4096|/home/pth/workshop/wide-field-solver/eso_downloads/trial/apicam.<date>t#:#:#.#.fits,0,0.25-0.50,major_planet,2,0.0,0,2,0,0,0,0,0
7287154ca0fbea3ce65536b4a6a21c3aa66423da242e7f241b73b1805321975a,4096x4096|/home/pth/workshop/wide-field-solver/eso_downloads/trial/apicam.<date>t#:#:#.#.fits,0,0.50-0.75,major_planet,2,0.0,0,2,0,0,0,0,0
7397fd9bc5dcd3f428aad89ecc5017966c97807500b1db529fbd6e3918b833ba,4096x4096|/home/pth/workshop/wide-field-solver/eso_downloads/trial/apicam.<date>t#:#:#.#.fits,0,0.00-0.25,major_planet,3,0.0,0,3,0,0,0,0,0
7397fd9bc5dcd3f428aad89ecc5017966c97807500b1db529fbd6e3918b833ba,4096x4096|/home/pth/workshop/wide-field-solver/eso_downloads/trial/apicam.<date>t#:#:#.#.fits,0,0.25-0.50,major_planet,1,0.0,0,1,0,0,0,0,0
73b3045430b8fdd9122e1eac6aa553470148bce9e7008469af1b3aff9a1d4861,1411x1422|/home/pth/workshop/wide-field-solver/raw_allsky_samples/mmto/mmto-skycam/<date>/<date>__#_#_#.fits.bz#,0,0.25-0.50,major_planet,1,0.0,0,1,0,0,0,1,0
73b3045430b8fdd9122e1eac6aa553470148bce9e7008469af1b3aff9a1d4861,1411x1422|/home/pth/workshop/wide-field-solver/raw_allsky_samples/mmto/mmto-skycam/<date>/<date>__#_#_#.fits.bz#,0,0.50-0.75,major_planet,1,0.0,0,1,0,0,0,1,0
74e3bee6665b7b23ba597ea5035d9260d24eec86294c1c000e51955606410d4e,1411x1422|/home/pth/workshop/wide-field-solver/raw_allsky_samples/mmto/mmto-skycam/<date>/<date>__#_#_#.fits.bz#,1,0.00-0.25,major_planet,2,-0.8154181591807852,2,0,0,0,0,2,0
74e3bee6665b7b23ba597ea5035d9260d24eec86294c1c000e51955606410d4e,1411x1422|/home/pth/workshop/wide-field-solver/raw_allsky_samples/mmto/mmto-skycam/<date>/<date>__#_#_#.fits.bz#,1,0.25-0.50,major_planet,417,0.2678084068089426,138,0,279,1,3,412,1
74e3bee6665b7b23ba597ea5035d9260d24eec86294c1c000e51955606410d4e,1411x1422|/home/pth/workshop/wide-field-solver/raw_allsky_samples/mmto/mmto-skycam/<date>/<date>__#_#_#.fits.bz#,1,0.25-0.50,minor_planet,9,0.6220984274809949,4,0,5,0,1,8,0
74e3bee6665b7b23ba597ea5035d9260d24eec86294c1c000e51955606410d4e,1411x1422|/home/pth/workshop/wide-field-solver/raw_allsky_samples/mmto/mmto-skycam/<date>/<date>__#_#_#.fits.bz#,1,0.50-0.75,major_planet,184,-0.82632684269843,109,0,75,3,4,177,0
74e3bee6665b7b23ba597ea5035d9260d24eec86294c1c000e51955606410d4e,1411x1422|/home/pth/workshop/wide-field-solver/raw_allsky_samples/mmto/mmto-skycam/<date>/<date>__#_#_#.fits.bz#,1,0.50-0.75,minor_planet,71,1.4733473713192389,32,0,39,1,2,68,0
761d115daffdc00fc595d55617b8cf0824f8422195743c1cc2946bd5475b3c73,4096x4096|/home/pth/workshop/wide-field-solver/eso_downloads/trial/apicam.<date>t#:#:#.#.fits,0,0.00-0.25,major_planet,1,0.0,0,1,0,0,0,0,0
761d115daffdc00fc595d55617b8cf0824f8422195743c1cc2946bd5475b3c73,4096x4096|/home/pth/workshop/wide-field-solver/eso_downloads/trial/apicam.<date>t#:#:#.#.fits,0,0.25-0.50,major_planet,2,0.0,0,2,0,0,0,0,0
761d115daffdc00fc595d55617b8cf0824f8422195743c1cc2946bd5475b3c73,4096x4096|/home/pth/workshop/wide-field-solver/eso_downloads/trial/apicam.<date>t#:#:#.#.fits,0,0.50-0.75,major_planet,2,0.0,0,2,0,0,0,0,0
76e331b772333affaa93183e65ffc7be497180460ea7ad1de6db8124c431984b,1411x1422|/home/pth/workshop/wide-field-solver/raw_allsky_samples/mmto/mmto-skycam/<date>/<date>__#_#_#.fits.bz#,0,0.00-0.25,major_planet,169,0.0,0,169,0,0,0,169,0
76e331b772333affaa93183e65ffc7be497180460ea7ad1de6db8124c431984b,1411x1422|/home/pth/workshop/wide-field-solver/raw_allsky_samples/mmto/mmto-skycam/<date>/<date>__#_#_#.fits.bz#,0,0.25-0.50,major_planet,240,0.0,0,240,0,0,0,239,1
76e331b772333affaa93183e65ffc7be497180460ea7ad1de6db8124c431984b,1411x1422|/home/pth/workshop/wide-field-solver/raw_allsky_samples/mmto/mmto-skycam/<date>/<date>__#_#_#.fits.bz#,0,0.25-0.50,minor_planet,109,0.0,0,109,0,0,0,108,1
76e331b772333affaa93183e65ffc7be497180460ea7ad1de6db8124c431984b,1411x1422|/home/pth/workshop/wide-field-solver/raw_allsky_samples/mmto/mmto-skycam/<date>/<date>__#_#_#.fits.bz#,0,0.50-0.75,major_planet,137,0.0,0,137,0,0,0,136,1
76e331b772333affaa93183e65ffc7be497180460ea7ad1de6db8124c431984b,1411x1422|/home/pth/workshop/wide-field-solver/raw_allsky_samples/mmto/mmto-skycam/<date>/<date>__#_#_#.fits.bz#,0,0.50-0.75,minor_planet,13,0.0,0,13,0,0,0,13,0
77093c392be8091348da6c1a80ce79fa12d985363baa4b1b03f32de803042a66,1411x1422|/home/pth/workshop/wide-field-solver/raw_allsky_samples/mmto/mmto-skycam/<date>/<date>__#_#_#.fits.bz#,0,0.00-0.25,major_planet,79,0.0,0,79,0,0,0,79,0
77093c392be8091348da6c1a80ce79fa12d985363baa4b1b03f32de803042a66,1411x1422|/home/pth/workshop/wide-field-solver/raw_allsky_samples/mmto/mmto-skycam/<date>/<date>__#_#_#.fits.bz#,0,0.00-0.25,minor_planet,14,0.0,0,14,0,0,0,14,0
77093c392be8091348da6c1a80ce79fa12d985363baa4b1b03f32de803042a66,1411x1422|/home/pth/workshop/wide-field-solver/raw_allsky_samples/mmto/mmto-skycam/<date>/<date>__#_#_#.fits.bz#,0,0.25-0.50,major_planet,268,0.0,0,268,0,0,0,268,0
77093c392be8091348da6c1a80ce79fa12d985363baa4b1b03f32de803042a66,1411x1422|/home/pth/workshop/wide-field-solver/raw_allsky_samples/mmto/mmto-skycam/<date>/<date>__#_#_#.fits.bz#,0,0.25-0.50,minor_planet,40,0.0,0,40,0,0,0,39,1
77093c392be8091348da6c1a80ce79fa12d985363baa4b1b03f32de803042a66,1411x1422|/home/pth/workshop/wide-field-solver/raw_allsky_samples/mmto/mmto-skycam/<date>/<date>__#_#_#.fits.bz#,0,0.50-0.75,major_planet,302,0.0,0,302,0,0,0,301,1
77093c392be8091348da6c1a80ce79fa12d985363baa4b1b03f32de803042a66,1411x1422|/home/pth/workshop/wide-field-solver/raw_allsky_samples/mmto/mmto-skycam/<date>/<date>__#_#_#.fits.bz#,0,0.50-0.75,minor_planet,63,0.0,0,63,0,0,0,63,0
7758baadb78ace8ae4a0bef40cdf2cc884c69903b5ba9fd0d8d8d15702fa4c1e,3672x3672|/home/pth/skrivebord/fisheeyeimagesnotrailser/subaru_maunakea_<date>t#z.jpg,0,0.25-0.50,minor_planet,1,0.0,0,1,0,0,0,1,0
7758baadb78ace8ae4a0bef40cdf2cc884c69903b5ba9fd0d8d8d15702fa4c1e,3672x3672|/home/pth/skrivebord/fisheeyeimagesnotrailser/subaru_maunakea_<date>t#z.jpg,0,0.50-0.75,major_planet,1,0.0,0,1,0,0,0,1,0
77a9ca7117e5ed24a5eb725491bce6f305f9ef1b2ea513fd3a65cf454ae19aee,1411x1422|/home/pth/workshop/wide-field-solver/raw_allsky_samples/mmto/mmto-skycam/<date>/<date>__#_#_#.fits.bz#,0,0.25-0.50,major_planet,10,0.0,0,10,0,0,0,10,0
77a9ca7117e5ed24a5eb725491bce6f305f9ef1b2ea513fd3a65cf454ae19aee,1411x1422|/home/pth/workshop/wide-field-solver/raw_allsky_samples/mmto/mmto-skycam/<date>/<date>__#_#_#.fits.bz#,0,0.50-0.75,major_planet,121,0.0,0,121,0,0,0,121,0
77a9ca7117e5ed24a5eb725491bce6f305f9ef1b2ea513fd3a65cf454ae19aee,1411x1422|/home/pth/workshop/wide-field-solver/raw_allsky_samples/mmto/mmto-skycam/<date>/<date>__#_#_#.fits.bz#,0,0.50-0.75,minor_planet,14,0.0,0,14,0,0,0,14,0
781be3347c3b964c41bfea67f53bfc2b7656c65bd0f75035f1c1df43476e0533,488x652|/home/pth/workshop/wide-field-solver/data/zenodo-#/all/r_darksubtracted_jd#.#<date>#.fits,0,0.50-0.75,major_planet,139,0.0,0,139,0,0,0,138,1
781be3347c3b964c41bfea67f53bfc2b7656c65bd0f75035f1c1df43476e0533,488x652|/home/pth/workshop/wide-field-solver/data/zenodo-#/all/r_darksubtracted_jd#.#<date>#.fits,0,0.50-0.75,minor_planet,38,0.0,0,38,0,0,0,38,0
781be3347c3b964c41bfea67f53bfc2b7656c65bd0f75035f1c1df43476e0533,488x652|/home/pth/workshop/wide-field-solver/data/zenodo-#/all/r_darksubtracted_jd#.#<date>#.fits,0,0.75-1.00,major_planet,10,0.0,0,10,0,0,0,10,0
781be3347c3b964c41bfea67f53bfc2b7656c65bd0f75035f1c1df43476e0533,488x652|/home/pth/workshop/wide-field-solver/data/zenodo-#/all/r_darksubtracted_jd#.#<date>#.fits,0,0.75-1.00,minor_planet,20,0.0,0,20,0,0,0,20,0
782101f61ed3517cddac0074e3eda279c170b281f936f2474586b74072dd902c,1411x1422|/home/pth/workshop/wide-field-solver/raw_allsky_samples/mmto/mmto-skycam/<date>/<date>__#_#_#.fits.bz#,0,0.25-0.50,major_planet,40,0.0,0,40,0,0,0,40,0
782101f61ed3517cddac0074e3eda279c170b281f936f2474586b74072dd902c,1411x1422|/home/pth/workshop/wide-field-solver/raw_allsky_samples/mmto/mmto-skycam/<date>/<date>__#_#_#.fits.bz#,0,0.25-0.50,minor_planet,32,0.0,0,32,0,0,0,32,0
782101f61ed3517cddac0074e3eda279c170b281f936f2474586b74072dd902c,1411x1422|/home/pth/workshop/wide-field-solver/raw_allsky_samples/mmto/mmto-skycam/<date>/<date>__#_#_#.fits.bz#,0,0.50-0.75,major_planet,239,0.0,0,239,0,0,0,235,4
782101f61ed3517cddac0074e3eda279c170b281f936f2474586b74072dd902c,1411x1422|/home/pth/workshop/wide-field-solver/raw_allsky_samples/mmto/mmto-skycam/<date>/<date>__#_#_#.fits.bz#,0,0.50-0.75,minor_planet,37,0.0,0,37,0,0,0,37,0
7868f475c178b74ef31f31f9344491eaa02f880cd5a5c5bf53972b4f5775a3b3,4096x4096|/home/pth/workshop/wide-field-solver/eso_downloads/trial/apicam.<date>t#:#:#.#.fits,0,0.25-0.50,major_planet,5,0.0,0,5,0,0,0,0,0
78d7dc8d8b45971ccf3a82dd1762f79249ca9fa973d79967b0b08529f95b5898,1411x1422|/home/pth/workshop/wide-field-solver/raw_allsky_samples/mmto/mmto-skycam/<date>/<date>__#_#_#.fits.bz#,0,0.25-0.50,major_planet,2,0.0,0,2,0,0,0,2,0
78d7dc8d8b45971ccf3a82dd1762f79249ca9fa973d79967b0b08529f95b5898,1411x1422|/home/pth/workshop/wide-field-solver/raw_allsky_samples/mmto/mmto-skycam/<date>/<date>__#_#_#.fits.bz#,0,0.50-0.75,major_planet,1,0.0,0,1,0,0,0,1,0
796234a574326d346be7d00bdda76c8545de885f2a5a7f14492959fed35de9c9,488x652|/home/pth/workshop/wide-field-solver/data/zenodo-#/all/r_darksubtracted_jd#.#<date>#.fits,0,0.25-0.50,minor_planet,7,0.0,0,7,0,0,0,7,0
796234a574326d346be7d00bdda76c8545de885f2a5a7f14492959fed35de9c9,488x652|/home/pth/workshop/wide-field-solver/data/zenodo-#/all/r_darksubtracted_jd#.#<date>#.fits,0,0.50-0.75,major_planet,36,0.0,0,36,0,0,0,36,0
796234a574326d346be7d00bdda76c8545de885f2a5a7f14492959fed35de9c9,488x652|/home/pth/workshop/wide-field-solver/data/zenodo-#/all/r_darksubtracted_jd#.#<date>#.fits,0,0.50-0.75,minor_planet,9,0.0,0,9,0,0,0,9,0
79e0f13abf36dc400224ec48680ec34121701f102448b6deb6c39300e502a991,3672x3672|/home/pth/skrivebord/fisheeyeimagesnotrailser/subaru_maunakea_<date>t#z.jpg,0,0.00-0.25,minor_planet,1,0.0,0,1,0,0,0,1,0
79e0f13abf36dc400224ec48680ec34121701f102448b6deb6c39300e502a991,3672x3672|/home/pth/skrivebord/fisheeyeimagesnotrailser/subaru_maunakea_<date>t#z.jpg,0,0.25-0.50,major_planet,1,0.0,0,1,0,0,0,1,0
7a04c015add3f36e32bba4994304b77f3d829883657aed50ddc97b1140a68011,488x652|/home/pth/workshop/wide-field-solver/data/zenodo-#/all/r_darksubtracted_jd#.#<date>#.fits,0,0.50-0.75,minor_planet,3,0.0,0,3,0,0,0,3,0
7a04c015add3f36e32bba4994304b77f3d829883657aed50ddc97b1140a68011,488x652|/home/pth/workshop/wide-field-solver/data/zenodo-#/all/r_darksubtracted_jd#.#<date>#.fits,0,0.75-1.00,minor_planet,1,0.0,0,1,0,0,0,1,0
7a60313ccce68afad46d981cd96895c96776b61e48b6692afa333a84260d5b00,1411x1422|/home/pth/workshop/wide-field-solver/raw_allsky_samples/mmto/mmto-skycam/<date>/<date>__#_#_#.fits.bz#,0,0.25-0.50,major_planet,79,0.0,0,79,0,0,0,79,0
7a60313ccce68afad46d981cd96895c96776b61e48b6692afa333a84260d5b00,1411x1422|/home/pth/workshop/wide-field-solver/raw_allsky_samples/mmto/mmto-skycam/<date>/<date>__#_#_#.fits.bz#,0,0.25-0.50,minor_planet,14,0.0,0,14,0,0,0,14,0
7a60313ccce68afad46d981cd96895c96776b61e48b6692afa333a84260d5b00,1411x1422|/home/pth/workshop/wide-field-solver/raw_allsky_samples/mmto/mmto-skycam/<date>/<date>__#_#_#.fits.bz#,0,0.50-0.75,major_planet,99,0.0,0,99,0,0,0,99,0
7a60313ccce68afad46d981cd96895c96776b61e48b6692afa333a84260d5b00,1411x1422|/home/pth/workshop/wide-field-solver/raw_allsky_samples/mmto/mmto-skycam/<date>/<date>__#_#_#.fits.bz#,0,0.50-0.75,minor_planet,20,0.0,0,20,0,0,0,20,0
7aeed4c3bdc8b7a82780a952484e9efec7a9d04af20750073d1d7d6115913114,1411x1422|/home/pth/workshop/wide-field-solver/raw_allsky_samples/mmto/mmto-skycam/<date>/<date>__#_#_#.fits.bz#,0,0.25-0.50,major_planet,18,0.0,0,18,0,0,0,18,0
7aeed4c3bdc8b7a82780a952484e9efec7a9d04af20750073d1d7d6115913114,1411x1422|/home/pth/workshop/wide-field-solver/raw_allsky_samples/mmto/mmto-skycam/<date>/<date>__#_#_#.fits.bz#,0,0.25-0.50,minor_planet,27,0.0,0,27,0,0,0,27,0
7aeed4c3bdc8b7a82780a952484e9efec7a9d04af20750073d1d7d6115913114,1411x1422|/home/pth/workshop/wide-field-solver/raw_allsky_samples/mmto/mmto-skycam/<date>/<date>__#_#_#.fits.bz#,0,0.50-0.75,major_planet,42,0.0,0,42,0,0,0,42,0
7aeed4c3bdc8b7a82780a952484e9efec7a9d04af20750073d1d7d6115913114,1411x1422|/home/pth/workshop/wide-field-solver/raw_allsky_samples/mmto/mmto-skycam/<date>/<date>__#_#_#.fits.bz#,0,0.50-0.75,minor_planet,14,0.0,0,14,0,0,0,14,0
7b96798ced90479f5f17b3c630ba37313840828717db3a755d637c879ff7f5c5,1411x1422|/home/pth/workshop/wide-field-solver/raw_allsky_samples/mmto/mmto-skycam/<date>/<date>__#_#_#.fits.bz#,0,0.00-0.25,major_planet,173,0.0,0,173,0,0,0,173,0
7b96798ced90479f5f17b3c630ba37313840828717db3a755d637c879ff7f5c5,1411x1422|/home/pth/workshop/wide-field-solver/raw_allsky_samples/mmto/mmto-skycam/<date>/<date>__#_#_#.fits.bz#,0,0.00-0.25,minor_planet,6,0.0,0,6,0,0,0,6,0
7b96798ced90479f5f17b3c630ba37313840828717db3a755d637c879ff7f5c5,1411x1422|/home/pth/workshop/wide-field-solver/raw_allsky_samples/mmto/mmto-skycam/<date>/<date>__#_#_#.fits.bz#,0,0.25-0.50,major_planet,79,0.0,0,79,0,0,0,79,0
7b96798ced90479f5f17b3c630ba37313840828717db3a755d637c879ff7f5c5,1411x1422|/home/pth/workshop/wide-field-solver/raw_allsky_samples/mmto/mmto-skycam/<date>/<date>__#_#_#.fits.bz#,0,0.25-0.50,minor_planet,41,0.0,0,41,0,0,0,41,0
7b96798ced90479f5f17b3c630ba37313840828717db3a755d637c879ff7f5c5,1411x1422|/home/pth/workshop/wide-field-solver/raw_allsky_samples/mmto/mmto-skycam/<date>/<date>__#_#_#.fits.bz#,0,0.50-0.75,major_planet,225,0.0,0,225,0,0,0,225,0
7b96798ced90479f5f17b3c630ba37313840828717db3a755d637c879ff7f5c5,1411x1422|/home/pth/workshop/wide-field-solver/raw_allsky_samples/mmto/mmto-skycam/<date>/<date>__#_#_#.fits.bz#,0,0.50-0.75,minor_planet,40,0.0,0,40,0,0,0,40,0
7bfb71d56c28e3bd171a15accf07b50bd6217892cba832b0c00e51a18715d28f,1411x1422|/home/pth/workshop/wide-field-solver/raw_allsky_samples/mmto/mmto-skycam/<date>/<date>__#_#_#.fits.bz#,4,0.00-0.25,major_planet,144,-0.5158479254298292,74,0,70,0,3,141,0
7bfb71d56c28e3bd171a15accf07b50bd6217892cba832b0c00e51a18715d28f,1411x1422|/home/pth/workshop/wide-field-solver/raw_allsky_samples/mmto/mmto-skycam/<date>/<date>__#_#_#.fits.bz#,4,0.00-0.25,minor_planet,27,0.717113927158266,10,0,17,0,1,26,0
7bfb71d56c28e3bd171a15accf07b50bd6217892cba832b0c00e51a18715d28f,1411x1422|/home/pth/workshop/wide-field-solver/raw_allsky_samples/mmto/mmto-skycam/<date>/<date>__#_#_#.fits.bz#,4,0.25-0.50,major_planet,271,-0.001729258521273369,154,0,117,1,1,269,0
7bfb71d56c28e3bd171a15accf07b50bd6217892cba832b0c00e51a18715d28f,1411x1422|/home/pth/workshop/wide-field-solver/raw_allsky_samples/mmto/mmto-skycam/<date>/<date>__#_#_#.fits.bz#,4,0.25-0.50,minor_planet,39,0.06733350681268302,15,0,24,0,0,39,0
7bfb71d56c28e3bd171a15accf07b50bd6217892cba832b0c00e51a18715d28f,1411x1422|/home/pth/workshop/wide-field-solver/raw_allsky_samples/mmto/mmto-skycam/<date>/<date>__#_#_#.fits.bz#,4,0.50-0.75,major_planet,132,1.2774196089545082,31,0,101,3,7,122,0
7bfb71d56c28e3bd171a15accf07b50bd6217892cba832b0c00e51a18715d28f,1411x1422|/home/pth/workshop/wide-field-solver/raw_allsky_samples/mmto/mmto-skycam/<date>/<date>__#_#_#.fits.bz#,4,0.50-0.75,minor_planet,30,1.3821022353133237,9,0,21,0,2,28,0
7e9f648932f00e6aa1ea9947b723887a019e7bccbabb7da967bc51ec8fa6ab1d,1411x1422|/home/pth/workshop/wide-field-solver/raw_allsky_samples/mmto/mmto-skycam/<date>/<date>__#_#_#.fits.bz#,0,0.25-0.50,major_planet,123,0.0,0,123,0,0,0,123,0
7e9f648932f00e6aa1ea9947b723887a019e7bccbabb7da967bc51ec8fa6ab1d,1411x1422|/home/pth/workshop/wide-field-solver/raw_allsky_samples/mmto/mmto-skycam/<date>/<date>__#_#_#.fits.bz#,0,0.25-0.50,minor_planet,33,0.0,0,33,0,0,0,33,0
7e9f648932f00e6aa1ea9947b723887a019e7bccbabb7da967bc51ec8fa6ab1d,1411x1422|/home/pth/workshop/wide-field-solver/raw_allsky_samples/mmto/mmto-skycam/<date>/<date>__#_#_#.fits.bz#,0,0.50-0.75,minor_planet,11,0.0,0,11,0,0,0,11,0
7f16ccb637ba5e38d81285dcf2d92540b49458c0a4b204fe1530225425c0d2ac,1411x1422|/home/pth/workshop/wide-field-solver/raw_allsky_samples/mmto/mmto-skycam/<date>/<date>__#_#_#.fits.bz#,0,0.25-0.50,major_planet,1,0.0,0,1,0,0,0,1,0
7f16ccb637ba5e38d81285dcf2d92540b49458c0a4b204fe1530225425c0d2ac,1411x1422|/home/pth/workshop/wide-field-solver/raw_allsky_samples/mmto/mmto-skycam/<date>/<date>__#_#_#.fits.bz#,0,0.50-0.75,major_planet,1,0.0,0,1,0,0,0,1,0
8048ba1565f3c851647e816d110f60faf1a602b8fb31e78e3f42e3be225b0842,1411x1422|/home/pth/workshop/wide-field-solver/raw_allsky_samples/mmto/mmto-skycam/<date>/<date>__#_#_#.fits.bz#,0,0.25-0.50,major_planet,143,0.0,0,143,0,0,0,143,0
8048ba1565f3c851647e816d110f60faf1a602b8fb31e78e3f42e3be225b0842,1411x1422|/home/pth/workshop/wide-field-solver/raw_allsky_samples/mmto/mmto-skycam/<date>/<date>__#_#_#.fits.bz#,0,0.25-0.50,minor_planet,57,0.0,0,57,0,0,0,57,0
8048ba1565f3c851647e816d110f60faf1a602b8fb31e78e3f42e3be225b0842,1411x1422|/home/pth/workshop/wide-field-solver/raw_allsky_samples/mmto/mmto-skycam/<date>/<date>__#_#_#.fits.bz#,0,0.50-0.75,major_planet,239,0.0,0,239,0,0,0,239,0
8048ba1565f3c851647e816d110f60faf1a602b8fb31e78e3f42e3be225b0842,1411x1422|/home/pth/workshop/wide-field-solver/raw_allsky_samples/mmto/mmto-skycam/<date>/<date>__#_#_#.fits.bz#,0,0.50-0.75,minor_planet,25,0.0,0,25,0,0,0,25,0
80a0f674b667328a80a4c5e749e75573b5e65b871fc276977d2bb2671471f8ee,4096x4096|/home/pth/workshop/wide-field-solver/eso_downloads/trial/apicam.<date>t#:#:#.#.fits,0,0.00-0.25,major_planet,2,0.0,0,2,0,0,0,0,0
80d26b40daf8d21745114465c91692a33bd6a4c0c403b64a6b91be984c8fc24d,4096x4096|/home/pth/workshop/wide-field-solver/eso_downloads/trial/apicam.<date>t#:#:#.#.fits,0,0.00-0.25,major_planet,3,0.0,0,3,0,0,0,0,0
80d26b40daf8d21745114465c91692a33bd6a4c0c403b64a6b91be984c8fc24d,4096x4096|/home/pth/workshop/wide-field-solver/eso_downloads/trial/apicam.<date>t#:#:#.#.fits,0,0.25-0.50,major_planet,1,0.0,0,1,0,0,0,0,0
80f6f4774841c9c575271b67aebca130e9b64c9b7bf48b90d10c4d89beb55da3,4096x4096|/home/pth/workshop/wide-field-solver/eso_downloads/trial/apicam.<date>t#:#:#.#.fits,0,0.00-0.25,major_planet,2,0.0,0,2,0,0,0,2,0
80f6f4774841c9c575271b67aebca130e9b64c9b7bf48b90d10c4d89beb55da3,4096x4096|/home/pth/workshop/wide-field-solver/eso_downloads/trial/apicam.<date>t#:#:#.#.fits,0,0.00-0.25,minor_planet,1,0.0,0,1,0,0,0,1,0
80f6f4774841c9c575271b67aebca130e9b64c9b7bf48b90d10c4d89beb55da3,4096x4096|/home/pth/workshop/wide-field-solver/eso_downloads/trial/apicam.<date>t#:#:#.#.fits,0,0.25-0.50,major_planet,1,0.0,0,1,0,0,0,1,0
8101beccaae972c117048b710db15eab815382e30726eaa54ea233c4fad36742,1411x1422|/home/pth/workshop/wide-field-solver/raw_allsky_samples/mmto/mmto-skycam/<date>/<date>__#_#_#.fits.bz#,0,0.25-0.50,major_planet,32,0.0,0,32,0,0,0,32,0
8101beccaae972c117048b710db15eab815382e30726eaa54ea233c4fad36742,1411x1422|/home/pth/workshop/wide-field-solver/raw_allsky_samples/mmto/mmto-skycam/<date>/<date>__#_#_#.fits.bz#,0,0.25-0.50,minor_planet,11,0.0,0,11,0,0,0,11,0
8101beccaae972c117048b710db15eab815382e30726eaa54ea233c4fad36742,1411x1422|/home/pth/workshop/wide-field-solver/raw_allsky_samples/mmto/mmto-skycam/<date>/<date>__#_#_#.fits.bz#,0,0.50-0.75,major_planet,127,0.0,0,127,0,0,0,127,0
8101beccaae972c117048b710db15eab815382e30726eaa54ea233c4fad36742,1411x1422|/home/pth/workshop/wide-field-solver/raw_allsky_samples/mmto/mmto-skycam/<date>/<date>__#_#_#.fits.bz#,0,0.50-0.75,minor_planet,84,0.0,0,84,0,0,0,84,0
82039f290057b731f312242b500f8409012ab98ad5bd346da0c3b8fd52f58cce,1411x1422|/home/pth/workshop/wide-field-solver/raw_allsky_samples/mmto/mmto-skycam/<date>/<date>__#_#_#.fits.bz#,1,0.00-0.25,major_planet,160,0.8886114792724218,62,0,98,0,4,156,0
82039f290057b731f312242b500f8409012ab98ad5bd346da0c3b8fd52f58cce,1411x1422|/home/pth/workshop/wide-field-solver/raw_allsky_samples/mmto/mmto-skycam/<date>/<date>__#_#_#.fits.bz#,1,0.25-0.50,major_planet,501,0.18031396180131765,220,0,281,0,3,498,0
82039f290057b731f312242b500f8409012ab98ad5bd346da0c3b8fd52f58cce,1411x1422|/home/pth/workshop/wide-field-solver/raw_allsky_samples/mmto/mmto-skycam/<date>/<date>__#_#_#.fits.bz#,1,0.25-0.50,minor_planet,42,-0.17997824636027104,25,0,17,0,0,41,1
82039f290057b731f312242b500f8409012ab98ad5bd346da0c3b8fd52f58cce,1411x1422|/home/pth/workshop/wide-field-solver/raw_allsky_samples/mmto/mmto-skycam/<date>/<date>__#_#_#.fits.bz#,1,0.50-0.75,major_planet,153,0.41098453621981434,71,0,82,1,3,149,0
82039f290057b731f312242b500f8409012ab98ad5bd346da0c3b8fd52f58cce,1411x1422|/home/pth/workshop/wide-field-solver/raw_allsky_samples/mmto/mmto-skycam/<date>/<date>__#_#_#.fits.bz#,1,0.50-0.75,minor_planet,20,0.5646343113834478,9,0,11,0,0,20,0
822b01f30d3cf43173ce14b546ca12975f52ff9be0855e9b4f36f5e886afc346,1411x1422|/home/pth/workshop/wide-field-solver/raw_allsky_samples/mmto/mmto-skycam/<date>/<date>__#_#_#.fits.bz#,4,0.00-0.25,major_planet,3,0.6750102660501591,1,0,2,0,0,3,0
822b01f30d3cf43173ce14b546ca12975f52ff9be0855e9b4f36f5e886afc346,1411x1422|/home/pth/workshop/wide-field-solver/raw_allsky_samples/mmto/mmto-skycam/<date>/<date>__#_#_#.fits.bz#,4,0.25-0.50,major_planet,226,0.36385513294470295,92,0,134,0,5,221,0
822b01f30d3cf43173ce14b546ca12975f52ff9be0855e9b4f36f5e886afc346,1411x1422|/home/pth/workshop/wide-field-solver/raw_allsky_samples/mmto/mmto-skycam/<date>/<date>__#_#_#.fits.bz#,4,0.25-0.50,minor_planet,41,0.07590180681512493,19,0,22,0,0,41,0
822b01f30d3cf43173ce14b546ca12975f52ff9be0855e9b4f36f5e886afc346,1411x1422|/home/pth/workshop/wide-field-solver/raw_allsky_samples/mmto/mmto-skycam/<date>/<date>__#_#_#.fits.bz#,4,0.50-0.75,major_planet,187,0.4400765313552273,92,0,95,0,8,179,0
822b01f30d3cf43173ce14b546ca12975f52ff9be0855e9b4f36f5e886afc346,1411x1422|/home/pth/workshop/wide-field-solver/raw_allsky_samples/mmto/mmto-skycam/<date>/<date>__#_#_#.fits.bz#,4,0.50-0.75,minor_planet,30,-0.8480220569872173,16,0,14,0,1,29,0
8326a502fdc9f602172228f34e8ad22e402eecf0b4ee84fcb8a747250da995c0,1411x1422|/home/pth/workshop/wide-field-solver/raw_allsky_samples/mmto/mmto-skycam/<date>/<date>__#_#_#.fits.bz#,0,0.25-0.50,major_planet,359,0.0,0,359,0,0,0,359,0
8326a502fdc9f602172228f34e8ad22e402eecf0b4ee84fcb8a747250da995c0,1411x1422|/home/pth/workshop/wide-field-solver/raw_allsky_samples/mmto/mmto-skycam/<date>/<date>__#_#_#.fits.bz#,0,0.25-0.50,minor_planet,2,0.0,0,2,0,0,0,2,0
8326a502fdc9f602172228f34e8ad22e402eecf0b4ee84fcb8a747250da995c0,1411x1422|/home/pth/workshop/wide-field-solver/raw_allsky_samples/mmto/mmto-skycam/<date>/<date>__#_#_#.fits.bz#,0,0.50-0.75,major_planet,191,0.0,0,191,0,0,0,191,0
8326a502fdc9f602172228f34e8ad22e402eecf0b4ee84fcb8a747250da995c0,1411x1422|/home/pth/workshop/wide-field-solver/raw_allsky_samples/mmto/mmto-skycam/<date>/<date>__#_#_#.fits.bz#,0,0.50-0.75,minor_planet,78,0.0,0,78,0,0,0,78,0
83a2e4dd192c09e408db5d8bcbfaff32073d760f44c1df076f8d8baa6c8e9a80,1411x1422|/home/pth/workshop/wide-field-solver/raw_allsky_samples/mmto/mmto-skycam/<date>/<date>__#_#_#.fits.bz#,0,0.25-0.50,major_planet,106,0.0,0,106,0,0,0,106,0
83a2e4dd192c09e408db5d8bcbfaff32073d760f44c1df076f8d8baa6c8e9a80,1411x1422|/home/pth/workshop/wide-field-solver/raw_allsky_samples/mmto/mmto-skycam/<date>/<date>__#_#_#.fits.bz#,0,0.25-0.50,minor_planet,27,0.0,0,27,0,0,0,27,0
83a2e4dd192c09e408db5d8bcbfaff32073d760f44c1df076f8d8baa6c8e9a80,1411x1422|/home/pth/workshop/wide-field-solver/raw_allsky_samples/mmto/mmto-skycam/<date>/<date>__#_#_#.fits.bz#,0,0.50-0.75,major_planet,96,0.0,0,96,0,0,0,96,0
83a2e4dd192c09e408db5d8bcbfaff32073d760f44c1df076f8d8baa6c8e9a80,1411x1422|/home/pth/workshop/wide-field-solver/raw_allsky_samples/mmto/mmto-skycam/<date>/<date>__#_#_#.fits.bz#,0,0.50-0.75,minor_planet,40,0.0,0,40,0,0,0,40,0
84253381385e8fd1d3e451c36464700ff1749dd1945d0625e10c0db10ff5be2a,4096x4096|/home/pth/workshop/wide-field-solver/eso_downloads/trial/apicam.<date>t#:#:#.#.fits,0,0.00-0.25,major_planet,1,0.0,0,1,0,0,0,0,0
84253381385e8fd1d3e451c36464700ff1749dd1945d0625e10c0db10ff5be2a,4096x4096|/home/pth/workshop/wide-field-solver/eso_downloads/trial/apicam.<date>t#:#:#.#.fits,0,0.25-0.50,major_planet,2,0.0,0,2,0,0,0,0,0
84253381385e8fd1d3e451c36464700ff1749dd1945d0625e10c0db10ff5be2a,4096x4096|/home/pth/workshop/wide-field-solver/eso_downloads/trial/apicam.<date>t#:#:#.#.fits,0,0.50-0.75,major_planet,4,0.0,0,4,0,0,0,0,0
85816c7d36a54342b5b31bf54fccd86c8c9bda38c9f9e469411445a7c341ce86,1411x1422|/home/pth/workshop/wide-field-solver/raw_allsky_samples/mmto/mmto-skycam/<date>/<date>__#_#_#.fits.bz#,0,0.00-0.25,major_planet,81,0.0,0,81,0,0,0,80,1
85816c7d36a54342b5b31bf54fccd86c8c9bda38c9f9e469411445a7c341ce86,1411x1422|/home/pth/workshop/wide-field-solver/raw_allsky_samples/mmto/mmto-skycam/<date>/<date>__#_#_#.fits.bz#,0,0.25-0.50,major_planet,88,0.0,0,88,0,0,0,87,1
85816c7d36a54342b5b31bf54fccd86c8c9bda38c9f9e469411445a7c341ce86,1411x1422|/home/pth/workshop/wide-field-solver/raw_allsky_samples/mmto/mmto-skycam/<date>/<date>__#_#_#.fits.bz#,0,0.25-0.50,minor_planet,60,0.0,0,60,0,0,0,60,0
85816c7d36a54342b5b31bf54fccd86c8c9bda38c9f9e469411445a7c341ce86,1411x1422|/home/pth/workshop/wide-field-solver/raw_allsky_samples/mmto/mmto-skycam/<date>/<date>__#_#_#.fits.bz#,0,0.50-0.75,major_planet,222,0.0,0,222,0,0,0,222,0
85816c7d36a54342b5b31bf54fccd86c8c9bda38c9f9e469411445a7c341ce86,1411x1422|/home/pth/workshop/wide-field-solver/raw_allsky_samples/mmto/mmto-skycam/<date>/<date>__#_#_#.fits.bz#,0,0.50-0.75,minor_planet,50,0.0,0,50,0,0,0,50,0
86218dc5d674cf67cf92a7d50fa43fce0704b75caafcadda1221588019d4f7db,1411x1422|/home/pth/workshop/wide-field-solver/raw_allsky_samples/mmto/mmto-skycam/<date>/<date>__#_#_#.fits.bz#,0,0.00-0.25,major_planet,132,0.0,0,132,0,0,0,132,0
86218dc5d674cf67cf92a7d50fa43fce0704b75caafcadda1221588019d4f7db,1411x1422|/home/pth/workshop/wide-field-solver/raw_allsky_samples/mmto/mmto-skycam/<date>/<date>__#_#_#.fits.bz#,0,0.25-0.50,major_planet,296,0.0,0,296,0,0,0,295,1
86218dc5d674cf67cf92a7d50fa43fce0704b75caafcadda1221588019d4f7db,1411x1422|/home/pth/workshop/wide-field-solver/raw_allsky_samples/mmto/mmto-skycam/<date>/<date>__#_#_#.fits.bz#,0,0.25-0.50,minor_planet,8,0.0,0,8,0,0,0,8,0
86218dc5d674cf67cf92a7d50fa43fce0704b75caafcadda1221588019d4f7db,1411x1422|/home/pth/workshop/wide-field-solver/raw_allsky_samples/mmto/mmto-skycam/<date>/<date>__#_#_#.fits.bz#,0,0.50-0.75,major_planet,390,0.0,0,390,0,0,0,390,0
86218dc5d674cf67cf92a7d50fa43fce0704b75caafcadda1221588019d4f7db,1411x1422|/home/pth/workshop/wide-field-solver/raw_allsky_samples/mmto/mmto-skycam/<date>/<date>__#_#_#.fits.bz#,0,0.50-0.75,minor_planet,47,0.0,0,47,0,0,0,46,1
86616c57a846f3571825c489913a50906787b6c2b4a027c748666b5af0128eec,1411x1422|/home/pth/workshop/wide-field-solver/raw_allsky_samples/mmto/mmto-skycam/<date>/<date>__#_#_#.fits.bz#,0,0.00-0.25,major_planet,139,0.0,0,139,0,0,0,138,1
86616c57a846f3571825c489913a50906787b6c2b4a027c748666b5af0128eec,1411x1422|/home/pth/workshop/wide-field-solver/raw_allsky_samples/mmto/mmto-skycam/<date>/<date>__#_#_#.fits.bz#,0,0.00-0.25,minor_planet,45,0.0,0,45,0,0,0,45,0
86616c57a846f3571825c489913a50906787b6c2b4a027c748666b5af0128eec,1411x1422|/home/pth/workshop/wide-field-solver/raw_allsky_samples/mmto/mmto-skycam/<date>/<date>__#_#_#.fits.bz#,0,0.25-0.50,major_planet,196,0.0,0,196,0,0,0,196,0
86616c57a846f3571825c489913a50906787b6c2b4a027c748666b5af0128eec,1411x1422|/home/pth/workshop/wide-field-solver/raw_allsky_samples/mmto/mmto-skycam/<date>/<date>__#_#_#.fits.bz#,0,0.25-0.50,minor_planet,78,0.0,0,78,0,0,0,78,0
86616c57a846f3571825c489913a50906787b6c2b4a027c748666b5af0128eec,1411x1422|/home/pth/workshop/wide-field-solver/raw_allsky_samples/mmto/mmto-skycam/<date>/<date>__#_#_#.fits.bz#,0,0.50-0.75,major_planet,161,0.0,0,161,0,0,0,161,0
86616c57a846f3571825c489913a50906787b6c2b4a027c748666b5af0128eec,1411x1422|/home/pth/workshop/wide-field-solver/raw_allsky_samples/mmto/mmto-skycam/<date>/<date>__#_#_#.fits.bz#,0,0.50-0.75,minor_planet,18,0.0,0,18,0,0,0,18,0
871802cb37ad7a6db2b63444121b379bee5b725c3ece23453aad861077495d40,488x652|/home/pth/workshop/wide-field-solver/data/zenodo-#/all/r_darksubtracted_jd#.#<date>#.fits,0,0.25-0.50,minor_planet,7,0.0,0,7,0,0,0,7,0
871802cb37ad7a6db2b63444121b379bee5b725c3ece23453aad861077495d40,488x652|/home/pth/workshop/wide-field-solver/data/zenodo-#/all/r_darksubtracted_jd#.#<date>#.fits,0,0.50-0.75,major_planet,207,0.0,0,207,0,0,0,207,0
871802cb37ad7a6db2b63444121b379bee5b725c3ece23453aad861077495d40,488x652|/home/pth/workshop/wide-field-solver/data/zenodo-#/all/r_darksubtracted_jd#.#<date>#.fits,0,0.50-0.75,minor_planet,14,0.0,0,14,0,0,0,14,0
8770ad80e6d016475fd0968ccc188b15241f1c4f13f2125017cf7cd747346212,4096x4096|/home/pth/workshop/wide-field-solver/eso_downloads/trial/apicam.<date>t#:#:#.#.fits,0,0.00-0.25,major_planet,1,0.0,0,1,0,0,0,0,0
8770ad80e6d016475fd0968ccc188b15241f1c4f13f2125017cf7cd747346212,4096x4096|/home/pth/workshop/wide-field-solver/eso_downloads/trial/apicam.<date>t#:#:#.#.fits,0,0.25-0.50,major_planet,2,0.0,0,2,0,0,0,0,0
8770ad80e6d016475fd0968ccc188b15241f1c4f13f2125017cf7cd747346212,4096x4096|/home/pth/workshop/wide-field-solver/eso_downloads/trial/apicam.<date>t#:#:#.#.fits,0,0.50-0.75,major_planet,2,0.0,0,2,0,0,0,0,0
87e0d0c1a02575e67e157a5b4837dde16dc1abf2ebcf8305f821decc64f8b229,488x652|/home/pth/workshop/wide-field-solver/data/zenodo-#/all/r_darksubtracted_jd#.#<date>#.fits,0,0.50-0.75,minor_planet,21,0.0,0,21,0,0,0,21,0
88b81be04b20c543800d6bfc990bc78156c1809876a1b2b66ac27a061b3acbc6,1411x1422|/home/pth/workshop/wide-field-solver/raw_allsky_samples/mmto/mmto-skycam/<date>/<date>__#_#_#.fits.bz#,0,0.00-0.25,minor_planet,36,0.0,0,36,0,0,0,36,0
88b81be04b20c543800d6bfc990bc78156c1809876a1b2b66ac27a061b3acbc6,1411x1422|/home/pth/workshop/wide-field-solver/raw_allsky_samples/mmto/mmto-skycam/<date>/<date>__#_#_#.fits.bz#,0,0.25-0.50,major_planet,80,0.0,0,80,0,0,0,80,0
88b81be04b20c543800d6bfc990bc78156c1809876a1b2b66ac27a061b3acbc6,1411x1422|/home/pth/workshop/wide-field-solver/raw_allsky_samples/mmto/mmto-skycam/<date>/<date>__#_#_#.fits.bz#,0,0.25-0.50,minor_planet,8,0.0,0,8,0,0,0,8,0
88b81be04b20c543800d6bfc990bc78156c1809876a1b2b66ac27a061b3acbc6,1411x1422|/home/pth/workshop/wide-field-solver/raw_allsky_samples/mmto/mmto-skycam/<date>/<date>__#_#_#.fits.bz#,0,0.50-0.75,major_planet,197,0.0,0,197,0,0,0,197,0
88b81be04b20c543800d6bfc990bc78156c1809876a1b2b66ac27a061b3acbc6,1411x1422|/home/pth/workshop/wide-field-solver/raw_allsky_samples/mmto/mmto-skycam/<date>/<date>__#_#_#.fits.bz#,0,0.50-0.75,minor_planet,48,0.0,0,48,0,0,0,48,0
8967a10fceaa229517d826e8e1b8947569209171a186677c553ad5f3f6f516b2,3672x3672|/home/pth/workshop/wide-field-solver/skycam-images/subaru_maunakea_<date>t#z.jpg,0,0.00-0.25,major_planet,187,0.0,0,187,0,0,0,0,0
8967a10fceaa229517d826e8e1b8947569209171a186677c553ad5f3f6f516b2,3672x3672|/home/pth/workshop/wide-field-solver/skycam-images/subaru_maunakea_<date>t#z.jpg,0,0.25-0.50,major_planet,196,0.0,0,196,0,0,0,0,0
8967a10fceaa229517d826e8e1b8947569209171a186677c553ad5f3f6f516b2,3672x3672|/home/pth/workshop/wide-field-solver/skycam-images/subaru_maunakea_<date>t#z.jpg,0,0.50-0.75,major_planet,340,0.0,0,340,0,0,0,0,0
89cbd9c49e39ff949e82bb58cfe90f851481ffb685a4c7160e0690fe65f29228,4096x4096|/home/pth/workshop/wide-field-solver/eso_downloads/trial/apicam.<date>t#:#:#.#.fits,0,0.00-0.25,major_planet,1,0.0,0,1,0,0,0,0,0
89cbd9c49e39ff949e82bb58cfe90f851481ffb685a4c7160e0690fe65f29228,4096x4096|/home/pth/workshop/wide-field-solver/eso_downloads/trial/apicam.<date>t#:#:#.#.fits,0,0.25-0.50,major_planet,2,0.0,0,2,0,0,0,0,0
89cd4c35e9c6a18d452caa1acf5da91905c3fceb5e427c0b5be977ae532f67a3,925x925|/home/pth/skrivebord/fisheeyeimagesnotrailser/fisheye#-#w_espenak.jpg,4,0.00-0.25,major_planet,1,1.3093307762678297,0,0,1,0,0,1,0
89d18355111e2616ff458269641a973365f1a95912991092e8878ff87cbb29f4,1411x1422|/home/pth/workshop/wide-field-solver/raw_allsky_samples/mmto/mmto-skycam/<date>/<date>__#_#_#.fits.bz#,0,0.00-0.25,major_planet,34,0.0,0,34,0,0,0,34,0
89d18355111e2616ff458269641a973365f1a95912991092e8878ff87cbb29f4,1411x1422|/home/pth/workshop/wide-field-solver/raw_allsky_samples/mmto/mmto-skycam/<date>/<date>__#_#_#.fits.bz#,0,0.25-0.50,major_planet,105,0.0,0,105,0,0,0,105,0
89d18355111e2616ff458269641a973365f1a95912991092e8878ff87cbb29f4,1411x1422|/home/pth/workshop/wide-field-solver/raw_allsky_samples/mmto/mmto-skycam/<date>/<date>__#_#_#.fits.bz#,0,0.25-0.50,minor_planet,40,0.0,0,40,0,0,0,40,0
89d18355111e2616ff458269641a973365f1a95912991092e8878ff87cbb29f4,1411x1422|/home/pth/workshop/wide-field-solver/raw_allsky_samples/mmto/mmto-skycam/<date>/<date>__#_#_#.fits.bz#,0,0.50-0.75,major_planet,319,0.0,0,319,0,0,0,319,0
89d18355111e2616ff458269641a973365f1a95912991092e8878ff87cbb29f4,1411x1422|/home/pth/workshop/wide-field-solver/raw_allsky_samples/mmto/mmto-skycam/<date>/<date>__#_#_#.fits.bz#,0,0.50-0.75,minor_planet,31,0.0,0,31,0,0,0,31,0
8ab29cbe27c74954d5b3739544526d4ffba7504ac72fd8bef10e1a7f42f9c128,1411x1422|/home/pth/workshop/wide-field-solver/raw_allsky_samples/mmto/mmto-skycam/<date>/<date>__#_#_#.fits.bz#,0,0.00-0.25,major_planet,191,0.0,0,191,0,0,0,191,0
8ab29cbe27c74954d5b3739544526d4ffba7504ac72fd8bef10e1a7f42f9c128,1411x1422|/home/pth/workshop/wide-field-solver/raw_allsky_samples/mmto/mmto-skycam/<date>/<date>__#_#_#.fits.bz#,0,0.25-0.50,major_planet,58,0.0,0,58,0,0,0,58,0
8ab29cbe27c74954d5b3739544526d4ffba7504ac72fd8bef10e1a7f42f9c128,1411x1422|/home/pth/workshop/wide-field-solver/raw_allsky_samples/mmto/mmto-skycam/<date>/<date>__#_#_#.fits.bz#,0,0.25-0.50,minor_planet,37,0.0,0,37,0,0,0,36,1
8ab29cbe27c74954d5b3739544526d4ffba7504ac72fd8bef10e1a7f42f9c128,1411x1422|/home/pth/workshop/wide-field-solver/raw_allsky_samples/mmto/mmto-skycam/<date>/<date>__#_#_#.fits.bz#,0,0.50-0.75,major_planet,312,0.0,0,312,0,0,0,311,1
8ab29cbe27c74954d5b3739544526d4ffba7504ac72fd8bef10e1a7f42f9c128,1411x1422|/home/pth/workshop/wide-field-solver/raw_allsky_samples/mmto/mmto-skycam/<date>/<date>__#_#_#.fits.bz#,0,0.50-0.75,minor_planet,43,0.0,0,43,0,0,0,43,0
8aed9a594227eaf7479814af938899e44233a414827200e2f83a6b2f254f31dd,3672x3672|/home/pth/skrivebord/fisheeyeimagesnotrailser/subaru_maunakea_<date>t#z.jpg,0,0.00-0.25,major_planet,1,0.0,0,1,0,0,0,1,0
8aed9a594227eaf7479814af938899e44233a414827200e2f83a6b2f254f31dd,3672x3672|/home/pth/skrivebord/fisheeyeimagesnotrailser/subaru_maunakea_<date>t#z.jpg,0,0.00-0.25,minor_planet,1,0.0,0,1,0,0,0,1,0
8aef82b31b65dcbe93ab61b53973f8be2530cabd7d201d8f4b4afb8e5922a8b8,1411x1422|/home/pth/workshop/wide-field-solver/raw_allsky_samples/mmto/mmto-skycam/<date>/<date>__#_#_#.fits.bz#,0,0.25-0.50,major_planet,143,0.0,0,143,0,0,0,143,0
8aef82b31b65dcbe93ab61b53973f8be2530cabd7d201d8f4b4afb8e5922a8b8,1411x1422|/home/pth/workshop/wide-field-solver/raw_allsky_samples/mmto/mmto-skycam/<date>/<date>__#_#_#.fits.bz#,0,0.25-0.50,minor_planet,36,0.0,0,36,0,0,0,36,0
8aef82b31b65dcbe93ab61b53973f8be2530cabd7d201d8f4b4afb8e5922a8b8,1411x1422|/home/pth/workshop/wide-field-solver/raw_allsky_samples/mmto/mmto-skycam/<date>/<date>__#_#_#.fits.bz#,0,0.50-0.75,major_planet,260,0.0,0,260,0,0,0,254,6
8aef82b31b65dcbe93ab61b53973f8be2530cabd7d201d8f4b4afb8e5922a8b8,1411x1422|/home/pth/workshop/wide-field-solver/raw_allsky_samples/mmto/mmto-skycam/<date>/<date>__#_#_#.fits.bz#,0,0.50-0.75,minor_planet,18,0.0,0,18,0,0,0,17,1
8b73442b11860efce2c341218b322947053ba33ccc8a13b097d7dec921d0094b,4096x4096|/home/pth/workshop/wide-field-solver/eso_downloads/trial/apicam.<date>t#:#:#.#.fits,0,0.00-0.25,major_planet,3,0.0,0,3,0,0,0,0,0
8b73442b11860efce2c341218b322947053ba33ccc8a13b097d7dec921d0094b,4096x4096|/home/pth/workshop/wide-field-solver/eso_downloads/trial/apicam.<date>t#:#:#.#.fits,0,0.25-0.50,major_planet,1,0.0,0,1,0,0,0,0,0
8cf0788fbfd19c2901ad190f80e6320cd3c372764531fc57d736c99d22e5ec78,1411x1422|/home/pth/workshop/wide-field-solver/raw_allsky_samples/mmto/mmto-skycam/<date>/<date>__#_#_#.fits.bz#,0,0.25-0.50,major_planet,390,0.0,0,390,0,0,0,387,3
8cf0788fbfd19c2901ad190f80e6320cd3c372764531fc57d736c99d22e5ec78,1411x1422|/home/pth/workshop/wide-field-solver/raw_allsky_samples/mmto/mmto-skycam/<date>/<date>__#_#_#.fits.bz#,0,0.25-0.50,minor_planet,64,0.0,0,64,0,0,0,64,0
8cf0788fbfd19c2901ad190f80e6320cd3c372764531fc57d736c99d22e5ec78,1411x1422|/home/pth/workshop/wide-field-solver/raw_allsky_samples/mmto/mmto-skycam/<date>/<date>__#_#_#.fits.bz#,0,0.50-0.75,major_planet,83,0.0,0,83,0,0,0,82,1
8cf0788fbfd19c2901ad190f80e6320cd3c372764531fc57d736c99d22e5ec78,1411x1422|/home/pth/workshop/wide-field-solver/raw_allsky_samples/mmto/mmto-skycam/<date>/<date>__#_#_#.fits.bz#,0,0.50-0.75,minor_planet,5,0.0,0,5,0,0,0,5,0
8ef30eeda118477f4b7147835bf32134fdc3655f4589de41e28bdc1ccb9fef1c,4096x4096|/home/pth/workshop/wide-field-solver/eso_downloads/trial/apicam.<date>t#:#:#.#.fits,0,0.00-0.25,major_planet,2,0.0,0,2,0,0,0,0,0
8ef30eeda118477f4b7147835bf32134fdc3655f4589de41e28bdc1ccb9fef1c,4096x4096|/home/pth/workshop/wide-field-solver/eso_downloads/trial/apicam.<date>t#:#:#.#.fits,0,0.25-0.50,major_planet,1,0.0,0,1,0,0,0,0,0
9099917c27a77be787da4b9262db3a433eca4a1399930c18243560350fa5b7a8,3672x3672|/home/pth/skrivebord/fisheeyeimagesnotrailser/subaru_maunakea_<date>t#z.jpg,0,0.25-0.50,major_planet,2,0.0,0,2,0,0,0,2,0
9099917c27a77be787da4b9262db3a433eca4a1399930c18243560350fa5b7a8,3672x3672|/home/pth/skrivebord/fisheeyeimagesnotrailser/subaru_maunakea_<date>t#z.jpg,0,0.25-0.50,minor_planet,1,0.0,0,1,0,0,0,1,0
9099917c27a77be787da4b9262db3a433eca4a1399930c18243560350fa5b7a8,3672x3672|/home/pth/skrivebord/fisheeyeimagesnotrailser/subaru_maunakea_<date>t#z.jpg,0,0.50-0.75,major_planet,1,0.0,0,1,0,0,0,1,0
92702a602f4153c7540f5462f42f672dac1d07fff6cb6093c5787b5cc4d871e9,488x652|/home/pth/workshop/wide-field-solver/data/zenodo-#/all/r_darksubtracted_jd#.#<date>#.fits,0,0.50-0.75,major_planet,183,0.0,0,183,0,0,0,183,0
92702a602f4153c7540f5462f42f672dac1d07fff6cb6093c5787b5cc4d871e9,488x652|/home/pth/workshop/wide-field-solver/data/zenodo-#/all/r_darksubtracted_jd#.#<date>#.fits,0,0.50-0.75,minor_planet,25,0.0,0,25,0,0,0,25,0
93b88d1624009d3036daee1524e89ab169d693792bb994d484408b464299dcc5,1411x1422|/home/pth/workshop/wide-field-solver/raw_allsky_samples/mmto/mmto-skycam/<date>/<date>__#_#_#.fits.bz#,0,0.00-0.25,major_planet,3,0.0,0,3,0,0,0,3,0
93b88d1624009d3036daee1524e89ab169d693792bb994d484408b464299dcc5,1411x1422|/home/pth/workshop/wide-field-solver/raw_allsky_samples/mmto/mmto-skycam/<date>/<date>__#_#_#.fits.bz#,0,0.25-0.50,major_planet,249,0.0,0,249,0,0,0,249,0
93b88d1624009d3036daee1524e89ab169d693792bb994d484408b464299dcc5,1411x1422|/home/pth/workshop/wide-field-solver/raw_allsky_samples/mmto/mmto-skycam/<date>/<date>__#_#_#.fits.bz#,0,0.25-0.50,minor_planet,2,0.0,0,2,0,0,0,2,0
93b88d1624009d3036daee1524e89ab169d693792bb994d484408b464299dcc5,1411x1422|/home/pth/workshop/wide-field-solver/raw_allsky_samples/mmto/mmto-skycam/<date>/<date>__#_#_#.fits.bz#,0,0.50-0.75,major_planet,626,0.0,0,626,0,0,0,625,1
93b88d1624009d3036daee1524e89ab169d693792bb994d484408b464299dcc5,1411x1422|/home/pth/workshop/wide-field-solver/raw_allsky_samples/mmto/mmto-skycam/<date>/<date>__#_#_#.fits.bz#,0,0.50-0.75,minor_planet,131,0.0,0,131,0,0,0,130,1
940646bf81c22bba725ef707d0b928298e2ecbf4af8f7d1e455b168a05017743,1411x1422|/home/pth/workshop/wide-field-solver/raw_allsky_samples/mmto/mmto-skycam/<date>/<date>__#_#_#.fits.bz#,0,0.25-0.50,major_planet,23,0.0,0,23,0,0,0,23,0
940646bf81c22bba725ef707d0b928298e2ecbf4af8f7d1e455b168a05017743,1411x1422|/home/pth/workshop/wide-field-solver/raw_allsky_samples/mmto/mmto-skycam/<date>/<date>__#_#_#.fits.bz#,0,0.25-0.50,minor_planet,21,0.0,0,21,0,0,0,21,0
940646bf81c22bba725ef707d0b928298e2ecbf4af8f7d1e455b168a05017743,1411x1422|/home/pth/workshop/wide-field-solver/raw_allsky_samples/mmto/mmto-skycam/<date>/<date>__#_#_#.fits.bz#,0,0.50-0.75,major_planet,294,0.0,0,294,0,0,0,294,0
940646bf81c22bba725ef707d0b928298e2ecbf4af8f7d1e455b168a05017743,1411x1422|/home/pth/workshop/wide-field-solver/raw_allsky_samples/mmto/mmto-skycam/<date>/<date>__#_#_#.fits.bz#,0,0.50-0.75,minor_planet,21,0.0,0,21,0,0,0,21,0
9452eaa869b82ebf4ff7ab6bc4d93fc3da440e415168c57bf8f575124f18154c,1411x1422|/home/pth/workshop/wide-field-solver/raw_allsky_samples/mmto/mmto-skycam/<date>/<date>__#_#_#.fits.bz#,0,0.50-0.75,major_planet,1,0.0,0,1,0,0,0,1,0
9478ce0bdd55aac31dbfe756bf8d3454956ee6bebfc381bdab6b9952e6133159,488x652|/home/pth/workshop/wide-field-solver/data/zenodo-#/all/r_darksubtracted_jd#.#<date>#.fits,0,0.50-0.75,minor_planet,43,0.0,0,43,0,0,0,43,0
964ee44dba87e56df67c3a90ab65b0e0b59ce58ef1052bb938e92ecbedcf45be,4096x4096|/home/pth/workshop/wide-field-solver/eso_downloads/trial/apicam.<date>t#:#:#.#.fits,0,0.00-0.25,major_planet,1,0.0,0,1,0,0,0,0,0
964ee44dba87e56df67c3a90ab65b0e0b59ce58ef1052bb938e92ecbedcf45be,4096x4096|/home/pth/workshop/wide-field-solver/eso_downloads/trial/apicam.<date>t#:#:#.#.fits,0,0.25-0.50,major_planet,1,0.0,0,1,0,0,0,0,0
964ee44dba87e56df67c3a90ab65b0e0b59ce58ef1052bb938e92ecbedcf45be,4096x4096|/home/pth/workshop/wide-field-solver/eso_downloads/trial/apicam.<date>t#:#:#.#.fits,0,0.50-0.75,major_planet,2,0.0,0,2,0,0,0,0,0
968e6e04bad1d1d6420627678578fc63f6cdd8b8af54b7cef03beebb6131879c,1200x900|/home/pth/skrivebord/fisheeyeimagesnotrailser/milkyway_gc#-#-#_with_planets_no_trails.jpg,0,0.00-0.25,major_planet,2,0.0,0,2,0,0,0,2,0
96db5b71f6feada034d97e071a896c6a1f71ab9fea48abd7752c10009412c9ad,1411x1422|/home/pth/workshop/wide-field-solver/raw_allsky_samples/mmto/mmto-skycam/<date>/<date>__#_#_#.fits.bz#,5,0.00-0.25,major_planet,119,1.1906028296972213,51,0,68,0,2,116,1
96db5b71f6feada034d97e071a896c6a1f71ab9fea48abd7752c10009412c9ad,1411x1422|/home/pth/workshop/wide-field-solver/raw_allsky_samples/mmto/mmto-skycam/<date>/<date>__#_#_#.fits.bz#,5,0.00-0.25,minor_planet,14,-1.630291706669961,10,0,4,0,0,14,0
96db5b71f6feada034d97e071a896c6a1f71ab9fea48abd7752c10009412c9ad,1411x1422|/home/pth/workshop/wide-field-solver/raw_allsky_samples/mmto/mmto-skycam/<date>/<date>__#_#_#.fits.bz#,5,0.25-0.50,major_planet,132,0.014148665048371534,65,0,67,0,0,132,0
96db5b71f6feada034d97e071a896c6a1f71ab9fea48abd7752c10009412c9ad,1411x1422|/home/pth/workshop/wide-field-solver/raw_allsky_samples/mmto/mmto-skycam/<date>/<date>__#_#_#.fits.bz#,5,0.25-0.50,minor_planet,33,-0.003489621786329611,19,0,14,0,0,33,0
96db5b71f6feada034d97e071a896c6a1f71ab9fea48abd7752c10009412c9ad,1411x1422|/home/pth/workshop/wide-field-solver/raw_allsky_samples/mmto/mmto-skycam/<date>/<date>__#_#_#.fits.bz#,5,0.50-0.75,major_planet,156,0.2129255750808745,73,0,83,1,1,154,0
96db5b71f6feada034d97e071a896c6a1f71ab9fea48abd7752c10009412c9ad,1411x1422|/home/pth/workshop/wide-field-solver/raw_allsky_samples/mmto/mmto-skycam/<date>/<date>__#_#_#.fits.bz#,5,0.50-0.75,minor_planet,35,0.6081016916595878,14,0,21,0,0,35,0
96e0cbe69b318387d2326fb898581060832a342ab1557652fad5206f377230ab,4096x4096|/home/pth/workshop/wide-field-solver/eso_downloads/trial/apicam.<date>t#:#:#.#.fits,0,0.00-0.25,major_planet,3,0.0,0,3,0,0,0,0,0
972593e3571c6a9f0ba66289163427e26809e02c746d0251373c58d5c0475fa5,1411x1422|/home/pth/workshop/wide-field-solver/raw_allsky_samples/mmto/mmto-skycam/<date>/<date>__#_#_#.fits.bz#,0,0.25-0.50,major_planet,2,0.0,0,2,0,0,0,2,0
972fba46f47b236c5d3f687c12e8cbd5c51fab983b3e171af43762bf3425b6ed,1411x1422|/home/pth/workshop/wide-field-solver/raw_allsky_samples/mmto/mmto-skycam/<date>/<date>__#_#_#.fits.bz#,0,0.25-0.50,major_planet,129,0.0,0,129,0,0,0,129,0
972fba46f47b236c5d3f687c12e8cbd5c51fab983b3e171af43762bf3425b6ed,1411x1422|/home/pth/workshop/wide-field-solver/raw_allsky_samples/mmto/mmto-skycam/<date>/<date>__#_#_#.fits.bz#,0,0.25-0.50,minor_planet,23,0.0,0,23,0,0,0,23,0
972fba46f47b236c5d3f687c12e8cbd5c51fab983b3e171af43762bf3425b6ed,1411x1422|/home/pth/workshop/wide-field-solver/raw_allsky_samples/mmto/mmto-skycam/<date>/<date>__#_#_#.fits.bz#,0,0.50-0.75,major_planet,264,0.0,0,264,0,0,0,263,1
972fba46f47b236c5d3f687c12e8cbd5c51fab983b3e171af43762bf3425b6ed,1411x1422|/home/pth/workshop/wide-field-solver/raw_allsky_samples/mmto/mmto-skycam/<date>/<date>__#_#_#.fits.bz#,0,0.50-0.75,minor_planet,30,0.0,0,30,0,0,0,30,0
973ce4ea04090fff94f659a94493868ab329c39edfbb1628981abe7862f345ae,1411x1422|/home/pth/workshop/wide-field-solver/raw_allsky_samples/mmto/mmto-skycam/<date>/<date>__#_#_#.fits.bz#,0,0.25-0.50,major_planet,553,0.0,0,553,0,0,0,553,0
973ce4ea04090fff94f659a94493868ab329c39edfbb1628981abe7862f345ae,1411x1422|/home/pth/workshop/wide-field-solver/raw_allsky_samples/mmto/mmto-skycam/<date>/<date>__#_#_#.fits.bz#,0,0.25-0.50,minor_planet,58,0.0,0,58,0,0,0,57,1
973ce4ea04090fff94f659a94493868ab329c39edfbb1628981abe7862f345ae,1411x1422|/home/pth/workshop/wide-field-solver/raw_allsky_samples/mmto/mmto-skycam/<date>/<date>__#_#_#.fits.bz#,0,0.50-0.75,major_planet,558,0.0,0,558,0,0,0,558,0
973ce4ea04090fff94f659a94493868ab329c39edfbb1628981abe7862f345ae,1411x1422|/home/pth/workshop/wide-field-solver/raw_allsky_samples/mmto/mmto-skycam/<date>/<date>__#_#_#.fits.bz#,0,0.50-0.75,minor_planet,25,0.0,0,25,0,0,0,25,0
9771397c6a7be1a89d30616229a9333f47878b2490150315838dd53405c43b98,1411x1422|/home/pth/workshop/wide-field-solver/raw_allsky_samples/mmto/mmto-skycam/<date>/<date>__#_#_#.fits.bz#,1,0.00-0.25,major_planet,1,0.7844522472883864,0,0,1,0,0,1,0
9876d22f5d83c3549e4320980373982cf44d129d5511e2aaa79f02d4e7a7851b,1411x1422|/home/pth/workshop/wide-field-solver/raw_allsky_samples/mmto/mmto-skycam/<date>/<date>__#_#_#.fits.bz#,0,0.25-0.50,major_planet,351,0.0,0,351,0,0,0,351,0
9876d22f5d83c3549e4320980373982cf44d129d5511e2aaa79f02d4e7a7851b,1411x1422|/home/pth/workshop/wide-field-solver/raw_allsky_samples/mmto/mmto-skycam/<date>/<date>__#_#_#.fits.bz#,0,0.25-0.50,minor_planet,63,0.0,0,63,0,0,0,63,0
9876d22f5d83c3549e4320980373982cf44d129d5511e2aaa79f02d4e7a7851b,1411x1422|/home/pth/workshop/wide-field-solver/raw_allsky_samples/mmto/mmto-skycam/<date>/<date>__#_#_#.fits.bz#,0,0.50-0.75,major_planet,57,0.0,0,57,0,0,0,57,0
9876d22f5d83c3549e4320980373982cf44d129d5511e2aaa79f02d4e7a7851b,1411x1422|/home/pth/workshop/wide-field-solver/raw_allsky_samples/mmto/mmto-skycam/<date>/<date>__#_#_#.fits.bz#,0,0.50-0.75,minor_planet,50,0.0,0,50,0,0,0,50,0
99e9ceff20ca34fe85d6561b8400bc1f1adcd57f23f23d914d6f033f8d26ad90,3672x3672|/home/pth/skrivebord/fisheeyeimagesnotrailser/subaru_maunakea_<date>t#z.jpg,0,0.00-0.25,minor_planet,1,0.0,0,1,0,0,0,1,0
99e9ceff20ca34fe85d6561b8400bc1f1adcd57f23f23d914d6f033f8d26ad90,3672x3672|/home/pth/skrivebord/fisheeyeimagesnotrailser/subaru_maunakea_<date>t#z.jpg,0,0.25-0.50,major_planet,1,0.0,0,1,0,0,0,1,0
9a0f3660fd9e80be5aad26bb15de52fb5df19886cb7d81981156f796cb2b15b9,1411x1422|/home/pth/workshop/wide-field-solver/raw_allsky_samples/mmto/mmto-skycam/<date>/<date>__#_#_#.fits.bz#,0,0.25-0.50,major_planet,372,0.0,0,372,0,0,0,369,3
9a0f3660fd9e80be5aad26bb15de52fb5df19886cb7d81981156f796cb2b15b9,1411x1422|/home/pth/workshop/wide-field-solver/raw_allsky_samples/mmto/mmto-skycam/<date>/<date>__#_#_#.fits.bz#,0,0.25-0.50,minor_planet,4,0.0,0,4,0,0,0,4,0
9a0f3660fd9e80be5aad26bb15de52fb5df19886cb7d81981156f796cb2b15b9,1411x1422|/home/pth/workshop/wide-field-solver/raw_allsky_samples/mmto/mmto-skycam/<date>/<date>__#_#_#.fits.bz#,0,0.50-0.75,major_planet,205,0.0,0,205,0,0,0,204,1
9a0f3660fd9e80be5aad26bb15de52fb5df19886cb7d81981156f796cb2b15b9,1411x1422|/home/pth/workshop/wide-field-solver/raw_allsky_samples/mmto/mmto-skycam/<date>/<date>__#_#_#.fits.bz#,0,0.50-0.75,minor_planet,29,0.0,0,29,0,0,0,29,0
9a8ee7968fea65dea2bd160095087795726c6bf88d56b77d146633eaf3de12ba,480x640|/home/pth/skrivebord/fisheeyeimagesnotrailser/allskycurrentimage.jpeg,0,0.25-0.50,major_planet,86,0.0,0,86,0,0,0,86,0
9b10dd0eacbff0a5db5715682d36e49b1556a2c3357133d439ec382637ce112b,1411x1422|/home/pth/workshop/wide-field-solver/raw_allsky_samples/mmto/mmto-skycam/<date>/<date>__#_#_#.fits.bz#,0,0.25-0.50,major_planet,1,0.0,0,1,0,0,0,1,0
9b10dd0eacbff0a5db5715682d36e49b1556a2c3357133d439ec382637ce112b,1411x1422|/home/pth/workshop/wide-field-solver/raw_allsky_samples/mmto/mmto-skycam/<date>/<date>__#_#_#.fits.bz#,0,0.50-0.75,major_planet,1,0.0,0,1,0,0,0,1,0
9b301d74370e98385b1d0e319e91c95f4aa99fae8bfbfa001f8055fc38dc7090,1411x1422|/home/pth/workshop/wide-field-solver/raw_allsky_samples/mmto/mmto-skycam/<date>/<date>__#_#_#.fits.bz#,0,0.00-0.25,major_planet,4,0.0,0,4,0,0,0,4,0
9b301d74370e98385b1d0e319e91c95f4aa99fae8bfbfa001f8055fc38dc7090,1411x1422|/home/pth/workshop/wide-field-solver/raw_allsky_samples/mmto/mmto-skycam/<date>/<date>__#_#_#.fits.bz#,0,0.25-0.50,major_planet,82,0.0,0,82,0,0,0,82,0
9b301d74370e98385b1d0e319e91c95f4aa99fae8bfbfa001f8055fc38dc7090,1411x1422|/home/pth/workshop/wide-field-solver/raw_allsky_samples/mmto/mmto-skycam/<date>/<date>__#_#_#.fits.bz#,0,0.25-0.50,minor_planet,15,0.0,0,15,0,0,0,15,0
9b301d74370e98385b1d0e319e91c95f4aa99fae8bfbfa001f8055fc38dc7090,1411x1422|/home/pth/workshop/wide-field-solver/raw_allsky_samples/mmto/mmto-skycam/<date>/<date>__#_#_#.fits.bz#,0,0.50-0.75,major_planet,134,0.0,0,134,0,0,0,134,0
9b301d74370e98385b1d0e319e91c95f4aa99fae8bfbfa001f8055fc38dc7090,1411x1422|/home/pth/workshop/wide-field-solver/raw_allsky_samples/mmto/mmto-skycam/<date>/<date>__#_#_#.fits.bz#,0,0.50-0.75,minor_planet,19,0.0,0,19,0,0,0,19,0
9b5c7eca90d385da7181608061988a85269c3256193b32e0863958d5db2c4617,1411x1422|/home/pth/workshop/wide-field-solver/raw_allsky_samples/mmto/mmto-skycam/<date>/<date>__#_#_#.fits.bz#,0,0.25-0.50,major_planet,269,0.0,0,269,0,0,0,269,0
9b5c7eca90d385da7181608061988a85269c3256193b32e0863958d5db2c4617,1411x1422|/home/pth/workshop/wide-field-solver/raw_allsky_samples/mmto/mmto-skycam/<date>/<date>__#_#_#.fits.bz#,0,0.25-0.50,minor_planet,8,0.0,0,8,0,0,0,8,0
9b5c7eca90d385da7181608061988a85269c3256193b32e0863958d5db2c4617,1411x1422|/home/pth/workshop/wide-field-solver/raw_allsky_samples/mmto/mmto-skycam/<date>/<date>__#_#_#.fits.bz#,0,0.50-0.75,major_planet,246,0.0,0,246,0,0,0,246,0
9b5c7eca90d385da7181608061988a85269c3256193b32e0863958d5db2c4617,1411x1422|/home/pth/workshop/wide-field-solver/raw_allsky_samples/mmto/mmto-skycam/<date>/<date>__#_#_#.fits.bz#,0,0.50-0.75,minor_planet,25,0.0,0,25,0,0,0,25,0
9b915e798a1bee0e6d01d118b56e05222b93fe4eb9f6597db163d89b6d4ac30b,4096x4096|/home/pth/workshop/wide-field-solver/eso_downloads/trial/apicam.<date>t#:#:#.#.fits,0,0.00-0.25,major_planet,1,0.0,0,1,0,0,0,0,0
9b915e798a1bee0e6d01d118b56e05222b93fe4eb9f6597db163d89b6d4ac30b,4096x4096|/home/pth/workshop/wide-field-solver/eso_downloads/trial/apicam.<date>t#:#:#.#.fits,0,0.25-0.50,major_planet,1,0.0,0,1,0,0,0,0,0
9b915e798a1bee0e6d01d118b56e05222b93fe4eb9f6597db163d89b6d4ac30b,4096x4096|/home/pth/workshop/wide-field-solver/eso_downloads/trial/apicam.<date>t#:#:#.#.fits,0,0.50-0.75,major_planet,1,0.0,0,1,0,0,0,0,0
9c7bcb087dea6912b3cfec9d4413d144dc01a9bf7b1e1c6496c8fefe9453566e,1411x1422|/home/pth/workshop/wide-field-solver/raw_allsky_samples/mmto/mmto-skycam/<date>/<date>__#_#_#.fits.bz#,4,0.00-0.25,major_planet,1,0.6530853372069216,0,0,1,0,0,1,0
9d18136b858f666e06293003787f8277b272baba4c32db7ec30209320439a9a2,4096x4096|/home/pth/workshop/wide-field-solver/eso_downloads/trial/apicam.<date>t#:#:#.#.fits,0,0.00-0.25,major_planet,1,0.0,0,1,0,0,0,0,0
9d18136b858f666e06293003787f8277b272baba4c32db7ec30209320439a9a2,4096x4096|/home/pth/workshop/wide-field-solver/eso_downloads/trial/apicam.<date>t#:#:#.#.fits,0,0.25-0.50,major_planet,1,0.0,0,1,0,0,0,0,0
9d18136b858f666e06293003787f8277b272baba4c32db7ec30209320439a9a2,4096x4096|/home/pth/workshop/wide-field-solver/eso_downloads/trial/apicam.<date>t#:#:#.#.fits,0,0.50-0.75,major_planet,1,0.0,0,1,0,0,0,0,0
9d65d31113e85b8aa691d503800fbc33b45f025746d7e8012c9b93aad8a63de8,4096x4096|/home/pth/workshop/wide-field-solver/eso_downloads/trial/apicam.<date>t#:#:#.#.fits,0,0.50-0.75,major_planet,1,0.0,0,1,0,0,0,1,0
9e3f258ebf024822941af6825d61e96951ab0dc2e0b864d301e5be0bd10261e3,1411x1422|/home/pth/workshop/wide-field-solver/raw_allsky_samples/mmto/mmto-skycam/<date>/<date>__#_#_#.fits.bz#,0,0.25-0.50,major_planet,160,0.0,0,160,0,0,0,159,1
9e3f258ebf024822941af6825d61e96951ab0dc2e0b864d301e5be0bd10261e3,1411x1422|/home/pth/workshop/wide-field-solver/raw_allsky_samples/mmto/mmto-skycam/<date>/<date>__#_#_#.fits.bz#,0,0.25-0.50,minor_planet,17,0.0,0,17,0,0,0,17,0
9e3f258ebf024822941af6825d61e96951ab0dc2e0b864d301e5be0bd10261e3,1411x1422|/home/pth/workshop/wide-field-solver/raw_allsky_samples/mmto/mmto-skycam/<date>/<date>__#_#_#.fits.bz#,0,0.50-0.75,major_planet,92,0.0,0,92,0,0,0,92,0
9e3f258ebf024822941af6825d61e96951ab0dc2e0b864d301e5be0bd10261e3,1411x1422|/home/pth/workshop/wide-field-solver/raw_allsky_samples/mmto/mmto-skycam/<date>/<date>__#_#_#.fits.bz#,0,0.50-0.75,minor_planet,26,0.0,0,26,0,0,0,26,0
9e8211cb58e683456a485ebcd3ef503e43ee7967dbc99b1b003faf2f7d1659de,3672x3672|/home/pth/skrivebord/fisheeyeimagesnotrailser/subaru_maunakea_<date>t#z.jpg,0,0.00-0.25,major_planet,1,0.0,0,1,0,0,0,1,0
9e8211cb58e683456a485ebcd3ef503e43ee7967dbc99b1b003faf2f7d1659de,3672x3672|/home/pth/skrivebord/fisheeyeimagesnotrailser/subaru_maunakea_<date>t#z.jpg,0,0.00-0.25,minor_planet,1,0.0,0,1,0,0,0,1,0
9ec5d12745633efd8cf9ed19c3067ca1c0a4aa67289b32e2102fd5bb3d76dcdc,488x652|/home/pth/workshop/wide-field-solver/data/zenodo-#/all/r_darksubtracted_jd#.#<date>#.fits,0,0.50-0.75,major_planet,24,0.0,0,24,0,0,0,24,0
9ec5d12745633efd8cf9ed19c3067ca1c0a4aa67289b32e2102fd5bb3d76dcdc,488x652|/home/pth/workshop/wide-field-solver/data/zenodo-#/all/r_darksubtracted_jd#.#<date>#.fits,0,0.50-0.75,minor_planet,30,0.0,0,30,0,0,0,30,0
9ed69a75b593f983e63fe57ba16d23323342dcd96bbd97f5afd8eff7725d9615,488x652|/home/pth/workshop/wide-field-solver/data/zenodo-#/all/r_darksubtracted_jd#.#<date>#.fits,0,0.25-0.50,minor_planet,7,0.0,0,7,0,0,0,7,0
9ed69a75b593f983e63fe57ba16d23323342dcd96bbd97f5afd8eff7725d9615,488x652|/home/pth/workshop/wide-field-solver/data/zenodo-#/all/r_darksubtracted_jd#.#<date>#.fits,0,0.50-0.75,major_planet,232,0.0,0,232,0,0,0,230,2
9ed69a75b593f983e63fe57ba16d23323342dcd96bbd97f5afd8eff7725d9615,488x652|/home/pth/workshop/wide-field-solver/data/zenodo-#/all/r_darksubtracted_jd#.#<date>#.fits,0,0.50-0.75,minor_planet,50,0.0,0,50,0,0,0,48,2
9ed69a75b593f983e63fe57ba16d23323342dcd96bbd97f5afd8eff7725d9615,488x652|/home/pth/workshop/wide-field-solver/data/zenodo-#/all/r_darksubtracted_jd#.#<date>#.fits,0,0.75-1.00,major_planet,121,0.0,0,121,0,0,0,119,2
9ed69a75b593f983e63fe57ba16d23323342dcd96bbd97f5afd8eff7725d9615,488x652|/home/pth/workshop/wide-field-solver/data/zenodo-#/all/r_darksubtracted_jd#.#<date>#.fits,0,0.75-1.00,minor_planet,44,0.0,0,44,0,0,0,44,0
9edfa08c57f579d8ffb59e3bed4375ef04c5dbd144c92fbe36157289f838f077,1411x1422|/home/pth/workshop/wide-field-solver/raw_allsky_samples/mmto/mmto-skycam/<date>/<date>__#_#_#.fits.bz#,0,0.25-0.50,major_planet,399,0.0,0,399,0,0,0,399,0
9edfa08c57f579d8ffb59e3bed4375ef04c5dbd144c92fbe36157289f838f077,1411x1422|/home/pth/workshop/wide-field-solver/raw_allsky_samples/mmto/mmto-skycam/<date>/<date>__#_#_#.fits.bz#,0,0.25-0.50,minor_planet,25,0.0,0,25,0,0,0,25,0
9edfa08c57f579d8ffb59e3bed4375ef04c5dbd144c92fbe36157289f838f077,1411x1422|/home/pth/workshop/wide-field-solver/raw_allsky_samples/mmto/mmto-skycam/<date>/<date>__#_#_#.fits.bz#,0,0.50-0.75,major_planet,168,0.0,0,168,0,0,0,168,0
9edfa08c57f579d8ffb59e3bed4375ef04c5dbd144c92fbe36157289f838f077,1411x1422|/home/pth/workshop/wide-field-solver/raw_allsky_samples/mmto/mmto-skycam/<date>/<date>__#_#_#.fits.bz#,0,0.50-0.75,minor_planet,59,0.0,0,59,0,0,0,59,0
9fd705592fc5f0d4be0bedc057132b639c2011ee425f125a574771313966eb5b,1411x1422|/home/pth/workshop/wide-field-solver/raw_allsky_samples/mmto/mmto-skycam/<date>/<date>__#_#_#.fits.bz#,0,0.00-0.25,major_planet,335,0.0,0,335,0,0,0,333,2
9fd705592fc5f0d4be0bedc057132b639c2011ee425f125a574771313966eb5b,1411x1422|/home/pth/workshop/wide-field-solver/raw_allsky_samples/mmto/mmto-skycam/<date>/<date>__#_#_#.fits.bz#,0,0.00-0.25,minor_planet,49,0.0,0,49,0,0,0,49,0
9fd705592fc5f0d4be0bedc057132b639c2011ee425f125a574771313966eb5b,1411x1422|/home/pth/workshop/wide-field-solver/raw_allsky_samples/mmto/mmto-skycam/<date>/<date>__#_#_#.fits.bz#,0,0.25-0.50,major_planet,505,0.0,0,505,0,0,0,505,0
9fd705592fc5f0d4be0bedc057132b639c2011ee425f125a574771313966eb5b,1411x1422|/home/pth/workshop/wide-field-solver/raw_allsky_samples/mmto/mmto-skycam/<date>/<date>__#_#_#.fits.bz#,0,0.25-0.50,minor_planet,61,0.0,0,61,0,0,0,61,0
9fd705592fc5f0d4be0bedc057132b639c2011ee425f125a574771313966eb5b,1411x1422|/home/pth/workshop/wide-field-solver/raw_allsky_samples/mmto/mmto-skycam/<date>/<date>__#_#_#.fits.bz#,0,0.50-0.75,major_planet,189,0.0,0,189,0,0,0,188,1
9fd705592fc5f0d4be0bedc057132b639c2011ee425f125a574771313966eb5b,1411x1422|/home/pth/workshop/wide-field-solver/raw_allsky_samples/mmto/mmto-skycam/<date>/<date>__#_#_#.fits.bz#,0,0.50-0.75,minor_planet,19,0.0,0,19,0,0,0,19,0
a246a66b8438f42e9fd9a3251c7f341af0d20bd6b9aee199c021e11ceb3aaf6d,4096x4096|/home/pth/workshop/wide-field-solver/eso_downloads/trial/apicam.<date>t#:#:#.#.fits,0,0.00-0.25,major_planet,1,0.0,0,1,0,0,0,0,0
a246a66b8438f42e9fd9a3251c7f341af0d20bd6b9aee199c021e11ceb3aaf6d,4096x4096|/home/pth/workshop/wide-field-solver/eso_downloads/trial/apicam.<date>t#:#:#.#.fits,0,0.25-0.50,major_planet,1,0.0,0,1,0,0,0,0,0
a246a66b8438f42e9fd9a3251c7f341af0d20bd6b9aee199c021e11ceb3aaf6d,4096x4096|/home/pth/workshop/wide-field-solver/eso_downloads/trial/apicam.<date>t#:#:#.#.fits,0,0.50-0.75,major_planet,1,0.0,0,1,0,0,0,0,0
a3719d72a3ed2f9ef6e6e4b1d4c3268f1750f5400e618d3bc24a2d503e1dc93b,488x652|/home/pth/workshop/wide-field-solver/data/zenodo-#/all/r_darksubtracted_jd#.#<date>#.fits,0,0.50-0.75,major_planet,32,0.0,0,32,0,0,0,32,0
a3719d72a3ed2f9ef6e6e4b1d4c3268f1750f5400e618d3bc24a2d503e1dc93b,488x652|/home/pth/workshop/wide-field-solver/data/zenodo-#/all/r_darksubtracted_jd#.#<date>#.fits,0,0.50-0.75,minor_planet,15,0.0,0,15,0,0,0,15,0
a37e1ae17e7dd328e5f8bc0e524e0a75f95154ff3d04eaa560c26b70305b4e29,1411x1422|/home/pth/workshop/wide-field-solver/raw_allsky_samples/mmto/mmto-skycam/<date>/<date>__#_#_#.fits.bz#,0,0.25-0.50,major_planet,171,0.0,0,171,0,0,0,171,0
a37e1ae17e7dd328e5f8bc0e524e0a75f95154ff3d04eaa560c26b70305b4e29,1411x1422|/home/pth/workshop/wide-field-solver/raw_allsky_samples/mmto/mmto-skycam/<date>/<date>__#_#_#.fits.bz#,0,0.25-0.50,minor_planet,21,0.0,0,21,0,0,0,21,0
a37e1ae17e7dd328e5f8bc0e524e0a75f95154ff3d04eaa560c26b70305b4e29,1411x1422|/home/pth/workshop/wide-field-solver/raw_allsky_samples/mmto/mmto-skycam/<date>/<date>__#_#_#.fits.bz#,0,0.50-0.75,major_planet,226,0.0,0,226,0,0,0,226,0
a37e1ae17e7dd328e5f8bc0e524e0a75f95154ff3d04eaa560c26b70305b4e29,1411x1422|/home/pth/workshop/wide-field-solver/raw_allsky_samples/mmto/mmto-skycam/<date>/<date>__#_#_#.fits.bz#,0,0.50-0.75,minor_planet,9,0.0,0,9,0,0,0,9,0
a3c6f7b1ef9bd49367da4e84e3b8343d68909787342a226c43891c397be356cd,1411x1422|/home/pth/workshop/wide-field-solver/raw_allsky_samples/mmto/mmto-skycam/<date>/<date>__#_#_#.fits.bz#,0,0.25-0.50,major_planet,416,0.0,0,416,0,0,0,415,1
a3c6f7b1ef9bd49367da4e84e3b8343d68909787342a226c43891c397be356cd,1411x1422|/home/pth/workshop/wide-field-solver/raw_allsky_samples/mmto/mmto-skycam/<date>/<date>__#_#_#.fits.bz#,0,0.25-0.50,minor_planet,10,0.0,0,10,0,0,0,10,0
a3c6f7b1ef9bd49367da4e84e3b8343d68909787342a226c43891c397be356cd,1411x1422|/home/pth/workshop/wide-field-solver/raw_allsky_samples/mmto/mmto-skycam/<date>/<date>__#_#_#.fits.bz#,0,0.50-0.75,major_planet,87,0.0,0,87,0,0,0,87,0
a3c6f7b1ef9bd49367da4e84e3b8343d68909787342a226c43891c397be356cd,1411x1422|/home/pth/workshop/wide-field-solver/raw_allsky_samples/mmto/mmto-skycam/<date>/<date>__#_#_#.fits.bz#,0,0.50-0.75,minor_planet,41,0.0,0,41,0,0,0,41,0
a4e70f6e9345d48ce3420932e59be8bac81f9eb628e62a632350475b21d79064,488x652|/home/pth/workshop/wide-field-solver/data/zenodo-#/all/r_darksubtracted_jd#.#<date>#.fits,0,0.50-0.75,minor_planet,12,0.0,0,12,0,0,0,12,0
a4ec23cd516d968108d3de93048848012e24b565b4c4d2df856675a4ce226a55,1411x1422|/home/pth/workshop/wide-field-solver/raw_allsky_samples/mmto/mmto-skycam/<date>/<date>__#_#_#.fits.bz#,4,0.25-0.50,major_planet,1,0.34690967959326124,0,0,1,0,0,1,0
a514a87aea330a1566459c8bf7604b7b90869ad7e756373d516c6e33064b38f5,4096x4096|/home/pth/workshop/wide-field-solver/eso_downloads/trial/apicam.<date>t#:#:#.#.fits,0,0.00-0.25,major_planet,3,0.0,0,3,0,0,0,0,0
a514a87aea330a1566459c8bf7604b7b90869ad7e756373d516c6e33064b38f5,4096x4096|/home/pth/workshop/wide-field-solver/eso_downloads/trial/apicam.<date>t#:#:#.#.fits,0,0.25-0.50,major_planet,1,0.0,0,1,0,0,0,0,0
a517deccee3b243268b9d4d9520ce37e8c64f165f22567c5a16ba0dfee9957d1,3672x3672|/home/pth/skrivebord/fisheeyeimagesnotrailser/subaru_maunakea_<date>t#z.jpg,0,0.50-0.75,minor_planet,1,0.0,0,1,0,0,0,1,0
a5e30dd8c121c0bc5aa587c3f6a8399a9099f8d7282c66014fba247582d0d0b1,4096x4096|/home/pth/workshop/wide-field-solver/eso_downloads/trial/apicam.<date>t#:#:#.#.fits,0,0.00-0.25,major_planet,3,0.0,0,3,0,0,0,0,0
a681e1118299522baf70413e86f82f37910af22b4c35e8d703c24983aef67805,488x652|/home/pth/workshop/wide-field-solver/data/zenodo-#/all/g_darksubtracted_jd#.#<date>#.fits,0,0.50-0.75,minor_planet,3,0.0,0,3,0,0,0,3,0
a71288c5eba09d5176d10afa8d727bba7c6b7add8f010e9e5736d3acf664d97d,1411x1422|/home/pth/workshop/wide-field-solver/raw_allsky_samples/mmto/mmto-skycam/<date>/<date>__#_#_#.fits.bz#,1,0.00-0.25,major_planet,178,0.9830908738588651,78,0,100,0,3,175,0
a71288c5eba09d5176d10afa8d727bba7c6b7add8f010e9e5736d3acf664d97d,1411x1422|/home/pth/workshop/wide-field-solver/raw_allsky_samples/mmto/mmto-skycam/<date>/<date>__#_#_#.fits.bz#,1,0.25-0.50,major_planet,197,0.1887887828669932,30,0,167,0,2,193,2
a71288c5eba09d5176d10afa8d727bba7c6b7add8f010e9e5736d3acf664d97d,1411x1422|/home/pth/workshop/wide-field-solver/raw_allsky_samples/mmto/mmto-skycam/<date>/<date>__#_#_#.fits.bz#,1,0.25-0.50,minor_planet,21,-0.11417673145552953,13,0,8,0,1,20,0
a71288c5eba09d5176d10afa8d727bba7c6b7add8f010e9e5736d3acf664d97d,1411x1422|/home/pth/workshop/wide-field-solver/raw_allsky_samples/mmto/mmto-skycam/<date>/<date>__#_#_#.fits.bz#,1,0.50-0.75,major_planet,264,-0.37901990100236427,149,0,115,0,2,262,0
a71288c5eba09d5176d10afa8d727bba7c6b7add8f010e9e5736d3acf664d97d,1411x1422|/home/pth/workshop/wide-field-solver/raw_allsky_samples/mmto/mmto-skycam/<date>/<date>__#_#_#.fits.bz#,1,0.50-0.75,minor_planet,29,0.6632585581680956,11,0,18,0,0,29,0
a727fc118c7e033de13c823b32f9510afec25125819a73db921a6e8606255769,4096x4096|/home/pth/workshop/wide-field-solver/eso_downloads/trial/apicam.<date>t#:#:#.#.fits,0,0.00-0.25,major_planet,1,0.0,0,1,0,0,0,0,0
a727fc118c7e033de13c823b32f9510afec25125819a73db921a6e8606255769,4096x4096|/home/pth/workshop/wide-field-solver/eso_downloads/trial/apicam.<date>t#:#:#.#.fits,0,0.25-0.50,major_planet,1,0.0,0,1,0,0,0,0,0
a727fc118c7e033de13c823b32f9510afec25125819a73db921a6e8606255769,4096x4096|/home/pth/workshop/wide-field-solver/eso_downloads/trial/apicam.<date>t#:#:#.#.fits,0,0.50-0.75,major_planet,1,0.0,0,1,0,0,0,0,0
a841dab37adf58942db059a41d1298ce4d26144259210394454c3c10c379b951,1411x1422|/home/pth/workshop/wide-field-solver/raw_allsky_samples/mmto/mmto-skycam/<date>/<date>__#_#_#.fits.bz#,0,0.00-0.25,major_planet,1,0.0,0,1,0,0,0,1,0
a841dab37adf58942db059a41d1298ce4d26144259210394454c3c10c379b951,1411x1422|/home/pth/workshop/wide-field-solver/raw_allsky_samples/mmto/mmto-skycam/<date>/<date>__#_#_#.fits.bz#,0,0.25-0.50,major_planet,419,0.0,0,419,0,0,0,419,0
a841dab37adf58942db059a41d1298ce4d26144259210394454c3c10c379b951,1411x1422|/home/pth/workshop/wide-field-solver/raw_allsky_samples/mmto/mmto-skycam/<date>/<date>__#_#_#.fits.bz#,0,0.25-0.50,minor_planet,77,0.0,0,77,0,0,0,76,1
a841dab37adf58942db059a41d1298ce4d26144259210394454c3c10c379b951,1411x1422|/home/pth/workshop/wide-field-solver/raw_allsky_samples/mmto/mmto-skycam/<date>/<date>__#_#_#.fits.bz#,0,0.50-0.75,major_planet,281,0.0,0,281,0,0,0,281,0
a841dab37adf58942db059a41d1298ce4d26144259210394454c3c10c379b951,1411x1422|/home/pth/workshop/wide-field-solver/raw_allsky_samples/mmto/mmto-skycam/<date>/<date>__#_#_#.fits.bz#,0,0.50-0.75,minor_planet,49,0.0,0,49,0,0,0,49,0
a85581331440ecd740af583d002614e3e3f7ccd490c7f864d229ad7b7ce346eb,1411x1422|/home/pth/workshop/wide-field-solver/raw_allsky_samples/mmto/mmto-skycam/<date>/<date>__#_#_#.fits.bz#,0,0.00-0.25,major_planet,340,0.0,0,340,0,0,0,339,1
a85581331440ecd740af583d002614e3e3f7ccd490c7f864d229ad7b7ce346eb,1411x1422|/home/pth/workshop/wide-field-solver/raw_allsky_samples/mmto/mmto-skycam/<date>/<date>__#_#_#.fits.bz#,0,0.25-0.50,major_planet,284,0.0,0,284,0,0,0,280,4
a85581331440ecd740af583d002614e3e3f7ccd490c7f864d229ad7b7ce346eb,1411x1422|/home/pth/workshop/wide-field-solver/raw_allsky_samples/mmto/mmto-skycam/<date>/<date>__#_#_#.fits.bz#,0,0.25-0.50,minor_planet,108,0.0,0,108,0,0,0,108,0
a85581331440ecd740af583d002614e3e3f7ccd490c7f864d229ad7b7ce346eb,1411x1422|/home/pth/workshop/wide-field-solver/raw_allsky_samples/mmto/mmto-skycam/<date>/<date>__#_#_#.fits.bz#,0,0.50-0.75,major_planet,146,0.0,0,146,0,0,0,144,2
a85581331440ecd740af583d002614e3e3f7ccd490c7f864d229ad7b7ce346eb,1411x1422|/home/pth/workshop/wide-field-solver/raw_allsky_samples/mmto/mmto-skycam/<date>/<date>__#_#_#.fits.bz#,0,0.50-0.75,minor_planet,20,0.0,0,20,0,0,0,19,1
a8abcd40d9c8a7f91070a76c4d5d3e969a2df2cc5839c8450189f363c8e6902a,1411x1422|/home/pth/workshop/wide-field-solver/raw_allsky_samples/mmto/mmto-skycam/<date>/<date>__#_#_#.fits.bz#,0,0.00-0.25,major_planet,335,0.0,0,335,0,0,0,335,0
a8abcd40d9c8a7f91070a76c4d5d3e969a2df2cc5839c8450189f363c8e6902a,1411x1422|/home/pth/workshop/wide-field-solver/raw_allsky_samples/mmto/mmto-skycam/<date>/<date>__#_#_#.fits.bz#,0,0.00-0.25,minor_planet,28,0.0,0,28,0,0,0,28,0
a8abcd40d9c8a7f91070a76c4d5d3e969a2df2cc5839c8450189f363c8e6902a,1411x1422|/home/pth/workshop/wide-field-solver/raw_allsky_samples/mmto/mmto-skycam/<date>/<date>__#_#_#.fits.bz#,0,0.25-0.50,major_planet,182,0.0,0,182,0,0,0,182,0
a8abcd40d9c8a7f91070a76c4d5d3e969a2df2cc5839c8450189f363c8e6902a,1411x1422|/home/pth/workshop/wide-field-solver/raw_allsky_samples/mmto/mmto-skycam/<date>/<date>__#_#_#.fits.bz#,0,0.25-0.50,minor_planet,49,0.0,0,49,0,0,0,49,0
a8abcd40d9c8a7f91070a76c4d5d3e969a2df2cc5839c8450189f363c8e6902a,1411x1422|/home/pth/workshop/wide-field-solver/raw_allsky_samples/mmto/mmto-skycam/<date>/<date>__#_#_#.fits.bz#,0,0.50-0.75,major_planet,9,0.0,0,9,0,0,0,9,0
a8abcd40d9c8a7f91070a76c4d5d3e969a2df2cc5839c8450189f363c8e6902a,1411x1422|/home/pth/workshop/wide-field-solver/raw_allsky_samples/mmto/mmto-skycam/<date>/<date>__#_#_#.fits.bz#,0,0.50-0.75,minor_planet,14,0.0,0,14,0,0,0,14,0
aa0826de4bb25526c6c3f92de5b3c49f283e87f18098dc9e9a1cac4a200e42e8,4096x4096|/home/pth/workshop/wide-field-solver/eso_downloads/trial/apicam.<date>t#:#:#.#.fits,0,0.00-0.25,major_planet,2,0.0,0,2,0,0,0,0,0
aa0826de4bb25526c6c3f92de5b3c49f283e87f18098dc9e9a1cac4a200e42e8,4096x4096|/home/pth/workshop/wide-field-solver/eso_downloads/trial/apicam.<date>t#:#:#.#.fits,0,0.50-0.75,major_planet,1,0.0,0,1,0,0,0,0,0
aa9f7e26f578939e7d49257650aef95c2fc92387a8c9838170c0c7902d5ad959,488x652|/home/pth/workshop/wide-field-solver/data/zenodo-#/all/r_darksubtracted_jd#.#<date>#.fits,0,0.50-0.75,major_planet,4,0.0,0,4,0,0,0,4,0
aa9f7e26f578939e7d49257650aef95c2fc92387a8c9838170c0c7902d5ad959,488x652|/home/pth/workshop/wide-field-solver/data/zenodo-#/all/r_darksubtracted_jd#.#<date>#.fits,0,0.50-0.75,minor_planet,14,0.0,0,14,0,0,0,14,0
aca1ed41c985d67bf8fb13447c5186b8e9a390d19c77c784517a420f2120b7b3,3672x3672|/home/pth/skrivebord/fisheeyeimagesnotrailser/subaru_maunakea_<date>t#z.jpg,0,0.00-0.25,minor_planet,1,0.0,0,1,0,0,0,1,0
aca1ed41c985d67bf8fb13447c5186b8e9a390d19c77c784517a420f2120b7b3,3672x3672|/home/pth/skrivebord/fisheeyeimagesnotrailser/subaru_maunakea_<date>t#z.jpg,0,0.25-0.50,major_planet,1,0.0,0,1,0,0,0,1,0
ad43ce08d89a1a7be2ce51c10e1f1fbed00b127d8c32b25886d548d9790b3d9a,1411x1422|/home/pth/workshop/wide-field-solver/raw_allsky_samples/mmto/mmto-skycam/<date>/<date>__#_#_#.fits.bz#,0,0.00-0.25,major_planet,20,0.0,0,20,0,0,0,20,0
ad43ce08d89a1a7be2ce51c10e1f1fbed00b127d8c32b25886d548d9790b3d9a,1411x1422|/home/pth/workshop/wide-field-solver/raw_allsky_samples/mmto/mmto-skycam/<date>/<date>__#_#_#.fits.bz#,0,0.25-0.50,major_planet,116,0.0,0,116,0,0,0,116,0
ad43ce08d89a1a7be2ce51c10e1f1fbed00b127d8c32b25886d548d9790b3d9a,1411x1422|/home/pth/workshop/wide-field-solver/raw_allsky_samples/mmto/mmto-skycam/<date>/<date>__#_#_#.fits.bz#,0,0.25-0.50,minor_planet,88,0.0,0,88,0,0,0,88,0
ad43ce08d89a1a7be2ce51c10e1f1fbed00b127d8c32b25886d548d9790b3d9a,1411x1422|/home/pth/workshop/wide-field-solver/raw_allsky_samples/mmto/mmto-skycam/<date>/<date>__#_#_#.fits.bz#,0,0.50-0.75,major_planet,314,0.0,0,314,0,0,0,314,0
ad43ce08d89a1a7be2ce51c10e1f1fbed00b127d8c32b25886d548d9790b3d9a,1411x1422|/home/pth/workshop/wide-field-solver/raw_allsky_samples/mmto/mmto-skycam/<date>/<date>__#_#_#.fits.bz#,0,0.50-0.75,minor_planet,53,0.0,0,53,0,0,0,53,0
ae5e0f5ce8baee1675aa4cd828b66d8cd91593dcf9c173ccf51b58b1b286719e,4096x4096|/home/pth/workshop/wide-field-solver/eso_downloads/trial/apicam.<date>t#:#:#.#.fits,0,0.25-0.50,major_planet,5,0.0,0,5,0,0,0,0,0
afcd05b609c069fdedef739864208f558daa8c1fd8d736886fb8410ee7ce8aff,4096x4096|/home/pth/workshop/wide-field-solver/eso_downloads/trial/apicam.<date>t#:#:#.#.fits,0,0.00-0.25,major_planet,1,0.0,0,1,0,0,0,0,0
afcd05b609c069fdedef739864208f558daa8c1fd8d736886fb8410ee7ce8aff,4096x4096|/home/pth/workshop/wide-field-solver/eso_downloads/trial/apicam.<date>t#:#:#.#.fits,0,0.25-0.50,major_planet,2,0.0,0,2,0,0,0,0,0
afcd05b609c069fdedef739864208f558daa8c1fd8d736886fb8410ee7ce8aff,4096x4096|/home/pth/workshop/wide-field-solver/eso_downloads/trial/apicam.<date>t#:#:#.#.fits,0,0.50-0.75,major_planet,2,0.0,0,2,0,0,0,0,0
b1f601df2582e390d3388d5c6d681a1c8308aba05052670d7e8284fc17ae8361,4096x4096|/home/pth/workshop/wide-field-solver/eso_downloads/trial/apicam.<date>t#:#:#.#.fits,0,0.00-0.25,major_planet,1,0.0,0,1,0,0,0,0,0
b1f601df2582e390d3388d5c6d681a1c8308aba05052670d7e8284fc17ae8361,4096x4096|/home/pth/workshop/wide-field-solver/eso_downloads/trial/apicam.<date>t#:#:#.#.fits,0,0.25-0.50,major_planet,2,0.0,0,2,0,0,0,0,0
b1f601df2582e390d3388d5c6d681a1c8308aba05052670d7e8284fc17ae8361,4096x4096|/home/pth/workshop/wide-field-solver/eso_downloads/trial/apicam.<date>t#:#:#.#.fits,0,0.50-0.75,major_planet,2,0.0,0,2,0,0,0,0,0
b307200de46c7fdf5caaf27f6d84a1fab2d6f2705487fbba15daec1e58f12a47,1411x1422|/home/pth/workshop/wide-field-solver/raw_allsky_samples/mmto/mmto-skycam/<date>/<date>__#_#_#.fits.bz#,0,0.25-0.50,major_planet,12,0.0,0,12,0,0,0,12,0
b307200de46c7fdf5caaf27f6d84a1fab2d6f2705487fbba15daec1e58f12a47,1411x1422|/home/pth/workshop/wide-field-solver/raw_allsky_samples/mmto/mmto-skycam/<date>/<date>__#_#_#.fits.bz#,0,0.25-0.50,minor_planet,35,0.0,0,35,0,0,0,35,0
b307200de46c7fdf5caaf27f6d84a1fab2d6f2705487fbba15daec1e58f12a47,1411x1422|/home/pth/workshop/wide-field-solver/raw_allsky_samples/mmto/mmto-skycam/<date>/<date>__#_#_#.fits.bz#,0,0.50-0.75,major_planet,160,0.0,0,160,0,0,0,160,0
b307200de46c7fdf5caaf27f6d84a1fab2d6f2705487fbba15daec1e58f12a47,1411x1422|/home/pth/workshop/wide-field-solver/raw_allsky_samples/mmto/mmto-skycam/<date>/<date>__#_#_#.fits.bz#,0,0.50-0.75,minor_planet,24,0.0,0,24,0,0,0,24,0
b3c9ce9ded696d7b6c8b7986b89723196efde20ba1286d818f1cb579de0f6420,3672x3672|/home/pth/skrivebord/fisheeyeimagesnotrailser/subaru_maunakea_<date>t#z.jpg,0,0.00-0.25,major_planet,1,0.0,0,1,0,0,0,1,0
b3c9ce9ded696d7b6c8b7986b89723196efde20ba1286d818f1cb579de0f6420,3672x3672|/home/pth/skrivebord/fisheeyeimagesnotrailser/subaru_maunakea_<date>t#z.jpg,0,0.00-0.25,minor_planet,1,0.0,0,1,0,0,0,1,0
b5e941cf49d75b65e491a6cef3e989f588ee1694b5404e9cc39f681354e4d441,1411x1422|/home/pth/workshop/wide-field-solver/raw_allsky_samples/mmto/mmto-skycam/<date>/<date>__#_#_#.fits.bz#,0,0.25-0.50,major_planet,41,0.0,0,41,0,0,0,41,0
b5e941cf49d75b65e491a6cef3e989f588ee1694b5404e9cc39f681354e4d441,1411x1422|/home/pth/workshop/wide-field-solver/raw_allsky_samples/mmto/mmto-skycam/<date>/<date>__#_#_#.fits.bz#,0,0.25-0.50,minor_planet,11,0.0,0,11,0,0,0,11,0
b5e941cf49d75b65e491a6cef3e989f588ee1694b5404e9cc39f681354e4d441,1411x1422|/home/pth/workshop/wide-field-solver/raw_allsky_samples/mmto/mmto-skycam/<date>/<date>__#_#_#.fits.bz#,0,0.50-0.75,major_planet,219,0.0,0,219,0,0,0,219,0
b5e941cf49d75b65e491a6cef3e989f588ee1694b5404e9cc39f681354e4d441,1411x1422|/home/pth/workshop/wide-field-solver/raw_allsky_samples/mmto/mmto-skycam/<date>/<date>__#_#_#.fits.bz#,0,0.50-0.75,minor_planet,8,0.0,0,8,0,0,0,8,0
b5f35b81a363cb386a05dcea8e0ec8ecf3a087fcc0e480da56958848a8610e6a,4096x4096|/home/pth/workshop/wide-field-solver/eso_downloads/trial/apicam.<date>t#:#:#.#.fits,0,0.00-0.25,major_planet,2,0.0,0,2,0,0,0,0,0
b5f35b81a363cb386a05dcea8e0ec8ecf3a087fcc0e480da56958848a8610e6a,4096x4096|/home/pth/workshop/wide-field-solver/eso_downloads/trial/apicam.<date>t#:#:#.#.fits,0,0.25-0.50,major_planet,1,0.0,0,1,0,0,0,0,0
b62e6ced6af3fd832908089d91771e58ba0c93f866e908dfc3676fb7c865d0dd,488x652|/home/pth/workshop/wide-field-solver/data/zenodo-#/all/r_darksubtracted_jd#.#<date>#.fits,0,0.50-0.75,major_planet,11,0.0,0,11,0,0,0,11,0
b62e6ced6af3fd832908089d91771e58ba0c93f866e908dfc3676fb7c865d0dd,488x652|/home/pth/workshop/wide-field-solver/data/zenodo-#/all/r_darksubtracted_jd#.#<date>#.fits,0,0.50-0.75,minor_planet,20,0.0,0,20,0,0,0,20,0
b62e6ced6af3fd832908089d91771e58ba0c93f866e908dfc3676fb7c865d0dd,488x652|/home/pth/workshop/wide-field-solver/data/zenodo-#/all/r_darksubtracted_jd#.#<date>#.fits,0,0.75-1.00,major_planet,94,0.0,0,94,0,0,0,94,0
b62e6ced6af3fd832908089d91771e58ba0c93f866e908dfc3676fb7c865d0dd,488x652|/home/pth/workshop/wide-field-solver/data/zenodo-#/all/r_darksubtracted_jd#.#<date>#.fits,0,0.75-1.00,minor_planet,10,0.0,0,10,0,0,0,10,0
b6341a08438b02b4e290ac69d4ae8f32341ca94c317f7994b11cc8c969be9fd2,1411x1422|/home/pth/workshop/wide-field-solver/raw_allsky_samples/mmto/mmto-skycam/<date>/<date>__#_#_#.fits.bz#,0,0.00-0.25,major_planet,1,0.0,0,1,0,0,0,1,0
b6341a08438b02b4e290ac69d4ae8f32341ca94c317f7994b11cc8c969be9fd2,1411x1422|/home/pth/workshop/wide-field-solver/raw_allsky_samples/mmto/mmto-skycam/<date>/<date>__#_#_#.fits.bz#,0,0.25-0.50,major_planet,155,0.0,0,155,0,0,0,155,0
b6341a08438b02b4e290ac69d4ae8f32341ca94c317f7994b11cc8c969be9fd2,1411x1422|/home/pth/workshop/wide-field-solver/raw_allsky_samples/mmto/mmto-skycam/<date>/<date>__#_#_#.fits.bz#,0,0.25-0.50,minor_planet,20,0.0,0,20,0,0,0,20,0
b6341a08438b02b4e290ac69d4ae8f32341ca94c317f7994b11cc8c969be9fd2,1411x1422|/home/pth/workshop/wide-field-solver/raw_allsky_samples/mmto/mmto-skycam/<date>/<date>__#_#_#.fits.bz#,0,0.50-0.75,major_planet,79,0.0,0,79,0,0,0,79,0
b6341a08438b02b4e290ac69d4ae8f32341ca94c317f7994b11cc8c969be9fd2,1411x1422|/home/pth/workshop/wide-field-solver/raw_allsky_samples/mmto/mmto-skycam/<date>/<date>__#_#_#.fits.bz#,0,0.50-0.75,minor_planet,16,0.0,0,16,0,0,0,16,0
b8498017042a064b27a6084b3f7fa08e70fdb781469b2b50278391e5d8044344,1411x1422|/home/pth/workshop/wide-field-solver/raw_allsky_samples/mmto/mmto-skycam/<date>/<date>__#_#_#.fits.bz#,0,0.00-0.25,major_planet,2,0.0,0,2,0,0,0,2,0
b8498017042a064b27a6084b3f7fa08e70fdb781469b2b50278391e5d8044344,1411x1422|/home/pth/workshop/wide-field-solver/raw_allsky_samples/mmto/mmto-skycam/<date>/<date>__#_#_#.fits.bz#,0,0.25-0.50,major_planet,160,0.0,0,160,0,0,0,160,0
b8498017042a064b27a6084b3f7fa08e70fdb781469b2b50278391e5d8044344,1411x1422|/home/pth/workshop/wide-field-solver/raw_allsky_samples/mmto/mmto-skycam/<date>/<date>__#_#_#.fits.bz#,0,0.25-0.50,minor_planet,52,0.0,0,52,0,0,0,52,0
b8498017042a064b27a6084b3f7fa08e70fdb781469b2b50278391e5d8044344,1411x1422|/home/pth/workshop/wide-field-solver/raw_allsky_samples/mmto/mmto-skycam/<date>/<date>__#_#_#.fits.bz#,0,0.50-0.75,major_planet,174,0.0,0,174,0,0,0,174,0
b8498017042a064b27a6084b3f7fa08e70fdb781469b2b50278391e5d8044344,1411x1422|/home/pth/workshop/wide-field-solver/raw_allsky_samples/mmto/mmto-skycam/<date>/<date>__#_#_#.fits.bz#,0,0.50-0.75,minor_planet,37,0.0,0,37,0,0,0,37,0
b918b18f64e8f9bed6b53db1ea89812e860b5f8b3eb4b46630ed484660a2f1c0,1411x1422|/home/pth/workshop/wide-field-solver/raw_allsky_samples/mmto/mmto-skycam/<date>/<date>__#_#_#.fits.bz#,0,0.25-0.50,major_planet,2,0.0,0,2,0,0,0,2,0
b918b18f64e8f9bed6b53db1ea89812e860b5f8b3eb4b46630ed484660a2f1c0,1411x1422|/home/pth/workshop/wide-field-solver/raw_allsky_samples/mmto/mmto-skycam/<date>/<date>__#_#_#.fits.bz#,0,0.50-0.75,major_planet,1,0.0,0,1,0,0,0,1,0
b936e2fec65921d71a76ef1f817c18161a77b6d2a7ba094d8e07939a15724210,1411x1422|/home/pth/workshop/wide-field-solver/raw_allsky_samples/mmto/mmto-skycam/<date>/<date>__#_#_#.fits.bz#,0,0.00-0.25,major_planet,1,0.0,0,1,0,0,0,1,0
b936e2fec65921d71a76ef1f817c18161a77b6d2a7ba094d8e07939a15724210,1411x1422|/home/pth/workshop/wide-field-solver/raw_allsky_samples/mmto/mmto-skycam/<date>/<date>__#_#_#.fits.bz#,0,0.25-0.50,major_planet,344,0.0,0,344,0,0,0,344,0
b936e2fec65921d71a76ef1f817c18161a77b6d2a7ba094d8e07939a15724210,1411x1422|/home/pth/workshop/wide-field-solver/raw_allsky_samples/mmto/mmto-skycam/<date>/<date>__#_#_#.fits.bz#,0,0.25-0.50,minor_planet,17,0.0,0,17,0,0,0,17,0
b936e2fec65921d71a76ef1f817c18161a77b6d2a7ba094d8e07939a15724210,1411x1422|/home/pth/workshop/wide-field-solver/raw_allsky_samples/mmto/mmto-skycam/<date>/<date>__#_#_#.fits.bz#,0,0.50-0.75,major_planet,99,0.0,0,99,0,0,0,99,0
b936e2fec65921d71a76ef1f817c18161a77b6d2a7ba094d8e07939a15724210,1411x1422|/home/pth/workshop/wide-field-solver/raw_allsky_samples/mmto/mmto-skycam/<date>/<date>__#_#_#.fits.bz#,0,0.50-0.75,minor_planet,24,0.0,0,24,0,0,0,24,0
b9980a6ca6849e782fc4b0fb3231ed94b15090eb63f2469f4e0a1e90d8c08e3a,488x652|/home/pth/workshop/wide-field-solver/data/zenodo-#/all/r_darksubtracted_jd#.#<date>#.fits,0,0.25-0.50,minor_planet,7,0.0,0,7,0,0,0,7,0
b9980a6ca6849e782fc4b0fb3231ed94b15090eb63f2469f4e0a1e90d8c08e3a,488x652|/home/pth/workshop/wide-field-solver/data/zenodo-#/all/r_darksubtracted_jd#.#<date>#.fits,0,0.50-0.75,major_planet,34,0.0,0,34,0,0,0,34,0
b9980a6ca6849e782fc4b0fb3231ed94b15090eb63f2469f4e0a1e90d8c08e3a,488x652|/home/pth/workshop/wide-field-solver/data/zenodo-#/all/r_darksubtracted_jd#.#<date>#.fits,0,0.50-0.75,minor_planet,9,0.0,0,9,0,0,0,9,0
bb1db3503140947679c2687e604f8f37a58f0c0707a7f89518b353272d72e334,1411x1422|/home/pth/workshop/wide-field-solver/raw_allsky_samples/mmto/mmto-skycam/<date>/<date>__#_#_#.fits.bz#,4,0.00-0.25,major_planet,148,-0.20469903586124816,77,0,71,2,2,144,0
bb1db3503140947679c2687e604f8f37a58f0c0707a7f89518b353272d72e334,1411x1422|/home/pth/workshop/wide-field-solver/raw_allsky_samples/mmto/mmto-skycam/<date>/<date>__#_#_#.fits.bz#,4,0.00-0.25,minor_planet,6,0.9030350259412439,0,0,6,0,0,6,0
bb1db3503140947679c2687e604f8f37a58f0c0707a7f89518b353272d72e334,1411x1422|/home/pth/workshop/wide-field-solver/raw_allsky_samples/mmto/mmto-skycam/<date>/<date>__#_#_#.fits.bz#,4,0.25-0.50,major_planet,79,0.10442508915870974,29,0,50,0,0,79,0
bb1db3503140947679c2687e604f8f37a58f0c0707a7f89518b353272d72e334,1411x1422|/home/pth/workshop/wide-field-solver/raw_allsky_samples/mmto/mmto-skycam/<date>/<date>__#_#_#.fits.bz#,4,0.25-0.50,minor_planet,16,-0.0052999549695949,8,0,8,0,0,16,0
bb1db3503140947679c2687e604f8f37a58f0c0707a7f89518b353272d72e334,1411x1422|/home/pth/workshop/wide-field-solver/raw_allsky_samples/mmto/mmto-skycam/<date>/<date>__#_#_#.fits.bz#,4,0.50-0.75,major_planet,635,0.3943667856361639,226,0,409,8,15,611,1
bb1db3503140947679c2687e604f8f37a58f0c0707a7f89518b353272d72e334,1411x1422|/home/pth/workshop/wide-field-solver/raw_allsky_samples/mmto/mmto-skycam/<date>/<date>__#_#_#.fits.bz#,4,0.50-0.75,minor_planet,74,0.5356813959116979,27,0,47,0,0,74,0
bb39c396911668fedc7279b58637713fe77d22e750bb2d5addff9587b61cae3f,1411x1422|/home/pth/workshop/wide-field-solver/raw_allsky_samples/mmto/mmto-skycam/<date>/<date>__#_#_#.fits.bz#,0,0.25-0.50,major_planet,327,0.0,0,327,0,0,0,327,0
bb39c396911668fedc7279b58637713fe77d22e750bb2d5addff9587b61cae3f,1411x1422|/home/pth/workshop/wide-field-solver/raw_allsky_samples/mmto/mmto-skycam/<date>/<date>__#_#_#.fits.bz#,0,0.25-0.50,minor_planet,23,0.0,0,23,0,0,0,23,0
bb39c396911668fedc7279b58637713fe77d22e750bb2d5addff9587b61cae3f,1411x1422|/home/pth/workshop/wide-field-solver/raw_allsky_samples/mmto/mmto-skycam/<date>/<date>__#_#_#.fits.bz#,0,0.50-0.75,minor_planet,25,0.0,0,25,0,0,0,24,1
bd122e562f2a23d29e282288c7e8322dec5345a7129313d57ed24f29341e61aa,1411x1422|/home/pth/workshop/wide-field-solver/raw_allsky_samples/mmto/mmto-skycam/<date>/<date>__#_#_#.fits.bz#,0,0.00-0.25,minor_planet,4,0.0,0,4,0,0,0,4,0
bd122e562f2a23d29e282288c7e8322dec5345a7129313d57ed24f29341e61aa,1411x1422|/home/pth/workshop/wide-field-solver/raw_allsky_samples/mmto/mmto-skycam/<date>/<date>__#_#_#.fits.bz#,0,0.25-0.50,major_planet,462,0.0,0,462,0,0,0,461,1
bd122e562f2a23d29e282288c7e8322dec5345a7129313d57ed24f29341e61aa,1411x1422|/home/pth/workshop/wide-field-solver/raw_allsky_samples/mmto/mmto-skycam/<date>/<date>__#_#_#.fits.bz#,0,0.25-0.50,minor_planet,40,0.0,0,40,0,0,0,40,0
bd122e562f2a23d29e282288c7e8322dec5345a7129313d57ed24f29341e61aa,1411x1422|/home/pth/workshop/wide-field-solver/raw_allsky_samples/mmto/mmto-skycam/<date>/<date>__#_#_#.fits.bz#,0,0.50-0.75,major_planet,171,0.0,0,171,0,0,0,171,0
bd122e562f2a23d29e282288c7e8322dec5345a7129313d57ed24f29341e61aa,1411x1422|/home/pth/workshop/wide-field-solver/raw_allsky_samples/mmto/mmto-skycam/<date>/<date>__#_#_#.fits.bz#,0,0.50-0.75,minor_planet,33,0.0,0,33,0,0,0,33,0
bd4ed7cc0366be6e95f5012b28f4a9e9bd3a7ce0219946943ae60b64d0667086,1411x1422|/home/pth/workshop/wide-field-solver/raw_allsky_samples/mmto/mmto-skycam/<date>/<date>__#_#_#.fits.bz#,0,0.25-0.50,major_planet,26,0.0,0,26,0,0,0,26,0
bd4ed7cc0366be6e95f5012b28f4a9e9bd3a7ce0219946943ae60b64d0667086,1411x1422|/home/pth/workshop/wide-field-solver/raw_allsky_samples/mmto/mmto-skycam/<date>/<date>__#_#_#.fits.bz#,0,0.25-0.50,minor_planet,24,0.0,0,24,0,0,0,23,1
bd4ed7cc0366be6e95f5012b28f4a9e9bd3a7ce0219946943ae60b64d0667086,1411x1422|/home/pth/workshop/wide-field-solver/raw_allsky_samples/mmto/mmto-skycam/<date>/<date>__#_#_#.fits.bz#,0,0.50-0.75,major_planet,332,0.0,0,332,0,0,0,332,0
bd4ed7cc0366be6e95f5012b28f4a9e9bd3a7ce0219946943ae60b64d0667086,1411x1422|/home/pth/workshop/wide-field-solver/raw_allsky_samples/mmto/mmto-skycam/<date>/<date>__#_#_#.fits.bz#,0,0.50-0.75,minor_planet,25,0.0,0,25,0,0,0,25,0
be9b73f4bd9c6aa791fdaaddfb42d5972b80635113f1436c63fd202812a4b893,1411x1422|/home/pth/workshop/wide-field-solver/raw_allsky_samples/mmto/mmto-skycam/<date>/<date>__#_#_#.fits.bz#,0,0.25-0.50,major_planet,1,0.0,0,1,0,0,0,1,0
c10346a1d01381824af281835a32900db1c4734e8da2ddf885c1f78f7e9c9ff3,3672x3672|/home/pth/skrivebord/fisheeyeimagesnotrailser/subaru_maunakea_<date>t#z.jpg,0,0.50-0.75,minor_planet,1,0.0,0,1,0,0,0,1,0
c15804b86622604b5d16ef03f2bcb79490afbd770d4b05874240698c601532b1,1411x1422|/home/pth/workshop/wide-field-solver/raw_allsky_samples/mmto/mmto-skycam/<date>/<date>__#_#_#.fits.bz#,0,0.25-0.50,major_planet,86,0.0,0,86,0,0,0,85,1
c15804b86622604b5d16ef03f2bcb79490afbd770d4b05874240698c601532b1,1411x1422|/home/pth/workshop/wide-field-solver/raw_allsky_samples/mmto/mmto-skycam/<date>/<date>__#_#_#.fits.bz#,0,0.25-0.50,minor_planet,17,0.0,0,17,0,0,0,17,0
c15804b86622604b5d16ef03f2bcb79490afbd770d4b05874240698c601532b1,1411x1422|/home/pth/workshop/wide-field-solver/raw_allsky_samples/mmto/mmto-skycam/<date>/<date>__#_#_#.fits.bz#,0,0.50-0.75,major_planet,219,0.0,0,219,0,0,0,218,1
c15804b86622604b5d16ef03f2bcb79490afbd770d4b05874240698c601532b1,1411x1422|/home/pth/workshop/wide-field-solver/raw_allsky_samples/mmto/mmto-skycam/<date>/<date>__#_#_#.fits.bz#,0,0.50-0.75,minor_planet,44,0.0,0,44,0,0,0,44,0
c1d668e7120decd55d7a1a4dfafd2626006c135c4a795fb90bcc783d05042b8b,4096x4096|/home/pth/workshop/wide-field-solver/eso_downloads/trial/apicam.<date>t#:#:#.#.fits,0,0.25-0.50,major_planet,5,0.0,0,5,0,0,0,0,0
c235945685d388b4551e7745269daa17fcd3edbd3483de06ca14af8d26bb1a48,4096x4096|/home/pth/workshop/wide-field-solver/eso_downloads/trial/apicam.<date>t#:#:#.#.fits,0,0.00-0.25,major_planet,1,0.0,0,1,0,0,0,0,0
c235945685d388b4551e7745269daa17fcd3edbd3483de06ca14af8d26bb1a48,4096x4096|/home/pth/workshop/wide-field-solver/eso_downloads/trial/apicam.<date>t#:#:#.#.fits,0,0.25-0.50,major_planet,2,0.0,0,2,0,0,0,0,0
c235945685d388b4551e7745269daa17fcd3edbd3483de06ca14af8d26bb1a48,4096x4096|/home/pth/workshop/wide-field-solver/eso_downloads/trial/apicam.<date>t#:#:#.#.fits,0,0.50-0.75,major_planet,2,0.0,0,2,0,0,0,0,0
c2d413666bb7d547b951f323a69ad1d459a72313cd0b529d9154cf3812f17506,1411x1422|/home/pth/workshop/wide-field-solver/raw_allsky_samples/mmto/mmto-skycam/<date>/<date>__#_#_#.fits.bz#,5,0.00-0.25,minor_planet,2,0.11569589114754786,1,0,1,0,0,2,0
c2d413666bb7d547b951f323a69ad1d459a72313cd0b529d9154cf3812f17506,1411x1422|/home/pth/workshop/wide-field-solver/raw_allsky_samples/mmto/mmto-skycam/<date>/<date>__#_#_#.fits.bz#,5,0.25-0.50,major_planet,270,-0.11527434490927257,160,0,110,0,0,269,1
c2d413666bb7d547b951f323a69ad1d459a72313cd0b529d9154cf3812f17506,1411x1422|/home/pth/workshop/wide-field-solver/raw_allsky_samples/mmto/mmto-skycam/<date>/<date>__#_#_#.fits.bz#,5,0.25-0.50,minor_planet,12,0.0983037196573413,6,0,6,0,0,12,0
c2d413666bb7d547b951f323a69ad1d459a72313cd0b529d9154cf3812f17506,1411x1422|/home/pth/workshop/wide-field-solver/raw_allsky_samples/mmto/mmto-skycam/<date>/<date>__#_#_#.fits.bz#,5,0.50-0.75,major_planet,151,0.4571373813729256,45,0,106,3,1,147,0
c2d413666bb7d547b951f323a69ad1d459a72313cd0b529d9154cf3812f17506,1411x1422|/home/pth/workshop/wide-field-solver/raw_allsky_samples/mmto/mmto-skycam/<date>/<date>__#_#_#.fits.bz#,5,0.50-0.75,minor_planet,35,1.3633788119522414,8,0,27,0,2,33,0
c30433b4ac11cfc03e17308de75ed60164b769e3bd6adb3396f8f7fe5e40f43b,4096x4096|/home/pth/workshop/wide-field-solver/eso_downloads/trial/apicam.<date>t#:#:#.#.fits,4,0.25-0.50,major_planet,5,-0.05773989153741793,3,0,2,0,0,0,0
c41bc6360237adb8e57aa7126727a81e0f78f3ed3805decdfe060e1796fe00c6,1411x1422|/home/pth/workshop/wide-field-solver/raw_allsky_samples/mmto/mmto-skycam/<date>/<date>__#_#_#.fits.bz#,0,0.00-0.25,major_planet,263,0.0,0,263,0,0,0,260,3
c41bc6360237adb8e57aa7126727a81e0f78f3ed3805decdfe060e1796fe00c6,1411x1422|/home/pth/workshop/wide-field-solver/raw_allsky_samples/mmto/mmto-skycam/<date>/<date>__#_#_#.fits.bz#,0,0.00-0.25,minor_planet,6,0.0,0,6,0,0,0,6,0
c41bc6360237adb8e57aa7126727a81e0f78f3ed3805decdfe060e1796fe00c6,1411x1422|/home/pth/workshop/wide-field-solver/raw_allsky_samples/mmto/mmto-skycam/<date>/<date>__#_#_#.fits.bz#,0,0.25-0.50,major_planet,239,0.0,0,239,0,0,0,239,0
c41bc6360237adb8e57aa7126727a81e0f78f3ed3805decdfe060e1796fe00c6,1411x1422|/home/pth/workshop/wide-field-solver/raw_allsky_samples/mmto/mmto-skycam/<date>/<date>__#_#_#.fits.bz#,0,0.25-0.50,minor_planet,78,0.0,0,78,0,0,0,78,0
c41bc6360237adb8e57aa7126727a81e0f78f3ed3805decdfe060e1796fe00c6,1411x1422|/home/pth/workshop/wide-field-solver/raw_allsky_samples/mmto/mmto-skycam/<date>/<date>__#_#_#.fits.bz#,0,0.50-0.75,major_planet,36,0.0,0,36,0,0,0,35,1
c41bc6360237adb8e57aa7126727a81e0f78f3ed3805decdfe060e1796fe00c6,1411x1422|/home/pth/workshop/wide-field-solver/raw_allsky_samples/mmto/mmto-skycam/<date>/<date>__#_#_#.fits.bz#,0,0.50-0.75,minor_planet,8,0.0,0,8,0,0,0,8,0
c46e0bed9d4becbacf166f3a54b3fe218d1406121d709ffeebf3b18af54effec,1411x1422|/home/pth/workshop/wide-field-solver/raw_allsky_samples/mmto/mmto-skycam/<date>/<date>__#_#_#.fits.bz#,0,0.00-0.25,major_planet,166,0.0,0,166,0,0,0,165,1
c46e0bed9d4becbacf166f3a54b3fe218d1406121d709ffeebf3b18af54effec,1411x1422|/home/pth/workshop/wide-field-solver/raw_allsky_samples/mmto/mmto-skycam/<date>/<date>__#_#_#.fits.bz#,0,0.00-0.25,minor_planet,37,0.0,0,37,0,0,0,37,0
c46e0bed9d4becbacf166f3a54b3fe218d1406121d709ffeebf3b18af54effec,1411x1422|/home/pth/workshop/wide-field-solver/raw_allsky_samples/mmto/mmto-skycam/<date>/<date>__#_#_#.fits.bz#,0,0.25-0.50,major_planet,143,0.0,0,143,0,0,0,143,0
c46e0bed9d4becbacf166f3a54b3fe218d1406121d709ffeebf3b18af54effec,1411x1422|/home/pth/workshop/wide-field-solver/raw_allsky_samples/mmto/mmto-skycam/<date>/<date>__#_#_#.fits.bz#,0,0.25-0.50,minor_planet,32,0.0,0,32,0,0,0,32,0
c46e0bed9d4becbacf166f3a54b3fe218d1406121d709ffeebf3b18af54effec,1411x1422|/home/pth/workshop/wide-field-solver/raw_allsky_samples/mmto/mmto-skycam/<date>/<date>__#_#_#.fits.bz#,0,0.50-0.75,major_planet,155,0.0,0,155,0,0,0,155,0
c46e0bed9d4becbacf166f3a54b3fe218d1406121d709ffeebf3b18af54effec,1411x1422|/home/pth/workshop/wide-field-solver/raw_allsky_samples/mmto/mmto-skycam/<date>/<date>__#_#_#.fits.bz#,0,0.50-0.75,minor_planet,20,0.0,0,20,0,0,0,20,0
c48195107c953cc9deaf01400eba43398ea014ef598d65c5cf0085ce210d5939,1411x1422|/home/pth/workshop/wide-field-solver/raw_allsky_samples/mmto/mmto-skycam/<date>/<date>__#_#_#.fits.bz#,4,0.00-0.25,major_planet,141,-0.42745413960882006,73,0,68,1,5,135,0
c48195107c953cc9deaf01400eba43398ea014ef598d65c5cf0085ce210d5939,1411x1422|/home/pth/workshop/wide-field-solver/raw_allsky_samples/mmto/mmto-skycam/<date>/<date>__#_#_#.fits.bz#,4,0.00-0.25,minor_planet,6,1.3387390472146006,0,0,6,0,0,6,0
c48195107c953cc9deaf01400eba43398ea014ef598d65c5cf0085ce210d5939,1411x1422|/home/pth/workshop/wide-field-solver/raw_allsky_samples/mmto/mmto-skycam/<date>/<date>__#_#_#.fits.bz#,4,0.25-0.50,major_planet,281,-0.10795482271873613,162,0,119,0,2,278,1
c48195107c953cc9deaf01400eba43398ea014ef598d65c5cf0085ce210d5939,1411x1422|/home/pth/workshop/wide-field-solver/raw_allsky_samples/mmto/mmto-skycam/<date>/<date>__#_#_#.fits.bz#,4,0.25-0.50,minor_planet,28,-0.033686792480773775,15,0,13,0,0,28,0
c48195107c953cc9deaf01400eba43398ea014ef598d65c5cf0085ce210d5939,1411x1422|/home/pth/workshop/wide-field-solver/raw_allsky_samples/mmto/mmto-skycam/<date>/<date>__#_#_#.fits.bz#,4,0.50-0.75,major_planet,316,0.056717302342441656,154,0,162,3,1,312,0
c48195107c953cc9deaf01400eba43398ea014ef598d65c5cf0085ce210d5939,1411x1422|/home/pth/workshop/wide-field-solver/raw_allsky_samples/mmto/mmto-skycam/<date>/<date>__#_#_#.fits.bz#,4,0.50-0.75,minor_planet,21,-0.5298545644943538,15,0,6,0,0,21,0
c49bffabc1fe7b85dbe6167e50d45b27e714f3c612e51d585015c0c91745f131,4096x4096|/home/pth/workshop/wide-field-solver/eso_downloads/trial/apicam.<date>t#:#:#.#.fits,0,0.00-0.25,major_planet,2,0.0,0,2,0,0,0,0,0
c49bffabc1fe7b85dbe6167e50d45b27e714f3c612e51d585015c0c91745f131,4096x4096|/home/pth/workshop/wide-field-solver/eso_downloads/trial/apicam.<date>t#:#:#.#.fits,0,0.50-0.75,major_planet,1,0.0,0,1,0,0,0,0,0
c5196cdcfceb57fa5621236717e7ded4103573c645bc2a8074cd2f281d54eb1e,4096x4096|/home/pth/workshop/wide-field-solver/eso_downloads/trial/apicam.<date>t#:#:#.#.fits,0,0.00-0.25,major_planet,1,0.0,0,1,0,0,0,0,0
c5196cdcfceb57fa5621236717e7ded4103573c645bc2a8074cd2f281d54eb1e,4096x4096|/home/pth/workshop/wide-field-solver/eso_downloads/trial/apicam.<date>t#:#:#.#.fits,0,0.25-0.50,major_planet,2,0.0,0,2,0,0,0,0,0
c58f973d2a34ffd2fe9585cb9a9c457625f9ea0e1cee2ee91c3ed84d091103d6,4096x4096|/home/pth/workshop/wide-field-solver/eso_downloads/trial/apicam.<date>t#:#:#.#.fits,0,0.00-0.25,major_planet,3,0.0,0,3,0,0,0,0,0
c58f973d2a34ffd2fe9585cb9a9c457625f9ea0e1cee2ee91c3ed84d091103d6,4096x4096|/home/pth/workshop/wide-field-solver/eso_downloads/trial/apicam.<date>t#:#:#.#.fits,0,0.25-0.50,major_planet,1,0.0,0,1,0,0,0,0,0
c6d1c00e18235e0b574b6746ed93cf3c10825047513d1ab35f86d0f258658ae8,4096x4096|/home/pth/workshop/wide-field-solver/eso_downloads/trial/apicam.<date>t#:#:#.#.fits,0,0.00-0.25,major_planet,3,0.0,0,3,0,0,0,0,0
c6d1c00e18235e0b574b6746ed93cf3c10825047513d1ab35f86d0f258658ae8,4096x4096|/home/pth/workshop/wide-field-solver/eso_downloads/trial/apicam.<date>t#:#:#.#.fits,0,0.25-0.50,major_planet,1,0.0,0,1,0,0,0,0,0
c6ead0e6ee2f65bf8d2c89de3351ca8d89d6270d765265e2c2a03d0d3a809791,1411x1422|/home/pth/workshop/wide-field-solver/raw_allsky_samples/mmto/mmto-skycam/<date>/<date>__#_#_#.fits.bz#,0,0.00-0.25,major_planet,398,0.0,0,398,0,0,0,398,0
c6ead0e6ee2f65bf8d2c89de3351ca8d89d6270d765265e2c2a03d0d3a809791,1411x1422|/home/pth/workshop/wide-field-solver/raw_allsky_samples/mmto/mmto-skycam/<date>/<date>__#_#_#.fits.bz#,0,0.00-0.25,minor_planet,59,0.0,0,59,0,0,0,58,1
c6ead0e6ee2f65bf8d2c89de3351ca8d89d6270d765265e2c2a03d0d3a809791,1411x1422|/home/pth/workshop/wide-field-solver/raw_allsky_samples/mmto/mmto-skycam/<date>/<date>__#_#_#.fits.bz#,0,0.25-0.50,major_planet,124,0.0,0,124,0,0,0,124,0
c6ead0e6ee2f65bf8d2c89de3351ca8d89d6270d765265e2c2a03d0d3a809791,1411x1422|/home/pth/workshop/wide-field-solver/raw_allsky_samples/mmto/mmto-skycam/<date>/<date>__#_#_#.fits.bz#,0,0.25-0.50,minor_planet,36,0.0,0,36,0,0,0,36,0
c6ead0e6ee2f65bf8d2c89de3351ca8d89d6270d765265e2c2a03d0d3a809791,1411x1422|/home/pth/workshop/wide-field-solver/raw_allsky_samples/mmto/mmto-skycam/<date>/<date>__#_#_#.fits.bz#,0,0.50-0.75,major_planet,261,0.0,0,261,0,0,0,261,0
c6ead0e6ee2f65bf8d2c89de3351ca8d89d6270d765265e2c2a03d0d3a809791,1411x1422|/home/pth/workshop/wide-field-solver/raw_allsky_samples/mmto/mmto-skycam/<date>/<date>__#_#_#.fits.bz#,0,0.50-0.75,minor_planet,27,0.0,0,27,0,0,0,27,0
c7e063ca5bbca8f4c752fe2c2b6e58ad3ccb77f95c99947dc1584d6ac61954c9,1411x1422|/home/pth/workshop/wide-field-solver/raw_allsky_samples/mmto/mmto-skycam/<date>/<date>__#_#_#.fits.bz#,0,0.00-0.25,major_planet,82,0.0,0,82,0,0,0,82,0
c7e063ca5bbca8f4c752fe2c2b6e58ad3ccb77f95c99947dc1584d6ac61954c9,1411x1422|/home/pth/workshop/wide-field-solver/raw_allsky_samples/mmto/mmto-skycam/<date>/<date>__#_#_#.fits.bz#,0,0.00-0.25,minor_planet,43,0.0,0,43,0,0,0,43,0
c7e063ca5bbca8f4c752fe2c2b6e58ad3ccb77f95c99947dc1584d6ac61954c9,1411x1422|/home/pth/workshop/wide-field-solver/raw_allsky_samples/mmto/mmto-skycam/<date>/<date>__#_#_#.fits.bz#,0,0.25-0.50,major_planet,309,0.0,0,309,0,0,0,309,0
c7e063ca5bbca8f4c752fe2c2b6e58ad3ccb77f95c99947dc1584d6ac61954c9,1411x1422|/home/pth/workshop/wide-field-solver/raw_allsky_samples/mmto/mmto-skycam/<date>/<date>__#_#_#.fits.bz#,0,0.25-0.50,minor_planet,7,0.0,0,7,0,0,0,7,0
c7e063ca5bbca8f4c752fe2c2b6e58ad3ccb77f95c99947dc1584d6ac61954c9,1411x1422|/home/pth/workshop/wide-field-solver/raw_allsky_samples/mmto/mmto-skycam/<date>/<date>__#_#_#.fits.bz#,0,0.50-0.75,major_planet,296,0.0,0,296,0,0,0,296,0
c7e063ca5bbca8f4c752fe2c2b6e58ad3ccb77f95c99947dc1584d6ac61954c9,1411x1422|/home/pth/workshop/wide-field-solver/raw_allsky_samples/mmto/mmto-skycam/<date>/<date>__#_#_#.fits.bz#,0,0.50-0.75,minor_planet,51,0.0,0,51,0,0,0,51,0
c8644e198c6704183cdcc79ccad97d808a9807dd0ddf48bd057dd3d120dc6fed,1411x1422|/home/pth/workshop/wide-field-solver/raw_allsky_samples/mmto/mmto-skycam/<date>/<date>__#_#_#.fits.bz#,0,0.25-0.50,major_planet,98,0.0,0,98,0,0,0,98,0
c8644e198c6704183cdcc79ccad97d808a9807dd0ddf48bd057dd3d120dc6fed,1411x1422|/home/pth/workshop/wide-field-solver/raw_allsky_samples/mmto/mmto-skycam/<date>/<date>__#_#_#.fits.bz#,0,0.25-0.50,minor_planet,43,0.0,0,43,0,0,0,43,0
c8644e198c6704183cdcc79ccad97d808a9807dd0ddf48bd057dd3d120dc6fed,1411x1422|/home/pth/workshop/wide-field-solver/raw_allsky_samples/mmto/mmto-skycam/<date>/<date>__#_#_#.fits.bz#,0,0.50-0.75,major_planet,117,0.0,0,117,0,0,0,117,0
c8644e198c6704183cdcc79ccad97d808a9807dd0ddf48bd057dd3d120dc6fed,1411x1422|/home/pth/workshop/wide-field-solver/raw_allsky_samples/mmto/mmto-skycam/<date>/<date>__#_#_#.fits.bz#,0,0.50-0.75,minor_planet,47,0.0,0,47,0,0,0,47,0
c902278e43ee42176e32f71f7d3e25fab1212b4e7a89a18b984b70dfd8a9e646,4096x4096|/home/pth/workshop/wide-field-solver/eso_downloads/trial/apicam.<date>t#:#:#.#.fits,0,0.00-0.25,major_planet,1,0.0,0,1,0,0,0,0,0
c902278e43ee42176e32f71f7d3e25fab1212b4e7a89a18b984b70dfd8a9e646,4096x4096|/home/pth/workshop/wide-field-solver/eso_downloads/trial/apicam.<date>t#:#:#.#.fits,0,0.25-0.50,major_planet,2,0.0,0,2,0,0,0,0,0
c902278e43ee42176e32f71f7d3e25fab1212b4e7a89a18b984b70dfd8a9e646,4096x4096|/home/pth/workshop/wide-field-solver/eso_downloads/trial/apicam.<date>t#:#:#.#.fits,0,0.50-0.75,major_planet,2,0.0,0,2,0,0,0,0,0
c999714ab093f4fbc077450fb8f395d01eb4bfa91486cc96b53e9ca91df42e5f,1411x1422|/home/pth/workshop/wide-field-solver/raw_allsky_samples/mmto/mmto-skycam/<date>/<date>__#_#_#.fits.bz#,4,0.25-0.50,major_planet,233,-0.5253084960316272,124,0,109,0,1,229,3
c999714ab093f4fbc077450fb8f395d01eb4bfa91486cc96b53e9ca91df42e5f,1411x1422|/home/pth/workshop/wide-field-solver/raw_allsky_samples/mmto/mmto-skycam/<date>/<date>__#_#_#.fits.bz#,4,0.50-0.75,major_planet,311,0.24267162205814974,149,0,162,2,5,304,0
c999714ab093f4fbc077450fb8f395d01eb4bfa91486cc96b53e9ca91df42e5f,1411x1422|/home/pth/workshop/wide-field-solver/raw_allsky_samples/mmto/mmto-skycam/<date>/<date>__#_#_#.fits.bz#,4,0.50-0.75,minor_planet,121,0.5140601376819358,46,0,75,0,4,117,0
caae72fb62e24157cecece92f9013bbd5d5fddda18a9e4e303963699f4cfb067,1411x1422|/home/pth/workshop/wide-field-solver/raw_allsky_samples/mmto/mmto-skycam/<date>/<date>__#_#_#.fits.bz#,4,0.00-0.25,major_planet,1,0.6952044994072679,0,0,1,0,0,1,0
cbe09c2e07e0acc623a7ed84b56dc5c11f424038ab15d448038a139845382cdf,4096x4096|/home/pth/workshop/wide-field-solver/eso_downloads/trial/apicam.<date>t#:#:#.#.fits,0,0.25-0.50,major_planet,5,0.0,0,5,0,0,0,0,0
cc8113e38965ce35d4412e67ee920aa2e3472d2e9113b541c29e737fbc0a8e4c,1411x1422|/home/pth/workshop/wide-field-solver/raw_allsky_samples/mmto/mmto-skycam/<date>/<date>__#_#_#.fits.bz#,0,0.00-0.25,major_planet,146,0.0,0,146,0,0,0,146,0
cc8113e38965ce35d4412e67ee920aa2e3472d2e9113b541c29e737fbc0a8e4c,1411x1422|/home/pth/workshop/wide-field-solver/raw_allsky_samples/mmto/mmto-skycam/<date>/<date>__#_#_#.fits.bz#,0,0.00-0.25,minor_planet,14,0.0,0,14,0,0,0,14,0
cc8113e38965ce35d4412e67ee920aa2e3472d2e9113b541c29e737fbc0a8e4c,1411x1422|/home/pth/workshop/wide-field-solver/raw_allsky_samples/mmto/mmto-skycam/<date>/<date>__#_#_#.fits.bz#,0,0.25-0.50,major_planet,80,0.0,0,80,0,0,0,80,0
cc8113e38965ce35d4412e67ee920aa2e3472d2e9113b541c29e737fbc0a8e4c,1411x1422|/home/pth/workshop/wide-field-solver/raw_allsky_samples/mmto/mmto-skycam/<date>/<date>__#_#_#.fits.bz#,0,0.25-0.50,minor_planet,41,0.0,0,41,0,0,0,41,0
cc8113e38965ce35d4412e67ee920aa2e3472d2e9113b541c29e737fbc0a8e4c,1411x1422|/home/pth/workshop/wide-field-solver/raw_allsky_samples/mmto/mmto-skycam/<date>/<date>__#_#_#.fits.bz#,0,0.50-0.75,major_planet,212,0.0,0,212,0,0,0,211,1
cc8113e38965ce35d4412e67ee920aa2e3472d2e9113b541c29e737fbc0a8e4c,1411x1422|/home/pth/workshop/wide-field-solver/raw_allsky_samples/mmto/mmto-skycam/<date>/<date>__#_#_#.fits.bz#,0,0.50-0.75,minor_planet,66,0.0,0,66,0,0,0,64,2
cc90030794fb0158107fa6ce2ab6c2bacf07bd7334b7e1999f10d21fc19e5f73,4096x4096|/home/pth/workshop/wide-field-solver/eso_downloads/trial/apicam.<date>t#:#:#.#.fits,0,0.00-0.25,major_planet,2,0.0,0,2,0,0,0,0,0
ccf4dff6c1d78b7eec25145a505d0441d14f0c206f438d549e8a4eee53a604e2,4096x4096|/home/pth/workshop/wide-field-solver/eso_downloads/trial/apicam.<date>t#:#:#.#.fits,0,0.00-0.25,major_planet,1,0.0,0,1,0,0,0,0,0
ccf4dff6c1d78b7eec25145a505d0441d14f0c206f438d549e8a4eee53a604e2,4096x4096|/home/pth/workshop/wide-field-solver/eso_downloads/trial/apicam.<date>t#:#:#.#.fits,0,0.25-0.50,major_planet,2,0.0,0,2,0,0,0,0,0
ccf4dff6c1d78b7eec25145a505d0441d14f0c206f438d549e8a4eee53a604e2,4096x4096|/home/pth/workshop/wide-field-solver/eso_downloads/trial/apicam.<date>t#:#:#.#.fits,0,0.50-0.75,major_planet,2,0.0,0,2,0,0,0,0,0
ce74e64750a2ef66e9568034fe1df4a97b0f406037691d2e8e9f636ad4aa2440,488x652|/home/pth/workshop/wide-field-solver/data/zenodo-#/all/r_darksubtracted_jd#.#<date>#.fits,0,0.25-0.50,minor_planet,7,0.0,0,7,0,0,0,7,0
ce74e64750a2ef66e9568034fe1df4a97b0f406037691d2e8e9f636ad4aa2440,488x652|/home/pth/workshop/wide-field-solver/data/zenodo-#/all/r_darksubtracted_jd#.#<date>#.fits,0,0.50-0.75,major_planet,164,0.0,0,164,0,0,0,163,1
ce74e64750a2ef66e9568034fe1df4a97b0f406037691d2e8e9f636ad4aa2440,488x652|/home/pth/workshop/wide-field-solver/data/zenodo-#/all/r_darksubtracted_jd#.#<date>#.fits,0,0.50-0.75,minor_planet,13,0.0,0,13,0,0,0,13,0
ce74e64750a2ef66e9568034fe1df4a97b0f406037691d2e8e9f636ad4aa2440,488x652|/home/pth/workshop/wide-field-solver/data/zenodo-#/all/r_darksubtracted_jd#.#<date>#.fits,0,0.75-1.00,major_planet,136,0.0,0,136,0,0,0,135,1
ce74e64750a2ef66e9568034fe1df4a97b0f406037691d2e8e9f636ad4aa2440,488x652|/home/pth/workshop/wide-field-solver/data/zenodo-#/all/r_darksubtracted_jd#.#<date>#.fits,0,0.75-1.00,minor_planet,15,0.0,0,15,0,0,0,15,0
cf4d3d2574ef44cd668547ad22427a2394046ee9687c7484093bd3a4c80f588f,1411x1422|/home/pth/workshop/wide-field-solver/raw_allsky_samples/mmto/mmto-skycam/<date>/<date>__#_#_#.fits.bz#,2,0.25-0.50,minor_planet,10,2.570595279360619,4,0,6,0,0,10,0
cf4d3d2574ef44cd668547ad22427a2394046ee9687c7484093bd3a4c80f588f,1411x1422|/home/pth/workshop/wide-field-solver/raw_allsky_samples/mmto/mmto-skycam/<date>/<date>__#_#_#.fits.bz#,2,0.50-0.75,major_planet,260,0.6126300006949634,121,0,139,0,7,253,0
cf4d3d2574ef44cd668547ad22427a2394046ee9687c7484093bd3a4c80f588f,1411x1422|/home/pth/workshop/wide-field-solver/raw_allsky_samples/mmto/mmto-skycam/<date>/<date>__#_#_#.fits.bz#,2,0.50-0.75,minor_planet,5,-0.1491599512951618,3,0,2,0,1,4,0
cfcb89b0fa15a63c44d991da73e7980e9cb49465f7cd03ca8036a9a0d8965be4,4096x4096|/home/pth/workshop/wide-field-solver/eso_downloads/trial/apicam.<date>t#:#:#.#.fits,0,0.00-0.25,major_planet,3,0.0,0,3,0,0,0,0,0
cfcb89b0fa15a63c44d991da73e7980e9cb49465f7cd03ca8036a9a0d8965be4,4096x4096|/home/pth/workshop/wide-field-solver/eso_downloads/trial/apicam.<date>t#:#:#.#.fits,0,0.25-0.50,major_planet,1,0.0,0,1,0,0,0,0,0
d102dbc8d9062bea57c32b4971e94d96b2b40e78990eadbbffe8a6f925217d90,1411x1422|/home/pth/workshop/wide-field-solver/raw_allsky_samples/mmto/mmto-skycam/<date>/<date>__#_#_#.fits.bz#,0,0.00-0.25,major_planet,2,0.0,0,2,0,0,0,2,0
d102dbc8d9062bea57c32b4971e94d96b2b40e78990eadbbffe8a6f925217d90,1411x1422|/home/pth/workshop/wide-field-solver/raw_allsky_samples/mmto/mmto-skycam/<date>/<date>__#_#_#.fits.bz#,0,0.25-0.50,major_planet,317,0.0,0,317,0,0,0,316,1
d102dbc8d9062bea57c32b4971e94d96b2b40e78990eadbbffe8a6f925217d90,1411x1422|/home/pth/workshop/wide-field-solver/raw_allsky_samples/mmto/mmto-skycam/<date>/<date>__#_#_#.fits.bz#,0,0.25-0.50,minor_planet,45,0.0,0,45,0,0,0,45,0
d102dbc8d9062bea57c32b4971e94d96b2b40e78990eadbbffe8a6f925217d90,1411x1422|/home/pth/workshop/wide-field-solver/raw_allsky_samples/mmto/mmto-skycam/<date>/<date>__#_#_#.fits.bz#,0,0.50-0.75,major_planet,268,0.0,0,268,0,0,0,268,0
d102dbc8d9062bea57c32b4971e94d96b2b40e78990eadbbffe8a6f925217d90,1411x1422|/home/pth/workshop/wide-field-solver/raw_allsky_samples/mmto/mmto-skycam/<date>/<date>__#_#_#.fits.bz#,0,0.50-0.75,minor_planet,55,0.0,0,55,0,0,0,55,0
d2e61f85becf73063eb0d9fce62745c85b663d49ef6c783da7e95a931e4fced7,4096x4096|/home/pth/workshop/wide-field-solver/eso_downloads/trial/apicam.<date>t#:#:#.#.fits,0,0.00-0.25,major_planet,3,0.0,0,3,0,0,0,0,0
d2e61f85becf73063eb0d9fce62745c85b663d49ef6c783da7e95a931e4fced7,4096x4096|/home/pth/workshop/wide-field-solver/eso_downloads/trial/apicam.<date>t#:#:#.#.fits,0,0.25-0.50,major_planet,1,0.0,0,1,0,0,0,0,0
d4404c7a676fc24a6f46c51d3b7a7ee75ea84db1a62735e8d11d4cb2c17f98ee,1411x1422|/home/pth/workshop/wide-field-solver/raw_allsky_samples/mmto/mmto-skycam/<date>/<date>__#_#_#.fits.bz#,0,0.00-0.25,major_planet,2,0.0,0,2,0,0,0,2,0
d4404c7a676fc24a6f46c51d3b7a7ee75ea84db1a62735e8d11d4cb2c17f98ee,1411x1422|/home/pth/workshop/wide-field-solver/raw_allsky_samples/mmto/mmto-skycam/<date>/<date>__#_#_#.fits.bz#,0,0.25-0.50,major_planet,3,0.0,0,3,0,0,0,3,0
d4404c7a676fc24a6f46c51d3b7a7ee75ea84db1a62735e8d11d4cb2c17f98ee,1411x1422|/home/pth/workshop/wide-field-solver/raw_allsky_samples/mmto/mmto-skycam/<date>/<date>__#_#_#.fits.bz#,0,0.50-0.75,major_planet,2,0.0,0,2,0,0,0,2,0
d56b852a9b224bbe74d29eee97d12940c49646dfb2274784f0160369e4ef902f,4096x4096|/home/pth/workshop/wide-field-solver/eso_downloads/trial/apicam.<date>t#:#:#.#.fits,0,0.00-0.25,major_planet,3,0.0,0,3,0,0,0,0,0
d56b852a9b224bbe74d29eee97d12940c49646dfb2274784f0160369e4ef902f,4096x4096|/home/pth/workshop/wide-field-solver/eso_downloads/trial/apicam.<date>t#:#:#.#.fits,0,0.25-0.50,major_planet,1,0.0,0,1,0,0,0,0,0
d5d991288b273bf46401b50889e47fb184f3279b51fca13e7b4c135cca69c22e,1411x1422|/home/pth/workshop/wide-field-solver/raw_allsky_samples/mmto/mmto-skycam/<date>/<date>__#_#_#.fits.bz#,0,0.25-0.50,major_planet,18,0.0,0,18,0,0,0,18,0
d5d991288b273bf46401b50889e47fb184f3279b51fca13e7b4c135cca69c22e,1411x1422|/home/pth/workshop/wide-field-solver/raw_allsky_samples/mmto/mmto-skycam/<date>/<date>__#_#_#.fits.bz#,0,0.25-0.50,minor_planet,29,0.0,0,29,0,0,0,29,0
d5d991288b273bf46401b50889e47fb184f3279b51fca13e7b4c135cca69c22e,1411x1422|/home/pth/workshop/wide-field-solver/raw_allsky_samples/mmto/mmto-skycam/<date>/<date>__#_#_#.fits.bz#,0,0.50-0.75,major_planet,221,0.0,0,221,0,0,0,221,0
d5d991288b273bf46401b50889e47fb184f3279b51fca13e7b4c135cca69c22e,1411x1422|/home/pth/workshop/wide-field-solver/raw_allsky_samples/mmto/mmto-skycam/<date>/<date>__#_#_#.fits.bz#,0,0.50-0.75,minor_planet,17,0.0,0,17,0,0,0,17,0
d5e3932b0dda229fd23c00eba4c537344433178eb72b25d606cf6034d7198c8c,4096x4096|/home/pth/workshop/wide-field-solver/eso_downloads/trial/apicam.<date>t#:#:#.#.fits,0,0.25-0.50,major_planet,5,0.0,0,5,0,0,0,0,0
d6e0538fa2ced3fede6c1c856e4d42e22849796f1df5546e7082ccab03cfc227,1411x1422|/home/pth/workshop/wide-field-solver/raw_allsky_samples/mmto/mmto-skycam/<date>/<date>__#_#_#.fits.bz#,1,0.25-0.50,major_planet,319,0.5516430011995155,124,0,195,0,2,317,0
d6e0538fa2ced3fede6c1c856e4d42e22849796f1df5546e7082ccab03cfc227,1411x1422|/home/pth/workshop/wide-field-solver/raw_allsky_samples/mmto/mmto-skycam/<date>/<date>__#_#_#.fits.bz#,1,0.25-0.50,minor_planet,86,0.5522692041735917,40,0,46,0,1,84,1
d6e0538fa2ced3fede6c1c856e4d42e22849796f1df5546e7082ccab03cfc227,1411x1422|/home/pth/workshop/wide-field-solver/raw_allsky_samples/mmto/mmto-skycam/<date>/<date>__#_#_#.fits.bz#,1,0.50-0.75,major_planet,350,-0.011029885540700501,175,0,175,1,8,340,1
d6e0538fa2ced3fede6c1c856e4d42e22849796f1df5546e7082ccab03cfc227,1411x1422|/home/pth/workshop/wide-field-solver/raw_allsky_samples/mmto/mmto-skycam/<date>/<date>__#_#_#.fits.bz#,1,0.50-0.75,minor_planet,83,0.8692432295902286,38,0,45,0,6,77,0
d7278337c18a87e19b4254dbd053769cc10233732f1ce686a44b235a567fa960,1411x1422|/home/pth/workshop/wide-field-solver/raw_allsky_samples/mmto/mmto-skycam/<date>/<date>__#_#_#.fits.bz#,0,0.00-0.25,minor_planet,8,0.0,0,8,0,0,0,8,0
d7278337c18a87e19b4254dbd053769cc10233732f1ce686a44b235a567fa960,1411x1422|/home/pth/workshop/wide-field-solver/raw_allsky_samples/mmto/mmto-skycam/<date>/<date>__#_#_#.fits.bz#,0,0.25-0.50,major_planet,296,0.0,0,296,0,0,0,296,0
d7278337c18a87e19b4254dbd053769cc10233732f1ce686a44b235a567fa960,1411x1422|/home/pth/workshop/wide-field-solver/raw_allsky_samples/mmto/mmto-skycam/<date>/<date>__#_#_#.fits.bz#,0,0.25-0.50,minor_planet,48,0.0,0,48,0,0,0,48,0
d7278337c18a87e19b4254dbd053769cc10233732f1ce686a44b235a567fa960,1411x1422|/home/pth/workshop/wide-field-solver/raw_allsky_samples/mmto/mmto-skycam/<date>/<date>__#_#_#.fits.bz#,0,0.50-0.75,major_planet,330,0.0,0,330,0,0,0,328,2
d7278337c18a87e19b4254dbd053769cc10233732f1ce686a44b235a567fa960,1411x1422|/home/pth/workshop/wide-field-solver/raw_allsky_samples/mmto/mmto-skycam/<date>/<date>__#_#_#.fits.bz#,0,0.50-0.75,minor_planet,64,0.0,0,64,0,0,0,64,0
d8b9fddfb7b1fa726a4204a83d5dcd1c77a7f1ef3e578b79525f46a4537aa40f,1411x1422|/home/pth/workshop/wide-field-solver/raw_allsky_samples/mmto/mmto-skycam/<date>/<date>__#_#_#.fits.bz#,0,0.00-0.25,major_planet,64,0.0,0,64,0,0,0,64,0
d8b9fddfb7b1fa726a4204a83d5dcd1c77a7f1ef3e578b79525f46a4537aa40f,1411x1422|/home/pth/workshop/wide-field-solver/raw_allsky_samples/mmto/mmto-skycam/<date>/<date>__#_#_#.fits.bz#,0,0.00-0.25,minor_planet,8,0.0,0,8,0,0,0,8,0
d8b9fddfb7b1fa726a4204a83d5dcd1c77a7f1ef3e578b79525f46a4537aa40f,1411x1422|/home/pth/workshop/wide-field-solver/raw_allsky_samples/mmto/mmto-skycam/<date>/<date>__#_#_#.fits.bz#,0,0.25-0.50,major_planet,225,0.0,0,225,0,0,0,224,1
d8b9fddfb7b1fa726a4204a83d5dcd1c77a7f1ef3e578b79525f46a4537aa40f,1411x1422|/home/pth/workshop/wide-field-solver/raw_allsky_samples/mmto/mmto-skycam/<date>/<date>__#_#_#.fits.bz#,0,0.25-0.50,minor_planet,37,0.0,0,37,0,0,0,37,0
d8b9fddfb7b1fa726a4204a83d5dcd1c77a7f1ef3e578b79525f46a4537aa40f,1411x1422|/home/pth/workshop/wide-field-solver/raw_allsky_samples/mmto/mmto-skycam/<date>/<date>__#_#_#.fits.bz#,0,0.50-0.75,major_planet,75,0.0,0,75,0,0,0,75,0
d8b9fddfb7b1fa726a4204a83d5dcd1c77a7f1ef3e578b79525f46a4537aa40f,1411x1422|/home/pth/workshop/wide-field-solver/raw_allsky_samples/mmto/mmto-skycam/<date>/<date>__#_#_#.fits.bz#,0,0.50-0.75,minor_planet,33,0.0,0,33,0,0,0,32,1
d8bab3c12d4544208103240b5681665d823495a8d585c2a67999cd92304a34f4,1411x1422|/home/pth/workshop/wide-field-solver/raw_allsky_samples/mmto/mmto-skycam/<date>/<date>__#_#_#.fits.bz#,4,0.25-0.50,major_planet,965,0.05997974883363977,480,0,485,0,15,948,2
d8bab3c12d4544208103240b5681665d823495a8d585c2a67999cd92304a34f4,1411x1422|/home/pth/workshop/wide-field-solver/raw_allsky_samples/mmto/mmto-skycam/<date>/<date>__#_#_#.fits.bz#,4,0.25-0.50,minor_planet,55,0.5126399416923508,24,0,31,0,0,55,0
d8bab3c12d4544208103240b5681665d823495a8d585c2a67999cd92304a34f4,1411x1422|/home/pth/workshop/wide-field-solver/raw_allsky_samples/mmto/mmto-skycam/<date>/<date>__#_#_#.fits.bz#,4,0.50-0.75,major_planet,257,0.745930971746315,106,0,151,0,6,251,0
d8bab3c12d4544208103240b5681665d823495a8d585c2a67999cd92304a34f4,1411x1422|/home/pth/workshop/wide-field-solver/raw_allsky_samples/mmto/mmto-skycam/<date>/<date>__#_#_#.fits.bz#,4,0.50-0.75,minor_planet,54,-0.4609519433663739,34,0,20,0,0,54,0
d8c03a5344c756cd4b4384c2cb8baac2a5aa70f6f03e035f93dcc5f54f60993d,1411x1422|/home/pth/workshop/wide-field-solver/raw_allsky_samples/mmto/mmto-skycam/<date>/<date>__#_#_#.fits.bz#,0,0.00-0.25,major_planet,167,0.0,0,167,0,0,0,167,0
d8c03a5344c756cd4b4384c2cb8baac2a5aa70f6f03e035f93dcc5f54f60993d,1411x1422|/home/pth/workshop/wide-field-solver/raw_allsky_samples/mmto/mmto-skycam/<date>/<date>__#_#_#.fits.bz#,0,0.00-0.25,minor_planet,74,0.0,0,74,0,0,0,74,0
d8c03a5344c756cd4b4384c2cb8baac2a5aa70f6f03e035f93dcc5f54f60993d,1411x1422|/home/pth/workshop/wide-field-solver/raw_allsky_samples/mmto/mmto-skycam/<date>/<date>__#_#_#.fits.bz#,0,0.25-0.50,major_planet,263,0.0,0,263,0,0,0,262,1
d8c03a5344c756cd4b4384c2cb8baac2a5aa70f6f03e035f93dcc5f54f60993d,1411x1422|/home/pth/workshop/wide-field-solver/raw_allsky_samples/mmto/mmto-skycam/<date>/<date>__#_#_#.fits.bz#,0,0.25-0.50,minor_planet,47,0.0,0,47,0,0,0,47,0
d8c03a5344c756cd4b4384c2cb8baac2a5aa70f6f03e035f93dcc5f54f60993d,1411x1422|/home/pth/workshop/wide-field-solver/raw_allsky_samples/mmto/mmto-skycam/<date>/<date>__#_#_#.fits.bz#,0,0.50-0.75,major_planet,333,0.0,0,333,0,0,0,327,6
d8c03a5344c756cd4b4384c2cb8baac2a5aa70f6f03e035f93dcc5f54f60993d,1411x1422|/home/pth/workshop/wide-field-solver/raw_allsky_samples/mmto/mmto-skycam/<date>/<date>__#_#_#.fits.bz#,0,0.50-0.75,minor_planet,24,0.0,0,24,0,0,0,23,1
d8d0d38b728efc6740f514c0cc7f0932d70f41a1f5875da29aeb17990eb5fa68,4096x4096|/home/pth/workshop/wide-field-solver/eso_downloads/trial/apicam.<date>t#:#:#.#.fits,0,0.00-0.25,major_planet,3,0.0,0,3,0,0,0,0,0
d8d0d38b728efc6740f514c0cc7f0932d70f41a1f5875da29aeb17990eb5fa68,4096x4096|/home/pth/workshop/wide-field-solver/eso_downloads/trial/apicam.<date>t#:#:#.#.fits,0,0.25-0.50,major_planet,1,0.0,0,1,0,0,0,0,0
d902adf6120976ebc4b8afef62f640ee575a2afb45e5a3308bfad4c0810dcb5b,1411x1422|/home/pth/workshop/wide-field-solver/raw_allsky_samples/mmto/mmto-skycam/<date>/<date>__#_#_#.fits.bz#,0,0.25-0.50,major_planet,278,0.0,0,278,0,0,0,277,1
d902adf6120976ebc4b8afef62f640ee575a2afb45e5a3308bfad4c0810dcb5b,1411x1422|/home/pth/workshop/wide-field-solver/raw_allsky_samples/mmto/mmto-skycam/<date>/<date>__#_#_#.fits.bz#,0,0.25-0.50,minor_planet,12,0.0,0,12,0,0,0,12,0
d902adf6120976ebc4b8afef62f640ee575a2afb45e5a3308bfad4c0810dcb5b,1411x1422|/home/pth/workshop/wide-field-solver/raw_allsky_samples/mmto/mmto-skycam/<date>/<date>__#_#_#.fits.bz#,0,0.50-0.75,major_planet,138,0.0,0,138,0,0,0,137,1
d902adf6120976ebc4b8afef62f640ee575a2afb45e5a3308bfad4c0810dcb5b,1411x1422|/home/pth/workshop/wide-field-solver/raw_allsky_samples/mmto/mmto-skycam/<date>/<date>__#_#_#.fits.bz#,0,0.50-0.75,minor_planet,42,0.0,0,42,0,0,0,42,0
d975a4d4f424f749220f3c068e6325c99475d6f29810464103acc1b778443f2d,488x652|/home/pth/workshop/wide-field-solver/data/zenodo-#/all/r_darksubtracted_jd#.#<date>#.fits,0,0.50-0.75,major_planet,376,0.0,0,376,0,0,0,376,0
d975a4d4f424f749220f3c068e6325c99475d6f29810464103acc1b778443f2d,488x652|/home/pth/workshop/wide-field-solver/data/zenodo-#/all/r_darksubtracted_jd#.#<date>#.fits,0,0.50-0.75,minor_planet,23,0.0,0,23,0,0,0,23,0
da17e33ca4bf1acfa5dd7b53c419214e10a4c8ff764415f0c6c4459cd41a71e1,1411x1422|/home/pth/workshop/wide-field-solver/raw_allsky_samples/mmto/mmto-skycam/<date>/<date>__#_#_#.fits.bz#,0,0.25-0.50,major_planet,208,0.0,0,208,0,0,0,208,0
da17e33ca4bf1acfa5dd7b53c419214e10a4c8ff764415f0c6c4459cd41a71e1,1411x1422|/home/pth/workshop/wide-field-solver/raw_allsky_samples/mmto/mmto-skycam/<date>/<date>__#_#_#.fits.bz#,0,0.25-0.50,minor_planet,54,0.0,0,54,0,0,0,54,0
da17e33ca4bf1acfa5dd7b53c419214e10a4c8ff764415f0c6c4459cd41a71e1,1411x1422|/home/pth/workshop/wide-field-solver/raw_allsky_samples/mmto/mmto-skycam/<date>/<date>__#_#_#.fits.bz#,0,0.50-0.75,minor_planet,4,0.0,0,4,0,0,0,4,0
da8e00c52f7119114e1a6e730aed02ac752def1b9dc04d77d3e3de0795438c56,488x652|/home/pth/workshop/wide-field-solver/data/zenodo-#/all/r_darksubtracted_jd#.#<date>#.fits,0,0.50-0.75,major_planet,5,0.0,0,5,0,0,0,5,0
da8e00c52f7119114e1a6e730aed02ac752def1b9dc04d77d3e3de0795438c56,488x652|/home/pth/workshop/wide-field-solver/data/zenodo-#/all/r_darksubtracted_jd#.#<date>#.fits,0,0.50-0.75,minor_planet,29,0.0,0,29,0,0,0,29,0
dbd617910d965c2a0ff8c8aa80803c533bc4eb64f6e18672b05ec56b65b4883a,1411x1422|/home/pth/workshop/wide-field-solver/raw_allsky_samples/mmto/mmto-skycam/<date>/<date>__#_#_#.fits.bz#,1,0.00-0.25,major_planet,82,0.7022098761564894,31,0,51,0,0,82,0
dbd617910d965c2a0ff8c8aa80803c533bc4eb64f6e18672b05ec56b65b4883a,1411x1422|/home/pth/workshop/wide-field-solver/raw_allsky_samples/mmto/mmto-skycam/<date>/<date>__#_#_#.fits.bz#,1,0.00-0.25,minor_planet,14,-0.6073581187306423,8,0,6,0,0,14,0
dbd617910d965c2a0ff8c8aa80803c533bc4eb64f6e18672b05ec56b65b4883a,1411x1422|/home/pth/workshop/wide-field-solver/raw_allsky_samples/mmto/mmto-skycam/<date>/<date>__#_#_#.fits.bz#,1,0.25-0.50,major_planet,94,-0.03791836975086671,89,0,5,0,1,93,0
dbd617910d965c2a0ff8c8aa80803c533bc4eb64f6e18672b05ec56b65b4883a,1411x1422|/home/pth/workshop/wide-field-solver/raw_allsky_samples/mmto/mmto-skycam/<date>/<date>__#_#_#.fits.bz#,1,0.25-0.50,minor_planet,46,0.19013082696851313,15,0,31,0,0,46,0
dbd617910d965c2a0ff8c8aa80803c533bc4eb64f6e18672b05ec56b65b4883a,1411x1422|/home/pth/workshop/wide-field-solver/raw_allsky_samples/mmto/mmto-skycam/<date>/<date>__#_#_#.fits.bz#,1,0.50-0.75,major_planet,201,0.5222963261481581,89,0,112,0,6,195,0
dbd617910d965c2a0ff8c8aa80803c533bc4eb64f6e18672b05ec56b65b4883a,1411x1422|/home/pth/workshop/wide-field-solver/raw_allsky_samples/mmto/mmto-skycam/<date>/<date>__#_#_#.fits.bz#,1,0.50-0.75,minor_planet,58,0.6014412433729159,26,0,32,0,2,56,0
dbf4fe1f9192deef430bc5b852210d27690bd6722902e59e5b3f72ddf1c2ea08,4096x4096|/home/pth/workshop/wide-field-solver/eso_downloads/trial/apicam.<date>t#:#:#.#.fits,0,0.00-0.25,major_planet,1,0.0,0,1,0,0,0,0,0
dbf4fe1f9192deef430bc5b852210d27690bd6722902e59e5b3f72ddf1c2ea08,4096x4096|/home/pth/workshop/wide-field-solver/eso_downloads/trial/apicam.<date>t#:#:#.#.fits,0,0.25-0.50,major_planet,2,0.0,0,2,0,0,0,0,0
dc57198ae963d9f48b38750d9c8d296b5ad65063f883c9d0794bb19dccefbe56,4096x4096|/home/pth/workshop/wide-field-solver/eso_downloads/trial/apicam.<date>t#:#:#.#.fits,0,0.25-0.50,major_planet,5,0.0,0,5,0,0,0,0,0
dcda58081ae47ea9c479a9feaad275e6c662a559ddf26f10afb3f5b040f94a6a,1411x1422|/home/pth/workshop/wide-field-solver/raw_allsky_samples/mmto/mmto-skycam/<date>/<date>__#_#_#.fits.bz#,0,0.25-0.50,major_planet,191,0.0,0,191,0,0,0,191,0
dcda58081ae47ea9c479a9feaad275e6c662a559ddf26f10afb3f5b040f94a6a,1411x1422|/home/pth/workshop/wide-field-solver/raw_allsky_samples/mmto/mmto-skycam/<date>/<date>__#_#_#.fits.bz#,0,0.25-0.50,minor_planet,24,0.0,0,24,0,0,0,24,0
dcda58081ae47ea9c479a9feaad275e6c662a559ddf26f10afb3f5b040f94a6a,1411x1422|/home/pth/workshop/wide-field-solver/raw_allsky_samples/mmto/mmto-skycam/<date>/<date>__#_#_#.fits.bz#,0,0.50-0.75,major_planet,33,0.0,0,33,0,0,0,33,0
dcda58081ae47ea9c479a9feaad275e6c662a559ddf26f10afb3f5b040f94a6a,1411x1422|/home/pth/workshop/wide-field-solver/raw_allsky_samples/mmto/mmto-skycam/<date>/<date>__#_#_#.fits.bz#,0,0.50-0.75,minor_planet,33,0.0,0,33,0,0,0,33,0
dd71e537deab6085693298fb1bedfa20db62fab41ea1ec364173b408bcaa3005,1411x1422|/home/pth/workshop/wide-field-solver/raw_allsky_samples/mmto/mmto-skycam/<date>/<date>__#_#_#.fits.bz#,0,0.00-0.25,major_planet,1,0.0,0,1,0,0,0,1,0
dd71e537deab6085693298fb1bedfa20db62fab41ea1ec364173b408bcaa3005,1411x1422|/home/pth/workshop/wide-field-solver/raw_allsky_samples/mmto/mmto-skycam/<date>/<date>__#_#_#.fits.bz#,0,0.25-0.50,major_planet,2,0.0,0,2,0,0,0,2,0
ddefe2d1bca427e33a98b0c3329a510da0c135e3e3cf45bb2291468a3e7d4da8,1411x1422|/home/pth/workshop/wide-field-solver/raw_allsky_samples/mmto/mmto-skycam/<date>/<date>__#_#_#.fits.bz#,0,0.00-0.25,minor_planet,8,0.0,0,8,0,0,0,8,0
ddefe2d1bca427e33a98b0c3329a510da0c135e3e3cf45bb2291468a3e7d4da8,1411x1422|/home/pth/workshop/wide-field-solver/raw_allsky_samples/mmto/mmto-skycam/<date>/<date>__#_#_#.fits.bz#,0,0.25-0.50,major_planet,274,0.0,0,274,0,0,0,273,1
ddefe2d1bca427e33a98b0c3329a510da0c135e3e3cf45bb2291468a3e7d4da8,1411x1422|/home/pth/workshop/wide-field-solver/raw_allsky_samples/mmto/mmto-skycam/<date>/<date>__#_#_#.fits.bz#,0,0.25-0.50,minor_planet,28,0.0,0,28,0,0,0,27,1
ddefe2d1bca427e33a98b0c3329a510da0c135e3e3cf45bb2291468a3e7d4da8,1411x1422|/home/pth/workshop/wide-field-solver/raw_allsky_samples/mmto/mmto-skycam/<date>/<date>__#_#_#.fits.bz#,0,0.50-0.75,major_planet,392,0.0,0,392,0,0,0,391,1
ddefe2d1bca427e33a98b0c3329a510da0c135e3e3cf45bb2291468a3e7d4da8,1411x1422|/home/pth/workshop/wide-field-solver/raw_allsky_samples/mmto/mmto-skycam/<date>/<date>__#_#_#.fits.bz#,0,0.50-0.75,minor_planet,21,0.0,0,21,0,0,0,21,0
de2384c647a6a35fe3c05b8373918d59fa504e5211a6bd7056bc6ae997ef520e,4096x4096|/home/pth/workshop/wide-field-solver/eso_downloads/trial/apicam.<date>t#:#:#.#.fits,0,0.00-0.25,major_planet,3,0.0,0,3,0,0,0,0,0
de2384c647a6a35fe3c05b8373918d59fa504e5211a6bd7056bc6ae997ef520e,4096x4096|/home/pth/workshop/wide-field-solver/eso_downloads/trial/apicam.<date>t#:#:#.#.fits,0,0.25-0.50,major_planet,1,0.0,0,1,0,0,0,0,0
df8f9222ad4af910976dede6d2ca093f461fcd2b8430365a2814193df8a89c53,488x652|/home/pth/workshop/wide-field-solver/data/zenodo-#/all/r_darksubtracted_jd#.#<date>#.fits,0,0.25-0.50,minor_planet,6,0.0,0,6,0,0,0,6,0
df8f9222ad4af910976dede6d2ca093f461fcd2b8430365a2814193df8a89c53,488x652|/home/pth/workshop/wide-field-solver/data/zenodo-#/all/r_darksubtracted_jd#.#<date>#.fits,0,0.50-0.75,major_planet,33,0.0,0,33,0,0,0,33,0
df8f9222ad4af910976dede6d2ca093f461fcd2b8430365a2814193df8a89c53,488x652|/home/pth/workshop/wide-field-solver/data/zenodo-#/all/r_darksubtracted_jd#.#<date>#.fits,0,0.50-0.75,minor_planet,18,0.0,0,18,0,0,0,18,0
dfeecb9178b50827a50d558ce66408cc1afb863c21ccbfd69d61716f4da9b2b4,1411x1422|/home/pth/workshop/wide-field-solver/raw_allsky_samples/mmto/mmto-skycam/<date>/<date>__#_#_#.fits.bz#,0,0.25-0.50,major_planet,34,0.0,0,34,0,0,0,34,0
dfeecb9178b50827a50d558ce66408cc1afb863c21ccbfd69d61716f4da9b2b4,1411x1422|/home/pth/workshop/wide-field-solver/raw_allsky_samples/mmto/mmto-skycam/<date>/<date>__#_#_#.fits.bz#,0,0.25-0.50,minor_planet,21,0.0,0,21,0,0,0,21,0
dfeecb9178b50827a50d558ce66408cc1afb863c21ccbfd69d61716f4da9b2b4,1411x1422|/home/pth/workshop/wide-field-solver/raw_allsky_samples/mmto/mmto-skycam/<date>/<date>__#_#_#.fits.bz#,0,0.50-0.75,major_planet,80,0.0,0,80,0,0,0,80,0
dfeecb9178b50827a50d558ce66408cc1afb863c21ccbfd69d61716f4da9b2b4,1411x1422|/home/pth/workshop/wide-field-solver/raw_allsky_samples/mmto/mmto-skycam/<date>/<date>__#_#_#.fits.bz#,0,0.50-0.75,minor_planet,9,0.0,0,9,0,0,0,9,0
e0100b4b531ba806f514611ded51372d49043d5b4d780b341fcc6296c0a03f3d,1411x1422|/home/pth/workshop/wide-field-solver/raw_allsky_samples/mmto/mmto-skycam/<date>/<date>__#_#_#.fits.bz#,0,0.25-0.50,major_planet,125,0.0,0,125,0,0,0,125,0
e0100b4b531ba806f514611ded51372d49043d5b4d780b341fcc6296c0a03f3d,1411x1422|/home/pth/workshop/wide-field-solver/raw_allsky_samples/mmto/mmto-skycam/<date>/<date>__#_#_#.fits.bz#,0,0.25-0.50,minor_planet,35,0.0,0,35,0,0,0,35,0
e0100b4b531ba806f514611ded51372d49043d5b4d780b341fcc6296c0a03f3d,1411x1422|/home/pth/workshop/wide-field-solver/raw_allsky_samples/mmto/mmto-skycam/<date>/<date>__#_#_#.fits.bz#,0,0.50-0.75,major_planet,540,0.0,0,540,0,0,0,536,4
e0100b4b531ba806f514611ded51372d49043d5b4d780b341fcc6296c0a03f3d,1411x1422|/home/pth/workshop/wide-field-solver/raw_allsky_samples/mmto/mmto-skycam/<date>/<date>__#_#_#.fits.bz#,0,0.50-0.75,minor_planet,42,0.0,0,42,0,0,0,42,0
e0acd9269e25a2e364caff61cca4a9fbffacb8a28f3783712e0473ac7ed57814,1411x1422|/home/pth/workshop/wide-field-solver/raw_allsky_samples/mmto/mmto-skycam/<date>/<date>__#_#_#.fits.bz#,0,0.00-0.25,major_planet,1,0.0,0,1,0,0,0,1,0
e0acd9269e25a2e364caff61cca4a9fbffacb8a28f3783712e0473ac7ed57814,1411x1422|/home/pth/workshop/wide-field-solver/raw_allsky_samples/mmto/mmto-skycam/<date>/<date>__#_#_#.fits.bz#,0,0.25-0.50,major_planet,2,0.0,0,2,0,0,0,2,0
e0acd9269e25a2e364caff61cca4a9fbffacb8a28f3783712e0473ac7ed57814,1411x1422|/home/pth/workshop/wide-field-solver/raw_allsky_samples/mmto/mmto-skycam/<date>/<date>__#_#_#.fits.bz#,0,0.50-0.75,major_planet,1,0.0,0,1,0,0,0,1,0
e0c4bd3c47a5420143979cd9b8976cbd8ab48ba21d6070fe679b33b165d8c820,1411x1422|/home/pth/workshop/wide-field-solver/raw_allsky_samples/mmto/mmto-skycam/<date>/<date>__#_#_#.fits.bz#,0,0.25-0.50,major_planet,118,0.0,0,118,0,0,0,118,0
e0c4bd3c47a5420143979cd9b8976cbd8ab48ba21d6070fe679b33b165d8c820,1411x1422|/home/pth/workshop/wide-field-solver/raw_allsky_samples/mmto/mmto-skycam/<date>/<date>__#_#_#.fits.bz#,0,0.25-0.50,minor_planet,4,0.0,0,4,0,0,0,4,0
e0c4bd3c47a5420143979cd9b8976cbd8ab48ba21d6070fe679b33b165d8c820,1411x1422|/home/pth/workshop/wide-field-solver/raw_allsky_samples/mmto/mmto-skycam/<date>/<date>__#_#_#.fits.bz#,0,0.50-0.75,major_planet,17,0.0,0,17,0,0,0,17,0
e0c4bd3c47a5420143979cd9b8976cbd8ab48ba21d6070fe679b33b165d8c820,1411x1422|/home/pth/workshop/wide-field-solver/raw_allsky_samples/mmto/mmto-skycam/<date>/<date>__#_#_#.fits.bz#,0,0.50-0.75,minor_planet,29,0.0,0,29,0,0,0,29,0
e0cc5bb87ff4c3bf77cce55494e5305c50da751afd82255e37ae5e67a1cee44d,1411x1422|/home/pth/workshop/wide-field-solver/raw_allsky_samples/mmto/mmto-skycam/<date>/<date>__#_#_#.fits.bz#,0,0.25-0.50,major_planet,93,0.0,0,93,0,0,0,93,0
e0cc5bb87ff4c3bf77cce55494e5305c50da751afd82255e37ae5e67a1cee44d,1411x1422|/home/pth/workshop/wide-field-solver/raw_allsky_samples/mmto/mmto-skycam/<date>/<date>__#_#_#.fits.bz#,0,0.25-0.50,minor_planet,2,0.0,0,2,0,0,0,2,0
e0cc5bb87ff4c3bf77cce55494e5305c50da751afd82255e37ae5e67a1cee44d,1411x1422|/home/pth/workshop/wide-field-solver/raw_allsky_samples/mmto/mmto-skycam/<date>/<date>__#_#_#.fits.bz#,0,0.50-0.75,major_planet,145,0.0,0,145,0,0,0,145,0
e0cc5bb87ff4c3bf77cce55494e5305c50da751afd82255e37ae5e67a1cee44d,1411x1422|/home/pth/workshop/wide-field-solver/raw_allsky_samples/mmto/mmto-skycam/<date>/<date>__#_#_#.fits.bz#,0,0.50-0.75,minor_planet,22,0.0,0,22,0,0,0,22,0
e0d89a2b893ac85f04bad1953e9c1c0937405929d73dedc91cf56932de4e104b,1411x1422|/home/pth/workshop/wide-field-solver/raw_allsky_samples/mmto/mmto-skycam/<date>/<date>__#_#_#.fits.bz#,0,0.25-0.50,major_planet,249,0.0,0,249,0,0,0,249,0
e0d89a2b893ac85f04bad1953e9c1c0937405929d73dedc91cf56932de4e104b,1411x1422|/home/pth/workshop/wide-field-solver/raw_allsky_samples/mmto/mmto-skycam/<date>/<date>__#_#_#.fits.bz#,0,0.25-0.50,minor_planet,55,0.0,0,55,0,0,0,55,0
e0d89a2b893ac85f04bad1953e9c1c0937405929d73dedc91cf56932de4e104b,1411x1422|/home/pth/workshop/wide-field-solver/raw_allsky_samples/mmto/mmto-skycam/<date>/<date>__#_#_#.fits.bz#,0,0.50-0.75,major_planet,216,0.0,0,216,0,0,0,216,0
e0d89a2b893ac85f04bad1953e9c1c0937405929d73dedc91cf56932de4e104b,1411x1422|/home/pth/workshop/wide-field-solver/raw_allsky_samples/mmto/mmto-skycam/<date>/<date>__#_#_#.fits.bz#,0,0.50-0.75,minor_planet,16,0.0,0,16,0,0,0,16,0
e15e70cb3c54668bc92a6ab8ab331633bc4fc1654cba8f26059e6af3bf810cde,1411x1422|/home/pth/workshop/wide-field-solver/raw_allsky_samples/mmto/mmto-skycam/<date>/<date>__#_#_#.fits.bz#,0,0.25-0.50,major_planet,589,0.0,0,589,0,0,0,589,0
e15e70cb3c54668bc92a6ab8ab331633bc4fc1654cba8f26059e6af3bf810cde,1411x1422|/home/pth/workshop/wide-field-solver/raw_allsky_samples/mmto/mmto-skycam/<date>/<date>__#_#_#.fits.bz#,0,0.25-0.50,minor_planet,29,0.0,0,29,0,0,0,29,0
e15e70cb3c54668bc92a6ab8ab331633bc4fc1654cba8f26059e6af3bf810cde,1411x1422|/home/pth/workshop/wide-field-solver/raw_allsky_samples/mmto/mmto-skycam/<date>/<date>__#_#_#.fits.bz#,0,0.50-0.75,major_planet,75,0.0,0,75,0,0,0,75,0
e15e70cb3c54668bc92a6ab8ab331633bc4fc1654cba8f26059e6af3bf810cde,1411x1422|/home/pth/workshop/wide-field-solver/raw_allsky_samples/mmto/mmto-skycam/<date>/<date>__#_#_#.fits.bz#,0,0.50-0.75,minor_planet,61,0.0,0,61,0,0,0,61,0
e1664ffde4ef123b2db9e6f312effe7c890e8cc0a5be4c94c31d6833b7c443b4,1411x1422|/home/pth/skrivebord/fisheeyeimagesnotrailser/mmto.fits,0,0.00-0.25,major_planet,1,0.0,0,1,0,0,0,1,0
e1a17f1fdee9ab44e9afc8b9da82694541d9fe8f2f0585dac5366c370da50154,4096x4096|/home/pth/workshop/wide-field-solver/eso_downloads/trial/apicam.<date>t#:#:#.#.fits,0,0.00-0.25,major_planet,3,0.0,0,3,0,0,0,0,0
e1a17f1fdee9ab44e9afc8b9da82694541d9fe8f2f0585dac5366c370da50154,4096x4096|/home/pth/workshop/wide-field-solver/eso_downloads/trial/apicam.<date>t#:#:#.#.fits,0,0.25-0.50,major_planet,1,0.0,0,1,0,0,0,0,0
e228acfae53763aec5c9d8f6cded7e7d1cd4ab6bbe29355c01c117a2abfed6cf,1411x1422|/home/pth/workshop/wide-field-solver/raw_allsky_samples/mmto/mmto-skycam/<date>/<date>__#_#_#.fits.bz#,0,0.25-0.50,major_planet,105,0.0,0,105,0,0,0,105,0
e228acfae53763aec5c9d8f6cded7e7d1cd4ab6bbe29355c01c117a2abfed6cf,1411x1422|/home/pth/workshop/wide-field-solver/raw_allsky_samples/mmto/mmto-skycam/<date>/<date>__#_#_#.fits.bz#,0,0.25-0.50,minor_planet,38,0.0,0,38,0,0,0,38,0
e228acfae53763aec5c9d8f6cded7e7d1cd4ab6bbe29355c01c117a2abfed6cf,1411x1422|/home/pth/workshop/wide-field-solver/raw_allsky_samples/mmto/mmto-skycam/<date>/<date>__#_#_#.fits.bz#,0,0.50-0.75,major_planet,18,0.0,0,18,0,0,0,18,0
e228acfae53763aec5c9d8f6cded7e7d1cd4ab6bbe29355c01c117a2abfed6cf,1411x1422|/home/pth/workshop/wide-field-solver/raw_allsky_samples/mmto/mmto-skycam/<date>/<date>__#_#_#.fits.bz#,0,0.50-0.75,minor_planet,25,0.0,0,25,0,0,0,25,0
e258d44122c072ddc8f84f7b438fdd71066ef2d602dbd1666ffab8fb500fef8f,1411x1422|/home/pth/workshop/wide-field-solver/raw_allsky_samples/mmto/mmto-skycam/<date>/<date>__#_#_#.fits.bz#,0,0.25-0.50,major_planet,1,0.0,0,1,0,0,0,1,0
e25c43d349e11382670295e283573f77b1b3352d3e2c1ba7bbfa8ef5f9339633,1411x1422|/home/pth/workshop/wide-field-solver/raw_allsky_samples/mmto/mmto-skycam/<date>/<date>__#_#_#.fits.bz#,4,0.25-0.50,major_planet,91,-0.5510582104970498,52,0,39,0,1,90,0
e25c43d349e11382670295e283573f77b1b3352d3e2c1ba7bbfa8ef5f9339633,1411x1422|/home/pth/workshop/wide-field-solver/raw_allsky_samples/mmto/mmto-skycam/<date>/<date>__#_#_#.fits.bz#,4,0.25-0.50,minor_planet,42,-0.7172189111943652,25,0,17,0,2,40,0
e25c43d349e11382670295e283573f77b1b3352d3e2c1ba7bbfa8ef5f9339633,1411x1422|/home/pth/workshop/wide-field-solver/raw_allsky_samples/mmto/mmto-skycam/<date>/<date>__#_#_#.fits.bz#,4,0.50-0.75,major_planet,21,0.6554013140862374,6,0,15,0,0,21,0
e25c43d349e11382670295e283573f77b1b3352d3e2c1ba7bbfa8ef5f9339633,1411x1422|/home/pth/workshop/wide-field-solver/raw_allsky_samples/mmto/mmto-skycam/<date>/<date>__#_#_#.fits.bz#,4,0.50-0.75,minor_planet,31,0.6777926150437352,14,0,17,0,1,30,0
e367afa9686c5a9524113b56f96fa14a0e3d96ddaa7ce2109846004df8ea84aa,1411x1422|/home/pth/workshop/wide-field-solver/raw_allsky_samples/mmto/mmto-skycam/<date>/<date>__#_#_#.fits.bz#,0,0.00-0.25,major_planet,150,0.0,0,150,0,0,0,150,0
e367afa9686c5a9524113b56f96fa14a0e3d96ddaa7ce2109846004df8ea84aa,1411x1422|/home/pth/workshop/wide-field-solver/raw_allsky_samples/mmto/mmto-skycam/<date>/<date>__#_#_#.fits.bz#,0,0.25-0.50,major_planet,272,0.0,0,272,0,0,0,272,0
e367afa9686c5a9524113b56f96fa14a0e3d96ddaa7ce2109846004df8ea84aa,1411x1422|/home/pth/workshop/wide-field-solver/raw_allsky_samples/mmto/mmto-skycam/<date>/<date>__#_#_#.fits.bz#,0,0.25-0.50,minor_planet,44,0.0,0,44,0,0,0,44,0
e367afa9686c5a9524113b56f96fa14a0e3d96ddaa7ce2109846004df8ea84aa,1411x1422|/home/pth/workshop/wide-field-solver/raw_allsky_samples/mmto/mmto-skycam/<date>/<date>__#_#_#.fits.bz#,0,0.50-0.75,major_planet,339,0.0,0,339,0,0,0,338,1
e367afa9686c5a9524113b56f96fa14a0e3d96ddaa7ce2109846004df8ea84aa,1411x1422|/home/pth/workshop/wide-field-solver/raw_allsky_samples/mmto/mmto-skycam/<date>/<date>__#_#_#.fits.bz#,0,0.50-0.75,minor_planet,53,0.0,0,53,0,0,0,53,0
e3c5c5be86996e6250d528e1059c5bb375f5ffa7456529ca5b6f1c48a9f994a8,1411x1422|/home/pth/workshop/wide-field-solver/raw_allsky_samples/mmto/mmto-skycam/<date>/<date>__#_#_#.fits.bz#,5,0.25-0.50,major_planet,90,-0.12526697643142093,50,0,40,0,1,89,0
e3c5c5be86996e6250d528e1059c5bb375f5ffa7456529ca5b6f1c48a9f994a8,1411x1422|/home/pth/workshop/wide-field-solver/raw_allsky_samples/mmto/mmto-skycam/<date>/<date>__#_#_#.fits.bz#,5,0.50-0.75,major_planet,38,1.1909585637561264,10,0,28,0,1,37,0
e3c5c5be86996e6250d528e1059c5bb375f5ffa7456529ca5b6f1c48a9f994a8,1411x1422|/home/pth/workshop/wide-field-solver/raw_allsky_samples/mmto/mmto-skycam/<date>/<date>__#_#_#.fits.bz#,5,0.50-0.75,minor_planet,7,0.25033675030478264,3,0,4,0,0,7,0
e3e772045b805d91ead31330bebc297e37b02fdfc62d4f4bb6c42b9064362de8,1411x1422|/home/pth/workshop/wide-field-solver/raw_allsky_samples/mmto/mmto-skycam/<date>/<date>__#_#_#.fits.bz#,0,0.25-0.50,major_planet,140,0.0,0,140,0,0,0,140,0
e3e772045b805d91ead31330bebc297e37b02fdfc62d4f4bb6c42b9064362de8,1411x1422|/home/pth/workshop/wide-field-solver/raw_allsky_samples/mmto/mmto-skycam/<date>/<date>__#_#_#.fits.bz#,0,0.25-0.50,minor_planet,19,0.0,0,19,0,0,0,19,0
e3e772045b805d91ead31330bebc297e37b02fdfc62d4f4bb6c42b9064362de8,1411x1422|/home/pth/workshop/wide-field-solver/raw_allsky_samples/mmto/mmto-skycam/<date>/<date>__#_#_#.fits.bz#,0,0.50-0.75,major_planet,17,0.0,0,17,0,0,0,17,0
e3e772045b805d91ead31330bebc297e37b02fdfc62d4f4bb6c42b9064362de8,1411x1422|/home/pth/workshop/wide-field-solver/raw_allsky_samples/mmto/mmto-skycam/<date>/<date>__#_#_#.fits.bz#,0,0.50-0.75,minor_planet,27,0.0,0,27,0,0,0,27,0
e4881ba2fa71d4648af869795b6ac7be526f56202a06ef792e2fee631fc96cf9,672x1000|/home/pth/hentet/lithuania.png,0,0.25-0.50,major_planet,359,0.0,0,359,0,0,0,357,2
e4881ba2fa71d4648af869795b6ac7be526f56202a06ef792e2fee631fc96cf9,672x1000|/home/pth/hentet/lithuania.png,0,0.25-0.50,minor_planet,64,0.0,0,64,0,0,0,64,0
e69f8c5fcc0e2fbd22464601e5f4efa1e82c351a34655f405a7e0e0af8bb24ca,1411x1422|/home/pth/workshop/wide-field-solver/raw_allsky_samples/mmto/mmto-skycam/<date>/<date>__#_#_#.fits.bz#,0,0.25-0.50,major_planet,1,0.0,0,1,0,0,0,1,0
e79ff5ef77b99addf568f06cc72be41eac741ab9ff8f57611770a7f1cc9a8a7f,1411x1422|/home/pth/workshop/wide-field-solver/raw_allsky_samples/mmto/mmto-skycam/<date>/<date>__#_#_#.fits.bz#,0,0.25-0.50,major_planet,305,0.0,0,305,0,0,0,305,0
e79ff5ef77b99addf568f06cc72be41eac741ab9ff8f57611770a7f1cc9a8a7f,1411x1422|/home/pth/workshop/wide-field-solver/raw_allsky_samples/mmto/mmto-skycam/<date>/<date>__#_#_#.fits.bz#,0,0.25-0.50,minor_planet,7,0.0,0,7,0,0,0,7,0
e79ff5ef77b99addf568f06cc72be41eac741ab9ff8f57611770a7f1cc9a8a7f,1411x1422|/home/pth/workshop/wide-field-solver/raw_allsky_samples/mmto/mmto-skycam/<date>/<date>__#_#_#.fits.bz#,0,0.50-0.75,major_planet,7,0.0,0,7,0,0,0,7,0
e79ff5ef77b99addf568f06cc72be41eac741ab9ff8f57611770a7f1cc9a8a7f,1411x1422|/home/pth/workshop/wide-field-solver/raw_allsky_samples/mmto/mmto-skycam/<date>/<date>__#_#_#.fits.bz#,0,0.50-0.75,minor_planet,8,0.0,0,8,0,0,0,8,0
e86231f0f6028504e1d67ecf0c17359dee376f90dfc3726e0fa37f88482a413b,1411x1422|/home/pth/workshop/wide-field-solver/raw_allsky_samples/mmto/mmto-skycam/<date>/<date>__#_#_#.fits.bz#,0,0.00-0.25,major_planet,2,0.0,0,2,0,0,0,2,0
e86231f0f6028504e1d67ecf0c17359dee376f90dfc3726e0fa37f88482a413b,1411x1422|/home/pth/workshop/wide-field-solver/raw_allsky_samples/mmto/mmto-skycam/<date>/<date>__#_#_#.fits.bz#,0,0.25-0.50,major_planet,357,0.0,0,357,0,0,0,356,1
e86231f0f6028504e1d67ecf0c17359dee376f90dfc3726e0fa37f88482a413b,1411x1422|/home/pth/workshop/wide-field-solver/raw_allsky_samples/mmto/mmto-skycam/<date>/<date>__#_#_#.fits.bz#,0,0.25-0.50,minor_planet,74,0.0,0,74,0,0,0,74,0
e86231f0f6028504e1d67ecf0c17359dee376f90dfc3726e0fa37f88482a413b,1411x1422|/home/pth/workshop/wide-field-solver/raw_allsky_samples/mmto/mmto-skycam/<date>/<date>__#_#_#.fits.bz#,0,0.50-0.75,major_planet,86,0.0,0,86,0,0,0,86,0
e86231f0f6028504e1d67ecf0c17359dee376f90dfc3726e0fa37f88482a413b,1411x1422|/home/pth/workshop/wide-field-solver/raw_allsky_samples/mmto/mmto-skycam/<date>/<date>__#_#_#.fits.bz#,0,0.50-0.75,minor_planet,6,0.0,0,6,0,0,0,6,0
e95413796109a85e49263e47924b20a75465964d9bed0c0a6000c44341775d00,3672x3672|/home/pth/skrivebord/fisheeyeimagesnotrailser/subaru_maunakea_<date>t#z.jpg,0,0.00-0.25,minor_planet,1,0.0,0,1,0,0,0,1,0
e95413796109a85e49263e47924b20a75465964d9bed0c0a6000c44341775d00,3672x3672|/home/pth/skrivebord/fisheeyeimagesnotrailser/subaru_maunakea_<date>t#z.jpg,0,0.25-0.50,major_planet,1,0.0,0,1,0,0,0,1,0
ea09bda56c11e5eeab29f3e1cbf296031212c251508dca13e21326982c941b5c,4096x4096|/home/pth/workshop/wide-field-solver/eso_downloads/trial/apicam.<date>t#:#:#.#.fits,0,0.00-0.25,major_planet,1,0.0,0,1,0,0,0,0,0
ea09bda56c11e5eeab29f3e1cbf296031212c251508dca13e21326982c941b5c,4096x4096|/home/pth/workshop/wide-field-solver/eso_downloads/trial/apicam.<date>t#:#:#.#.fits,0,0.25-0.50,major_planet,2,0.0,0,2,0,0,0,0,0
ea09bda56c11e5eeab29f3e1cbf296031212c251508dca13e21326982c941b5c,4096x4096|/home/pth/workshop/wide-field-solver/eso_downloads/trial/apicam.<date>t#:#:#.#.fits,0,0.50-0.75,major_planet,2,0.0,0,2,0,0,0,0,0
eaa7db6209061d6b17480dde9115ec29d30782c3d9fc57842004eab3f0749406,1411x1422|/home/pth/workshop/wide-field-solver/raw_allsky_samples/mmto/mmto-skycam/<date>/<date>__#_#_#.fits.bz#,0,0.25-0.50,major_planet,91,0.0,0,91,0,0,0,91,0
eaa7db6209061d6b17480dde9115ec29d30782c3d9fc57842004eab3f0749406,1411x1422|/home/pth/workshop/wide-field-solver/raw_allsky_samples/mmto/mmto-skycam/<date>/<date>__#_#_#.fits.bz#,0,0.25-0.50,minor_planet,37,0.0,0,37,0,0,0,37,0
eaa7db6209061d6b17480dde9115ec29d30782c3d9fc57842004eab3f0749406,1411x1422|/home/pth/workshop/wide-field-solver/raw_allsky_samples/mmto/mmto-skycam/<date>/<date>__#_#_#.fits.bz#,0,0.50-0.75,major_planet,162,0.0,0,162,0,0,0,162,0
eaa7db6209061d6b17480dde9115ec29d30782c3d9fc57842004eab3f0749406,1411x1422|/home/pth/workshop/wide-field-solver/raw_allsky_samples/mmto/mmto-skycam/<date>/<date>__#_#_#.fits.bz#,0,0.50-0.75,minor_planet,7,0.0,0,7,0,0,0,7,0
eaa95e726abff8fc0e9ad228a68540b35eddca35db35f11a2fab025f35c5f996,4096x4096|/home/pth/workshop/wide-field-solver/eso_downloads/trial/apicam.<date>t#:#:#.#.fits,0,0.00-0.25,major_planet,3,0.0,0,3,0,0,0,0,0
eaa95e726abff8fc0e9ad228a68540b35eddca35db35f11a2fab025f35c5f996,4096x4096|/home/pth/workshop/wide-field-solver/eso_downloads/trial/apicam.<date>t#:#:#.#.fits,0,0.25-0.50,major_planet,1,0.0,0,1,0,0,0,0,0
eb4fbbe32a105464f5e01baa54165c601b8490c0cc60d2bb1214ac5079950d06,3672x3672|/home/pth/skrivebord/fisheeyeimagesnotrailser/subaru_maunakea_<date>t#z.jpg,0,0.00-0.25,minor_planet,1,0.0,0,1,0,0,0,1,0
eb4fbbe32a105464f5e01baa54165c601b8490c0cc60d2bb1214ac5079950d06,3672x3672|/home/pth/skrivebord/fisheeyeimagesnotrailser/subaru_maunakea_<date>t#z.jpg,0,0.25-0.50,major_planet,1,0.0,0,1,0,0,0,1,0
eb7d7640a494d7bb2df8cae3da51c0b5999760b8a63a149207b5d123274ab062,1411x1422|/home/pth/workshop/wide-field-solver/raw_allsky_samples/mmto/mmto-skycam/<date>/<date>__#_#_#.fits.bz#,0,0.25-0.50,major_planet,202,0.0,0,202,0,0,0,201,1
eb7d7640a494d7bb2df8cae3da51c0b5999760b8a63a149207b5d123274ab062,1411x1422|/home/pth/workshop/wide-field-solver/raw_allsky_samples/mmto/mmto-skycam/<date>/<date>__#_#_#.fits.bz#,0,0.25-0.50,minor_planet,18,0.0,0,18,0,0,0,18,0
eb7d7640a494d7bb2df8cae3da51c0b5999760b8a63a149207b5d123274ab062,1411x1422|/home/pth/workshop/wide-field-solver/raw_allsky_samples/mmto/mmto-skycam/<date>/<date>__#_#_#.fits.bz#,0,0.50-0.75,major_planet,159,0.0,0,159,0,0,0,159,0
eb7d7640a494d7bb2df8cae3da51c0b5999760b8a63a149207b5d123274ab062,1411x1422|/home/pth/workshop/wide-field-solver/raw_allsky_samples/mmto/mmto-skycam/<date>/<date>__#_#_#.fits.bz#,0,0.50-0.75,minor_planet,44,0.0,0,44,0,0,0,43,1
ec71bca7142a8e9bc04ee2b91661b63f28a65cc42444ecc0c15dce504d887733,3672x3672|/home/pth/skrivebord/fisheeyeimagesnotrailser/subaru_maunakea_<date>t#z.jpg,0,0.00-0.25,major_planet,1,0.0,0,1,0,0,0,1,0
ec71bca7142a8e9bc04ee2b91661b63f28a65cc42444ecc0c15dce504d887733,3672x3672|/home/pth/skrivebord/fisheeyeimagesnotrailser/subaru_maunakea_<date>t#z.jpg,0,0.00-0.25,minor_planet,1,0.0,0,1,0,0,0,1,0
ecafac93b4421ca2e73d9e769602c9ca3460353852c42268d23cb97b1927eda9,4096x4096|/home/pth/workshop/wide-field-solver/eso_downloads/trial/apicam.<date>t#:#:#.#.fits,0,0.25-0.50,major_planet,5,0.0,0,5,0,0,0,0,0
ed0bbf0f4d40febda19910479d1930ff913a502d204551c131e1163427d42544,4096x4096|/home/pth/workshop/wide-field-solver/eso_downloads/trial/apicam.<date>t#:#:#.#.fits,0,0.00-0.25,major_planet,2,0.0,0,2,0,0,0,0,0
ed401b93f3a9a7843b99f4a35d60123add1b7ebece8a312a156d72a618bb235c,4096x4096|/home/pth/workshop/wide-field-solver/eso_downloads/trial/apicam.<date>t#:#:#.#.fits,0,0.00-0.25,major_planet,3,0.0,0,3,0,0,0,0,0
ed401b93f3a9a7843b99f4a35d60123add1b7ebece8a312a156d72a618bb235c,4096x4096|/home/pth/workshop/wide-field-solver/eso_downloads/trial/apicam.<date>t#:#:#.#.fits,0,0.25-0.50,major_planet,1,0.0,0,1,0,0,0,0,0
ed607f5a2a8e92fc5eec6b5e0d92fa0cd284c9a6e3d2f23517717f4182fe90f7,4096x4096|/home/pth/workshop/wide-field-solver/eso_downloads/trial/apicam.<date>t#:#:#.#.fits,0,0.00-0.25,major_planet,2,0.0,0,2,0,0,0,0,0
ed607f5a2a8e92fc5eec6b5e0d92fa0cd284c9a6e3d2f23517717f4182fe90f7,4096x4096|/home/pth/workshop/wide-field-solver/eso_downloads/trial/apicam.<date>t#:#:#.#.fits,0,0.25-0.50,major_planet,1,0.0,0,1,0,0,0,0,0
ef25c8e633dc072c81bd642a3371e438504ded3a43f1f9f474cddd60edc0d5a1,4096x4096|/home/pth/workshop/wide-field-solver/eso_downloads/trial/apicam.<date>t#:#:#.#.fits,0,0.00-0.25,major_planet,3,0.0,0,3,0,0,0,0,0
ef25c8e633dc072c81bd642a3371e438504ded3a43f1f9f474cddd60edc0d5a1,4096x4096|/home/pth/workshop/wide-field-solver/eso_downloads/trial/apicam.<date>t#:#:#.#.fits,0,0.25-0.50,major_planet,1,0.0,0,1,0,0,0,0,0
ef50ad44d6d455c6cd08f4f75f7bca6538a2b4e3355c9bd5ad8a178fc2c7ebc4,1411x1422|/home/pth/workshop/wide-field-solver/raw_allsky_samples/mmto/mmto-skycam/<date>/<date>__#_#_#.fits.bz#,0,0.25-0.50,major_planet,453,0.0,0,453,0,0,0,451,2
ef50ad44d6d455c6cd08f4f75f7bca6538a2b4e3355c9bd5ad8a178fc2c7ebc4,1411x1422|/home/pth/workshop/wide-field-solver/raw_allsky_samples/mmto/mmto-skycam/<date>/<date>__#_#_#.fits.bz#,0,0.25-0.50,minor_planet,95,0.0,0,95,0,0,0,95,0
ef50ad44d6d455c6cd08f4f75f7bca6538a2b4e3355c9bd5ad8a178fc2c7ebc4,1411x1422|/home/pth/workshop/wide-field-solver/raw_allsky_samples/mmto/mmto-skycam/<date>/<date>__#_#_#.fits.bz#,0,0.50-0.75,major_planet,85,0.0,0,85,0,0,0,85,0
ef50ad44d6d455c6cd08f4f75f7bca6538a2b4e3355c9bd5ad8a178fc2c7ebc4,1411x1422|/home/pth/workshop/wide-field-solver/raw_allsky_samples/mmto/mmto-skycam/<date>/<date>__#_#_#.fits.bz#,0,0.50-0.75,minor_planet,6,0.0,0,6,0,0,0,6,0
efa45fde2bd42ef815321dc0456b38e1e3492fe46b3d8989a04e0bfdb75dc653,1411x1422|/home/pth/workshop/wide-field-solver/raw_allsky_samples/mmto/mmto-skycam/<date>/<date>__#_#_#.fits.bz#,0,0.25-0.50,major_planet,279,0.0,0,279,0,0,0,278,1
efa45fde2bd42ef815321dc0456b38e1e3492fe46b3d8989a04e0bfdb75dc653,1411x1422|/home/pth/workshop/wide-field-solver/raw_allsky_samples/mmto/mmto-skycam/<date>/<date>__#_#_#.fits.bz#,0,0.25-0.50,minor_planet,50,0.0,0,50,0,0,0,50,0
efa45fde2bd42ef815321dc0456b38e1e3492fe46b3d8989a04e0bfdb75dc653,1411x1422|/home/pth/workshop/wide-field-solver/raw_allsky_samples/mmto/mmto-skycam/<date>/<date>__#_#_#.fits.bz#,0,0.50-0.75,major_planet,191,0.0,0,191,0,0,0,191,0
efa45fde2bd42ef815321dc0456b38e1e3492fe46b3d8989a04e0bfdb75dc653,1411x1422|/home/pth/workshop/wide-field-solver/raw_allsky_samples/mmto/mmto-skycam/<date>/<date>__#_#_#.fits.bz#,0,0.50-0.75,minor_planet,6,0.0,0,6,0,0,0,5,1
f043f681e1a18f1741f7f261235d79041acae57671e2a31afb8a26d7bcb42c44,1411x1422|/home/pth/workshop/wide-field-solver/raw_allsky_samples/mmto/mmto-skycam/<date>/<date>__#_#_#.fits.bz#,0,0.00-0.25,major_planet,106,0.0,0,106,0,0,0,104,2
f043f681e1a18f1741f7f261235d79041acae57671e2a31afb8a26d7bcb42c44,1411x1422|/home/pth/workshop/wide-field-solver/raw_allsky_samples/mmto/mmto-skycam/<date>/<date>__#_#_#.fits.bz#,0,0.00-0.25,minor_planet,10,0.0,0,10,0,0,0,10,0
f043f681e1a18f1741f7f261235d79041acae57671e2a31afb8a26d7bcb42c44,1411x1422|/home/pth/workshop/wide-field-solver/raw_allsky_samples/mmto/mmto-skycam/<date>/<date>__#_#_#.fits.bz#,0,0.25-0.50,major_planet,538,0.0,0,538,0,0,0,534,4
f043f681e1a18f1741f7f261235d79041acae57671e2a31afb8a26d7bcb42c44,1411x1422|/home/pth/workshop/wide-field-solver/raw_allsky_samples/mmto/mmto-skycam/<date>/<date>__#_#_#.fits.bz#,0,0.25-0.50,minor_planet,12,0.0,0,12,0,0,0,12,0
f043f681e1a18f1741f7f261235d79041acae57671e2a31afb8a26d7bcb42c44,1411x1422|/home/pth/workshop/wide-field-solver/raw_allsky_samples/mmto/mmto-skycam/<date>/<date>__#_#_#.fits.bz#,0,0.50-0.75,major_planet,420,0.0,0,420,0,0,0,416,4
f043f681e1a18f1741f7f261235d79041acae57671e2a31afb8a26d7bcb42c44,1411x1422|/home/pth/workshop/wide-field-solver/raw_allsky_samples/mmto/mmto-skycam/<date>/<date>__#_#_#.fits.bz#,0,0.50-0.75,minor_planet,53,0.0,0,53,0,0,0,53,0
f1a21afab0d737a54cc7647946df653c3f18b9437707c4866cd033f887daf692,4096x4096|/home/pth/workshop/wide-field-solver/eso_downloads/trial/apicam.<date>t#:#:#.#.fits,0,0.00-0.25,major_planet,3,0.0,0,3,0,0,0,0,0
f1a21afab0d737a54cc7647946df653c3f18b9437707c4866cd033f887daf692,4096x4096|/home/pth/workshop/wide-field-solver/eso_downloads/trial/apicam.<date>t#:#:#.#.fits,0,0.25-0.50,major_planet,1,0.0,0,1,0,0,0,0,0
f24763bad78a79da4eec2d48af0f12db307f43ee582cff631f3296748196c426,1411x1422|/home/pth/workshop/wide-field-solver/raw_allsky_samples/mmto/mmto-skycam/<date>/<date>__#_#_#.fits.bz#,0,0.25-0.50,major_planet,1,0.0,0,1,0,0,0,1,0
f26888556ca695f89d45eaf0946d1e4c1e1d05989eb68d3eee4c7192c02355ec,1411x1422|/home/pth/workshop/wide-field-solver/raw_allsky_samples/mmto/mmto-skycam/<date>/<date>__#_#_#.fits.bz#,4,0.00-0.25,major_planet,141,-0.5627852746037965,74,0,67,0,4,137,0
f26888556ca695f89d45eaf0946d1e4c1e1d05989eb68d3eee4c7192c02355ec,1411x1422|/home/pth/workshop/wide-field-solver/raw_allsky_samples/mmto/mmto-skycam/<date>/<date>__#_#_#.fits.bz#,4,0.00-0.25,minor_planet,25,0.6139284270371661,11,0,14,0,0,25,0
f26888556ca695f89d45eaf0946d1e4c1e1d05989eb68d3eee4c7192c02355ec,1411x1422|/home/pth/workshop/wide-field-solver/raw_allsky_samples/mmto/mmto-skycam/<date>/<date>__#_#_#.fits.bz#,4,0.25-0.50,major_planet,267,-0.014581397862924561,165,0,102,0,0,267,0
f26888556ca695f89d45eaf0946d1e4c1e1d05989eb68d3eee4c7192c02355ec,1411x1422|/home/pth/workshop/wide-field-solver/raw_allsky_samples/mmto/mmto-skycam/<date>/<date>__#_#_#.fits.bz#,4,0.25-0.50,minor_planet,24,0.08818430760482232,7,0,17,0,0,24,0
f26888556ca695f89d45eaf0946d1e4c1e1d05989eb68d3eee4c7192c02355ec,1411x1422|/home/pth/workshop/wide-field-solver/raw_allsky_samples/mmto/mmto-skycam/<date>/<date>__#_#_#.fits.bz#,4,0.50-0.75,major_planet,4,0.33036583877291203,1,0,3,0,1,3,0
f26888556ca695f89d45eaf0946d1e4c1e1d05989eb68d3eee4c7192c02355ec,1411x1422|/home/pth/workshop/wide-field-solver/raw_allsky_samples/mmto/mmto-skycam/<date>/<date>__#_#_#.fits.bz#,4,0.50-0.75,minor_planet,21,-0.3680116481462328,13,0,8,0,0,21,0
f4a42e627fd7e415f1630ce41824c254ec390812df996b846bb3d5dd7130f925,4096x4096|/home/pth/workshop/wide-field-solver/eso_downloads/trial/apicam.<date>t#:#:#.#.fits,0,0.00-0.25,major_planet,3,0.0,0,3,0,0,0,0,0
f4a42e627fd7e415f1630ce41824c254ec390812df996b846bb3d5dd7130f925,4096x4096|/home/pth/workshop/wide-field-solver/eso_downloads/trial/apicam.<date>t#:#:#.#.fits,0,0.25-0.50,major_planet,1,0.0,0,1,0,0,0,0,0
f52def39ae29135f43263569ca2bfa2c818222a14fa25059be198a99582a23e3,1411x1422|/home/pth/workshop/wide-field-solver/raw_allsky_samples/mmto/mmto-skycam/<date>/<date>__#_#_#.fits.bz#,0,0.00-0.25,major_planet,2,0.0,0,2,0,0,0,2,0
f52def39ae29135f43263569ca2bfa2c818222a14fa25059be198a99582a23e3,1411x1422|/home/pth/workshop/wide-field-solver/raw_allsky_samples/mmto/mmto-skycam/<date>/<date>__#_#_#.fits.bz#,0,0.25-0.50,major_planet,348,0.0,0,348,0,0,0,346,2
f52def39ae29135f43263569ca2bfa2c818222a14fa25059be198a99582a23e3,1411x1422|/home/pth/workshop/wide-field-solver/raw_allsky_samples/mmto/mmto-skycam/<date>/<date>__#_#_#.fits.bz#,0,0.25-0.50,minor_planet,60,0.0,0,60,0,0,0,60,0
f52def39ae29135f43263569ca2bfa2c818222a14fa25059be198a99582a23e3,1411x1422|/home/pth/workshop/wide-field-solver/raw_allsky_samples/mmto/mmto-skycam/<date>/<date>__#_#_#.fits.bz#,0,0.50-0.75,minor_planet,11,0.0,0,11,0,0,0,11,0
f82a9f65ac1b061f8b8649002ed020b3277f09cf6a5840034ee6e06f10ebb807,3672x3672|/home/pth/skrivebord/fisheeyeimagesnotrailser/subaru_maunakea_<date>t#z.jpg,0,0.00-0.25,major_planet,1,0.0,0,1,0,0,0,1,0
f82a9f65ac1b061f8b8649002ed020b3277f09cf6a5840034ee6e06f10ebb807,3672x3672|/home/pth/skrivebord/fisheeyeimagesnotrailser/subaru_maunakea_<date>t#z.jpg,0,0.00-0.25,minor_planet,1,0.0,0,1,0,0,0,1,0
f853ebf1a87f37d85f3f3adc52f12bb0e7d5c7ba877b7166e0d4f0b586da6996,488x652|/home/pth/workshop/wide-field-solver/data/zenodo-#/all/r_darksubtracted_jd#.#<date>#.fits,0,0.50-0.75,minor_planet,7,0.0,0,7,0,0,0,7,0
f85f237735bb492b6f9c01a382416e0790ab13a8f64991b372daa0433849a950,4096x4096|/home/pth/workshop/wide-field-solver/eso_downloads/trial/apicam.<date>t#:#:#.#.fits,0,0.00-0.25,major_planet,2,0.0,0,2,0,0,0,0,0
f92d04e33ca6b6435734ada7fd88e71b6bfac2690423e8de7649dac357b25bf8,4096x4096|/home/pth/workshop/wide-field-solver/eso_downloads/trial/apicam.<date>t#:#:#.#.fits,0,0.00-0.25,major_planet,1,0.0,0,1,0,0,0,0,0
f92d04e33ca6b6435734ada7fd88e71b6bfac2690423e8de7649dac357b25bf8,4096x4096|/home/pth/workshop/wide-field-solver/eso_downloads/trial/apicam.<date>t#:#:#.#.fits,0,0.25-0.50,major_planet,2,0.0,0,2,0,0,0,0,0
f94f80dee80dfaec82717c7cbd4ff27e78004d43963f73b4b90d093b9f89ad4e,1411x1422|/home/pth/workshop/wide-field-solver/raw_allsky_samples/mmto/mmto-skycam/<date>/<date>__#_#_#.fits.bz#,0,0.00-0.25,major_planet,142,0.0,0,142,0,0,0,142,0
f94f80dee80dfaec82717c7cbd4ff27e78004d43963f73b4b90d093b9f89ad4e,1411x1422|/home/pth/workshop/wide-field-solver/raw_allsky_samples/mmto/mmto-skycam/<date>/<date>__#_#_#.fits.bz#,0,0.00-0.25,minor_planet,55,0.0,0,55,0,0,0,55,0
f94f80dee80dfaec82717c7cbd4ff27e78004d43963f73b4b90d093b9f89ad4e,1411x1422|/home/pth/workshop/wide-field-solver/raw_allsky_samples/mmto/mmto-skycam/<date>/<date>__#_#_#.fits.bz#,0,0.25-0.50,minor_planet,17,0.0,0,17,0,0,0,17,0
f94f80dee80dfaec82717c7cbd4ff27e78004d43963f73b4b90d093b9f89ad4e,1411x1422|/home/pth/workshop/wide-field-solver/raw_allsky_samples/mmto/mmto-skycam/<date>/<date>__#_#_#.fits.bz#,0,0.50-0.75,major_planet,479,0.0,0,479,0,0,0,479,0
f94f80dee80dfaec82717c7cbd4ff27e78004d43963f73b4b90d093b9f89ad4e,1411x1422|/home/pth/workshop/wide-field-solver/raw_allsky_samples/mmto/mmto-skycam/<date>/<date>__#_#_#.fits.bz#,0,0.50-0.75,minor_planet,39,0.0,0,39,0,0,0,39,0
f97fe47bcc6f34ec222e6c661e7d01a8e64b7fa025430110e543309d32983576,1411x1422|/home/pth/workshop/wide-field-solver/raw_allsky_samples/mmto/mmto-skycam/<date>/<date>__#_#_#.fits.bz#,0,0.25-0.50,major_planet,1,0.0,0,1,0,0,0,1,0
f98ba93297eb23058e5257f2a1d85c1f463506b765fbdf06ad7a44189157437b,1411x1422|/home/pth/workshop/wide-field-solver/raw_allsky_samples/mmto/mmto-skycam/<date>/<date>__#_#_#.fits.bz#,4,0.00-0.25,major_planet,136,-0.4686303677760053,74,0,62,0,0,136,0
f98ba93297eb23058e5257f2a1d85c1f463506b765fbdf06ad7a44189157437b,1411x1422|/home/pth/workshop/wide-field-solver/raw_allsky_samples/mmto/mmto-skycam/<date>/<date>__#_#_#.fits.bz#,4,0.00-0.25,minor_planet,12,0.7721079949841307,3,0,9,0,0,12,0
f98ba93297eb23058e5257f2a1d85c1f463506b765fbdf06ad7a44189157437b,1411x1422|/home/pth/workshop/wide-field-solver/raw_allsky_samples/mmto/mmto-skycam/<date>/<date>__#_#_#.fits.bz#,4,0.25-0.50,major_planet,223,0.3456774729373713,105,0,118,0,2,221,0
f98ba93297eb23058e5257f2a1d85c1f463506b765fbdf06ad7a44189157437b,1411x1422|/home/pth/workshop/wide-field-solver/raw_allsky_samples/mmto/mmto-skycam/<date>/<date>__#_#_#.fits.bz#,4,0.25-0.50,minor_planet,53,-0.23521538991301671,33,0,20,0,0,53,0
f98ba93297eb23058e5257f2a1d85c1f463506b765fbdf06ad7a44189157437b,1411x1422|/home/pth/workshop/wide-field-solver/raw_allsky_samples/mmto/mmto-skycam/<date>/<date>__#_#_#.fits.bz#,4,0.50-0.75,major_planet,144,-0.380018254616572,119,0,25,0,0,144,0
f98ba93297eb23058e5257f2a1d85c1f463506b765fbdf06ad7a44189157437b,1411x1422|/home/pth/workshop/wide-field-solver/raw_allsky_samples/mmto/mmto-skycam/<date>/<date>__#_#_#.fits.bz#,4,0.50-0.75,minor_planet,39,0.5992998260137838,17,0,22,0,0,39,0
f9a7d0d5aa457a2b0f383caa454ccef1324629d92cc101653c65c7cf0e6a1f23,488x652|/home/pth/workshop/wide-field-solver/data/zenodo-#/all/r_darksubtracted_jd#.#<date>#.fits,0,0.50-0.75,minor_planet,11,0.0,0,11,0,0,0,10,1
fa667700bf3127b5cf59159f475f230da2408fdee471f918ab56d514e5d1625d,1411x1422|/home/pth/workshop/wide-field-solver/raw_allsky_samples/mmto/mmto-skycam/<date>/<date>__#_#_#.fits.bz#,0,0.00-0.25,major_planet,106,0.0,0,106,0,0,0,106,0
fa667700bf3127b5cf59159f475f230da2408fdee471f918ab56d514e5d1625d,1411x1422|/home/pth/workshop/wide-field-solver/raw_allsky_samples/mmto/mmto-skycam/<date>/<date>__#_#_#.fits.bz#,0,0.00-0.25,minor_planet,10,0.0,0,10,0,0,0,10,0
fa667700bf3127b5cf59159f475f230da2408fdee471f918ab56d514e5d1625d,1411x1422|/home/pth/workshop/wide-field-solver/raw_allsky_samples/mmto/mmto-skycam/<date>/<date>__#_#_#.fits.bz#,0,0.25-0.50,major_planet,537,0.0,0,537,0,0,0,536,1
fa667700bf3127b5cf59159f475f230da2408fdee471f918ab56d514e5d1625d,1411x1422|/home/pth/workshop/wide-field-solver/raw_allsky_samples/mmto/mmto-skycam/<date>/<date>__#_#_#.fits.bz#,0,0.25-0.50,minor_planet,9,0.0,0,9,0,0,0,9,0
fa667700bf3127b5cf59159f475f230da2408fdee471f918ab56d514e5d1625d,1411x1422|/home/pth/workshop/wide-field-solver/raw_allsky_samples/mmto/mmto-skycam/<date>/<date>__#_#_#.fits.bz#,0,0.50-0.75,major_planet,356,0.0,0,356,0,0,0,356,0
fa667700bf3127b5cf59159f475f230da2408fdee471f918ab56d514e5d1625d,1411x1422|/home/pth/workshop/wide-field-solver/raw_allsky_samples/mmto/mmto-skycam/<date>/<date>__#_#_#.fits.bz#,0,0.50-0.75,minor_planet,46,0.0,0,46,0,0,0,46,0
fbd7089152493a507d9e7b39cfd55ba0ea26f92025ffec8dc4017356f0a7db5f,1411x1422|/home/pth/workshop/wide-field-solver/raw_allsky_samples/mmto/mmto-skycam/<date>/<date>__#_#_#.fits.bz#,5,0.25-0.50,major_planet,1,-0.24748355875169303,1,0,0,0,0,1,0
fd8dd2b82a4c6230ca492f4a52625e2cdd9aea95ca7f907d11595d3b4ca3cc3f,1411x1422|/home/pth/workshop/wide-field-solver/raw_allsky_samples/mmto/mmto-skycam/<date>/<date>__#_#_#.fits.bz#,0,0.00-0.25,major_planet,141,0.0,0,141,0,0,0,141,0
fd8dd2b82a4c6230ca492f4a52625e2cdd9aea95ca7f907d11595d3b4ca3cc3f,1411x1422|/home/pth/workshop/wide-field-solver/raw_allsky_samples/mmto/mmto-skycam/<date>/<date>__#_#_#.fits.bz#,0,0.00-0.25,minor_planet,11,0.0,0,11,0,0,0,11,0
fd8dd2b82a4c6230ca492f4a52625e2cdd9aea95ca7f907d11595d3b4ca3cc3f,1411x1422|/home/pth/workshop/wide-field-solver/raw_allsky_samples/mmto/mmto-skycam/<date>/<date>__#_#_#.fits.bz#,0,0.25-0.50,major_planet,79,0.0,0,79,0,0,0,79,0
fd8dd2b82a4c6230ca492f4a52625e2cdd9aea95ca7f907d11595d3b4ca3cc3f,1411x1422|/home/pth/workshop/wide-field-solver/raw_allsky_samples/mmto/mmto-skycam/<date>/<date>__#_#_#.fits.bz#,0,0.25-0.50,minor_planet,52,0.0,0,52,0,0,0,51,1
fd8dd2b82a4c6230ca492f4a52625e2cdd9aea95ca7f907d11595d3b4ca3cc3f,1411x1422|/home/pth/workshop/wide-field-solver/raw_allsky_samples/mmto/mmto-skycam/<date>/<date>__#_#_#.fits.bz#,0,0.50-0.75,major_planet,212,0.0,0,212,0,0,0,211,1
fd8dd2b82a4c6230ca492f4a52625e2cdd9aea95ca7f907d11595d3b4ca3cc3f,1411x1422|/home/pth/workshop/wide-field-solver/raw_allsky_samples/mmto/mmto-skycam/<date>/<date>__#_#_#.fits.bz#,0,0.50-0.75,minor_planet,39,0.0,0,39,0,0,0,38,1
fe1d4acfa663e98c68cd513a5e88c367c3216b6f29d929a4ec847f173fee2a2d,1411x1422|/home/pth/workshop/wide-field-solver/raw_allsky_samples/mmto/mmto-skycam/<date>/<date>__#_#_#.fits.bz#,1,0.00-0.25,major_planet,275,0.09843270228349177,137,0,138,0,3,272,0
fe1d4acfa663e98c68cd513a5e88c367c3216b6f29d929a4ec847f173fee2a2d,1411x1422|/home/pth/workshop/wide-field-solver/raw_allsky_samples/mmto/mmto-skycam/<date>/<date>__#_#_#.fits.bz#,1,0.00-0.25,minor_planet,47,0.5206271059202585,20,0,27,1,2,44,0
fe1d4acfa663e98c68cd513a5e88c367c3216b6f29d929a4ec847f173fee2a2d,1411x1422|/home/pth/workshop/wide-field-solver/raw_allsky_samples/mmto/mmto-skycam/<date>/<date>__#_#_#.fits.bz#,1,0.25-0.50,major_planet,269,-0.002857601367156626,145,0,124,0,3,266,0
fe1d4acfa663e98c68cd513a5e88c367c3216b6f29d929a4ec847f173fee2a2d,1411x1422|/home/pth/workshop/wide-field-solver/raw_allsky_samples/mmto/mmto-skycam/<date>/<date>__#_#_#.fits.bz#,1,0.25-0.50,minor_planet,31,-0.003889350595025931,17,0,14,0,0,31,0
fe1d4acfa663e98c68cd513a5e88c367c3216b6f29d929a4ec847f173fee2a2d,1411x1422|/home/pth/workshop/wide-field-solver/raw_allsky_samples/mmto/mmto-skycam/<date>/<date>__#_#_#.fits.bz#,1,0.50-0.75,major_planet,113,1.1165046114788915,29,0,84,2,4,106,1
fe1d4acfa663e98c68cd513a5e88c367c3216b6f29d929a4ec847f173fee2a2d,1411x1422|/home/pth/workshop/wide-field-solver/raw_allsky_samples/mmto/mmto-skycam/<date>/<date>__#_#_#.fits.bz#,1,0.50-0.75,minor_planet,63,1.8014611651975416,19,0,44,0,4,59,0
ff8bc20cff45359fe9a2fc6f7afbcf6533752a0511e3fe956a5b3d8941e20892,1411x1422|/home/pth/workshop/wide-field-solver/raw_allsky_samples/mmto/mmto-skycam/<date>/<date>__#_#_#.fits.bz#,2,0.00-0.25,major_planet,4,0.8706492692114758,1,0,3,0,0,4,0
ff8bc20cff45359fe9a2fc6f7afbcf6533752a0511e3fe956a5b3d8941e20892,1411x1422|/home/pth/workshop/wide-field-solver/raw_allsky_samples/mmto/mmto-skycam/<date>/<date>__#_#_#.fits.bz#,2,0.25-0.50,major_planet,350,0.03638049356338513,160,0,190,0,3,347,0
ff8bc20cff45359fe9a2fc6f7afbcf6533752a0511e3fe956a5b3d8941e20892,1411x1422|/home/pth/workshop/wide-field-solver/raw_allsky_samples/mmto/mmto-skycam/<date>/<date>__#_#_#.fits.bz#,2,0.25-0.50,minor_planet,10,0.1366623729329608,5,0,5,0,0,10,0
ff8bc20cff45359fe9a2fc6f7afbcf6533752a0511e3fe956a5b3d8941e20892,1411x1422|/home/pth/workshop/wide-field-solver/raw_allsky_samples/mmto/mmto-skycam/<date>/<date>__#_#_#.fits.bz#,2,0.50-0.75,major_planet,197,-0.20538714507155653,109,0,88,0,1,195,1
ff8bc20cff45359fe9a2fc6f7afbcf6533752a0511e3fe956a5b3d8941e20892,1411x1422|/home/pth/workshop/wide-field-solver/raw_allsky_samples/mmto/mmto-skycam/<date>/<date>__#_#_#.fits.bz#,2,0.50-0.75,minor_planet,16,3.461586973963483,5,0,11,0,1,15,0
